index,sourceUrl,key,url,filename,destPath,action,fileStatus,dbStatus,verifyStatus,httpStatus,sizeBytes,sha256,mediaAssetId,error
1,https://coveinterior.com/wp-content/uploads/2017/06/5.jpg,wordpress-migration/2017/06/5.jpg,/media/wordpress-migration/2017/06/5.jpg,5.jpg,/home/manus/cove-storefront/public/media/wordpress-migration/2017/06/5.jpg,processed,existing_local_file_reused,existing_record_reused,http_200,200,470462,041903561baacc956ae3fda58147c7a43c4aaca0142424d138d5426add9c2f9b,331,
2,https://coveinterior.com/wp-content/uploads/2017/06/6.jpg,wordpress-migration/2017/06/6.jpg,/media/wordpress-migration/2017/06/6.jpg,6.jpg,/home/manus/cove-storefront/public/media/wordpress-migration/2017/06/6.jpg,processed,existing_local_file_reused,existing_record_reused,http_200,200,1929229,db66bc376aa2122295dec44ef310d1bf9e8ec377c989e72695b61c222d90d8e2,332,
3,https://coveinterior.com/wp-content/uploads/2017/06/7.jpg,wordpress-migration/2017/06/7.jpg,/media/wordpress-migration/2017/06/7.jpg,7.jpg,/home/manus/cove-storefront/public/media/wordpress-migration/2017/06/7.jpg,processed,existing_local_file_reused,existing_record_reused,http_200,200,1919632,36f13673ccaa5cbdbc04c6bbb06426488c3bb7fb572e6ce4d44b097aa603a7d2,333,
4,https://coveinterior.com/wp-content/uploads/2017/06/8.jpg,wordpress-migration/2017/06/8.jpg,/media/wordpress-migration/2017/06/8.jpg,8.jpg,/home/manus/cove-storefront/public/media/wordpress-migration/2017/06/8.jpg,processed,existing_local_file_reused,existing_record_reused,http_200,200,1339870,d4cd78ff196548597e0fb0b20fb1e7bdbb5e65ddd8e3ec1814beb05886590871,334,
5,https://coveinterior.com/wp-content/uploads/2017/06/9.jpg,wordpress-migration/2017/06/9.jpg,/media/wordpress-migration/2017/06/9.jpg,9.jpg,/home/manus/cove-storefront/public/media/wordpress-migration/2017/06/9.jpg,processed,existing_local_file_reused,existing_record_reused,http_200,200,1339594,1ed1eb5c2811627b915a73ba42157a698f1e7dce8aae2f1e4fe068db538047ad,335,
6,https://coveinterior.com/wp-content/uploads/2021/07/big-capsule-bl.webp,wordpress-migration/2021/07/big-capsule-bl.webp,/media/wordpress-migration/2021/07/big-capsule-bl.webp,big-capsule-bl.webp,/home/manus/cove-storefront/public/media/wordpress-migration/2021/07/big-capsule-bl.webp,processed,existing_local_file_reused,existing_record_reused,http_200,200,52122,690d5f8c4905a8190775da23ba66319dfa6565f8475fe9174252848ea0e78fb6,3,
7,https://coveinterior.com/wp-content/uploads/2021/07/big-capsules-1.webp,wordpress-migration/2021/07/big-capsules-1.webp,/media/wordpress-migration/2021/07/big-capsules-1.webp,big-capsules-1.webp,/home/manus/cove-storefront/public/media/wordpress-migration/2021/07/big-capsules-1.webp,processed,existing_local_file_reused,existing_record_reused,http_200,200,47198,d682941a711614866ea7633f929a62560be4e2617d4b5d8c813232ed882511d6,5,
8,https://coveinterior.com/wp-content/uploads/2021/07/classic-157-gold.jpg,wordpress-migration/2021/07/classic-157-gold.jpg,/media/wordpress-migration/2021/07/classic-157-gold.jpg,classic-157-gold.jpg,/home/manus/cove-storefront/public/media/wordpress-migration/2021/07/classic-157-gold.jpg,processed,existing_local_file_reused,existing_record_reused,http_200,200,95600,10615937b927958e9c0d3dfaec4fce09e5b0a39f59904bea6f49f9cb9d91496d,6,
9,https://coveinterior.com/wp-content/uploads/2021/07/classic-157-gray-gold.jpg,wordpress-migration/2021/07/classic-157-gray-gold.jpg,/media/wordpress-migration/2021/07/classic-157-gray-gold.jpg,classic-157-gray-gold.jpg,/home/manus/cove-storefront/public/media/wordpress-migration/2021/07/classic-157-gray-gold.jpg,processed,existing_local_file_reused,existing_record_reused,http_200,200,45877,efd4dc95c0bb6b8241153506b3f44104c297e7f3ef2148572dd92720c6a05095,7,
10,https://coveinterior.com/wp-content/uploads/2021/07/classic-157-marble-gold.jpg,wordpress-migration/2021/07/classic-157-marble-gold.jpg,/media/wordpress-migration/2021/07/classic-157-marble-gold.jpg,classic-157-marble-gold.jpg,/home/manus/cove-storefront/public/media/wordpress-migration/2021/07/classic-157-marble-gold.jpg,processed,existing_local_file_reused,existing_record_reused,http_200,200,47466,632bc2a63e7ceae60c70367b3a7253c05633000f59aa2d46ad6266b3b38b7dcf,8,
11,https://coveinterior.com/wp-content/uploads/2021/07/classic-157-marble-silver.jpg,wordpress-migration/2021/07/classic-157-marble-silver.jpg,/media/wordpress-migration/2021/07/classic-157-marble-silver.jpg,classic-157-marble-silver.jpg,/home/manus/cove-storefront/public/media/wordpress-migration/2021/07/classic-157-marble-silver.jpg,processed,existing_local_file_reused,existing_record_reused,http_200,200,46213,3b26c7aa650da4bce9d77a157d13da520cefb3a284ce13f3133f8a79f3099595,9,
12,https://coveinterior.com/wp-content/uploads/2021/07/small-capsule-bl.webp,wordpress-migration/2021/07/small-capsule-bl.webp,/media/wordpress-migration/2021/07/small-capsule-bl.webp,small-capsule-bl.webp,/home/manus/cove-storefront/public/media/wordpress-migration/2021/07/small-capsule-bl.webp,processed,existing_local_file_reused,existing_record_reused,http_200,200,53974,0e45c797b016444da0fd47465fcfe370aab9f844f6a12240a14ad92b8a7deb7a,12,
13,https://coveinterior.com/wp-content/uploads/2021/07/small-capsules-1.webp,wordpress-migration/2021/07/small-capsules-1.webp,/media/wordpress-migration/2021/07/small-capsules-1.webp,small-capsules-1.webp,/home/manus/cove-storefront/public/media/wordpress-migration/2021/07/small-capsules-1.webp,processed,existing_local_file_reused,existing_record_reused,http_200,200,35980,0b11e1c28d8de34b41f734a0af7dfb9bdc9ad02341d39bd4e167d466c679dccb,14,
14,https://coveinterior.com/wp-content/uploads/2022/06/arch-plan-8.png,wordpress-migration/2022/06/arch-plan-8.png,/media/wordpress-migration/2022/06/arch-plan-8.png,arch-plan-8.png,/home/manus/cove-storefront/public/media/wordpress-migration/2022/06/arch-plan-8.png,processed,existing_local_file_reused,existing_record_reused,http_200,200,5509,b68d3359c72bbbad68aec74eb8bb63f5c67e568d424ea534b100fc09f79256cb,336,
15,https://coveinterior.com/wp-content/uploads/2022/06/instagram.png,wordpress-migration/2022/06/instagram.png,/media/wordpress-migration/2022/06/instagram.png,instagram.png,/home/manus/cove-storefront/public/media/wordpress-migration/2022/06/instagram.png,processed,existing_local_file_reused,existing_record_reused,http_200,200,788,fdd6c0b3b6f45b40599dfe7ac1bec3da236c6dad3f5cfd9f562b37c0c74567f6,337,
16,https://coveinterior.com/wp-content/uploads/2022/07/1-1.jpg,wordpress-migration/2022/07/1-1.jpg,/media/wordpress-migration/2022/07/1-1.jpg,1-1.jpg,/home/manus/cove-storefront/public/media/wordpress-migration/2022/07/1-1.jpg,processed,existing_local_file_reused,existing_record_reused,http_200,200,2382628,79cdcd49090a52315c1bb3f13cbd2f520b83f1e3c0999009827823d0d8f2f82d,338,
17,https://coveinterior.com/wp-content/uploads/2022/07/1-2.jpg,wordpress-migration/2022/07/1-2.jpg,/media/wordpress-migration/2022/07/1-2.jpg,1-2.jpg,/home/manus/cove-storefront/public/media/wordpress-migration/2022/07/1-2.jpg,processed,existing_local_file_reused,existing_record_reused,http_200,200,388572,229617459dff323c94ac2ed7b20440ffa24f1ce567d1f82c8ea8eb5ee15f3f37,339,
18,https://coveinterior.com/wp-content/uploads/2022/07/1-3.jpg,wordpress-migration/2022/07/1-3.jpg,/media/wordpress-migration/2022/07/1-3.jpg,1-3.jpg,/home/manus/cove-storefront/public/media/wordpress-migration/2022/07/1-3.jpg,processed,existing_local_file_reused,existing_record_reused,http_200,200,1458532,e63713fb8e43a08cca7a4236594c2c1c1ae8e35c3314842ddbf76e6b918bb129,340,
19,https://coveinterior.com/wp-content/uploads/2022/07/1-4.jpg,wordpress-migration/2022/07/1-4.jpg,/media/wordpress-migration/2022/07/1-4.jpg,1-4.jpg,/home/manus/cove-storefront/public/media/wordpress-migration/2022/07/1-4.jpg,processed,existing_local_file_reused,existing_record_reused,http_200,200,67570,d42ba46733d040e6a30f5ac61521a410db7d6df809c891c2b444fa41f56b77aa,15,
20,https://coveinterior.com/wp-content/uploads/2022/07/1-6.jpg,wordpress-migration/2022/07/1-6.jpg,/media/wordpress-migration/2022/07/1-6.jpg,1-6.jpg,/home/manus/cove-storefront/public/media/wordpress-migration/2022/07/1-6.jpg,processed,existing_local_file_reused,existing_record_reused,http_200,200,192704,1ba0062212baa50b7656c8f30af9141260ef629ddbd3b282d354ed1944f6dca3,341,
21,https://coveinterior.com/wp-content/uploads/2022/07/1-int.jpg,wordpress-migration/2022/07/1-int.jpg,/media/wordpress-migration/2022/07/1-int.jpg,1-int.jpg,/home/manus/cove-storefront/public/media/wordpress-migration/2022/07/1-int.jpg,processed,existing_local_file_reused,existing_record_reused,http_200,200,133143,512eda15f00a6598c9e414832fbae3523ac73f375f634969334388b1a80ed2ef,342,
22,https://coveinterior.com/wp-content/uploads/2022/07/1.JPG.jpeg,wordpress-migration/2022/07/1.JPG.jpeg,/media/wordpress-migration/2022/07/1.JPG.jpeg,1.JPG.jpeg,/home/manus/cove-storefront/public/media/wordpress-migration/2022/07/1.JPG.jpeg,processed,existing_local_file_reused,existing_record_reused,http_200,200,347544,ce3ab99cefddbd821492dce1ba7431015123dc75721b63cf6b19ada27a0e0da0,343,
23,https://coveinterior.com/wp-content/uploads/2022/07/1.png,wordpress-migration/2022/07/1.png,/media/wordpress-migration/2022/07/1.png,1.png,/home/manus/cove-storefront/public/media/wordpress-migration/2022/07/1.png,processed,existing_local_file_reused,existing_record_reused,http_200,200,671347,4163f4a0a2862abe1ae97b76354caaac6cca5788a4fd899ec74d8a47efff9b6e,344,
24,https://coveinterior.com/wp-content/uploads/2022/07/10-2.jpg,wordpress-migration/2022/07/10-2.jpg,/media/wordpress-migration/2022/07/10-2.jpg,10-2.jpg,/home/manus/cove-storefront/public/media/wordpress-migration/2022/07/10-2.jpg,processed,existing_local_file_reused,existing_record_reused,http_200,200,377368,e47155d0d5987ea45d9d6a4f7491ad4d6346d763606cac5da4f9836e2ffc3c22,345,
25,https://coveinterior.com/wp-content/uploads/2022/07/10.jpg,wordpress-migration/2022/07/10.jpg,/media/wordpress-migration/2022/07/10.jpg,10.jpg,/home/manus/cove-storefront/public/media/wordpress-migration/2022/07/10.jpg,processed,existing_local_file_reused,existing_record_reused,http_200,200,1900773,2d5202180c128ac6315e0efb0f976a3eeee6084695e8dce6919f4412e7123c25,346,
26,https://coveinterior.com/wp-content/uploads/2022/07/10.JPG.jpeg,wordpress-migration/2022/07/10.JPG.jpeg,/media/wordpress-migration/2022/07/10.JPG.jpeg,10.JPG.jpeg,/home/manus/cove-storefront/public/media/wordpress-migration/2022/07/10.JPG.jpeg,processed,existing_local_file_reused,existing_record_reused,http_200,200,2378580,c003644245a8e29a90950ef04d8b3130abba2bb788a226aa2bd5487dd3d05032,347,
27,https://coveinterior.com/wp-content/uploads/2022/07/11.jpg,wordpress-migration/2022/07/11.jpg,/media/wordpress-migration/2022/07/11.jpg,11.jpg,/home/manus/cove-storefront/public/media/wordpress-migration/2022/07/11.jpg,processed,existing_local_file_reused,existing_record_reused,http_200,200,817304,b35236add51ee3de2cb809921fe7c8e408bafeaeffa4abd646e1613b73f21acb,348,
28,https://coveinterior.com/wp-content/uploads/2022/07/12.jpg,wordpress-migration/2022/07/12.jpg,/media/wordpress-migration/2022/07/12.jpg,12.jpg,/home/manus/cove-storefront/public/media/wordpress-migration/2022/07/12.jpg,processed,existing_local_file_reused,existing_record_reused,http_200,200,422731,a2c2806f249e8752b192a3188300617097a283df43ec1111453ded04dc8d6fcc,349,
29,https://coveinterior.com/wp-content/uploads/2022/07/13.jpg,wordpress-migration/2022/07/13.jpg,/media/wordpress-migration/2022/07/13.jpg,13.jpg,/home/manus/cove-storefront/public/media/wordpress-migration/2022/07/13.jpg,processed,existing_local_file_reused,existing_record_reused,http_200,200,854893,aca6444c0230e218ded9793003dee94a2bae75b1c0c562a199ea3138a3fb2d15,350,
30,https://coveinterior.com/wp-content/uploads/2022/07/18-1.jpg,wordpress-migration/2022/07/18-1.jpg,/media/wordpress-migration/2022/07/18-1.jpg,18-1.jpg,/home/manus/cove-storefront/public/media/wordpress-migration/2022/07/18-1.jpg,processed,existing_local_file_reused,existing_record_reused,http_200,200,1499940,9264cb3515c697a2bafa2842b62463802e903825564d3826cbd267dae34daeff,351,
31,https://coveinterior.com/wp-content/uploads/2022/07/18.jpg,wordpress-migration/2022/07/18.jpg,/media/wordpress-migration/2022/07/18.jpg,18.jpg,/home/manus/cove-storefront/public/media/wordpress-migration/2022/07/18.jpg,processed,existing_local_file_reused,existing_record_reused,http_200,200,1394615,ac7921b932da1cb41c866d4751f748e445827b8a3b9b9fae887f96c7412e439a,352,
32,https://coveinterior.com/wp-content/uploads/2022/07/2-1.jpg,wordpress-migration/2022/07/2-1.jpg,/media/wordpress-migration/2022/07/2-1.jpg,2-1.jpg,/home/manus/cove-storefront/public/media/wordpress-migration/2022/07/2-1.jpg,processed,existing_local_file_reused,existing_record_reused,http_200,200,2014849,d5ef5cdc05eb22f4d513c3e6ece2d7510c6c73a032a8b1ee11f45760ca06d5bc,353,
33,https://coveinterior.com/wp-content/uploads/2022/07/2-2.jpg,wordpress-migration/2022/07/2-2.jpg,/media/wordpress-migration/2022/07/2-2.jpg,2-2.jpg,/home/manus/cove-storefront/public/media/wordpress-migration/2022/07/2-2.jpg,processed,existing_local_file_reused,existing_record_reused,http_200,200,371348,543432af18e2b181e53c49d6e1470a0efa2290c30a9ee715f9eba26d69d14e7e,354,
34,https://coveinterior.com/wp-content/uploads/2022/07/2-3.jpg,wordpress-migration/2022/07/2-3.jpg,/media/wordpress-migration/2022/07/2-3.jpg,2-3.jpg,/home/manus/cove-storefront/public/media/wordpress-migration/2022/07/2-3.jpg,processed,existing_local_file_reused,existing_record_reused,http_200,200,97131,ed8cc751dab69b281937ed1efa110c910fd4d98c1ffe5869d761b8391954b5a7,16,
35,https://coveinterior.com/wp-content/uploads/2022/07/2-5.jpg,wordpress-migration/2022/07/2-5.jpg,/media/wordpress-migration/2022/07/2-5.jpg,2-5.jpg,/home/manus/cove-storefront/public/media/wordpress-migration/2022/07/2-5.jpg,processed,existing_local_file_reused,existing_record_reused,http_200,200,493629,8e013de5f47d166232e7daf7a0db5e3f9bab0daccbc0f358d4bea29271fa4f1a,355,
36,https://coveinterior.com/wp-content/uploads/2022/07/2.JPG.jpeg,wordpress-migration/2022/07/2.JPG.jpeg,/media/wordpress-migration/2022/07/2.JPG.jpeg,2.JPG.jpeg,/home/manus/cove-storefront/public/media/wordpress-migration/2022/07/2.JPG.jpeg,processed,existing_local_file_reused,existing_record_reused,http_200,200,398309,f27fc4483c6690cae3af7332fd3c5773d5893cfe030dee2b0e62151192ed8d9b,356,
37,https://coveinterior.com/wp-content/uploads/2022/07/20.jpg,wordpress-migration/2022/07/20.jpg,/media/wordpress-migration/2022/07/20.jpg,20.jpg,/home/manus/cove-storefront/public/media/wordpress-migration/2022/07/20.jpg,processed,existing_local_file_reused,existing_record_reused,http_200,200,180878,d45e2ef2a96b6f2122bc889be35b2f71ab4e69d150397966df3f51819e2542e0,357,
38,https://coveinterior.com/wp-content/uploads/2022/07/21.jpg,wordpress-migration/2022/07/21.jpg,/media/wordpress-migration/2022/07/21.jpg,21.jpg,/home/manus/cove-storefront/public/media/wordpress-migration/2022/07/21.jpg,processed,existing_local_file_reused,existing_record_reused,http_200,200,279656,66881c56c8d4cfd3ba04f0a60d2a35996c88903134759c5329b8eb3ab285ae57,358,
39,https://coveinterior.com/wp-content/uploads/2022/07/22.jpg,wordpress-migration/2022/07/22.jpg,/media/wordpress-migration/2022/07/22.jpg,22.jpg,/home/manus/cove-storefront/public/media/wordpress-migration/2022/07/22.jpg,processed,existing_local_file_reused,existing_record_reused,http_200,200,238323,0b904b5a0436b4fa61b0f7b3f61bbb14e0dd65f812bfe5ab82297d00c7066cff,359,
40,https://coveinterior.com/wp-content/uploads/2022/07/23.jpg,wordpress-migration/2022/07/23.jpg,/media/wordpress-migration/2022/07/23.jpg,23.jpg,/home/manus/cove-storefront/public/media/wordpress-migration/2022/07/23.jpg,processed,existing_local_file_reused,existing_record_reused,http_200,200,203069,9b1fb81053ffdaed37e81dd6db15d145e9056d6bc65b568729ef894378ab6348,360,
41,https://coveinterior.com/wp-content/uploads/2022/07/24.jpg,wordpress-migration/2022/07/24.jpg,/media/wordpress-migration/2022/07/24.jpg,24.jpg,/home/manus/cove-storefront/public/media/wordpress-migration/2022/07/24.jpg,processed,existing_local_file_reused,existing_record_reused,http_200,200,71386,7142685383aebae1a361bad2cca4410322951a1d39ed47254b18f84efdaab2e7,361,
42,https://coveinterior.com/wp-content/uploads/2022/07/3-1.jpg,wordpress-migration/2022/07/3-1.jpg,/media/wordpress-migration/2022/07/3-1.jpg,3-1.jpg,/home/manus/cove-storefront/public/media/wordpress-migration/2022/07/3-1.jpg,processed,existing_local_file_reused,existing_record_reused,http_200,200,351785,8b41c1ff7bcb4f646320b5e5d8e7c72e9d28a8f25f76444de8bf4d2d06836c4c,362,
43,https://coveinterior.com/wp-content/uploads/2022/07/3-2.jpg,wordpress-migration/2022/07/3-2.jpg,/media/wordpress-migration/2022/07/3-2.jpg,3-2.jpg,/home/manus/cove-storefront/public/media/wordpress-migration/2022/07/3-2.jpg,processed,existing_local_file_reused,existing_record_reused,http_200,200,2262640,e5ab007b46aeb51e9cb4474b7effdb3721445bc4b271d9a94a0db5d9c4c02e27,363,
44,https://coveinterior.com/wp-content/uploads/2022/07/3-3.jpg,wordpress-migration/2022/07/3-3.jpg,/media/wordpress-migration/2022/07/3-3.jpg,3-3.jpg,/home/manus/cove-storefront/public/media/wordpress-migration/2022/07/3-3.jpg,processed,existing_local_file_reused,existing_record_reused,http_200,200,318661,b410d10aff0c53d33838e5fa5267f3b282e722bd4f3de9521af8681429b89df7,364,
45,https://coveinterior.com/wp-content/uploads/2022/07/3-4.jpg,wordpress-migration/2022/07/3-4.jpg,/media/wordpress-migration/2022/07/3-4.jpg,3-4.jpg,/home/manus/cove-storefront/public/media/wordpress-migration/2022/07/3-4.jpg,processed,existing_local_file_reused,existing_record_reused,http_200,200,149596,a2261c0b180f2ed57b6b178b1c28ef49c7bcdbde64ef8a6b267859a1cb98185c,17,
46,https://coveinterior.com/wp-content/uploads/2022/07/3-6.jpg,wordpress-migration/2022/07/3-6.jpg,/media/wordpress-migration/2022/07/3-6.jpg,3-6.jpg,/home/manus/cove-storefront/public/media/wordpress-migration/2022/07/3-6.jpg,processed,existing_local_file_reused,existing_record_reused,http_200,200,415064,f9928121c55b7f83a3a35e5406acdcbad41e8d8df15c5b51c74a43f639e28308,365,
47,https://coveinterior.com/wp-content/uploads/2022/07/3.JPG.jpeg,wordpress-migration/2022/07/3.JPG.jpeg,/media/wordpress-migration/2022/07/3.JPG.jpeg,3.JPG.jpeg,/home/manus/cove-storefront/public/media/wordpress-migration/2022/07/3.JPG.jpeg,processed,existing_local_file_reused,existing_record_reused,http_200,200,2098630,0988bace1192759964b52b6c5a508b4b8f092725bcafe9ba6f8e548405a399a7,366,
48,https://coveinterior.com/wp-content/uploads/2022/07/31.jpg,wordpress-migration/2022/07/31.jpg,/media/wordpress-migration/2022/07/31.jpg,31.jpg,/home/manus/cove-storefront/public/media/wordpress-migration/2022/07/31.jpg,processed,existing_local_file_reused,existing_record_reused,http_200,200,40392,c6e499f313fa518ac51ad23f137756208376ece706a86d25ecf90404c00ec40c,367,
49,https://coveinterior.com/wp-content/uploads/2022/07/4-1.jpg,wordpress-migration/2022/07/4-1.jpg,/media/wordpress-migration/2022/07/4-1.jpg,4-1.jpg,/home/manus/cove-storefront/public/media/wordpress-migration/2022/07/4-1.jpg,processed,existing_local_file_reused,existing_record_reused,http_200,200,384688,b9c6497a529e85db873216e3332340f8c6501751a44ce5fe44183f3d9c05eb94,368,
50,https://coveinterior.com/wp-content/uploads/2022/07/4-1.png,wordpress-migration/2022/07/4-1.png,/media/wordpress-migration/2022/07/4-1.png,4-1.png,/home/manus/cove-storefront/public/media/wordpress-migration/2022/07/4-1.png,processed,existing_local_file_reused,existing_record_reused,http_200,200,4340381,ac02427f7b26eae4fbf14ac470e0b2fcac9c2799acb68f8969960bb6fa1d5e82,369,
51,https://coveinterior.com/wp-content/uploads/2022/07/4.JPG.jpeg,wordpress-migration/2022/07/4.JPG.jpeg,/media/wordpress-migration/2022/07/4.JPG.jpeg,4.JPG.jpeg,/home/manus/cove-storefront/public/media/wordpress-migration/2022/07/4.JPG.jpeg,processed,existing_local_file_reused,existing_record_reused,http_200,200,1930478,695bd333a5c11b0fb68fadcd2fea00a393b5834bf3d65df3ea4f42501226d7d5,370,
52,https://coveinterior.com/wp-content/uploads/2022/07/4.png,wordpress-migration/2022/07/4.png,/media/wordpress-migration/2022/07/4.png,4.png,/home/manus/cove-storefront/public/media/wordpress-migration/2022/07/4.png,processed,existing_local_file_reused,existing_record_reused,http_200,200,4009561,d1acdb9a9862c1cc279eab7cc33e612cac19df0dbe7707b8f246de168c630b3d,371,
53,https://coveinterior.com/wp-content/uploads/2022/07/42.jpg,wordpress-migration/2022/07/42.jpg,/media/wordpress-migration/2022/07/42.jpg,42.jpg,/home/manus/cove-storefront/public/media/wordpress-migration/2022/07/42.jpg,processed,existing_local_file_reused,existing_record_reused,http_200,200,243905,25e1f169df57b495ab1e2c86db49981de8524a7267de87b2d644be9f5e15197b,372,
54,https://coveinterior.com/wp-content/uploads/2022/07/43.jpg,wordpress-migration/2022/07/43.jpg,/media/wordpress-migration/2022/07/43.jpg,43.jpg,/home/manus/cove-storefront/public/media/wordpress-migration/2022/07/43.jpg,processed,existing_local_file_reused,existing_record_reused,http_200,200,54749,f5d9315f1ecc1c9452e36af4a30fed9aed70dc855643cf8a58f53d9312ccfe7e,373,
55,https://coveinterior.com/wp-content/uploads/2022/07/44.jpg,wordpress-migration/2022/07/44.jpg,/media/wordpress-migration/2022/07/44.jpg,44.jpg,/home/manus/cove-storefront/public/media/wordpress-migration/2022/07/44.jpg,processed,existing_local_file_reused,existing_record_reused,http_200,200,57212,1c87c8df966326dc3a31ac64e79a4b88ec32d1f42c7ce5e453ed7742096cbb43,374,
56,https://coveinterior.com/wp-content/uploads/2022/07/45.jpg,wordpress-migration/2022/07/45.jpg,/media/wordpress-migration/2022/07/45.jpg,45.jpg,/home/manus/cove-storefront/public/media/wordpress-migration/2022/07/45.jpg,processed,existing_local_file_reused,existing_record_reused,http_200,200,241032,5daa1051efcbd618043d1466724c20331848384135a0dbdab368fbbd784665d0,375,
57,https://coveinterior.com/wp-content/uploads/2022/07/46.jpg,wordpress-migration/2022/07/46.jpg,/media/wordpress-migration/2022/07/46.jpg,46.jpg,/home/manus/cove-storefront/public/media/wordpress-migration/2022/07/46.jpg,processed,existing_local_file_reused,existing_record_reused,http_200,200,232507,c59d6832443de4ab81df81e52f0081352d6dc64bdc0239be496ada9bbd7efb8f,376,
58,https://coveinterior.com/wp-content/uploads/2022/07/47.jpg,wordpress-migration/2022/07/47.jpg,/media/wordpress-migration/2022/07/47.jpg,47.jpg,/home/manus/cove-storefront/public/media/wordpress-migration/2022/07/47.jpg,processed,existing_local_file_reused,existing_record_reused,http_200,200,224046,b712a645d1154187e800efcf917d8ee24aa009c14ab0329430fc9c6555b9c0c3,377,
59,https://coveinterior.com/wp-content/uploads/2022/07/5-1.png,wordpress-migration/2022/07/5-1.png,/media/wordpress-migration/2022/07/5-1.png,5-1.png,/home/manus/cove-storefront/public/media/wordpress-migration/2022/07/5-1.png,processed,existing_local_file_reused,existing_record_reused,http_200,200,4247481,6e788cf47724747bc51195a3811a55ddaf76553280cdc7d3db4381457abd90d1,378,
60,https://coveinterior.com/wp-content/uploads/2022/07/5-2.jpg,wordpress-migration/2022/07/5-2.jpg,/media/wordpress-migration/2022/07/5-2.jpg,5-2.jpg,/home/manus/cove-storefront/public/media/wordpress-migration/2022/07/5-2.jpg,processed,existing_local_file_reused,existing_record_reused,http_200,200,256659,5e06f367693fabb2e9155b2ea19f8bf5f512f9d7b760fc4f060bd60bd7b6ac4b,379,
61,https://coveinterior.com/wp-content/uploads/2022/07/5.jpg,wordpress-migration/2022/07/5.jpg,/media/wordpress-migration/2022/07/5.jpg,5.jpg,/home/manus/cove-storefront/public/media/wordpress-migration/2022/07/5.jpg,processed,existing_local_file_reused,existing_record_reused,http_200,200,1295989,7139f5a5d8cb896f80f79cb06c576016b6041c8d1b870233054a9985199bbec6,380,
62,https://coveinterior.com/wp-content/uploads/2022/07/5.JPG.jpeg,wordpress-migration/2022/07/5.JPG.jpeg,/media/wordpress-migration/2022/07/5.JPG.jpeg,5.JPG.jpeg,/home/manus/cove-storefront/public/media/wordpress-migration/2022/07/5.JPG.jpeg,processed,existing_local_file_reused,existing_record_reused,http_200,200,305614,59b9c2eb998f6f6226c6dd5847ad4fc2bac3895f87dee45d1b9684a8e0c1a3eb,381,
63,https://coveinterior.com/wp-content/uploads/2022/07/5.png,wordpress-migration/2022/07/5.png,/media/wordpress-migration/2022/07/5.png,5.png,/home/manus/cove-storefront/public/media/wordpress-migration/2022/07/5.png,processed,existing_local_file_reused,existing_record_reused,http_200,200,4140342,5d7ac5bba52845d828311d72c04a8fb71afd10c999fde3898faf259a4e776ce7,382,
64,https://coveinterior.com/wp-content/uploads/2022/07/6-1.jpg,wordpress-migration/2022/07/6-1.jpg,/media/wordpress-migration/2022/07/6-1.jpg,6-1.jpg,/home/manus/cove-storefront/public/media/wordpress-migration/2022/07/6-1.jpg,processed,existing_local_file_reused,existing_record_reused,http_200,200,2232250,9cbe1793780bb69e9cc0c01e6413dbf66361985faf813445dab1e364fe63f6b4,383,
65,https://coveinterior.com/wp-content/uploads/2022/07/6-3.jpg,wordpress-migration/2022/07/6-3.jpg,/media/wordpress-migration/2022/07/6-3.jpg,6-3.jpg,/home/manus/cove-storefront/public/media/wordpress-migration/2022/07/6-3.jpg,processed,existing_local_file_reused,existing_record_reused,http_200,200,375284,840e25cd49fcb8c4d65806c3935e0f0b294d6127f70c95e06f3ba6da36b99b8f,384,
66,https://coveinterior.com/wp-content/uploads/2022/07/6.jpg,wordpress-migration/2022/07/6.jpg,/media/wordpress-migration/2022/07/6.jpg,6.jpg,/home/manus/cove-storefront/public/media/wordpress-migration/2022/07/6.jpg,processed,existing_local_file_reused,existing_record_reused,http_200,200,203211,f1095d8f14078296e99f9ea49f2a4e9cf15d5cb02e617862f9d85c8a2bc8269e,385,
67,https://coveinterior.com/wp-content/uploads/2022/07/6.JPG.jpeg,wordpress-migration/2022/07/6.JPG.jpeg,/media/wordpress-migration/2022/07/6.JPG.jpeg,6.JPG.jpeg,/home/manus/cove-storefront/public/media/wordpress-migration/2022/07/6.JPG.jpeg,processed,existing_local_file_reused,existing_record_reused,http_200,200,2413248,718bf9bfda2d15fc2e898b30067a543196d2c7a83fd386a82abeb9919808e149,386,
68,https://coveinterior.com/wp-content/uploads/2022/07/61.jpg,wordpress-migration/2022/07/61.jpg,/media/wordpress-migration/2022/07/61.jpg,61.jpg,/home/manus/cove-storefront/public/media/wordpress-migration/2022/07/61.jpg,processed,existing_local_file_reused,existing_record_reused,http_200,200,141149,5dbd972325bf7ec4538591b4722a3ffc95b885253a54e473065fc244f566f778,387,
69,https://coveinterior.com/wp-content/uploads/2022/07/610.jpg,wordpress-migration/2022/07/610.jpg,/media/wordpress-migration/2022/07/610.jpg,610.jpg,/home/manus/cove-storefront/public/media/wordpress-migration/2022/07/610.jpg,processed,existing_local_file_reused,existing_record_reused,http_200,200,1039519,61a0b7a8cc7398eed5f87fe3719bc43fadf2ac74f08ad032bdd54be11dbd5c7d,388,
70,https://coveinterior.com/wp-content/uploads/2022/07/611.jpg,wordpress-migration/2022/07/611.jpg,/media/wordpress-migration/2022/07/611.jpg,611.jpg,/home/manus/cove-storefront/public/media/wordpress-migration/2022/07/611.jpg,processed,existing_local_file_reused,existing_record_reused,http_200,200,845645,7332b3559b8dd017016050d0c883478dd526524334170112cc4cbd4b4f8c2693,389,
71,https://coveinterior.com/wp-content/uploads/2022/07/612.jpg,wordpress-migration/2022/07/612.jpg,/media/wordpress-migration/2022/07/612.jpg,612.jpg,/home/manus/cove-storefront/public/media/wordpress-migration/2022/07/612.jpg,processed,existing_local_file_reused,existing_record_reused,http_200,200,201625,c44be2ce9a67c0d23232e2ac25ec7582a3b0cdc13e92f2dfc8ef544d03cc616e,390,
72,https://coveinterior.com/wp-content/uploads/2022/07/62.jpg,wordpress-migration/2022/07/62.jpg,/media/wordpress-migration/2022/07/62.jpg,62.jpg,/home/manus/cove-storefront/public/media/wordpress-migration/2022/07/62.jpg,processed,existing_local_file_reused,existing_record_reused,http_200,200,466394,27a53af6c3079b42bbd25637d22069bd067908ba6c279d4aa3339efb75f00316,391,
73,https://coveinterior.com/wp-content/uploads/2022/07/63.jpg,wordpress-migration/2022/07/63.jpg,/media/wordpress-migration/2022/07/63.jpg,63.jpg,/home/manus/cove-storefront/public/media/wordpress-migration/2022/07/63.jpg,processed,existing_local_file_reused,existing_record_reused,http_200,200,819824,ea30dc7193253cf7c39ac9b636bcb71e7ad02a8a0bfd16668640a0c02ea5bfb1,392,
74,https://coveinterior.com/wp-content/uploads/2022/07/64.jpg,wordpress-migration/2022/07/64.jpg,/media/wordpress-migration/2022/07/64.jpg,64.jpg,/home/manus/cove-storefront/public/media/wordpress-migration/2022/07/64.jpg,processed,existing_local_file_reused,existing_record_reused,http_200,200,170637,9e294d6b66f8d12aeba563a4c177506d5510f4d3a17471c6e01a8f7d999214ea,393,
75,https://coveinterior.com/wp-content/uploads/2022/07/65.jpg,wordpress-migration/2022/07/65.jpg,/media/wordpress-migration/2022/07/65.jpg,65.jpg,/home/manus/cove-storefront/public/media/wordpress-migration/2022/07/65.jpg,processed,existing_local_file_reused,existing_record_reused,http_200,200,644263,cec2dc6c64d6d74ad8cda33225b9a92161d40beda38f25b012ec2b3d8eaa1746,394,
76,https://coveinterior.com/wp-content/uploads/2022/07/66.jpg,wordpress-migration/2022/07/66.jpg,/media/wordpress-migration/2022/07/66.jpg,66.jpg,/home/manus/cove-storefront/public/media/wordpress-migration/2022/07/66.jpg,processed,existing_local_file_reused,existing_record_reused,http_200,200,134722,f85af35123f5c7b26f612c01b13e6955aa155c81b56aa92ba9b8c6758d8b9ddb,395,
77,https://coveinterior.com/wp-content/uploads/2022/07/67.jpg,wordpress-migration/2022/07/67.jpg,/media/wordpress-migration/2022/07/67.jpg,67.jpg,/home/manus/cove-storefront/public/media/wordpress-migration/2022/07/67.jpg,processed,existing_local_file_reused,existing_record_reused,http_200,200,749402,0c2eb803bff93174dc4b8318fa6f819dcafbd5d275487a882b528f3ca80232a1,396,
78,https://coveinterior.com/wp-content/uploads/2022/07/68.jpg,wordpress-migration/2022/07/68.jpg,/media/wordpress-migration/2022/07/68.jpg,68.jpg,/home/manus/cove-storefront/public/media/wordpress-migration/2022/07/68.jpg,processed,existing_local_file_reused,existing_record_reused,http_200,200,1092060,3ed208801ff912f72fcb674793be99851680d7a5d8f1cd1962e002c405fefb53,397,
79,https://coveinterior.com/wp-content/uploads/2022/07/69.jpg,wordpress-migration/2022/07/69.jpg,/media/wordpress-migration/2022/07/69.jpg,69.jpg,/home/manus/cove-storefront/public/media/wordpress-migration/2022/07/69.jpg,processed,existing_local_file_reused,existing_record_reused,http_200,200,1128307,3aea3d98ec6639ec0e73f4f1a8fe68bcfbade0c1b68aad1ab9fc7596b41845ca,398,
80,https://coveinterior.com/wp-content/uploads/2022/07/7-1.jpg,wordpress-migration/2022/07/7-1.jpg,/media/wordpress-migration/2022/07/7-1.jpg,7-1.jpg,/home/manus/cove-storefront/public/media/wordpress-migration/2022/07/7-1.jpg,processed,existing_local_file_reused,existing_record_reused,http_200,200,2473017,8ef4312f2cd2555cfbfd2f4728dd20fde8a8a80795059f1a68305ae1bde2dafe,399,
81,https://coveinterior.com/wp-content/uploads/2022/07/7-3.jpg,wordpress-migration/2022/07/7-3.jpg,/media/wordpress-migration/2022/07/7-3.jpg,7-3.jpg,/home/manus/cove-storefront/public/media/wordpress-migration/2022/07/7-3.jpg,processed,existing_local_file_reused,existing_record_reused,http_200,200,263294,a16dc2fa8753218f91ff38f7dfcf9260c57de12ae53081d1ad9833532c4b7390,400,
82,https://coveinterior.com/wp-content/uploads/2022/07/7.jpg,wordpress-migration/2022/07/7.jpg,/media/wordpress-migration/2022/07/7.jpg,7.jpg,/home/manus/cove-storefront/public/media/wordpress-migration/2022/07/7.jpg,processed,existing_local_file_reused,existing_record_reused,http_200,200,1288210,fadde3ca0f36b88a20795ebca0f22b8b6e12145eae04e2ad63b3d5d438116ffb,401,
83,https://coveinterior.com/wp-content/uploads/2022/07/7.png,wordpress-migration/2022/07/7.png,/media/wordpress-migration/2022/07/7.png,7.png,/home/manus/cove-storefront/public/media/wordpress-migration/2022/07/7.png,processed,existing_local_file_reused,existing_record_reused,http_200,200,4056600,b9036ed090fe575ad37f797eef812e022cf1fe92246f91438b65167212850488,402,
84,https://coveinterior.com/wp-content/uploads/2022/07/8-1.jpg,wordpress-migration/2022/07/8-1.jpg,/media/wordpress-migration/2022/07/8-1.jpg,8-1.jpg,/home/manus/cove-storefront/public/media/wordpress-migration/2022/07/8-1.jpg,processed,existing_local_file_reused,existing_record_reused,http_200,200,397467,a2d16518437984448a2eb5e56af6f1f72eb06519ea51bb0be665f9c650ac47bf,403,
85,https://coveinterior.com/wp-content/uploads/2022/07/8.png,wordpress-migration/2022/07/8.png,/media/wordpress-migration/2022/07/8.png,8.png,/home/manus/cove-storefront/public/media/wordpress-migration/2022/07/8.png,processed,existing_local_file_reused,existing_record_reused,http_200,200,1415035,a2254e67c5f4e1c1a27c47b81896bcabdf4a28a81ac64091c00e3dcc2a37bf9c,404,
86,https://coveinterior.com/wp-content/uploads/2022/07/9-2.jpg,wordpress-migration/2022/07/9-2.jpg,/media/wordpress-migration/2022/07/9-2.jpg,9-2.jpg,/home/manus/cove-storefront/public/media/wordpress-migration/2022/07/9-2.jpg,processed,existing_local_file_reused,existing_record_reused,http_200,200,349897,ad2bb2fc7d924e8f3b4e83224494f4ba5859f8aefb7176a0e9f95bed8e6560ba,405,
87,https://coveinterior.com/wp-content/uploads/2022/07/9.jpg,wordpress-migration/2022/07/9.jpg,/media/wordpress-migration/2022/07/9.jpg,9.jpg,/home/manus/cove-storefront/public/media/wordpress-migration/2022/07/9.jpg,processed,existing_local_file_reused,existing_record_reused,http_200,200,1062826,36ca6a71830a46f4c63efc21928677afae3bc837cd8c1496bb48f4445feb6e39,406,
88,https://coveinterior.com/wp-content/uploads/2022/07/9.JPG.jpeg,wordpress-migration/2022/07/9.JPG.jpeg,/media/wordpress-migration/2022/07/9.JPG.jpeg,9.JPG.jpeg,/home/manus/cove-storefront/public/media/wordpress-migration/2022/07/9.JPG.jpeg,processed,existing_local_file_reused,existing_record_reused,http_200,200,2235594,492189947fd463a21d4ffbd318a4fb8b97cf05be656bd86ef90e0888d7835274,407,
89,https://coveinterior.com/wp-content/uploads/2022/07/9.png,wordpress-migration/2022/07/9.png,/media/wordpress-migration/2022/07/9.png,9.png,/home/manus/cove-storefront/public/media/wordpress-migration/2022/07/9.png,processed,existing_local_file_reused,existing_record_reused,http_200,200,3815248,268a6aa8ec4550a5c74bf1855eb6b0f31fda7eb66f8a9e2c0f8f5cecdf401d9f,408,
90,https://coveinterior.com/wp-content/uploads/2022/07/about-cove-1.jpg,wordpress-migration/2022/07/about-cove-1.jpg,/media/wordpress-migration/2022/07/about-cove-1.jpg,about-cove-1.jpg,/home/manus/cove-storefront/public/media/wordpress-migration/2022/07/about-cove-1.jpg,processed,existing_local_file_reused,existing_record_reused,http_200,200,12421,13ba10e35afb18ae12d0a7042495ebeeed8a223f5aa78d6c54f39feedd86fe89,409,
91,https://coveinterior.com/wp-content/uploads/2022/07/Alawatan-TV-Interview-1-2.jpg,wordpress-migration/2022/07/Alawatan-TV-Interview-1-2.jpg,/media/wordpress-migration/2022/07/Alawatan-TV-Interview-1-2.jpg,Alawatan-TV-Interview-1-2.jpg,/home/manus/cove-storefront/public/media/wordpress-migration/2022/07/Alawatan-TV-Interview-1-2.jpg,processed,existing_local_file_reused,existing_record_reused,http_200,200,226309,9e940373815a4132566a898a1a1718e3d73c3bb3f2c8fd69d9b9dae010f766b1,410,
92,https://coveinterior.com/wp-content/uploads/2022/07/classic-157-gray-gold.jpg,wordpress-migration/2022/07/classic-157-gray-gold.jpg,/media/wordpress-migration/2022/07/classic-157-gray-gold.jpg,classic-157-gray-gold.jpg,/home/manus/cove-storefront/public/media/wordpress-migration/2022/07/classic-157-gray-gold.jpg,processed,existing_local_file_reused,existing_record_reused,http_200,200,45877,efd4dc95c0bb6b8241153506b3f44104c297e7f3ef2148572dd92720c6a05095,118,
93,https://coveinterior.com/wp-content/uploads/2022/07/classic-225-gold.jpg,wordpress-migration/2022/07/classic-225-gold.jpg,/media/wordpress-migration/2022/07/classic-225-gold.jpg,classic-225-gold.jpg,/home/manus/cove-storefront/public/media/wordpress-migration/2022/07/classic-225-gold.jpg,processed,existing_local_file_reused,existing_record_reused,http_200,200,73163,5fd851c8c64d5e2b0530f5793a98de9520a23201d3e65cf32e295dcdbe56cc9d,119,
94,https://coveinterior.com/wp-content/uploads/2022/07/classic-225-gray-gold-1.jpg,wordpress-migration/2022/07/classic-225-gray-gold-1.jpg,/media/wordpress-migration/2022/07/classic-225-gray-gold-1.jpg,classic-225-gray-gold-1.jpg,/home/manus/cove-storefront/public/media/wordpress-migration/2022/07/classic-225-gray-gold-1.jpg,processed,existing_local_file_reused,existing_record_reused,http_200,200,41672,8587ad7e3d14d59964ba5c79358461d15ac5ffa978ff00542205cd2ce161d3fe,120,
95,https://coveinterior.com/wp-content/uploads/2022/07/classic-225-marble-gold.jpg,wordpress-migration/2022/07/classic-225-marble-gold.jpg,/media/wordpress-migration/2022/07/classic-225-marble-gold.jpg,classic-225-marble-gold.jpg,/home/manus/cove-storefront/public/media/wordpress-migration/2022/07/classic-225-marble-gold.jpg,processed,existing_local_file_reused,existing_record_reused,http_200,200,43844,eda646c9f38c5e1c6c808cb48d661388698418cf5cff0754eba80f3f8bc221a8,121,
96,https://coveinterior.com/wp-content/uploads/2022/07/clients-services.jpg,wordpress-migration/2022/07/clients-services.jpg,/media/wordpress-migration/2022/07/clients-services.jpg,clients-services.jpg,/home/manus/cove-storefront/public/media/wordpress-migration/2022/07/clients-services.jpg,processed,existing_local_file_reused,existing_record_reused,http_200,200,14484,11ebdcc3449d2593a61626573cbd5d1a705edac19f0ff03d973ef1c61d3253d9,411,
97,https://coveinterior.com/wp-content/uploads/2022/07/communicate-with-cove.jpg,wordpress-migration/2022/07/communicate-with-cove.jpg,/media/wordpress-migration/2022/07/communicate-with-cove.jpg,communicate-with-cove.jpg,/home/manus/cove-storefront/public/media/wordpress-migration/2022/07/communicate-with-cove.jpg,processed,existing_local_file_reused,existing_record_reused,http_200,200,14242,8f556f4eccd09c24a45040452bf12ff6bfe56cb9ce03541f05395dd923f69e45,412,
98,https://coveinterior.com/wp-content/uploads/2022/07/company-profile.jpg,wordpress-migration/2022/07/company-profile.jpg,/media/wordpress-migration/2022/07/company-profile.jpg,company-profile.jpg,/home/manus/cove-storefront/public/media/wordpress-migration/2022/07/company-profile.jpg,processed,existing_local_file_reused,existing_record_reused,http_200,200,14102,26b616c06b1249197d0b5da6828e5d51a602b77edfa82905bf145e9789284eee,413,
99,https://coveinterior.com/wp-content/uploads/2022/07/Conference-in-Kuwait-2.jpg,wordpress-migration/2022/07/Conference-in-Kuwait-2.jpg,/media/wordpress-migration/2022/07/Conference-in-Kuwait-2.jpg,Conference-in-Kuwait-2.jpg,/home/manus/cove-storefront/public/media/wordpress-migration/2022/07/Conference-in-Kuwait-2.jpg,processed,existing_local_file_reused,existing_record_reused,http_200,200,129897,6344343952829a53331ce13e2cf663e088e7ff032755c460274715c78734fe68,414,
100,https://coveinterior.com/wp-content/uploads/2022/07/COUNTRY-112-BEECH-WOOD.jpg,wordpress-migration/2022/07/COUNTRY-112-BEECH-WOOD.jpg,/media/wordpress-migration/2022/07/COUNTRY-112-BEECH-WOOD.jpg,COUNTRY-112-BEECH-WOOD.jpg,/home/manus/cove-storefront/public/media/wordpress-migration/2022/07/COUNTRY-112-BEECH-WOOD.jpg,processed,existing_local_file_reused,existing_record_reused,http_200,200,78186,b06563bda0e61a8e0dd5d14601ab355e4c620388063c15d81c9d6a5af2661fbe,19,
101,https://coveinterior.com/wp-content/uploads/2022/07/COUNTRY-112-BEIGE-1.jpg,wordpress-migration/2022/07/COUNTRY-112-BEIGE-1.jpg,/media/wordpress-migration/2022/07/COUNTRY-112-BEIGE-1.jpg,COUNTRY-112-BEIGE-1.jpg,/home/manus/cove-storefront/public/media/wordpress-migration/2022/07/COUNTRY-112-BEIGE-1.jpg,processed,existing_local_file_reused,existing_record_reused,http_200,200,143943,e623556cc880b626605380d3626c642b4a4bf51b24e71a9ef01165cb1111fb8d,20,
102,https://coveinterior.com/wp-content/uploads/2022/07/COUNTRY-112-BLACK.jpg,wordpress-migration/2022/07/COUNTRY-112-BLACK.jpg,/media/wordpress-migration/2022/07/COUNTRY-112-BLACK.jpg,COUNTRY-112-BLACK.jpg,/home/manus/cove-storefront/public/media/wordpress-migration/2022/07/COUNTRY-112-BLACK.jpg,processed,existing_local_file_reused,existing_record_reused,http_200,200,132060,924112869db0ccba2079b2a7c025fb53a484a43f824b97761e68fdcd1c9c8e87,23,
103,https://coveinterior.com/wp-content/uploads/2022/07/COUNTRY-112-BLUE.jpg,wordpress-migration/2022/07/COUNTRY-112-BLUE.jpg,/media/wordpress-migration/2022/07/COUNTRY-112-BLUE.jpg,COUNTRY-112-BLUE.jpg,/home/manus/cove-storefront/public/media/wordpress-migration/2022/07/COUNTRY-112-BLUE.jpg,processed,existing_local_file_reused,existing_record_reused,http_200,200,134647,cb0f97f69515af899986ac65bb272731748cb16f0c9462302eaaa0a63ddf9c2c,25,
104,https://coveinterior.com/wp-content/uploads/2022/07/COUNTRY-112-GREEN.jpg,wordpress-migration/2022/07/COUNTRY-112-GREEN.jpg,/media/wordpress-migration/2022/07/COUNTRY-112-GREEN.jpg,COUNTRY-112-GREEN.jpg,/home/manus/cove-storefront/public/media/wordpress-migration/2022/07/COUNTRY-112-GREEN.jpg,processed,existing_local_file_reused,existing_record_reused,http_200,200,133964,de84d92b11f8df7590e6835e67faa4e70095b466703b991edb7dc1aa45d4fd44,27,
105,https://coveinterior.com/wp-content/uploads/2022/07/COUNTRY-112-GREY.jpg,wordpress-migration/2022/07/COUNTRY-112-GREY.jpg,/media/wordpress-migration/2022/07/COUNTRY-112-GREY.jpg,COUNTRY-112-GREY.jpg,/home/manus/cove-storefront/public/media/wordpress-migration/2022/07/COUNTRY-112-GREY.jpg,processed,existing_local_file_reused,existing_record_reused,http_200,200,140979,9043dd5bf84e02a68ccd23baa36334d6c61b7e122db0fd299ca61f7bbe577e3e,29,
106,https://coveinterior.com/wp-content/uploads/2022/07/COUNTRY-112-PINK.jpg,wordpress-migration/2022/07/COUNTRY-112-PINK.jpg,/media/wordpress-migration/2022/07/COUNTRY-112-PINK.jpg,COUNTRY-112-PINK.jpg,/home/manus/cove-storefront/public/media/wordpress-migration/2022/07/COUNTRY-112-PINK.jpg,processed,existing_local_file_reused,existing_record_reused,http_200,200,149850,e423826aebf3c3f8e15afc943b04aad81922a4d8a4cf97a73ea11599f1bced06,31,
107,https://coveinterior.com/wp-content/uploads/2022/07/COUNTRY-112-RED.jpg,wordpress-migration/2022/07/COUNTRY-112-RED.jpg,/media/wordpress-migration/2022/07/COUNTRY-112-RED.jpg,COUNTRY-112-RED.jpg,/home/manus/cove-storefront/public/media/wordpress-migration/2022/07/COUNTRY-112-RED.jpg,processed,existing_local_file_reused,existing_record_reused,http_200,200,136679,de98233a5319a39f3e07bb3644f337cecb422862cc5e46a639c4cc20b5db287d,33,
108,https://coveinterior.com/wp-content/uploads/2022/07/COUNTRY-112-WHITE.jpg,wordpress-migration/2022/07/COUNTRY-112-WHITE.jpg,/media/wordpress-migration/2022/07/COUNTRY-112-WHITE.jpg,COUNTRY-112-WHITE.jpg,/home/manus/cove-storefront/public/media/wordpress-migration/2022/07/COUNTRY-112-WHITE.jpg,processed,existing_local_file_reused,existing_record_reused,http_200,200,138896,bcc3e192b862c8d6f1fc3c9f4a36f2fc26aa92779fb27f60a3f88ea679a66bb4,35,
109,https://coveinterior.com/wp-content/uploads/2022/07/COUNTRY-167-BEECH-2.jpg,wordpress-migration/2022/07/COUNTRY-167-BEECH-2.jpg,/media/wordpress-migration/2022/07/COUNTRY-167-BEECH-2.jpg,COUNTRY-167-BEECH-2.jpg,/home/manus/cove-storefront/public/media/wordpress-migration/2022/07/COUNTRY-167-BEECH-2.jpg,processed,existing_local_file_reused,existing_record_reused,http_200,200,65390,6a9adc2e93dd27d7a268859e9a6b70640771b94ed114785d200f7c8bfef74a1a,36,
110,https://coveinterior.com/wp-content/uploads/2022/07/COUNTRY-167-BEIGE-DETAILS.jpg,wordpress-migration/2022/07/COUNTRY-167-BEIGE-DETAILS.jpg,/media/wordpress-migration/2022/07/COUNTRY-167-BEIGE-DETAILS.jpg,COUNTRY-167-BEIGE-DETAILS.jpg,/home/manus/cove-storefront/public/media/wordpress-migration/2022/07/COUNTRY-167-BEIGE-DETAILS.jpg,processed,existing_local_file_reused,existing_record_reused,http_200,200,81644,0737144107b204492e5a813e8d92ab6b17649ed5f6baf71233dc34e0d9faa732,38,
111,https://coveinterior.com/wp-content/uploads/2022/07/COUNTRY-167-BEIGE.jpg,wordpress-migration/2022/07/COUNTRY-167-BEIGE.jpg,/media/wordpress-migration/2022/07/COUNTRY-167-BEIGE.jpg,COUNTRY-167-BEIGE.jpg,/home/manus/cove-storefront/public/media/wordpress-migration/2022/07/COUNTRY-167-BEIGE.jpg,processed,existing_local_file_reused,existing_record_reused,http_200,200,66970,dcb86c64889285c045383e7811403f9a8bf7bebb6817530d2276df361bf1f950,39,
112,https://coveinterior.com/wp-content/uploads/2022/07/COUNTRY-167-BLACK-1.jpg,wordpress-migration/2022/07/COUNTRY-167-BLACK-1.jpg,/media/wordpress-migration/2022/07/COUNTRY-167-BLACK-1.jpg,COUNTRY-167-BLACK-1.jpg,/home/manus/cove-storefront/public/media/wordpress-migration/2022/07/COUNTRY-167-BLACK-1.jpg,processed,existing_local_file_reused,existing_record_reused,http_200,200,54507,815176083af3bc2242170fe83e06107dc4dcf2a877725b8fc2f312f8c3835933,40,
113,https://coveinterior.com/wp-content/uploads/2022/07/COUNTRY-167-BLUE.jpg,wordpress-migration/2022/07/COUNTRY-167-BLUE.jpg,/media/wordpress-migration/2022/07/COUNTRY-167-BLUE.jpg,COUNTRY-167-BLUE.jpg,/home/manus/cove-storefront/public/media/wordpress-migration/2022/07/COUNTRY-167-BLUE.jpg,processed,existing_local_file_reused,existing_record_reused,http_200,200,59709,1e7088b755dd2bceede186589002f937bbeb0b6e0808c1763f5c3b5c845b35ce,43,
114,https://coveinterior.com/wp-content/uploads/2022/07/COUNTRY-167-GRAY.jpg,wordpress-migration/2022/07/COUNTRY-167-GRAY.jpg,/media/wordpress-migration/2022/07/COUNTRY-167-GRAY.jpg,COUNTRY-167-GRAY.jpg,/home/manus/cove-storefront/public/media/wordpress-migration/2022/07/COUNTRY-167-GRAY.jpg,processed,existing_local_file_reused,existing_record_reused,http_200,200,64790,e855f87a269e34e8bad0c5694fbd386c521e040ae41419f1a39577a79028ade0,46,
115,https://coveinterior.com/wp-content/uploads/2022/07/COUNTRY-167-GREEN.jpg,wordpress-migration/2022/07/COUNTRY-167-GREEN.jpg,/media/wordpress-migration/2022/07/COUNTRY-167-GREEN.jpg,COUNTRY-167-GREEN.jpg,/home/manus/cove-storefront/public/media/wordpress-migration/2022/07/COUNTRY-167-GREEN.jpg,processed,existing_local_file_reused,existing_record_reused,http_200,200,60235,6e28cd75989d7d6786b9feaa5374799f9b2ea9bc08f2bd4f25e3f54aad5f1ad4,49,
116,https://coveinterior.com/wp-content/uploads/2022/07/COUNTRY-167-PINK.jpg,wordpress-migration/2022/07/COUNTRY-167-PINK.jpg,/media/wordpress-migration/2022/07/COUNTRY-167-PINK.jpg,COUNTRY-167-PINK.jpg,/home/manus/cove-storefront/public/media/wordpress-migration/2022/07/COUNTRY-167-PINK.jpg,processed,existing_local_file_reused,existing_record_reused,http_200,200,69569,1703845293c3c053be17823fd619cc825ba0df1f9da7e2b86fa9b384cdfa3d46,52,
117,https://coveinterior.com/wp-content/uploads/2022/07/COUNTRY-167-RED.jpg,wordpress-migration/2022/07/COUNTRY-167-RED.jpg,/media/wordpress-migration/2022/07/COUNTRY-167-RED.jpg,COUNTRY-167-RED.jpg,/home/manus/cove-storefront/public/media/wordpress-migration/2022/07/COUNTRY-167-RED.jpg,processed,existing_local_file_reused,existing_record_reused,http_200,200,59631,43869b102ec20379a4f93c9af4016509fc05a5761ea989fda8536fa8be0b67ff,55,
118,https://coveinterior.com/wp-content/uploads/2022/07/COUNTRY-167-WHITE.jpg,wordpress-migration/2022/07/COUNTRY-167-WHITE.jpg,/media/wordpress-migration/2022/07/COUNTRY-167-WHITE.jpg,COUNTRY-167-WHITE.jpg,/home/manus/cove-storefront/public/media/wordpress-migration/2022/07/COUNTRY-167-WHITE.jpg,processed,existing_local_file_reused,existing_record_reused,http_200,200,62440,c158359b6307209535371550deb6ab1856d649f5e8c32efa3012f6e9a25c57fe,58,
119,https://coveinterior.com/wp-content/uploads/2022/07/COUNTRY-62-BEECH.jpg,wordpress-migration/2022/07/COUNTRY-62-BEECH.jpg,/media/wordpress-migration/2022/07/COUNTRY-62-BEECH.jpg,COUNTRY-62-BEECH.jpg,/home/manus/cove-storefront/public/media/wordpress-migration/2022/07/COUNTRY-62-BEECH.jpg,processed,existing_local_file_reused,existing_record_reused,http_200,200,47719,5848f406ee1d5f6d924a974a97ad7db739aa9f87dba02134a07e5293cd36f4f0,59,
120,https://coveinterior.com/wp-content/uploads/2022/07/COUNTRY-62-BEIGE-DETAILS.jpg,wordpress-migration/2022/07/COUNTRY-62-BEIGE-DETAILS.jpg,/media/wordpress-migration/2022/07/COUNTRY-62-BEIGE-DETAILS.jpg,COUNTRY-62-BEIGE-DETAILS.jpg,/home/manus/cove-storefront/public/media/wordpress-migration/2022/07/COUNTRY-62-BEIGE-DETAILS.jpg,processed,existing_local_file_reused,existing_record_reused,http_200,200,64303,66596b240a587167ca6170dde1116e4db5b1ffdecbe85ef637ca3eb03fce5b5e,60,
121,https://coveinterior.com/wp-content/uploads/2022/07/COUNTRY-62-BEIGE.jpg,wordpress-migration/2022/07/COUNTRY-62-BEIGE.jpg,/media/wordpress-migration/2022/07/COUNTRY-62-BEIGE.jpg,COUNTRY-62-BEIGE.jpg,/home/manus/cove-storefront/public/media/wordpress-migration/2022/07/COUNTRY-62-BEIGE.jpg,processed,existing_local_file_reused,existing_record_reused,http_200,200,50357,b83aa818869eb91c03196a71c3c39b556477aa209a1766befddf3de55626dbaa,61,
122,https://coveinterior.com/wp-content/uploads/2022/07/COUNTRY-62-BLACK.jpg,wordpress-migration/2022/07/COUNTRY-62-BLACK.jpg,/media/wordpress-migration/2022/07/COUNTRY-62-BLACK.jpg,COUNTRY-62-BLACK.jpg,/home/manus/cove-storefront/public/media/wordpress-migration/2022/07/COUNTRY-62-BLACK.jpg,processed,existing_local_file_reused,existing_record_reused,http_200,200,45929,fde810de0b79a2ec024ed33d01b40109a638e3d49ac57508d324f0ffd4043da8,63,
123,https://coveinterior.com/wp-content/uploads/2022/07/COUNTRY-62-BLUE.jpg,wordpress-migration/2022/07/COUNTRY-62-BLUE.jpg,/media/wordpress-migration/2022/07/COUNTRY-62-BLUE.jpg,COUNTRY-62-BLUE.jpg,/home/manus/cove-storefront/public/media/wordpress-migration/2022/07/COUNTRY-62-BLUE.jpg,processed,existing_local_file_reused,existing_record_reused,http_200,200,47611,a57f917a82702f37fd7d49e983191a62448ab2f76f8d36ce442e2fc8a5d9d952,65,
124,https://coveinterior.com/wp-content/uploads/2022/07/COUNTRY-62-GREEN.jpg,wordpress-migration/2022/07/COUNTRY-62-GREEN.jpg,/media/wordpress-migration/2022/07/COUNTRY-62-GREEN.jpg,COUNTRY-62-GREEN.jpg,/home/manus/cove-storefront/public/media/wordpress-migration/2022/07/COUNTRY-62-GREEN.jpg,processed,existing_local_file_reused,existing_record_reused,http_200,200,45118,45dddafaaf2688886d76f2a9c5aa493f8a7ed9119489739fa1ee625d0fac4a25,67,
125,https://coveinterior.com/wp-content/uploads/2022/07/COUNTRY-62-PINK.jpg,wordpress-migration/2022/07/COUNTRY-62-PINK.jpg,/media/wordpress-migration/2022/07/COUNTRY-62-PINK.jpg,COUNTRY-62-PINK.jpg,/home/manus/cove-storefront/public/media/wordpress-migration/2022/07/COUNTRY-62-PINK.jpg,processed,existing_local_file_reused,existing_record_reused,http_200,200,54716,49c95cd57eb09f4781436094f2bf7d614c70d73b98a0ef519a0a7da03290ebed,69,
126,https://coveinterior.com/wp-content/uploads/2022/07/COUNTRY-62-RED.jpg,wordpress-migration/2022/07/COUNTRY-62-RED.jpg,/media/wordpress-migration/2022/07/COUNTRY-62-RED.jpg,COUNTRY-62-RED.jpg,/home/manus/cove-storefront/public/media/wordpress-migration/2022/07/COUNTRY-62-RED.jpg,processed,existing_local_file_reused,existing_record_reused,http_200,200,48142,36a1ffa1f415fe4f20f09eb218503874ddfe4be941a2ea50b88ff51fa411220d,71,
127,https://coveinterior.com/wp-content/uploads/2022/07/COUNTRY-62-WHITE.jpg,wordpress-migration/2022/07/COUNTRY-62-WHITE.jpg,/media/wordpress-migration/2022/07/COUNTRY-62-WHITE.jpg,COUNTRY-62-WHITE.jpg,/home/manus/cove-storefront/public/media/wordpress-migration/2022/07/COUNTRY-62-WHITE.jpg,processed,existing_local_file_reused,existing_record_reused,http_200,200,53026,61ceae2253670797b046078209d5fc9653740e8689b0acd33ebda9569167061f,73,
128,https://coveinterior.com/wp-content/uploads/2022/07/cove-events.jpg,wordpress-migration/2022/07/cove-events.jpg,/media/wordpress-migration/2022/07/cove-events.jpg,cove-events.jpg,/home/manus/cove-storefront/public/media/wordpress-migration/2022/07/cove-events.jpg,processed,existing_local_file_reused,existing_record_reused,http_200,200,14667,2d0b45a3d8042b3d72581fc8c9089c2c5f90f2f6900d98debdd741f036980195,415,
129,https://coveinterior.com/wp-content/uploads/2022/07/cove-furniture.jpg,wordpress-migration/2022/07/cove-furniture.jpg,/media/wordpress-migration/2022/07/cove-furniture.jpg,cove-furniture.jpg,/home/manus/cove-storefront/public/media/wordpress-migration/2022/07/cove-furniture.jpg,processed,existing_local_file_reused,existing_record_reused,http_200,200,14139,3bead2bce4abfb966eb4b2054b42e02bb2b77867847c6853ef911f6c14d94b52,416,
130,https://coveinterior.com/wp-content/uploads/2022/07/CURVE-180-Brown.jpg,wordpress-migration/2022/07/CURVE-180-Brown.jpg,/media/wordpress-migration/2022/07/CURVE-180-Brown.jpg,CURVE-180-Brown.jpg,/home/manus/cove-storefront/public/media/wordpress-migration/2022/07/CURVE-180-Brown.jpg,processed,existing_local_file_reused,existing_record_reused,http_200,200,55950,add06ea4eb59c5d73179b94d074389f3b47f97bf3d0cdf30404f67ae11aae234,74,
131,https://coveinterior.com/wp-content/uploads/2022/07/CURVE-180-Dark-red.jpg,wordpress-migration/2022/07/CURVE-180-Dark-red.jpg,/media/wordpress-migration/2022/07/CURVE-180-Dark-red.jpg,CURVE-180-Dark-red.jpg,/home/manus/cove-storefront/public/media/wordpress-migration/2022/07/CURVE-180-Dark-red.jpg,processed,existing_local_file_reused,existing_record_reused,http_200,200,54465,2d43cd1b070437040b4e1ab0e567bfa369b94eee9dc684fb4ecb8364f3bc75ed,75,
132,https://coveinterior.com/wp-content/uploads/2022/07/CURVE-180-Light-blue.jpg,wordpress-migration/2022/07/CURVE-180-Light-blue.jpg,/media/wordpress-migration/2022/07/CURVE-180-Light-blue.jpg,CURVE-180-Light-blue.jpg,/home/manus/cove-storefront/public/media/wordpress-migration/2022/07/CURVE-180-Light-blue.jpg,processed,existing_local_file_reused,existing_record_reused,http_200,200,60337,d29fa4d0c92dc759a5522748d4c4e5b2cc62d7b7d55721bbfc992eb122e6eaa5,76,
133,https://coveinterior.com/wp-content/uploads/2022/07/CURVE-180-Navy-blue.jpg,wordpress-migration/2022/07/CURVE-180-Navy-blue.jpg,/media/wordpress-migration/2022/07/CURVE-180-Navy-blue.jpg,CURVE-180-Navy-blue.jpg,/home/manus/cove-storefront/public/media/wordpress-migration/2022/07/CURVE-180-Navy-blue.jpg,processed,existing_local_file_reused,existing_record_reused,http_200,200,54891,b047db6d9f66802922ceb49141965946df94354de65b70402463989b5e214507,77,
134,https://coveinterior.com/wp-content/uploads/2022/07/CURVE-180-Royal-green.jpg,wordpress-migration/2022/07/CURVE-180-Royal-green.jpg,/media/wordpress-migration/2022/07/CURVE-180-Royal-green.jpg,CURVE-180-Royal-green.jpg,/home/manus/cove-storefront/public/media/wordpress-migration/2022/07/CURVE-180-Royal-green.jpg,processed,existing_local_file_reused,existing_record_reused,http_200,200,57816,abc7b2eee30e194a5d9fa621f9ce8a8459587590379bd615c8b1db715256b9c0,78,
135,https://coveinterior.com/wp-content/uploads/2022/07/CURVE-2-NEUTRAL-GREEN.jpg,wordpress-migration/2022/07/CURVE-2-NEUTRAL-GREEN.jpg,/media/wordpress-migration/2022/07/CURVE-2-NEUTRAL-GREEN.jpg,CURVE-2-NEUTRAL-GREEN.jpg,/home/manus/cove-storefront/public/media/wordpress-migration/2022/07/CURVE-2-NEUTRAL-GREEN.jpg,processed,existing_local_file_reused,existing_record_reused,http_200,200,197184,d1b570f6aa8780b404262f60109bcd0b82af3a9aa55e9e2749ad37a72583a6a4,82,
136,https://coveinterior.com/wp-content/uploads/2022/07/CURVE-BROWN.jpg,wordpress-migration/2022/07/CURVE-BROWN.jpg,/media/wordpress-migration/2022/07/CURVE-BROWN.jpg,CURVE-BROWN.jpg,/home/manus/cove-storefront/public/media/wordpress-migration/2022/07/CURVE-BROWN.jpg,processed,existing_local_file_reused,existing_record_reused,http_200,200,65348,72525695eeab1d63f15a12fd4353770181aa34e57bfb4409355212f7ed3a3e19,85,
137,https://coveinterior.com/wp-content/uploads/2022/07/CURVE-DARK-RED.jpg,wordpress-migration/2022/07/CURVE-DARK-RED.jpg,/media/wordpress-migration/2022/07/CURVE-DARK-RED.jpg,CURVE-DARK-RED.jpg,/home/manus/cove-storefront/public/media/wordpress-migration/2022/07/CURVE-DARK-RED.jpg,processed,existing_local_file_reused,existing_record_reused,http_200,200,64385,5d90342a3ab7b4971752ea641bf71dc7b1a17d09b1750fc9613ec886b6a97dcf,86,
138,https://coveinterior.com/wp-content/uploads/2022/07/CURVE-LIGHT-BLUE-1.jpg,wordpress-migration/2022/07/CURVE-LIGHT-BLUE-1.jpg,/media/wordpress-migration/2022/07/CURVE-LIGHT-BLUE-1.jpg,CURVE-LIGHT-BLUE-1.jpg,/home/manus/cove-storefront/public/media/wordpress-migration/2022/07/CURVE-LIGHT-BLUE-1.jpg,processed,existing_local_file_reused,existing_record_reused,http_200,200,71750,7c99da3fed71cf2bbcf7af2f6074671a79d843654f1ea9840174fbc951c36cf9,87,
139,https://coveinterior.com/wp-content/uploads/2022/07/CURVE-LIGHT-BLUE.jpg,wordpress-migration/2022/07/CURVE-LIGHT-BLUE.jpg,/media/wordpress-migration/2022/07/CURVE-LIGHT-BLUE.jpg,CURVE-LIGHT-BLUE.jpg,/home/manus/cove-storefront/public/media/wordpress-migration/2022/07/CURVE-LIGHT-BLUE.jpg,processed,existing_local_file_reused,existing_record_reused,http_200,200,71750,7c99da3fed71cf2bbcf7af2f6074671a79d843654f1ea9840174fbc951c36cf9,88,
140,https://coveinterior.com/wp-content/uploads/2022/07/CURVE-NAVY-BLUE.jpg,wordpress-migration/2022/07/CURVE-NAVY-BLUE.jpg,/media/wordpress-migration/2022/07/CURVE-NAVY-BLUE.jpg,CURVE-NAVY-BLUE.jpg,/home/manus/cove-storefront/public/media/wordpress-migration/2022/07/CURVE-NAVY-BLUE.jpg,processed,existing_local_file_reused,existing_record_reused,http_200,200,63252,6c037eca6faaadfd06a62420aceb23730666f3340ad075fdeca60e4f43e3ad34,89,
141,https://coveinterior.com/wp-content/uploads/2022/07/CURVE-ROYAL-GREEN.jpg,wordpress-migration/2022/07/CURVE-ROYAL-GREEN.jpg,/media/wordpress-migration/2022/07/CURVE-ROYAL-GREEN.jpg,CURVE-ROYAL-GREEN.jpg,/home/manus/cove-storefront/public/media/wordpress-migration/2022/07/CURVE-ROYAL-GREEN.jpg,processed,existing_local_file_reused,existing_record_reused,http_200,200,67810,c705c9114122ff15c5e8510c10200c70a180c92b88339d5f2e8e204b31d5cb6e,90,
142,https://coveinterior.com/wp-content/uploads/2022/07/Engineers-Without-Borders-Forum-.jpg,wordpress-migration/2022/07/Engineers-Without-Borders-Forum-.jpg,/media/wordpress-migration/2022/07/Engineers-Without-Borders-Forum-.jpg,Engineers-Without-Borders-Forum-.jpg,/home/manus/cove-storefront/public/media/wordpress-migration/2022/07/Engineers-Without-Borders-Forum-.jpg,processed,existing_local_file_reused,existing_record_reused,http_200,200,612222,73fbba20f106e566b1ea10ea0984f12ffde8033cd58cc346a7aa7051df838499,417,
143,https://coveinterior.com/wp-content/uploads/2022/07/IMG_0245.jpg,wordpress-migration/2022/07/IMG_0245.jpg,/media/wordpress-migration/2022/07/IMG_0245.jpg,IMG_0245.jpg,/home/manus/cove-storefront/public/media/wordpress-migration/2022/07/IMG_0245.jpg,processed,existing_local_file_reused,existing_record_reused,http_200,200,302411,c0d5ce3c96ee4aa119b384ac5081b1dcb7e49f62dbd6421475ca5b2835bdf148,418,
144,https://coveinterior.com/wp-content/uploads/2022/07/IMG_0247.jpg,wordpress-migration/2022/07/IMG_0247.jpg,/media/wordpress-migration/2022/07/IMG_0247.jpg,IMG_0247.jpg,/home/manus/cove-storefront/public/media/wordpress-migration/2022/07/IMG_0247.jpg,processed,existing_local_file_reused,existing_record_reused,http_200,200,356942,8bba59d1f14939402351b5333b264ba851ca9d825a20f14e0d540219489074e5,419,
145,https://coveinterior.com/wp-content/uploads/2022/07/IMG_0249.jpg,wordpress-migration/2022/07/IMG_0249.jpg,/media/wordpress-migration/2022/07/IMG_0249.jpg,IMG_0249.jpg,/home/manus/cove-storefront/public/media/wordpress-migration/2022/07/IMG_0249.jpg,processed,existing_local_file_reused,existing_record_reused,http_200,200,243924,1f9e0dfaff297d53a0c0a85ccce0a75c99f79041c66a0004ecddaf77ce4c0cdf,420,
146,https://coveinterior.com/wp-content/uploads/2022/07/IMG_0253.jpg,wordpress-migration/2022/07/IMG_0253.jpg,/media/wordpress-migration/2022/07/IMG_0253.jpg,IMG_0253.jpg,/home/manus/cove-storefront/public/media/wordpress-migration/2022/07/IMG_0253.jpg,processed,existing_local_file_reused,existing_record_reused,http_200,200,219985,88f1bcd9e1ab1f496245d47b1486907256f340006f929225820e4991f1f939b1,421,
147,https://coveinterior.com/wp-content/uploads/2022/07/IMG_0255.jpg,wordpress-migration/2022/07/IMG_0255.jpg,/media/wordpress-migration/2022/07/IMG_0255.jpg,IMG_0255.jpg,/home/manus/cove-storefront/public/media/wordpress-migration/2022/07/IMG_0255.jpg,processed,existing_local_file_reused,existing_record_reused,http_200,200,210084,d3bdcb15d66d269770c862ecbe7ae2e10591466ed8b487cc3c864387984b3203,422,
148,https://coveinterior.com/wp-content/uploads/2022/07/IMG_0259.jpg,wordpress-migration/2022/07/IMG_0259.jpg,/media/wordpress-migration/2022/07/IMG_0259.jpg,IMG_0259.jpg,/home/manus/cove-storefront/public/media/wordpress-migration/2022/07/IMG_0259.jpg,processed,existing_local_file_reused,existing_record_reused,http_200,200,331731,336f915773b8f5ee46e2f3e9fb802613f34395cce7be4a36aec66ba922360743,423,
149,https://coveinterior.com/wp-content/uploads/2022/07/IMG_0274.jpg,wordpress-migration/2022/07/IMG_0274.jpg,/media/wordpress-migration/2022/07/IMG_0274.jpg,IMG_0274.jpg,/home/manus/cove-storefront/public/media/wordpress-migration/2022/07/IMG_0274.jpg,processed,existing_local_file_reused,existing_record_reused,http_200,200,297772,974384f92f72ec9d5dc79c6968602401ffbc95b12b1615a2622a4fc80e40e113,424,
150,https://coveinterior.com/wp-content/uploads/2022/07/IMG_0283.jpg,wordpress-migration/2022/07/IMG_0283.jpg,/media/wordpress-migration/2022/07/IMG_0283.jpg,IMG_0283.jpg,/home/manus/cove-storefront/public/media/wordpress-migration/2022/07/IMG_0283.jpg,processed,existing_local_file_reused,existing_record_reused,http_200,200,206359,69edd8692a896f3050b6dda2ced874f9119a5b524efafa8c337fb1a2d1cd50ca,425,
151,https://coveinterior.com/wp-content/uploads/2022/07/IMG_0285.jpg,wordpress-migration/2022/07/IMG_0285.jpg,/media/wordpress-migration/2022/07/IMG_0285.jpg,IMG_0285.jpg,/home/manus/cove-storefront/public/media/wordpress-migration/2022/07/IMG_0285.jpg,processed,existing_local_file_reused,existing_record_reused,http_200,200,183034,adf9415189fbd90547da04de273cc3c981fa094442ebad138f92244c224fc631,426,
152,https://coveinterior.com/wp-content/uploads/2022/07/IMG_0298.jpg,wordpress-migration/2022/07/IMG_0298.jpg,/media/wordpress-migration/2022/07/IMG_0298.jpg,IMG_0298.jpg,/home/manus/cove-storefront/public/media/wordpress-migration/2022/07/IMG_0298.jpg,processed,existing_local_file_reused,existing_record_reused,http_200,200,196909,ab9b4d51d127493e34d728f1d3d92206fa90d6a0905d8f466bb87cd847dc46cd,427,
153,https://coveinterior.com/wp-content/uploads/2022/07/IMG_0304.jpg,wordpress-migration/2022/07/IMG_0304.jpg,/media/wordpress-migration/2022/07/IMG_0304.jpg,IMG_0304.jpg,/home/manus/cove-storefront/public/media/wordpress-migration/2022/07/IMG_0304.jpg,processed,existing_local_file_reused,existing_record_reused,http_200,200,217473,be1b801386b995da076fbb0940b56e1ca0948de31612bc0e2025aee6ecacec7c,428,
154,https://coveinterior.com/wp-content/uploads/2022/07/IMG_0307.jpg,wordpress-migration/2022/07/IMG_0307.jpg,/media/wordpress-migration/2022/07/IMG_0307.jpg,IMG_0307.jpg,/home/manus/cove-storefront/public/media/wordpress-migration/2022/07/IMG_0307.jpg,processed,existing_local_file_reused,existing_record_reused,http_200,200,229837,f803fe48775a6f6f503246f4b9adb8a6b366dd2194a337fbcb6aaa218cca88c9,429,
155,https://coveinterior.com/wp-content/uploads/2022/07/IMG_0311.jpg,wordpress-migration/2022/07/IMG_0311.jpg,/media/wordpress-migration/2022/07/IMG_0311.jpg,IMG_0311.jpg,/home/manus/cove-storefront/public/media/wordpress-migration/2022/07/IMG_0311.jpg,processed,existing_local_file_reused,existing_record_reused,http_200,200,264632,5254cfa866e3cd696e86263bf8f5ef2db0124fbdefb4d5cbb84aadc3757e028f,430,
156,https://coveinterior.com/wp-content/uploads/2022/07/IMG_0312.jpg,wordpress-migration/2022/07/IMG_0312.jpg,/media/wordpress-migration/2022/07/IMG_0312.jpg,IMG_0312.jpg,/home/manus/cove-storefront/public/media/wordpress-migration/2022/07/IMG_0312.jpg,processed,existing_local_file_reused,existing_record_reused,http_200,200,201034,0d9cf93dce1c6a19da43d72baaba9dca777b8b94b2279c5afcd63ee694d5a08c,431,
157,https://coveinterior.com/wp-content/uploads/2022/07/IMG_0314.jpg,wordpress-migration/2022/07/IMG_0314.jpg,/media/wordpress-migration/2022/07/IMG_0314.jpg,IMG_0314.jpg,/home/manus/cove-storefront/public/media/wordpress-migration/2022/07/IMG_0314.jpg,processed,existing_local_file_reused,existing_record_reused,http_200,200,217530,a69f4a2d3e07173489eee632b81fc42aaee66679d4153703feb5e67e34c5be8a,432,
158,https://coveinterior.com/wp-content/uploads/2022/07/IMG_0316.jpg,wordpress-migration/2022/07/IMG_0316.jpg,/media/wordpress-migration/2022/07/IMG_0316.jpg,IMG_0316.jpg,/home/manus/cove-storefront/public/media/wordpress-migration/2022/07/IMG_0316.jpg,processed,existing_local_file_reused,existing_record_reused,http_200,200,329307,9fa8e35f207183a7908d6525e3da98221ac10dabb45a501f203215ed43078450,433,
159,https://coveinterior.com/wp-content/uploads/2022/07/IMG_0319.jpg,wordpress-migration/2022/07/IMG_0319.jpg,/media/wordpress-migration/2022/07/IMG_0319.jpg,IMG_0319.jpg,/home/manus/cove-storefront/public/media/wordpress-migration/2022/07/IMG_0319.jpg,processed,existing_local_file_reused,existing_record_reused,http_200,200,252990,af3b5deb0dd3cebd80542e7486e214960e3a4c9ce299731c2e370d47eaf8b2e9,434,
160,https://coveinterior.com/wp-content/uploads/2022/07/IMG_0322.jpg,wordpress-migration/2022/07/IMG_0322.jpg,/media/wordpress-migration/2022/07/IMG_0322.jpg,IMG_0322.jpg,/home/manus/cove-storefront/public/media/wordpress-migration/2022/07/IMG_0322.jpg,processed,existing_local_file_reused,existing_record_reused,http_200,200,201019,51fa8f20afdaafd708f482da614efd25a55d856457df9fb75e601d9f8964719b,435,
161,https://coveinterior.com/wp-content/uploads/2022/07/IMG_0339.jpg,wordpress-migration/2022/07/IMG_0339.jpg,/media/wordpress-migration/2022/07/IMG_0339.jpg,IMG_0339.jpg,/home/manus/cove-storefront/public/media/wordpress-migration/2022/07/IMG_0339.jpg,processed,existing_local_file_reused,existing_record_reused,http_200,200,230248,eb258ef62edee7bdb69f0653ad3f7919b5d7f82301794613d0ecd9c22c64bea2,436,
162,https://coveinterior.com/wp-content/uploads/2022/07/IMG_0341.jpg,wordpress-migration/2022/07/IMG_0341.jpg,/media/wordpress-migration/2022/07/IMG_0341.jpg,IMG_0341.jpg,/home/manus/cove-storefront/public/media/wordpress-migration/2022/07/IMG_0341.jpg,processed,existing_local_file_reused,existing_record_reused,http_200,200,180123,7534805dbe32a32c4a334edce84be4a7b668a4dcfbba6f3881f9516368ac9a34,437,
163,https://coveinterior.com/wp-content/uploads/2022/07/IMG_0345.jpg,wordpress-migration/2022/07/IMG_0345.jpg,/media/wordpress-migration/2022/07/IMG_0345.jpg,IMG_0345.jpg,/home/manus/cove-storefront/public/media/wordpress-migration/2022/07/IMG_0345.jpg,processed,existing_local_file_reused,existing_record_reused,http_200,200,338550,0511981df69d28d2aad98b65b1fa00082d3a01251c8e6ce9072ce065a46cac4a,438,
164,https://coveinterior.com/wp-content/uploads/2022/07/IMG_0346.jpg,wordpress-migration/2022/07/IMG_0346.jpg,/media/wordpress-migration/2022/07/IMG_0346.jpg,IMG_0346.jpg,/home/manus/cove-storefront/public/media/wordpress-migration/2022/07/IMG_0346.jpg,processed,existing_local_file_reused,existing_record_reused,http_200,200,198616,16737d02dd079d740efb37cfcea73ea414bd3eb9138788efafbf239981657d6d,439,
165,https://coveinterior.com/wp-content/uploads/2022/07/IMG_0353.jpg,wordpress-migration/2022/07/IMG_0353.jpg,/media/wordpress-migration/2022/07/IMG_0353.jpg,IMG_0353.jpg,/home/manus/cove-storefront/public/media/wordpress-migration/2022/07/IMG_0353.jpg,processed,existing_local_file_reused,existing_record_reused,http_200,200,136791,504d22315cbc86a54af55d936b239d82cfed366711f37f519a5eb5372db97c5c,440,
166,https://coveinterior.com/wp-content/uploads/2022/07/IMG_0354.jpg,wordpress-migration/2022/07/IMG_0354.jpg,/media/wordpress-migration/2022/07/IMG_0354.jpg,IMG_0354.jpg,/home/manus/cove-storefront/public/media/wordpress-migration/2022/07/IMG_0354.jpg,processed,existing_local_file_reused,existing_record_reused,http_200,200,176348,4acbba90f11b608d611587fcd3d4f0b4e271357100ae86e39c6cce3cf97c5f9c,441,
167,https://coveinterior.com/wp-content/uploads/2022/07/IMG_0355.jpg,wordpress-migration/2022/07/IMG_0355.jpg,/media/wordpress-migration/2022/07/IMG_0355.jpg,IMG_0355.jpg,/home/manus/cove-storefront/public/media/wordpress-migration/2022/07/IMG_0355.jpg,processed,existing_local_file_reused,existing_record_reused,http_200,200,180741,07437876e5c675dd5c3e5a3bb1cd4e77d8bb13f187973acfb9a292f6648124d3,442,
168,https://coveinterior.com/wp-content/uploads/2022/07/IMG_0357.jpg,wordpress-migration/2022/07/IMG_0357.jpg,/media/wordpress-migration/2022/07/IMG_0357.jpg,IMG_0357.jpg,/home/manus/cove-storefront/public/media/wordpress-migration/2022/07/IMG_0357.jpg,processed,existing_local_file_reused,existing_record_reused,http_200,200,131336,d0097ee08b94d68abbffa42a406dda482e9e31e05f6dd4638a471179ef59f5f1,443,
169,https://coveinterior.com/wp-content/uploads/2022/07/IMG_0366.jpg,wordpress-migration/2022/07/IMG_0366.jpg,/media/wordpress-migration/2022/07/IMG_0366.jpg,IMG_0366.jpg,/home/manus/cove-storefront/public/media/wordpress-migration/2022/07/IMG_0366.jpg,processed,existing_local_file_reused,existing_record_reused,http_200,200,191174,c7d4f599f7d6984ac251fee35a3355b5e8c1287447665dbf2bd26a8f7858a791,444,
170,https://coveinterior.com/wp-content/uploads/2022/07/IMG_0368.jpg,wordpress-migration/2022/07/IMG_0368.jpg,/media/wordpress-migration/2022/07/IMG_0368.jpg,IMG_0368.jpg,/home/manus/cove-storefront/public/media/wordpress-migration/2022/07/IMG_0368.jpg,processed,existing_local_file_reused,existing_record_reused,http_200,200,154910,eeb3eaa967eea71d7162336f4219dde951207ad53970731b2cebc9f0df25ffbf,445,
171,https://coveinterior.com/wp-content/uploads/2022/07/IMG_0369.jpg,wordpress-migration/2022/07/IMG_0369.jpg,/media/wordpress-migration/2022/07/IMG_0369.jpg,IMG_0369.jpg,/home/manus/cove-storefront/public/media/wordpress-migration/2022/07/IMG_0369.jpg,processed,existing_local_file_reused,existing_record_reused,http_200,200,172539,66862ea0e8de30b25992d7fc97d918b3a7584d4a0f4cf5108306d5cf188f7b9e,446,
172,https://coveinterior.com/wp-content/uploads/2022/07/IMG_0379.jpg,wordpress-migration/2022/07/IMG_0379.jpg,/media/wordpress-migration/2022/07/IMG_0379.jpg,IMG_0379.jpg,/home/manus/cove-storefront/public/media/wordpress-migration/2022/07/IMG_0379.jpg,processed,existing_local_file_reused,existing_record_reused,http_200,200,199844,023d578be65b50c8b2de6c9e76efdec471e705a7c9546a429f483c0e6b668e76,447,
173,https://coveinterior.com/wp-content/uploads/2022/07/IMG_0380.jpg,wordpress-migration/2022/07/IMG_0380.jpg,/media/wordpress-migration/2022/07/IMG_0380.jpg,IMG_0380.jpg,/home/manus/cove-storefront/public/media/wordpress-migration/2022/07/IMG_0380.jpg,processed,existing_local_file_reused,existing_record_reused,http_200,200,177903,8705f72450b2d25d170ca364bb7ed350c2cc800b18ab267ac22f4101740ffd1f,448,
174,https://coveinterior.com/wp-content/uploads/2022/07/IMG_0383.jpg,wordpress-migration/2022/07/IMG_0383.jpg,/media/wordpress-migration/2022/07/IMG_0383.jpg,IMG_0383.jpg,/home/manus/cove-storefront/public/media/wordpress-migration/2022/07/IMG_0383.jpg,processed,existing_local_file_reused,existing_record_reused,http_200,200,171651,bbb0b28da2f6a64d92057f6d76076b7261cbc32ab354723783b6cb1aa8549850,449,
175,https://coveinterior.com/wp-content/uploads/2022/07/IMG_0387.jpg,wordpress-migration/2022/07/IMG_0387.jpg,/media/wordpress-migration/2022/07/IMG_0387.jpg,IMG_0387.jpg,/home/manus/cove-storefront/public/media/wordpress-migration/2022/07/IMG_0387.jpg,processed,existing_local_file_reused,existing_record_reused,http_200,200,181399,f98720dee4b3e785e47620a4237def631fffd7dcce8998b9fd15b9bb7364b3bd,450,
176,https://coveinterior.com/wp-content/uploads/2022/07/IMG_0399.jpg,wordpress-migration/2022/07/IMG_0399.jpg,/media/wordpress-migration/2022/07/IMG_0399.jpg,IMG_0399.jpg,/home/manus/cove-storefront/public/media/wordpress-migration/2022/07/IMG_0399.jpg,processed,existing_local_file_reused,existing_record_reused,http_200,200,148478,eaee825e5ffe1b884bb6b8e343e36420d0f9b11f71f176be8f3c5337354831b1,451,
177,https://coveinterior.com/wp-content/uploads/2022/07/Italy-Meeting.jpg,wordpress-migration/2022/07/Italy-Meeting.jpg,/media/wordpress-migration/2022/07/Italy-Meeting.jpg,Italy-Meeting.jpg,/home/manus/cove-storefront/public/media/wordpress-migration/2022/07/Italy-Meeting.jpg,processed,existing_local_file_reused,existing_record_reused,http_200,200,388709,741ee2edb5f6f1661dbb81bb88e2b3b38a124b00af24d78f9cedfa710b80a794,452,
178,https://coveinterior.com/wp-content/uploads/2022/07/main-1-1.jpg,wordpress-migration/2022/07/main-1-1.jpg,/media/wordpress-migration/2022/07/main-1-1.jpg,main-1-1.jpg,/home/manus/cove-storefront/public/media/wordpress-migration/2022/07/main-1-1.jpg,processed,existing_local_file_reused,existing_record_reused,http_200,200,204823,9c163c16014e61e41374ca4d87475b691d7dc208b3be6f1b46ccd7029a2e8c12,453,
179,https://coveinterior.com/wp-content/uploads/2022/07/main-1.jpg,wordpress-migration/2022/07/main-1.jpg,/media/wordpress-migration/2022/07/main-1.jpg,main-1.jpg,/home/manus/cove-storefront/public/media/wordpress-migration/2022/07/main-1.jpg,processed,existing_local_file_reused,existing_record_reused,http_200,200,210760,fcb709c216431beba3a056b2f39c0be328ab028cf48ce4f4ea440a1ae56b8e9c,454,
180,https://coveinterior.com/wp-content/uploads/2022/07/main-2-1.jpg,wordpress-migration/2022/07/main-2-1.jpg,/media/wordpress-migration/2022/07/main-2-1.jpg,main-2-1.jpg,/home/manus/cove-storefront/public/media/wordpress-migration/2022/07/main-2-1.jpg,processed,existing_local_file_reused,existing_record_reused,http_200,200,153426,058b762058a724964a368405576021a4d092599b7e23480b3f91c2bead6fa023,455,
181,https://coveinterior.com/wp-content/uploads/2022/07/Special-Invitation-From-Hasan-Abul-Company-.jpg,wordpress-migration/2022/07/Special-Invitation-From-Hasan-Abul-Company-.jpg,/media/wordpress-migration/2022/07/Special-Invitation-From-Hasan-Abul-Company-.jpg,Special-Invitation-From-Hasan-Abul-Company-.jpg,/home/manus/cove-storefront/public/media/wordpress-migration/2022/07/Special-Invitation-From-Hasan-Abul-Company-.jpg,processed,existing_local_file_reused,existing_record_reused,http_200,200,413431,3d2a0b0ce8667ac5781f99234097c546c057484a00b2c570467b28cb19bf46b0,456,
182,https://coveinterior.com/wp-content/uploads/2022/07/Visitors-1.jpg,wordpress-migration/2022/07/Visitors-1.jpg,/media/wordpress-migration/2022/07/Visitors-1.jpg,Visitors-1.jpg,/home/manus/cove-storefront/public/media/wordpress-migration/2022/07/Visitors-1.jpg,processed,existing_local_file_reused,existing_record_reused,http_200,200,135453,5dde171ea304bdec408ad67f89da7c94735103718a71603d9f2dcece33ac3eb8,457,
183,https://coveinterior.com/wp-content/uploads/2022/08/1.jpg,wordpress-migration/2022/08/1.jpg,/media/wordpress-migration/2022/08/1.jpg,1.jpg,/home/manus/cove-storefront/public/media/wordpress-migration/2022/08/1.jpg,processed,existing_local_file_reused,existing_record_reused,http_200,200,67570,d42ba46733d040e6a30f5ac61521a410db7d6df809c891c2b444fa41f56b77aa,122,
184,https://coveinterior.com/wp-content/uploads/2022/08/3.jpg,wordpress-migration/2022/08/3.jpg,/media/wordpress-migration/2022/08/3.jpg,3.jpg,/home/manus/cove-storefront/public/media/wordpress-migration/2022/08/3.jpg,processed,existing_local_file_reused,existing_record_reused,http_200,200,149596,a2261c0b180f2ed57b6b178b1c28ef49c7bcdbde64ef8a6b267859a1cb98185c,123,
185,https://coveinterior.com/wp-content/uploads/2022/08/address_icon_2.png,wordpress-migration/2022/08/address_icon_2.png,/media/wordpress-migration/2022/08/address_icon_2.png,address_icon_2.png,/home/manus/cove-storefront/public/media/wordpress-migration/2022/08/address_icon_2.png,processed,existing_local_file_reused,existing_record_reused,http_200,200,3523,96b457b30b1906c3e8b5ba81a559ab0c857b50f38581c3f4753c8d675fe582a9,458,
186,https://coveinterior.com/wp-content/uploads/2022/08/coffee-counter.jpg,wordpress-migration/2022/08/coffee-counter.jpg,/media/wordpress-migration/2022/08/coffee-counter.jpg,coffee-counter.jpg,/home/manus/cove-storefront/public/media/wordpress-migration/2022/08/coffee-counter.jpg,processed,existing_local_file_reused,existing_record_reused,http_200,200,169108,7774eafcbfc7bb50f63668caffe140c4ab0d55d68d5717dc364798fa9240fe42,459,
187,https://coveinterior.com/wp-content/uploads/2022/08/email-icon-g.png,wordpress-migration/2022/08/email-icon-g.png,/media/wordpress-migration/2022/08/email-icon-g.png,email-icon-g.png,/home/manus/cove-storefront/public/media/wordpress-migration/2022/08/email-icon-g.png,processed,existing_local_file_reused,existing_record_reused,http_200,200,3111,52d407ff3ae05dc4544da18b3e7c1f4d7b340db22678db92f8f7d1b8d63a17e1,460,
188,https://coveinterior.com/wp-content/uploads/2022/08/phone-icon-g.png,wordpress-migration/2022/08/phone-icon-g.png,/media/wordpress-migration/2022/08/phone-icon-g.png,phone-icon-g.png,/home/manus/cove-storefront/public/media/wordpress-migration/2022/08/phone-icon-g.png,processed,existing_local_file_reused,existing_record_reused,http_200,200,3711,10cf04bd31bbbe023539d58f45253ac3e8489b89f42421c687ca4e462b42716a,461,
189,https://coveinterior.com/wp-content/uploads/2022/10/1.jpeg,wordpress-migration/2022/10/1.jpeg,/media/wordpress-migration/2022/10/1.jpeg,1.jpeg,/home/manus/cove-storefront/public/media/wordpress-migration/2022/10/1.jpeg,processed,existing_local_file_reused,existing_record_reused,http_200,200,370009,52b7bd5fc81b790c5b822a12fbeedec65836197918fe749b055a8a8acefa7415,124,
190,https://coveinterior.com/wp-content/uploads/2022/10/3.jpeg,wordpress-migration/2022/10/3.jpeg,/media/wordpress-migration/2022/10/3.jpeg,3.jpeg,/home/manus/cove-storefront/public/media/wordpress-migration/2022/10/3.jpeg,processed,existing_local_file_reused,existing_record_reused,http_200,200,372128,463dc53ae40219b72638ccef260dbe8b94b3fcce54384f920ae78fccd09cc326,125,
191,https://coveinterior.com/wp-content/uploads/2022/10/4.jpeg,wordpress-migration/2022/10/4.jpeg,/media/wordpress-migration/2022/10/4.jpeg,4.jpeg,/home/manus/cove-storefront/public/media/wordpress-migration/2022/10/4.jpeg,processed,existing_local_file_reused,existing_record_reused,http_200,200,519362,842a2dfb0d71d53f485c274fa8a977a35d9e730cc922976b15b33888c26dea3b,126,
192,https://coveinterior.com/wp-content/uploads/2022/10/5.jpeg,wordpress-migration/2022/10/5.jpeg,/media/wordpress-migration/2022/10/5.jpeg,5.jpeg,/home/manus/cove-storefront/public/media/wordpress-migration/2022/10/5.jpeg,processed,existing_local_file_reused,existing_record_reused,http_200,200,490859,173a2b1a9cd184f80931f5c6a5566fc168669a1acbc834a0be74439b9072fd4e,127,
193,https://coveinterior.com/wp-content/uploads/2022/10/Decaf.jpeg,wordpress-migration/2022/10/Decaf.jpeg,/media/wordpress-migration/2022/10/Decaf.jpeg,Decaf.jpeg,/home/manus/cove-storefront/public/media/wordpress-migration/2022/10/Decaf.jpeg,processed,existing_local_file_reused,existing_record_reused,http_200,200,447994,5fcb8456d6b026c9ec697e204c10029d77ae834b0ec76045f9d7be2d847e3bbd,128,
194,https://coveinterior.com/wp-content/uploads/2022/11/ASK4690-websize-1.jpg,wordpress-migration/2022/11/ASK4690-websize-1.jpg,/media/wordpress-migration/2022/11/ASK4690-websize-1.jpg,ASK4690-websize-1.jpg,/home/manus/cove-storefront/public/media/wordpress-migration/2022/11/ASK4690-websize-1.jpg,processed,existing_local_file_reused,existing_record_reused,http_200,200,598873,9a19f42cb0de0c8324abb003f4d509f5a6b70305cd3be6eba14eb256c6deac9d,462,
195,https://coveinterior.com/wp-content/uploads/2022/11/ASK4692-websize.jpg,wordpress-migration/2022/11/ASK4692-websize.jpg,/media/wordpress-migration/2022/11/ASK4692-websize.jpg,ASK4692-websize.jpg,/home/manus/cove-storefront/public/media/wordpress-migration/2022/11/ASK4692-websize.jpg,processed,existing_local_file_reused,existing_record_reused,http_200,200,650204,b10b46bd793fa9ee09353dd468abd8557af7f57e4b4bc0a0ae58d378b2d6a559,463,
196,https://coveinterior.com/wp-content/uploads/2022/11/ASK4697-websize-1.jpg,wordpress-migration/2022/11/ASK4697-websize-1.jpg,/media/wordpress-migration/2022/11/ASK4697-websize-1.jpg,ASK4697-websize-1.jpg,/home/manus/cove-storefront/public/media/wordpress-migration/2022/11/ASK4697-websize-1.jpg,processed,existing_local_file_reused,existing_record_reused,http_200,200,534319,d3a52f8a16eb62dc5d5a0a1c9deda0dbac3c79d18bb17a7a349abbb091dd9c3d,464,
197,https://coveinterior.com/wp-content/uploads/2022/11/ASK4705-websize-1.jpg,wordpress-migration/2022/11/ASK4705-websize-1.jpg,/media/wordpress-migration/2022/11/ASK4705-websize-1.jpg,ASK4705-websize-1.jpg,/home/manus/cove-storefront/public/media/wordpress-migration/2022/11/ASK4705-websize-1.jpg,processed,existing_local_file_reused,existing_record_reused,http_200,200,656128,b190ef4b21bd1372b4a78b3ec3012d0bd8d580b16cc1a8ce4af455562f6e1256,465,
198,https://coveinterior.com/wp-content/uploads/2022/11/ASK4708-websize-1.jpg,wordpress-migration/2022/11/ASK4708-websize-1.jpg,/media/wordpress-migration/2022/11/ASK4708-websize-1.jpg,ASK4708-websize-1.jpg,/home/manus/cove-storefront/public/media/wordpress-migration/2022/11/ASK4708-websize-1.jpg,processed,existing_local_file_reused,existing_record_reused,http_200,200,594864,fd62232bd42be3461277f1e21ea96d0dd3385eddc63dd24e2ab68560a697a039,466,
199,https://coveinterior.com/wp-content/uploads/2022/11/ASK4713-websize-1.jpg,wordpress-migration/2022/11/ASK4713-websize-1.jpg,/media/wordpress-migration/2022/11/ASK4713-websize-1.jpg,ASK4713-websize-1.jpg,/home/manus/cove-storefront/public/media/wordpress-migration/2022/11/ASK4713-websize-1.jpg,processed,existing_local_file_reused,existing_record_reused,http_200,200,541545,157278c0d7a69aa00c4823db854d6275f5ad9355cee3b64434d6e79880734f0c,467,
200,https://coveinterior.com/wp-content/uploads/2022/11/ASK4716-websize-1.jpg,wordpress-migration/2022/11/ASK4716-websize-1.jpg,/media/wordpress-migration/2022/11/ASK4716-websize-1.jpg,ASK4716-websize-1.jpg,/home/manus/cove-storefront/public/media/wordpress-migration/2022/11/ASK4716-websize-1.jpg,processed,existing_local_file_reused,existing_record_reused,http_200,200,602972,5d0645e00d6066cc5ef2ea88f3dc76843fabf13cf55447191d2ff4631342f2f2,468,
201,https://coveinterior.com/wp-content/uploads/2022/11/ASK4717-websize-1.jpg,wordpress-migration/2022/11/ASK4717-websize-1.jpg,/media/wordpress-migration/2022/11/ASK4717-websize-1.jpg,ASK4717-websize-1.jpg,/home/manus/cove-storefront/public/media/wordpress-migration/2022/11/ASK4717-websize-1.jpg,processed,existing_local_file_reused,existing_record_reused,http_200,200,590465,4e71e93d4e3a4f74f854d785693b6064f302176d178d4818066e2ea6513c8c18,469,
202,https://coveinterior.com/wp-content/uploads/2022/11/ASK4723-websize-1.jpg,wordpress-migration/2022/11/ASK4723-websize-1.jpg,/media/wordpress-migration/2022/11/ASK4723-websize-1.jpg,ASK4723-websize-1.jpg,/home/manus/cove-storefront/public/media/wordpress-migration/2022/11/ASK4723-websize-1.jpg,processed,existing_local_file_reused,existing_record_reused,http_200,200,564419,83cad5c223b8aea469fd48fbad65a23a1eef69d77e344d9eb679c35720b2bb04,470,
203,https://coveinterior.com/wp-content/uploads/2022/11/ASK4726-websize-1.jpg,wordpress-migration/2022/11/ASK4726-websize-1.jpg,/media/wordpress-migration/2022/11/ASK4726-websize-1.jpg,ASK4726-websize-1.jpg,/home/manus/cove-storefront/public/media/wordpress-migration/2022/11/ASK4726-websize-1.jpg,processed,existing_local_file_reused,existing_record_reused,http_200,200,586751,9ede1ed160836ae16f8de31bf61ce02409e1dfd9fed4ce592f02b7c1d174c1fe,471,
204,https://coveinterior.com/wp-content/uploads/2022/11/ASK4734-websize-1.jpg,wordpress-migration/2022/11/ASK4734-websize-1.jpg,/media/wordpress-migration/2022/11/ASK4734-websize-1.jpg,ASK4734-websize-1.jpg,/home/manus/cove-storefront/public/media/wordpress-migration/2022/11/ASK4734-websize-1.jpg,processed,existing_local_file_reused,existing_record_reused,http_200,200,670615,5cebcfa9137372db579cc3aca354b0ce9c4c0d5941e24ddce1830dfbbc950421,472,
205,https://coveinterior.com/wp-content/uploads/2022/11/ASK4744-websize-1.jpg,wordpress-migration/2022/11/ASK4744-websize-1.jpg,/media/wordpress-migration/2022/11/ASK4744-websize-1.jpg,ASK4744-websize-1.jpg,/home/manus/cove-storefront/public/media/wordpress-migration/2022/11/ASK4744-websize-1.jpg,processed,existing_local_file_reused,existing_record_reused,http_200,200,944670,779cc0eea7ff9bf94e1040442d8c1b69caaaecaa9b39d76f295679e2391b2678,473,
206,https://coveinterior.com/wp-content/uploads/2022/11/ASK4745-websize-1.jpg,wordpress-migration/2022/11/ASK4745-websize-1.jpg,/media/wordpress-migration/2022/11/ASK4745-websize-1.jpg,ASK4745-websize-1.jpg,/home/manus/cove-storefront/public/media/wordpress-migration/2022/11/ASK4745-websize-1.jpg,processed,existing_local_file_reused,existing_record_reused,http_200,200,1225504,3b8e4298dab454e149e549e2b8ac6ebce74d2e790967c8c999556e063a0765f7,474,
207,https://coveinterior.com/wp-content/uploads/2022/11/ASK4749-websize-1.jpg,wordpress-migration/2022/11/ASK4749-websize-1.jpg,/media/wordpress-migration/2022/11/ASK4749-websize-1.jpg,ASK4749-websize-1.jpg,/home/manus/cove-storefront/public/media/wordpress-migration/2022/11/ASK4749-websize-1.jpg,processed,existing_local_file_reused,existing_record_reused,http_200,200,1135555,55669b508c3aced189051da016d9313368a662f5f12497d36d7688cecbdc4fdc,475,
208,https://coveinterior.com/wp-content/uploads/2022/11/ASK4751-websize-1.jpg,wordpress-migration/2022/11/ASK4751-websize-1.jpg,/media/wordpress-migration/2022/11/ASK4751-websize-1.jpg,ASK4751-websize-1.jpg,/home/manus/cove-storefront/public/media/wordpress-migration/2022/11/ASK4751-websize-1.jpg,processed,existing_local_file_reused,existing_record_reused,http_200,200,919659,28f68cdd84c64aed783cc49929125d4d2b8869355ab8362442a37565fe7657f3,476,
209,https://coveinterior.com/wp-content/uploads/2022/11/ASK4753-websize-1.jpg,wordpress-migration/2022/11/ASK4753-websize-1.jpg,/media/wordpress-migration/2022/11/ASK4753-websize-1.jpg,ASK4753-websize-1.jpg,/home/manus/cove-storefront/public/media/wordpress-migration/2022/11/ASK4753-websize-1.jpg,processed,existing_local_file_reused,existing_record_reused,http_200,200,748806,7aa2de5af680155f56ca8b0ce69bbfdea0a23680de689218a3d0bd450158994c,477,
210,https://coveinterior.com/wp-content/uploads/2022/11/ASK4754-websize-1.jpg,wordpress-migration/2022/11/ASK4754-websize-1.jpg,/media/wordpress-migration/2022/11/ASK4754-websize-1.jpg,ASK4754-websize-1.jpg,/home/manus/cove-storefront/public/media/wordpress-migration/2022/11/ASK4754-websize-1.jpg,processed,existing_local_file_reused,existing_record_reused,http_200,200,1050472,fa2aee2b0b3790bebf8c902799d27b199a01f5c6d4449898906ccb29617ef659,478,
211,https://coveinterior.com/wp-content/uploads/2022/11/ASK4758-websize-1.jpg,wordpress-migration/2022/11/ASK4758-websize-1.jpg,/media/wordpress-migration/2022/11/ASK4758-websize-1.jpg,ASK4758-websize-1.jpg,/home/manus/cove-storefront/public/media/wordpress-migration/2022/11/ASK4758-websize-1.jpg,processed,existing_local_file_reused,existing_record_reused,http_200,200,1056515,fc2f0f9025820f21fa92d86baac918f9b3f854da1df32e1ce2b4f39e944f2b7e,479,
212,https://coveinterior.com/wp-content/uploads/2022/11/ASK4759-websize-1.jpg,wordpress-migration/2022/11/ASK4759-websize-1.jpg,/media/wordpress-migration/2022/11/ASK4759-websize-1.jpg,ASK4759-websize-1.jpg,/home/manus/cove-storefront/public/media/wordpress-migration/2022/11/ASK4759-websize-1.jpg,processed,existing_local_file_reused,existing_record_reused,http_200,200,878542,62077fa649294125a7e2cd8a02323002f13e02740bd07d50b8d1904309228c25,480,
213,https://coveinterior.com/wp-content/uploads/2022/11/ASK4762-websize-1.jpg,wordpress-migration/2022/11/ASK4762-websize-1.jpg,/media/wordpress-migration/2022/11/ASK4762-websize-1.jpg,ASK4762-websize-1.jpg,/home/manus/cove-storefront/public/media/wordpress-migration/2022/11/ASK4762-websize-1.jpg,processed,existing_local_file_reused,existing_record_reused,http_200,200,1103278,c62cc049aa9cb3439ab51043e773009cf035d06106f3f3a7ee8005b401a2b14b,481,
214,https://coveinterior.com/wp-content/uploads/2022/11/ASK4764-websize-1.jpg,wordpress-migration/2022/11/ASK4764-websize-1.jpg,/media/wordpress-migration/2022/11/ASK4764-websize-1.jpg,ASK4764-websize-1.jpg,/home/manus/cove-storefront/public/media/wordpress-migration/2022/11/ASK4764-websize-1.jpg,processed,existing_local_file_reused,existing_record_reused,http_200,200,981321,5c6f9d0e37f6aa83618dc3fe047555dffec36aade43d1bcebbfd5d2f6e0e6e77,482,
215,https://coveinterior.com/wp-content/uploads/2022/11/ASK4767-websize-1.jpg,wordpress-migration/2022/11/ASK4767-websize-1.jpg,/media/wordpress-migration/2022/11/ASK4767-websize-1.jpg,ASK4767-websize-1.jpg,/home/manus/cove-storefront/public/media/wordpress-migration/2022/11/ASK4767-websize-1.jpg,processed,existing_local_file_reused,existing_record_reused,http_200,200,1124528,41b5b3744bf69703c00bbbacf553bb99553b6a3b578567ee89f61017cf3c3a43,483,
216,https://coveinterior.com/wp-content/uploads/2022/11/ASK4771-websize-1.jpg,wordpress-migration/2022/11/ASK4771-websize-1.jpg,/media/wordpress-migration/2022/11/ASK4771-websize-1.jpg,ASK4771-websize-1.jpg,/home/manus/cove-storefront/public/media/wordpress-migration/2022/11/ASK4771-websize-1.jpg,processed,existing_local_file_reused,existing_record_reused,http_200,200,918976,2146e309be6efb2059cdf9e9845d9321e166995aa86fd15549edcb28cb5a1333,484,
217,https://coveinterior.com/wp-content/uploads/2023/01/Roshina-1-beige-1.jpg,wordpress-migration/2023/01/Roshina-1-beige-1.jpg,/media/wordpress-migration/2023/01/Roshina-1-beige-1.jpg,Roshina-1-beige-1.jpg,/home/manus/cove-storefront/public/media/wordpress-migration/2023/01/Roshina-1-beige-1.jpg,processed,existing_local_file_reused,existing_record_reused,http_200,200,62709,3a2289460539e2c8ee730a18f5addfbe9fdd03003462ea6047afe24502cfc9bb,130,
218,https://coveinterior.com/wp-content/uploads/2023/01/Roshina-1-beige-2.jpg,wordpress-migration/2023/01/Roshina-1-beige-2.jpg,/media/wordpress-migration/2023/01/Roshina-1-beige-2.jpg,Roshina-1-beige-2.jpg,/home/manus/cove-storefront/public/media/wordpress-migration/2023/01/Roshina-1-beige-2.jpg,processed,existing_local_file_reused,existing_record_reused,http_200,200,113048,e5c3073d9027a930b7b9d86c566d8ecfc58acb35e8652b15871daa0733ca7123,131,
219,https://coveinterior.com/wp-content/uploads/2023/01/Roshina-1-beige-3.jpg,wordpress-migration/2023/01/Roshina-1-beige-3.jpg,/media/wordpress-migration/2023/01/Roshina-1-beige-3.jpg,Roshina-1-beige-3.jpg,/home/manus/cove-storefront/public/media/wordpress-migration/2023/01/Roshina-1-beige-3.jpg,processed,existing_local_file_reused,existing_record_reused,http_200,200,153701,6678ff411fa77e901b425a158205710c16e654693e448f28ee95db98990c86b3,133,
220,https://coveinterior.com/wp-content/uploads/2023/01/Roshina-1-beige-4.jpg,wordpress-migration/2023/01/Roshina-1-beige-4.jpg,/media/wordpress-migration/2023/01/Roshina-1-beige-4.jpg,Roshina-1-beige-4.jpg,/home/manus/cove-storefront/public/media/wordpress-migration/2023/01/Roshina-1-beige-4.jpg,processed,existing_local_file_reused,existing_record_reused,http_200,200,211440,6613a5f9e4fca0f43687ebe42cef4db2460f47c4cab47f7b35586b967dd8d0ed,134,
221,https://coveinterior.com/wp-content/uploads/2023/01/Roshina-1-beige-5.jpg,wordpress-migration/2023/01/Roshina-1-beige-5.jpg,/media/wordpress-migration/2023/01/Roshina-1-beige-5.jpg,Roshina-1-beige-5.jpg,/home/manus/cove-storefront/public/media/wordpress-migration/2023/01/Roshina-1-beige-5.jpg,processed,existing_local_file_reused,existing_record_reused,http_200,200,200425,ec2e2460fe58fd2ea84d259f68b7951d5e018a0063dcad3fd523e4ad144d0d0b,135,
222,https://coveinterior.com/wp-content/uploads/2023/01/Roshina-1-black-1.jpg,wordpress-migration/2023/01/Roshina-1-black-1.jpg,/media/wordpress-migration/2023/01/Roshina-1-black-1.jpg,Roshina-1-black-1.jpg,/home/manus/cove-storefront/public/media/wordpress-migration/2023/01/Roshina-1-black-1.jpg,processed,existing_local_file_reused,existing_record_reused,http_200,200,42101,ca8edde709327d26ae5d1fbbebbba218dd0d30835a98ff21d821f40c9911a080,136,
223,https://coveinterior.com/wp-content/uploads/2023/01/Roshina-1-black-2.jpg,wordpress-migration/2023/01/Roshina-1-black-2.jpg,/media/wordpress-migration/2023/01/Roshina-1-black-2.jpg,Roshina-1-black-2.jpg,/home/manus/cove-storefront/public/media/wordpress-migration/2023/01/Roshina-1-black-2.jpg,processed,existing_local_file_reused,existing_record_reused,http_200,200,103928,902b722bbc855d419707640783cf0a4984c25afff6de4404bfaeb96a0923ec3b,137,
224,https://coveinterior.com/wp-content/uploads/2023/01/Roshina-1-black-3.jpg,wordpress-migration/2023/01/Roshina-1-black-3.jpg,/media/wordpress-migration/2023/01/Roshina-1-black-3.jpg,Roshina-1-black-3.jpg,/home/manus/cove-storefront/public/media/wordpress-migration/2023/01/Roshina-1-black-3.jpg,processed,existing_local_file_reused,existing_record_reused,http_200,200,175440,92390fae4e23993b173ec4da669b8fbd0590cd7d3709ffd76d3e39b0a3343e84,138,
225,https://coveinterior.com/wp-content/uploads/2023/01/Roshina-1-black-4.jpg,wordpress-migration/2023/01/Roshina-1-black-4.jpg,/media/wordpress-migration/2023/01/Roshina-1-black-4.jpg,Roshina-1-black-4.jpg,/home/manus/cove-storefront/public/media/wordpress-migration/2023/01/Roshina-1-black-4.jpg,processed,existing_local_file_reused,existing_record_reused,http_200,200,206322,e46f00024bfb15eed090d82909448a84834c9d166cb0cda6d1b85115c402e54d,139,
226,https://coveinterior.com/wp-content/uploads/2023/01/Roshina-1-black-5.jpg,wordpress-migration/2023/01/Roshina-1-black-5.jpg,/media/wordpress-migration/2023/01/Roshina-1-black-5.jpg,Roshina-1-black-5.jpg,/home/manus/cove-storefront/public/media/wordpress-migration/2023/01/Roshina-1-black-5.jpg,processed,existing_local_file_reused,existing_record_reused,http_200,200,196488,a7d3a7d494636eed60f74e02a6010fcb73cfbb15b52932f89fddb9fae3463854,140,
227,https://coveinterior.com/wp-content/uploads/2023/01/Roshina-1-Details.jpg,wordpress-migration/2023/01/Roshina-1-Details.jpg,/media/wordpress-migration/2023/01/Roshina-1-Details.jpg,Roshina-1-Details.jpg,/home/manus/cove-storefront/public/media/wordpress-migration/2023/01/Roshina-1-Details.jpg,processed,existing_local_file_reused,existing_record_reused,http_200,200,170017,1773f100642a4168ec4eb0e84fae48728294c4db06b8b1195de40895a1a51f58,129,
228,https://coveinterior.com/wp-content/uploads/2023/01/Roshina-1-petrol-1.jpg,wordpress-migration/2023/01/Roshina-1-petrol-1.jpg,/media/wordpress-migration/2023/01/Roshina-1-petrol-1.jpg,Roshina-1-petrol-1.jpg,/home/manus/cove-storefront/public/media/wordpress-migration/2023/01/Roshina-1-petrol-1.jpg,processed,existing_local_file_reused,existing_record_reused,http_200,200,43267,5fb64ca62a613e9c6822759271f9c729caa47cbccbff885254cbb2fb96161324,146,
229,https://coveinterior.com/wp-content/uploads/2023/01/Roshina-1-petrol-2.jpg,wordpress-migration/2023/01/Roshina-1-petrol-2.jpg,/media/wordpress-migration/2023/01/Roshina-1-petrol-2.jpg,Roshina-1-petrol-2.jpg,/home/manus/cove-storefront/public/media/wordpress-migration/2023/01/Roshina-1-petrol-2.jpg,processed,existing_local_file_reused,existing_record_reused,http_200,200,109838,56395c5a4b5b5244c1e836a3252b1ad52912c99e7b6ac6d39d71feafcafb11c3,147,
230,https://coveinterior.com/wp-content/uploads/2023/01/Roshina-1-petrol-3.jpg,wordpress-migration/2023/01/Roshina-1-petrol-3.jpg,/media/wordpress-migration/2023/01/Roshina-1-petrol-3.jpg,Roshina-1-petrol-3.jpg,/home/manus/cove-storefront/public/media/wordpress-migration/2023/01/Roshina-1-petrol-3.jpg,processed,existing_local_file_reused,existing_record_reused,http_200,200,179466,8e7b7899fd5925e7943c1bf95e81b1d196b399f761dd50e58de3c1d8246188bc,148,
231,https://coveinterior.com/wp-content/uploads/2023/01/Roshina-1-petrol-4.jpg,wordpress-migration/2023/01/Roshina-1-petrol-4.jpg,/media/wordpress-migration/2023/01/Roshina-1-petrol-4.jpg,Roshina-1-petrol-4.jpg,/home/manus/cove-storefront/public/media/wordpress-migration/2023/01/Roshina-1-petrol-4.jpg,processed,existing_local_file_reused,existing_record_reused,http_200,200,210671,c7c0ab14e6ee7f20adb27e15b52597a905cd331ea19018a42012a55236298b48,149,
232,https://coveinterior.com/wp-content/uploads/2023/01/Roshina-1-petrol-5.jpg,wordpress-migration/2023/01/Roshina-1-petrol-5.jpg,/media/wordpress-migration/2023/01/Roshina-1-petrol-5.jpg,Roshina-1-petrol-5.jpg,/home/manus/cove-storefront/public/media/wordpress-migration/2023/01/Roshina-1-petrol-5.jpg,processed,existing_local_file_reused,existing_record_reused,http_200,200,199177,b2b7445ebfcdc6abd6f8b889dec629c7bf61caec022b21378e703d327bdad459,150,
233,https://coveinterior.com/wp-content/uploads/2023/01/Roshina-2-cementgreen-1.jpg,wordpress-migration/2023/01/Roshina-2-cementgreen-1.jpg,/media/wordpress-migration/2023/01/Roshina-2-cementgreen-1.jpg,Roshina-2-cementgreen-1.jpg,/home/manus/cove-storefront/public/media/wordpress-migration/2023/01/Roshina-2-cementgreen-1.jpg,processed,existing_local_file_reused,existing_record_reused,http_200,200,81567,3bed18ff0742d7a7ee15d09b129f701ee2b0c29284c17c214b722f42a48af83b,151,
234,https://coveinterior.com/wp-content/uploads/2023/01/Roshina-2-cementgreen-2.jpg,wordpress-migration/2023/01/Roshina-2-cementgreen-2.jpg,/media/wordpress-migration/2023/01/Roshina-2-cementgreen-2.jpg,Roshina-2-cementgreen-2.jpg,/home/manus/cove-storefront/public/media/wordpress-migration/2023/01/Roshina-2-cementgreen-2.jpg,processed,existing_local_file_reused,existing_record_reused,http_200,200,112901,5f2c077773d48d801ab1cfb8b762c88ea505566a2b954d89cdf69db09b8b4a84,152,
235,https://coveinterior.com/wp-content/uploads/2023/01/Roshina-2-cementgreen-3.jpg,wordpress-migration/2023/01/Roshina-2-cementgreen-3.jpg,/media/wordpress-migration/2023/01/Roshina-2-cementgreen-3.jpg,Roshina-2-cementgreen-3.jpg,/home/manus/cove-storefront/public/media/wordpress-migration/2023/01/Roshina-2-cementgreen-3.jpg,processed,existing_local_file_reused,existing_record_reused,http_200,200,244396,e9d9e79bf850057ced99a8919d13ee33bd2cfdaeec4c6088b6c486d6bf7cf4e1,153,
236,https://coveinterior.com/wp-content/uploads/2023/01/Roshina-2-cementgreen-4.jpeg,wordpress-migration/2023/01/Roshina-2-cementgreen-4.jpeg,/media/wordpress-migration/2023/01/Roshina-2-cementgreen-4.jpeg,Roshina-2-cementgreen-4.jpeg,/home/manus/cove-storefront/public/media/wordpress-migration/2023/01/Roshina-2-cementgreen-4.jpeg,processed,existing_local_file_reused,existing_record_reused,http_200,200,285645,b7bf71884a74ec83ee0253a8e1fcd0c28ab020727bbf929472e01385fffe9968,154,
237,https://coveinterior.com/wp-content/uploads/2023/01/Roshina-2-cementgreen-4.jpg,wordpress-migration/2023/01/Roshina-2-cementgreen-4.jpg,/media/wordpress-migration/2023/01/Roshina-2-cementgreen-4.jpg,Roshina-2-cementgreen-4.jpg,/home/manus/cove-storefront/public/media/wordpress-migration/2023/01/Roshina-2-cementgreen-4.jpg,processed,existing_local_file_reused,existing_record_reused,http_200,200,259939,8da644dd504feadfa18105936af798d25cfc4974f48932cf94178d6d99f79e7e,155,
238,https://coveinterior.com/wp-content/uploads/2023/01/Roshina-2-cementgreen-5.jpg,wordpress-migration/2023/01/Roshina-2-cementgreen-5.jpg,/media/wordpress-migration/2023/01/Roshina-2-cementgreen-5.jpg,Roshina-2-cementgreen-5.jpg,/home/manus/cove-storefront/public/media/wordpress-migration/2023/01/Roshina-2-cementgreen-5.jpg,processed,existing_local_file_reused,existing_record_reused,http_200,200,206911,a83644ddca253e6cb5c9c8eb2ca81a87135d083bb733f4fbecf8e158b11bd725,156,
239,https://coveinterior.com/wp-content/uploads/2023/01/Roshina-2-drakgreen-1.jpg,wordpress-migration/2023/01/Roshina-2-drakgreen-1.jpg,/media/wordpress-migration/2023/01/Roshina-2-drakgreen-1.jpg,Roshina-2-drakgreen-1.jpg,/home/manus/cove-storefront/public/media/wordpress-migration/2023/01/Roshina-2-drakgreen-1.jpg,processed,existing_local_file_reused,existing_record_reused,http_200,200,66254,b21da3b00004bbc3d1a060b5dcd856a997f05f43939c8175411b551c343451be,157,
240,https://coveinterior.com/wp-content/uploads/2023/01/Roshina-2-drakgreen-2.jpg,wordpress-migration/2023/01/Roshina-2-drakgreen-2.jpg,/media/wordpress-migration/2023/01/Roshina-2-drakgreen-2.jpg,Roshina-2-drakgreen-2.jpg,/home/manus/cove-storefront/public/media/wordpress-migration/2023/01/Roshina-2-drakgreen-2.jpg,processed,existing_local_file_reused,existing_record_reused,http_200,200,112632,156cffcd75b00357cd6415cd1cc666936249c078aba3c7ea7aa4aeb992ed9f4b,158,
241,https://coveinterior.com/wp-content/uploads/2023/01/Roshina-2-drakgreen-3.jpg,wordpress-migration/2023/01/Roshina-2-drakgreen-3.jpg,/media/wordpress-migration/2023/01/Roshina-2-drakgreen-3.jpg,Roshina-2-drakgreen-3.jpg,/home/manus/cove-storefront/public/media/wordpress-migration/2023/01/Roshina-2-drakgreen-3.jpg,processed,existing_local_file_reused,existing_record_reused,http_200,200,234068,ec603b88ff795bc73b85f10c5d7abfb8c8f53083c3b8cd8d03ac08e6d6769eae,159,
242,https://coveinterior.com/wp-content/uploads/2023/01/Roshina-2-drakgreen-4.jpg,wordpress-migration/2023/01/Roshina-2-drakgreen-4.jpg,/media/wordpress-migration/2023/01/Roshina-2-drakgreen-4.jpg,Roshina-2-drakgreen-4.jpg,/home/manus/cove-storefront/public/media/wordpress-migration/2023/01/Roshina-2-drakgreen-4.jpg,processed,existing_local_file_reused,existing_record_reused,http_200,200,248999,c373e10d4fa4a86a43b63ccef5a95ccac0fad471be8f979b2195cfb91712a955,160,
243,https://coveinterior.com/wp-content/uploads/2023/01/Roshina-2-drakgreen-5.jpg,wordpress-migration/2023/01/Roshina-2-drakgreen-5.jpg,/media/wordpress-migration/2023/01/Roshina-2-drakgreen-5.jpg,Roshina-2-drakgreen-5.jpg,/home/manus/cove-storefront/public/media/wordpress-migration/2023/01/Roshina-2-drakgreen-5.jpg,processed,existing_local_file_reused,existing_record_reused,http_200,200,195268,dc15f2bfa27eabb9c73e931c12fb7c4b5bd7b9331143a1fac9fc7f5b601df00b,161,
244,https://coveinterior.com/wp-content/uploads/2023/01/Roshina-2-offwhite-1.jpg,wordpress-migration/2023/01/Roshina-2-offwhite-1.jpg,/media/wordpress-migration/2023/01/Roshina-2-offwhite-1.jpg,Roshina-2-offwhite-1.jpg,/home/manus/cove-storefront/public/media/wordpress-migration/2023/01/Roshina-2-offwhite-1.jpg,processed,existing_local_file_reused,existing_record_reused,http_200,200,75349,726e87e260692080964c89899fb0f0b22e6eb59b9ae68a3e33244d3b64eb6e3a,162,
245,https://coveinterior.com/wp-content/uploads/2023/01/Roshina-2-offwhite-2.jpg,wordpress-migration/2023/01/Roshina-2-offwhite-2.jpg,/media/wordpress-migration/2023/01/Roshina-2-offwhite-2.jpg,Roshina-2-offwhite-2.jpg,/home/manus/cove-storefront/public/media/wordpress-migration/2023/01/Roshina-2-offwhite-2.jpg,processed,existing_local_file_reused,existing_record_reused,http_200,200,115287,c2c26a262d5cff8f9903e38ec13fad892552be3d11b1971c630794ad9c5df9e8,163,
246,https://coveinterior.com/wp-content/uploads/2023/01/Roshina-2-offwhite-3.jpg,wordpress-migration/2023/01/Roshina-2-offwhite-3.jpg,/media/wordpress-migration/2023/01/Roshina-2-offwhite-3.jpg,Roshina-2-offwhite-3.jpg,/home/manus/cove-storefront/public/media/wordpress-migration/2023/01/Roshina-2-offwhite-3.jpg,processed,existing_local_file_reused,existing_record_reused,http_200,200,248068,1caa4815e3d6c03c4bc217f7d38cbb5241b2b92b867aaaebdc6062ed264c00d7,164,
247,https://coveinterior.com/wp-content/uploads/2023/01/Roshina-2-white-4.jpg,wordpress-migration/2023/01/Roshina-2-white-4.jpg,/media/wordpress-migration/2023/01/Roshina-2-white-4.jpg,Roshina-2-white-4.jpg,/home/manus/cove-storefront/public/media/wordpress-migration/2023/01/Roshina-2-white-4.jpg,processed,existing_local_file_reused,existing_record_reused,http_200,200,260895,9d2756e0abb6cec955a1702a25b28d3e3328bc26fa855eb0d33e21a76ee40e9c,165,
248,https://coveinterior.com/wp-content/uploads/2023/01/Roshina-2-white-5.jpg,wordpress-migration/2023/01/Roshina-2-white-5.jpg,/media/wordpress-migration/2023/01/Roshina-2-white-5.jpg,Roshina-2-white-5.jpg,/home/manus/cove-storefront/public/media/wordpress-migration/2023/01/Roshina-2-white-5.jpg,processed,existing_local_file_reused,existing_record_reused,http_200,200,204781,e19c82964cbb7738f015fe902612a45d5dd17a96aa880b96d66e90a6b53d7d47,166,
249,https://coveinterior.com/wp-content/uploads/2023/01/roshina-package.jpeg,wordpress-migration/2023/01/roshina-package.jpeg,/media/wordpress-migration/2023/01/roshina-package.jpeg,roshina-package.jpeg,/home/manus/cove-storefront/public/media/wordpress-migration/2023/01/roshina-package.jpeg,processed,existing_local_file_reused,existing_record_reused,http_200,200,86070,5d58ddcd8ea67aede6ef2b27e61ff550d819c1274817d670bc140f5657458e04,167,
250,https://coveinterior.com/wp-content/uploads/2023/02/coffee-tables-1-2.jpg,wordpress-migration/2023/02/coffee-tables-1-2.jpg,/media/wordpress-migration/2023/02/coffee-tables-1-2.jpg,coffee-tables-1-2.jpg,/home/manus/cove-storefront/public/media/wordpress-migration/2023/02/coffee-tables-1-2.jpg,processed,existing_local_file_reused,existing_record_reused,http_200,200,297612,a14753479bb2c2599ff6bdf12592ef33a84a0924d69abff6a2a50b8990be8bc5,168,
251,https://coveinterior.com/wp-content/uploads/2023/02/coffee-tables-1.jpg,wordpress-migration/2023/02/coffee-tables-1.jpg,/media/wordpress-migration/2023/02/coffee-tables-1.jpg,coffee-tables-1.jpg,/home/manus/cove-storefront/public/media/wordpress-migration/2023/02/coffee-tables-1.jpg,processed,existing_local_file_reused,existing_record_reused,http_200,200,307314,9f1d7f022208a2e4b88900d723a37113c530ee564c0a3c62255ff1a04c0a7354,485,
252,https://coveinterior.com/wp-content/uploads/2023/05/Beauty-Night-Stand.jpeg,wordpress-migration/2023/05/Beauty-Night-Stand.jpeg,/media/wordpress-migration/2023/05/Beauty-Night-Stand.jpeg,Beauty-Night-Stand.jpeg,/home/manus/cove-storefront/public/media/wordpress-migration/2023/05/Beauty-Night-Stand.jpeg,processed,existing_local_file_reused,existing_record_reused,http_200,200,507450,5f4c568994ba49f946262178e6ce47fdbd7cd82396ca5fbd628436c0d7d4368c,169,
253,https://coveinterior.com/wp-content/uploads/2023/05/Hairstyle.jpeg,wordpress-migration/2023/05/Hairstyle.jpeg,/media/wordpress-migration/2023/05/Hairstyle.jpeg,Hairstyle.jpeg,/home/manus/cove-storefront/public/media/wordpress-migration/2023/05/Hairstyle.jpeg,processed,existing_local_file_reused,existing_record_reused,http_200,200,446307,b5f16350f810337412bf1d7677316cac0e38da6de9def5f0c980ef2e26fd34b7,170,
254,https://coveinterior.com/wp-content/uploads/2023/05/Mirror.jpeg,wordpress-migration/2023/05/Mirror.jpeg,/media/wordpress-migration/2023/05/Mirror.jpeg,Mirror.jpeg,/home/manus/cove-storefront/public/media/wordpress-migration/2023/05/Mirror.jpeg,processed,existing_local_file_reused,existing_record_reused,http_200,200,200354,eccbf8834b127080786d48e414e61219d604d149c594a6d4df3334735bca5e95,171,
255,https://coveinterior.com/wp-content/uploads/2023/05/Wall-Painting-Blue.jpeg,wordpress-migration/2023/05/Wall-Painting-Blue.jpeg,/media/wordpress-migration/2023/05/Wall-Painting-Blue.jpeg,Wall-Painting-Blue.jpeg,/home/manus/cove-storefront/public/media/wordpress-migration/2023/05/Wall-Painting-Blue.jpeg,processed,existing_local_file_reused,existing_record_reused,http_200,200,247583,4e841b7eea8cfbc436e1d2b9057799a795728c66076e6ffc37001c4a7a8e7c9a,172,
256,https://coveinterior.com/wp-content/uploads/2023/05/Wall-Painting-pink.jpeg,wordpress-migration/2023/05/Wall-Painting-pink.jpeg,/media/wordpress-migration/2023/05/Wall-Painting-pink.jpeg,Wall-Painting-pink.jpeg,/home/manus/cove-storefront/public/media/wordpress-migration/2023/05/Wall-Painting-pink.jpeg,processed,existing_local_file_reused,existing_record_reused,http_200,200,303954,309cedc29d0f11f4f232c2ea1163ee2845c2cd496ee10122c1701bc563d52be1,173,
257,https://coveinterior.com/wp-content/uploads/2023/07/Roshina-2-darkveneer-wood-1.jpg,wordpress-migration/2023/07/Roshina-2-darkveneer-wood-1.jpg,/media/wordpress-migration/2023/07/Roshina-2-darkveneer-wood-1.jpg,Roshina-2-darkveneer-wood-1.jpg,/home/manus/cove-storefront/public/media/wordpress-migration/2023/07/Roshina-2-darkveneer-wood-1.jpg,processed,existing_local_file_reused,existing_record_reused,http_200,200,106267,3898538556dac66638a71d37c3ae3aaa6c9a94a0842fb29ae5288f269835c70a,174,
258,https://coveinterior.com/wp-content/uploads/2023/07/Roshina-2-darkveneer-wood-2.jpg,wordpress-migration/2023/07/Roshina-2-darkveneer-wood-2.jpg,/media/wordpress-migration/2023/07/Roshina-2-darkveneer-wood-2.jpg,Roshina-2-darkveneer-wood-2.jpg,/home/manus/cove-storefront/public/media/wordpress-migration/2023/07/Roshina-2-darkveneer-wood-2.jpg,processed,existing_local_file_reused,existing_record_reused,http_200,200,116582,4bd43bfa6b4db9754ac94ed7926fa21304c30e7049999f9c595369634e2996dc,175,
259,https://coveinterior.com/wp-content/uploads/2023/07/Roshina-2-darkveneer-wood-3.jpg,wordpress-migration/2023/07/Roshina-2-darkveneer-wood-3.jpg,/media/wordpress-migration/2023/07/Roshina-2-darkveneer-wood-3.jpg,Roshina-2-darkveneer-wood-3.jpg,/home/manus/cove-storefront/public/media/wordpress-migration/2023/07/Roshina-2-darkveneer-wood-3.jpg,processed,existing_local_file_reused,existing_record_reused,http_200,200,54452,c9ddeeca961613a89b465da58052656e82d2cd8a8959987b7c09f60bb9206f6c,176,
260,https://coveinterior.com/wp-content/uploads/2023/07/Roshina-2-darkveneer-wood-4.jpg,wordpress-migration/2023/07/Roshina-2-darkveneer-wood-4.jpg,/media/wordpress-migration/2023/07/Roshina-2-darkveneer-wood-4.jpg,Roshina-2-darkveneer-wood-4.jpg,/home/manus/cove-storefront/public/media/wordpress-migration/2023/07/Roshina-2-darkveneer-wood-4.jpg,processed,existing_local_file_reused,existing_record_reused,http_200,200,208549,a8a0919f41ed5342d515135fc96480bedb0d5f7467d9897fad721de01930c902,177,
261,https://coveinterior.com/wp-content/uploads/2023/07/Roshina-3-Camel-1.jpg,wordpress-migration/2023/07/Roshina-3-Camel-1.jpg,/media/wordpress-migration/2023/07/Roshina-3-Camel-1.jpg,Roshina-3-Camel-1.jpg,/home/manus/cove-storefront/public/media/wordpress-migration/2023/07/Roshina-3-Camel-1.jpg,processed,existing_local_file_reused,existing_record_reused,http_200,200,280106,e73a15cace323ef17f7d3c1a455bb61e9824e69fee40bec17957836bbe9f5735,178,
262,https://coveinterior.com/wp-content/uploads/2023/07/Roshina-3-Camel-2.jpg,wordpress-migration/2023/07/Roshina-3-Camel-2.jpg,/media/wordpress-migration/2023/07/Roshina-3-Camel-2.jpg,Roshina-3-Camel-2.jpg,/home/manus/cove-storefront/public/media/wordpress-migration/2023/07/Roshina-3-Camel-2.jpg,processed,existing_local_file_reused,existing_record_reused,http_200,200,322753,126f10d47a02574c122dc00846470ebfb7f9fa8a47ff1dd9a6814e2a78f55f39,179,
263,https://coveinterior.com/wp-content/uploads/2023/07/Roshina-3-Camel-3.jpg,wordpress-migration/2023/07/Roshina-3-Camel-3.jpg,/media/wordpress-migration/2023/07/Roshina-3-Camel-3.jpg,Roshina-3-Camel-3.jpg,/home/manus/cove-storefront/public/media/wordpress-migration/2023/07/Roshina-3-Camel-3.jpg,processed,existing_local_file_reused,existing_record_reused,http_200,200,313146,41b59b099551357824c70ab5579ae9b0f546375aa7937f4b8402480fdb7442d2,180,
264,https://coveinterior.com/wp-content/uploads/2023/07/Roshina-3-camel-4-1.jpg,wordpress-migration/2023/07/Roshina-3-camel-4-1.jpg,/media/wordpress-migration/2023/07/Roshina-3-camel-4-1.jpg,Roshina-3-camel-4-1.jpg,/home/manus/cove-storefront/public/media/wordpress-migration/2023/07/Roshina-3-camel-4-1.jpg,processed,existing_local_file_reused,existing_record_reused,http_200,200,165764,d39aea6c77d47a65670138f15b225563c0660ab19ba630257a2a3e7f9bc82042,190,
265,https://coveinterior.com/wp-content/uploads/2023/07/Roshina-3-camel-4.jpg,wordpress-migration/2023/07/Roshina-3-camel-4.jpg,/media/wordpress-migration/2023/07/Roshina-3-camel-4.jpg,Roshina-3-camel-4.jpg,/home/manus/cove-storefront/public/media/wordpress-migration/2023/07/Roshina-3-camel-4.jpg,processed,existing_local_file_reused,existing_record_reused,http_200,200,164667,76536082f83bc01afe7c05f8c9a69f36ec22ca5b3e38e146ba32add600d3abb5,191,
266,https://coveinterior.com/wp-content/uploads/2023/07/Roshina-3-camel-5.jpg,wordpress-migration/2023/07/Roshina-3-camel-5.jpg,/media/wordpress-migration/2023/07/Roshina-3-camel-5.jpg,Roshina-3-camel-5.jpg,/home/manus/cove-storefront/public/media/wordpress-migration/2023/07/Roshina-3-camel-5.jpg,processed,existing_local_file_reused,existing_record_reused,http_200,200,144706,09cbc1fd705cb8eab7a9192fc9ca51ba32c8ea794a54c1b5f49ee93225c9585a,192,
267,https://coveinterior.com/wp-content/uploads/2023/07/Roshina-3-Light-blue-1.jpg,wordpress-migration/2023/07/Roshina-3-Light-blue-1.jpg,/media/wordpress-migration/2023/07/Roshina-3-Light-blue-1.jpg,Roshina-3-Light-blue-1.jpg,/home/manus/cove-storefront/public/media/wordpress-migration/2023/07/Roshina-3-Light-blue-1.jpg,processed,existing_local_file_reused,existing_record_reused,http_200,200,234759,ba933c11d8ab0a129530c6d6a6d155e73374466c799f4735545862693684fbec,181,
268,https://coveinterior.com/wp-content/uploads/2023/07/Roshina-3-Light-blue-2.jpg,wordpress-migration/2023/07/Roshina-3-Light-blue-2.jpg,/media/wordpress-migration/2023/07/Roshina-3-Light-blue-2.jpg,Roshina-3-Light-blue-2.jpg,/home/manus/cove-storefront/public/media/wordpress-migration/2023/07/Roshina-3-Light-blue-2.jpg,processed,existing_local_file_reused,existing_record_reused,http_200,200,285195,961c8f6fd2ba802e615bb6c6640bffd37216f9e2f594ded480afc5c52c6cf04a,182,
269,https://coveinterior.com/wp-content/uploads/2023/07/Roshina-3-Light-blue-3.jpg,wordpress-migration/2023/07/Roshina-3-Light-blue-3.jpg,/media/wordpress-migration/2023/07/Roshina-3-Light-blue-3.jpg,Roshina-3-Light-blue-3.jpg,/home/manus/cove-storefront/public/media/wordpress-migration/2023/07/Roshina-3-Light-blue-3.jpg,processed,existing_local_file_reused,existing_record_reused,http_200,200,303475,ce2aeab338f677f3b8cff2c8b2049294d4187b893c72658ae5d2990c8b79b84d,183,
270,https://coveinterior.com/wp-content/uploads/2023/07/Roshina-3-light-blue-4-1.jpg,wordpress-migration/2023/07/Roshina-3-light-blue-4-1.jpg,/media/wordpress-migration/2023/07/Roshina-3-light-blue-4-1.jpg,Roshina-3-light-blue-4-1.jpg,/home/manus/cove-storefront/public/media/wordpress-migration/2023/07/Roshina-3-light-blue-4-1.jpg,processed,existing_local_file_reused,existing_record_reused,http_200,200,163441,5b70081d8ddfd1c3ecb516cfa2b169aba8b71d274ba8a678a1c08b625e7afa87,193,
271,https://coveinterior.com/wp-content/uploads/2023/07/Roshina-3-light-blue-4.jpg,wordpress-migration/2023/07/Roshina-3-light-blue-4.jpg,/media/wordpress-migration/2023/07/Roshina-3-light-blue-4.jpg,Roshina-3-light-blue-4.jpg,/home/manus/cove-storefront/public/media/wordpress-migration/2023/07/Roshina-3-light-blue-4.jpg,processed,existing_local_file_reused,existing_record_reused,http_200,200,158551,15649338e978d83a47d3063484d407e5b6f53eb512bdd0f0d55de91712f53cee,194,
272,https://coveinterior.com/wp-content/uploads/2023/07/Roshina-3-light-blue-5.jpg,wordpress-migration/2023/07/Roshina-3-light-blue-5.jpg,/media/wordpress-migration/2023/07/Roshina-3-light-blue-5.jpg,Roshina-3-light-blue-5.jpg,/home/manus/cove-storefront/public/media/wordpress-migration/2023/07/Roshina-3-light-blue-5.jpg,processed,existing_local_file_reused,existing_record_reused,http_200,200,138468,245891ae12d1c1a2f2a08d5460bf4f98ad91a4a120bd3ef6c70311946c0d4971,195,
273,https://coveinterior.com/wp-content/uploads/2023/07/Roshina-3-Maroon-1.jpg,wordpress-migration/2023/07/Roshina-3-Maroon-1.jpg,/media/wordpress-migration/2023/07/Roshina-3-Maroon-1.jpg,Roshina-3-Maroon-1.jpg,/home/manus/cove-storefront/public/media/wordpress-migration/2023/07/Roshina-3-Maroon-1.jpg,processed,existing_local_file_reused,existing_record_reused,http_200,200,260367,c42d2233b7d7e9f58b01f5c930a7d228934912331f22f2dbedbceca42c44577e,184,
274,https://coveinterior.com/wp-content/uploads/2023/07/Roshina-3-Maroon-2.jpg,wordpress-migration/2023/07/Roshina-3-Maroon-2.jpg,/media/wordpress-migration/2023/07/Roshina-3-Maroon-2.jpg,Roshina-3-Maroon-2.jpg,/home/manus/cove-storefront/public/media/wordpress-migration/2023/07/Roshina-3-Maroon-2.jpg,processed,existing_local_file_reused,existing_record_reused,http_200,200,299979,2b4770782096724f87ccd788e09d3387fdca37fd760bdeed2a2942361a7bd865,185,
275,https://coveinterior.com/wp-content/uploads/2023/07/Roshina-3-Maroon-3.jpg,wordpress-migration/2023/07/Roshina-3-Maroon-3.jpg,/media/wordpress-migration/2023/07/Roshina-3-Maroon-3.jpg,Roshina-3-Maroon-3.jpg,/home/manus/cove-storefront/public/media/wordpress-migration/2023/07/Roshina-3-Maroon-3.jpg,processed,existing_local_file_reused,existing_record_reused,http_200,200,308296,902ae2b45f33f956e8b209adf56bb9cf933c7553caae261d687a8fce68b75a71,186,
276,https://coveinterior.com/wp-content/uploads/2023/07/Roshina-3-Maroon-4-1.jpg,wordpress-migration/2023/07/Roshina-3-Maroon-4-1.jpg,/media/wordpress-migration/2023/07/Roshina-3-Maroon-4-1.jpg,Roshina-3-Maroon-4-1.jpg,/home/manus/cove-storefront/public/media/wordpress-migration/2023/07/Roshina-3-Maroon-4-1.jpg,processed,existing_local_file_reused,existing_record_reused,http_200,200,170435,fd8702d3451f721a7268717a8911033769e4866197317b1a111350e8668c2043,187,
277,https://coveinterior.com/wp-content/uploads/2023/07/Roshina-3-Maroon-4.jpg,wordpress-migration/2023/07/Roshina-3-Maroon-4.jpg,/media/wordpress-migration/2023/07/Roshina-3-Maroon-4.jpg,Roshina-3-Maroon-4.jpg,/home/manus/cove-storefront/public/media/wordpress-migration/2023/07/Roshina-3-Maroon-4.jpg,processed,existing_local_file_reused,existing_record_reused,http_200,200,162585,1ace913633fa527e56032a3d5ae7d84cb1e7ed91966d503ea59389f1b4149188,188,
278,https://coveinterior.com/wp-content/uploads/2023/07/Roshina-3-Maroon-5.jpg,wordpress-migration/2023/07/Roshina-3-Maroon-5.jpg,/media/wordpress-migration/2023/07/Roshina-3-Maroon-5.jpg,Roshina-3-Maroon-5.jpg,/home/manus/cove-storefront/public/media/wordpress-migration/2023/07/Roshina-3-Maroon-5.jpg,processed,existing_local_file_reused,existing_record_reused,http_200,200,140027,b066a4e3df90a0d77b8e52134511c7311c9afb9ff6811fc0628b780e385bf092,189,
279,https://coveinterior.com/wp-content/uploads/2023/08/accessories-1.jpg,wordpress-migration/2023/08/accessories-1.jpg,/media/wordpress-migration/2023/08/accessories-1.jpg,accessories-1.jpg,/home/manus/cove-storefront/public/media/wordpress-migration/2023/08/accessories-1.jpg,processed,existing_local_file_reused,existing_record_reused,http_200,200,246050,8e8111b410d20d903e2acefc9288371d837d02ec1df9a947b293957818e25852,196,
280,https://coveinterior.com/wp-content/uploads/2023/08/classic-157-225-4x4-1.jpg,wordpress-migration/2023/08/classic-157-225-4x4-1.jpg,/media/wordpress-migration/2023/08/classic-157-225-4x4-1.jpg,classic-157-225-4x4-1.jpg,/home/manus/cove-storefront/public/media/wordpress-migration/2023/08/classic-157-225-4x4-1.jpg,processed,existing_local_file_reused,existing_record_reused,http_200,200,374380,1721f033bcd2351cca514b91bef2fdb02dddff5f34b6965d1677137440650b75,197,
281,https://coveinterior.com/wp-content/uploads/2023/08/country-112-4x4-1.jpg,wordpress-migration/2023/08/country-112-4x4-1.jpg,/media/wordpress-migration/2023/08/country-112-4x4-1.jpg,country-112-4x4-1.jpg,/home/manus/cove-storefront/public/media/wordpress-migration/2023/08/country-112-4x4-1.jpg,processed,existing_local_file_reused,existing_record_reused,http_200,200,408078,304777fb656ca678d111e7d649383e7c2949df961ffcbd3fb66e83174f251310,198,
282,https://coveinterior.com/wp-content/uploads/2023/08/country-167-4x4-1.jpg,wordpress-migration/2023/08/country-167-4x4-1.jpg,/media/wordpress-migration/2023/08/country-167-4x4-1.jpg,country-167-4x4-1.jpg,/home/manus/cove-storefront/public/media/wordpress-migration/2023/08/country-167-4x4-1.jpg,processed,existing_local_file_reused,existing_record_reused,http_200,200,400123,b9062bcf8c310a197c1d2bb4eaeb8792b21a72cddb9682d871227aee013bb68e,199,
283,https://coveinterior.com/wp-content/uploads/2023/08/country-62-4x4-1.jpg,wordpress-migration/2023/08/country-62-4x4-1.jpg,/media/wordpress-migration/2023/08/country-62-4x4-1.jpg,country-62-4x4-1.jpg,/home/manus/cove-storefront/public/media/wordpress-migration/2023/08/country-62-4x4-1.jpg,processed,existing_local_file_reused,existing_record_reused,http_200,200,473827,a45130977b615eb6c51fcc6e17d4cfd1e0b7d599f5dce454c1a6e5b6b2c89bf4,486,
284,https://coveinterior.com/wp-content/uploads/2023/08/curve-4x4-1.jpg,wordpress-migration/2023/08/curve-4x4-1.jpg,/media/wordpress-migration/2023/08/curve-4x4-1.jpg,curve-4x4-1.jpg,/home/manus/cove-storefront/public/media/wordpress-migration/2023/08/curve-4x4-1.jpg,processed,existing_local_file_reused,existing_record_reused,http_200,200,297221,0d82538b8b77c9ae6d201566741097ec0336d132fddf2ed676e295d8dec4b008,201,
285,https://coveinterior.com/wp-content/uploads/2023/08/de-cove-4x4-1.jpg,wordpress-migration/2023/08/de-cove-4x4-1.jpg,/media/wordpress-migration/2023/08/de-cove-4x4-1.jpg,de-cove-4x4-1.jpg,/home/manus/cove-storefront/public/media/wordpress-migration/2023/08/de-cove-4x4-1.jpg,processed,existing_local_file_reused,existing_record_reused,http_200,200,313313,de12f15ac6ca3289f332d12cb6489a1c63c0a1ab6dab5702f66793903578d296,202,
286,https://coveinterior.com/wp-content/uploads/2023/08/mini-cove-4x4-1.jpg,wordpress-migration/2023/08/mini-cove-4x4-1.jpg,/media/wordpress-migration/2023/08/mini-cove-4x4-1.jpg,mini-cove-4x4-1.jpg,/home/manus/cove-storefront/public/media/wordpress-migration/2023/08/mini-cove-4x4-1.jpg,processed,existing_local_file_reused,existing_record_reused,http_200,200,297852,ad3b1e794906102b3061791c204b9929dc73738001bd55591c3c4015d7256c42,203,
287,https://coveinterior.com/wp-content/uploads/2023/08/tray.jpg,wordpress-migration/2023/08/tray.jpg,/media/wordpress-migration/2023/08/tray.jpg,tray.jpg,/home/manus/cove-storefront/public/media/wordpress-migration/2023/08/tray.jpg,processed,existing_local_file_reused,existing_record_reused,http_200,200,2159472,a2b58ad1c699b49ba8ebc7a1d3378d332ce5b38917005ef76a67866f463a7f83,204,
288,https://coveinterior.com/wp-content/uploads/2023/10/Circle-Off-White.jpg,wordpress-migration/2023/10/Circle-Off-White.jpg,/media/wordpress-migration/2023/10/Circle-Off-White.jpg,Circle-Off-White.jpg,/home/manus/cove-storefront/public/media/wordpress-migration/2023/10/Circle-Off-White.jpg,processed,existing_local_file_reused,existing_record_reused,http_200,200,4213,1e97d83ac594f24672fe40b3b14e95c2d0ab6d2dc0dcd7cceab0eb0985051b2d,207,
289,https://coveinterior.com/wp-content/uploads/2023/10/Roshina-boxes.jpg,wordpress-migration/2023/10/Roshina-boxes.jpg,/media/wordpress-migration/2023/10/Roshina-boxes.jpg,Roshina-boxes.jpg,/home/manus/cove-storefront/public/media/wordpress-migration/2023/10/Roshina-boxes.jpg,processed,existing_local_file_reused,existing_record_reused,http_200,200,134109,682617c84340317ee5675d04028941759cbeb77ba10396824219a4defbad6e88,208,
290,https://coveinterior.com/wp-content/uploads/2023/10/Secret-Potion-–-N1.jpeg,wordpress-migration/2023/10/Secret-Potion-–-N1.jpeg,/media/wordpress-migration/2023/10/Secret-Potion-–-N1.jpeg,Secret-Potion-–-N1.jpeg,/home/manus/cove-storefront/public/media/wordpress-migration/2023/10/Secret-Potion-–-N1.jpeg,processed,existing_local_file_reused,existing_record_reused,http_200,200,65090,3bda8ddc0ce15bf1f0068358de5cb12d67dab3ecd81ba1f59f823ec93d66e7aa,209,
291,https://coveinterior.com/wp-content/uploads/2023/10/Secret-Potion-–-N3.jpeg,wordpress-migration/2023/10/Secret-Potion-–-N3.jpeg,/media/wordpress-migration/2023/10/Secret-Potion-–-N3.jpeg,Secret-Potion-–-N3.jpeg,/home/manus/cove-storefront/public/media/wordpress-migration/2023/10/Secret-Potion-–-N3.jpeg,processed,existing_local_file_reused,existing_record_reused,http_200,200,75768,a3bd22eb0c6909d61fbc6d406d9e13b25ba649fae9d5a06c8fae4bc27b05a44b,210,
292,https://coveinterior.com/wp-content/uploads/2023/10/Shelf-Unit-Black.jpg,wordpress-migration/2023/10/Shelf-Unit-Black.jpg,/media/wordpress-migration/2023/10/Shelf-Unit-Black.jpg,Shelf-Unit-Black.jpg,/home/manus/cove-storefront/public/media/wordpress-migration/2023/10/Shelf-Unit-Black.jpg,processed,existing_local_file_reused,existing_record_reused,http_200,200,3542,5a994d9a9c4a4eda14c243e969b29ae2e9df289db0daf20de26a389bf3b1a9b5,211,
293,https://coveinterior.com/wp-content/uploads/2023/10/Shelf-Unit-Dark-Gray.jpg,wordpress-migration/2023/10/Shelf-Unit-Dark-Gray.jpg,/media/wordpress-migration/2023/10/Shelf-Unit-Dark-Gray.jpg,Shelf-Unit-Dark-Gray.jpg,/home/manus/cove-storefront/public/media/wordpress-migration/2023/10/Shelf-Unit-Dark-Gray.jpg,processed,existing_local_file_reused,existing_record_reused,http_200,200,3615,699fe4250c1302191a36eab7882576bf5fc8d8eeabcdc755ea690e021c8c4e61,212,
294,https://coveinterior.com/wp-content/uploads/2023/10/slide-1.jpg,wordpress-migration/2023/10/slide-1.jpg,/media/wordpress-migration/2023/10/slide-1.jpg,slide-1.jpg,/home/manus/cove-storefront/public/media/wordpress-migration/2023/10/slide-1.jpg,processed,existing_local_file_reused,existing_record_reused,http_200,200,106636,da91334ac2ec273fad4df06e554742184c1bb5830b86c7bece1a5588e5ea2ab2,487,
295,https://coveinterior.com/wp-content/uploads/2023/10/slide-3.jpg,wordpress-migration/2023/10/slide-3.jpg,/media/wordpress-migration/2023/10/slide-3.jpg,slide-3.jpg,/home/manus/cove-storefront/public/media/wordpress-migration/2023/10/slide-3.jpg,processed,existing_local_file_reused,existing_record_reused,http_200,200,117921,54ee9d043f355e8c39729ecb4ef70e6de5eab00d045e5fd788c14510995fc943,488,
296,https://coveinterior.com/wp-content/uploads/2023/10/slide-4.jpg,wordpress-migration/2023/10/slide-4.jpg,/media/wordpress-migration/2023/10/slide-4.jpg,slide-4.jpg,/home/manus/cove-storefront/public/media/wordpress-migration/2023/10/slide-4.jpg,processed,existing_local_file_reused,existing_record_reused,http_200,200,112229,c2711badc18afaa64d87b1fcf50bf3e11f405087a8b2b0139f0a53e746dadde6,489,
297,https://coveinterior.com/wp-content/uploads/2023/10/Trapezoid-Dark-Gray.jpg,wordpress-migration/2023/10/Trapezoid-Dark-Gray.jpg,/media/wordpress-migration/2023/10/Trapezoid-Dark-Gray.jpg,Trapezoid-Dark-Gray.jpg,/home/manus/cove-storefront/public/media/wordpress-migration/2023/10/Trapezoid-Dark-Gray.jpg,processed,existing_local_file_reused,existing_record_reused,http_200,200,6892,94390ae8b3fdbb62cb262278690ef3da49dcbecd31213ea96e5058d159a128eb,213,
298,https://coveinterior.com/wp-content/uploads/2023/10/Trapezoid-Light-Beige.jpg,wordpress-migration/2023/10/Trapezoid-Light-Beige.jpg,/media/wordpress-migration/2023/10/Trapezoid-Light-Beige.jpg,Trapezoid-Light-Beige.jpg,/home/manus/cove-storefront/public/media/wordpress-migration/2023/10/Trapezoid-Light-Beige.jpg,processed,existing_local_file_reused,existing_record_reused,http_200,200,4660,87d75be62e35a318979f7b3d59f63e94c074542d01e27c61076c734678f9f4d8,214,
299,https://coveinterior.com/wp-content/uploads/2023/10/Trapezoid-White-and-Gray.jpg,wordpress-migration/2023/10/Trapezoid-White-and-Gray.jpg,/media/wordpress-migration/2023/10/Trapezoid-White-and-Gray.jpg,Trapezoid-White-and-Gray.jpg,/home/manus/cove-storefront/public/media/wordpress-migration/2023/10/Trapezoid-White-and-Gray.jpg,processed,existing_local_file_reused,existing_record_reused,http_200,200,6059,3f45fe23e2c0a56127d14b1f1724f1afb0faaca6e47303871863ca66675581d8,215,
300,https://coveinterior.com/wp-content/uploads/2023/11/dark-paint.jpeg,wordpress-migration/2023/11/dark-paint.jpeg,/media/wordpress-migration/2023/11/dark-paint.jpeg,dark-paint.jpeg,/home/manus/cove-storefront/public/media/wordpress-migration/2023/11/dark-paint.jpeg,processed,existing_local_file_reused,existing_record_reused,http_200,200,288501,aa04fb6febc538166c2dc30d934ddd52ddc521f1b33637c138f1b1481f3a1c82,217,
301,https://coveinterior.com/wp-content/uploads/2023/11/God-Names.jpeg,wordpress-migration/2023/11/God-Names.jpeg,/media/wordpress-migration/2023/11/God-Names.jpeg,God-Names.jpeg,/home/manus/cove-storefront/public/media/wordpress-migration/2023/11/God-Names.jpeg,processed,existing_local_file_reused,existing_record_reused,http_200,200,359763,36b12e4e4d06ac7bf2c711bdc28eeacc75b85827fa447a7ebc4687668095ee7c,216,
302,https://coveinterior.com/wp-content/uploads/2023/11/light-paint.jpeg,wordpress-migration/2023/11/light-paint.jpeg,/media/wordpress-migration/2023/11/light-paint.jpeg,light-paint.jpeg,/home/manus/cove-storefront/public/media/wordpress-migration/2023/11/light-paint.jpeg,processed,existing_local_file_reused,existing_record_reused,http_200,200,253821,fa8f90bacfed2dba8f7c43c0976629af14af2b5d0ebb7bff936eb92daa0c09db,218,
303,https://coveinterior.com/wp-content/uploads/2023/11/mirror.jpeg,wordpress-migration/2023/11/mirror.jpeg,/media/wordpress-migration/2023/11/mirror.jpeg,mirror.jpeg,/home/manus/cove-storefront/public/media/wordpress-migration/2023/11/mirror.jpeg,processed,existing_local_file_reused,existing_record_reused,http_200,200,393272,cd9e191e03c8ae75610e44685d0c3985d150c7f2d825ea6e89614d877a2d94e3,219,
304,https://coveinterior.com/wp-content/uploads/2023/11/paint-1.png,wordpress-migration/2023/11/paint-1.png,/media/wordpress-migration/2023/11/paint-1.png,paint-1.png,/home/manus/cove-storefront/public/media/wordpress-migration/2023/11/paint-1.png,processed,existing_local_file_reused,existing_record_reused,http_200,200,397409,cfe6e721210dd95ae5c276b11b7b8258f6f26f3cecc34ea991eb05f76d055d42,220,
305,https://coveinterior.com/wp-content/uploads/2023/11/paint-2.png,wordpress-migration/2023/11/paint-2.png,/media/wordpress-migration/2023/11/paint-2.png,paint-2.png,/home/manus/cove-storefront/public/media/wordpress-migration/2023/11/paint-2.png,processed,existing_local_file_reused,existing_record_reused,http_200,200,545466,7dce26d728f405ce8376b168c8b456685aa7e8121ae814be523c775a979fe68f,221,
306,https://coveinterior.com/wp-content/uploads/2023/12/accessories-1-en.jpg,wordpress-migration/2023/12/accessories-1-en.jpg,/media/wordpress-migration/2023/12/accessories-1-en.jpg,accessories-1-en.jpg,/home/manus/cove-storefront/public/media/wordpress-migration/2023/12/accessories-1-en.jpg,processed,existing_local_file_reused,existing_record_reused,http_200,200,330334,9c0a0990ae87035d6cca7e397e74d811b0300080a90c5dc0c6cd4167d8899e63,490,
307,https://coveinterior.com/wp-content/uploads/2023/12/accessories-1-en.webp,wordpress-migration/2023/12/accessories-1-en.webp,/media/wordpress-migration/2023/12/accessories-1-en.webp,accessories-1-en.webp,/home/manus/cove-storefront/public/media/wordpress-migration/2023/12/accessories-1-en.webp,processed,existing_local_file_reused,existing_record_reused,http_200,200,31310,1d588f6493c571f8607c241d018e53513a4530288d7a15ca484bcd206b9b82a2,491,
308,https://coveinterior.com/wp-content/uploads/2023/12/DSF6832-Websize-1.jpg,wordpress-migration/2023/12/DSF6832-Websize-1.jpg,/media/wordpress-migration/2023/12/DSF6832-Websize-1.jpg,DSF6832-Websize-1.jpg,/home/manus/cove-storefront/public/media/wordpress-migration/2023/12/DSF6832-Websize-1.jpg,processed,existing_local_file_reused,existing_record_reused,http_200,200,1747428,b97db6f435052acfd536a1ac9c36cf812c0659ff1c8f1cdccf3bc29b143f9940,222,
309,https://coveinterior.com/wp-content/uploads/2023/12/Mini-Roshina-Mubkhar-black-set.jpg,wordpress-migration/2023/12/Mini-Roshina-Mubkhar-black-set.jpg,/media/wordpress-migration/2023/12/Mini-Roshina-Mubkhar-black-set.jpg,Mini-Roshina-Mubkhar-black-set.jpg,/home/manus/cove-storefront/public/media/wordpress-migration/2023/12/Mini-Roshina-Mubkhar-black-set.jpg,processed,existing_local_file_reused,existing_record_reused,http_200,200,622524,e7c4e4ef76a894e231a88fe64e0340da3686d9844f25da725c03cee03cb039ec,250,
310,https://coveinterior.com/wp-content/uploads/2023/12/MR1-black-opened.jpg,wordpress-migration/2023/12/MR1-black-opened.jpg,/media/wordpress-migration/2023/12/MR1-black-opened.jpg,MR1-black-opened.jpg,/home/manus/cove-storefront/public/media/wordpress-migration/2023/12/MR1-black-opened.jpg,processed,existing_local_file_reused,existing_record_reused,http_200,200,185337,2df50f6ad0543c70afc3c82f38e80f640dff0382a1dcfe760f19839bef05b4e2,223,
311,https://coveinterior.com/wp-content/uploads/2023/12/MR1-white-opened.jpg-new.jpg,wordpress-migration/2023/12/MR1-white-opened.jpg-new.jpg,/media/wordpress-migration/2023/12/MR1-white-opened.jpg-new.jpg,MR1-white-opened.jpg-new.jpg,/home/manus/cove-storefront/public/media/wordpress-migration/2023/12/MR1-white-opened.jpg-new.jpg,processed,existing_local_file_reused,existing_record_reused,http_200,200,190390,da627d65b58f725446a919a17d4b218b8eddde7fb79a9dfbaf778a68a8810ce2,226,
312,https://coveinterior.com/wp-content/uploads/2023/12/MR2-black-closed.jpg,wordpress-migration/2023/12/MR2-black-closed.jpg,/media/wordpress-migration/2023/12/MR2-black-closed.jpg,MR2-black-closed.jpg,/home/manus/cove-storefront/public/media/wordpress-migration/2023/12/MR2-black-closed.jpg,processed,existing_local_file_reused,existing_record_reused,http_200,200,198017,11c71759d69c5bc1b00482661c4e8d95c53cea7b78a4620e63edb620e2601cdc,227,
313,https://coveinterior.com/wp-content/uploads/2023/12/MR2-gray-closed.jpg,wordpress-migration/2023/12/MR2-gray-closed.jpg,/media/wordpress-migration/2023/12/MR2-gray-closed.jpg,MR2-gray-closed.jpg,/home/manus/cove-storefront/public/media/wordpress-migration/2023/12/MR2-gray-closed.jpg,processed,existing_local_file_reused,existing_record_reused,http_200,200,200859,a734b48454c2ed2746b2cf1ed0041c2a134885cd97dce20a7d1823c1f9c4edb2,228,
314,https://coveinterior.com/wp-content/uploads/2023/12/MR2-white-closed.jpg-new.jpg,wordpress-migration/2023/12/MR2-white-closed.jpg-new.jpg,/media/wordpress-migration/2023/12/MR2-white-closed.jpg-new.jpg,MR2-white-closed.jpg-new.jpg,/home/manus/cove-storefront/public/media/wordpress-migration/2023/12/MR2-white-closed.jpg-new.jpg,processed,existing_local_file_reused,existing_record_reused,http_200,200,196474,ceb3b09e58f305c2bf24088adb07bfb567ca90fa2100c5098521bc5df4d7fce2,229,
315,https://coveinterior.com/wp-content/uploads/2023/12/MR3-black-closed.jpg,wordpress-migration/2023/12/MR3-black-closed.jpg,/media/wordpress-migration/2023/12/MR3-black-closed.jpg,MR3-black-closed.jpg,/home/manus/cove-storefront/public/media/wordpress-migration/2023/12/MR3-black-closed.jpg,processed,existing_local_file_reused,existing_record_reused,http_200,200,246553,ede0170396338a8d9932719f3bb0044e7496dbd960709cf070460a001252411f,230,
316,https://coveinterior.com/wp-content/uploads/2023/12/MR3-black-opened.jpg,wordpress-migration/2023/12/MR3-black-opened.jpg,/media/wordpress-migration/2023/12/MR3-black-opened.jpg,MR3-black-opened.jpg,/home/manus/cove-storefront/public/media/wordpress-migration/2023/12/MR3-black-opened.jpg,processed,existing_local_file_reused,existing_record_reused,http_200,200,262335,bb1eddb9fe63b61686173be7ca05d6f1a83f6e06c2d660a0b6fc7902ca81964e,232,
317,https://coveinterior.com/wp-content/uploads/2023/12/MR3-gray-closed.jpg,wordpress-migration/2023/12/MR3-gray-closed.jpg,/media/wordpress-migration/2023/12/MR3-gray-closed.jpg,MR3-gray-closed.jpg,/home/manus/cove-storefront/public/media/wordpress-migration/2023/12/MR3-gray-closed.jpg,processed,existing_local_file_reused,existing_record_reused,http_200,200,251358,0262056c52fb17e782e27fb2527d096578e0e113f9aec12df4ec0ba620b9de01,234,
318,https://coveinterior.com/wp-content/uploads/2023/12/MR3-gray-opened.jpg,wordpress-migration/2023/12/MR3-gray-opened.jpg,/media/wordpress-migration/2023/12/MR3-gray-opened.jpg,MR3-gray-opened.jpg,/home/manus/cove-storefront/public/media/wordpress-migration/2023/12/MR3-gray-opened.jpg,processed,existing_local_file_reused,existing_record_reused,http_200,200,271876,f8023dcfdc9c4f9b9027df43d52bcc1e99552d25ff707b304f23ea28e162d05c,236,
319,https://coveinterior.com/wp-content/uploads/2023/12/MR3-white-closed.jpg-new.jpg,wordpress-migration/2023/12/MR3-white-closed.jpg-new.jpg,/media/wordpress-migration/2023/12/MR3-white-closed.jpg-new.jpg,MR3-white-closed.jpg-new.jpg,/home/manus/cove-storefront/public/media/wordpress-migration/2023/12/MR3-white-closed.jpg-new.jpg,processed,existing_local_file_reused,existing_record_reused,http_200,200,252558,67e7f8eb701a38fdda1b07b6ae8c0b45ef6b3e7c51cefba47faf05a0b13a597f,238,
320,https://coveinterior.com/wp-content/uploads/2023/12/MR3-white-opened.jpg-new.jpg,wordpress-migration/2023/12/MR3-white-opened.jpg-new.jpg,/media/wordpress-migration/2023/12/MR3-white-opened.jpg-new.jpg,MR3-white-opened.jpg-new.jpg,/home/manus/cove-storefront/public/media/wordpress-migration/2023/12/MR3-white-opened.jpg-new.jpg,processed,existing_local_file_reused,existing_record_reused,http_200,200,278177,90de0c64d026e76e8199d0763605cf9dced0203854aaa98797689fc39507c348,239,
321,https://coveinterior.com/wp-content/uploads/2023/12/MR4-gray.jpg,wordpress-migration/2023/12/MR4-gray.jpg,/media/wordpress-migration/2023/12/MR4-gray.jpg,MR4-gray.jpg,/home/manus/cove-storefront/public/media/wordpress-migration/2023/12/MR4-gray.jpg,processed,existing_local_file_reused,existing_record_reused,http_200,200,164739,2fc35ecae4c734e57431248d61b9f67a5231956028022af6158c2120287a4f7a,241,
322,https://coveinterior.com/wp-content/uploads/2023/12/MR5-black.jpg,wordpress-migration/2023/12/MR5-black.jpg,/media/wordpress-migration/2023/12/MR5-black.jpg,MR5-black.jpg,/home/manus/cove-storefront/public/media/wordpress-migration/2023/12/MR5-black.jpg,processed,existing_local_file_reused,existing_record_reused,http_200,200,197859,ed4afce67fb11e2ffbc633491b0cacacceffe9be95cf56609245c72d739c9c2c,242,
323,https://coveinterior.com/wp-content/uploads/2023/12/MR5-gray.jpg,wordpress-migration/2023/12/MR5-gray.jpg,/media/wordpress-migration/2023/12/MR5-gray.jpg,MR5-gray.jpg,/home/manus/cove-storefront/public/media/wordpress-migration/2023/12/MR5-gray.jpg,processed,existing_local_file_reused,existing_record_reused,http_200,200,199185,7fd21a4679821305e9ea7ea1582053537625c2937b6d5f11b1ab1f0927c90e2c,244,
324,https://coveinterior.com/wp-content/uploads/2023/12/MR5-white.jpg-new.jpg,wordpress-migration/2023/12/MR5-white.jpg-new.jpg,/media/wordpress-migration/2023/12/MR5-white.jpg-new.jpg,MR5-white.jpg-new.jpg,/home/manus/cove-storefront/public/media/wordpress-migration/2023/12/MR5-white.jpg-new.jpg,processed,existing_local_file_reused,existing_record_reused,http_200,200,199687,64870b61fc18fab0a5e8807573b4a273e63898263fd72783f5210e165262188b,245,
325,https://coveinterior.com/wp-content/uploads/2023/12/MR6-black.jpg,wordpress-migration/2023/12/MR6-black.jpg,/media/wordpress-migration/2023/12/MR6-black.jpg,MR6-black.jpg,/home/manus/cove-storefront/public/media/wordpress-migration/2023/12/MR6-black.jpg,processed,existing_local_file_reused,existing_record_reused,http_200,200,118143,e95b840b8a0023d72278918c14a5fc65dc9542c426a2e6026dba490fe9df35fb,246,
326,https://coveinterior.com/wp-content/uploads/2023/12/MR6-gray.jpg,wordpress-migration/2023/12/MR6-gray.jpg,/media/wordpress-migration/2023/12/MR6-gray.jpg,MR6-gray.jpg,/home/manus/cove-storefront/public/media/wordpress-migration/2023/12/MR6-gray.jpg,processed,existing_local_file_reused,existing_record_reused,http_200,200,129970,a6c4cdfeff10a6362eb97b1f52797cc7af87335eda597b1f703df1f80637c9aa,248,
327,https://coveinterior.com/wp-content/uploads/2023/12/MR6-white.jpg,wordpress-migration/2023/12/MR6-white.jpg,/media/wordpress-migration/2023/12/MR6-white.jpg,MR6-white.jpg,/home/manus/cove-storefront/public/media/wordpress-migration/2023/12/MR6-white.jpg,processed,existing_local_file_reused,existing_record_reused,http_200,200,123323,2507ddaf9feb343298ea712a952d66c80eb0f4be32022251b6e96eb7cfde0317,249,
328,https://coveinterior.com/wp-content/uploads/2023/12/oak-table-1.png,wordpress-migration/2023/12/oak-table-1.png,/media/wordpress-migration/2023/12/oak-table-1.png,oak-table-1.png,/home/manus/cove-storefront/public/media/wordpress-migration/2023/12/oak-table-1.png,processed,existing_local_file_reused,existing_record_reused,http_200,200,757455,9b9430e87fae70d50ccf421af0bb5809bc0fb71f7d943ecd9dfd415edbfdf34d,251,
329,https://coveinterior.com/wp-content/uploads/2023/12/roshina-Boxes.jpg,wordpress-migration/2023/12/roshina-Boxes.jpg,/media/wordpress-migration/2023/12/roshina-Boxes.jpg,roshina-Boxes.jpg,/home/manus/cove-storefront/public/media/wordpress-migration/2023/12/roshina-Boxes.jpg,processed,existing_local_file_reused,existing_record_reused,http_200,200,270501,17c958f5edf920a20a3996fa2e6d51fd702f5cbc0235e39a75c061abc5b4d824,492,
330,https://coveinterior.com/wp-content/uploads/2023/12/tissue-box-beige.jpg,wordpress-migration/2023/12/tissue-box-beige.jpg,/media/wordpress-migration/2023/12/tissue-box-beige.jpg,tissue-box-beige.jpg,/home/manus/cove-storefront/public/media/wordpress-migration/2023/12/tissue-box-beige.jpg,processed,existing_local_file_reused,existing_record_reused,http_200,200,1570662,d5ccb409f904d80c953e92da42a5d90cf0ee18d290cac2f7989459319beead80,254,
331,https://coveinterior.com/wp-content/uploads/2023/12/tissue-box-beige.webp,wordpress-migration/2023/12/tissue-box-beige.webp,/media/wordpress-migration/2023/12/tissue-box-beige.webp,tissue-box-beige.webp,/home/manus/cove-storefront/public/media/wordpress-migration/2023/12/tissue-box-beige.webp,processed,existing_local_file_reused,existing_record_reused,http_200,200,161160,791501610fd471e1522f8127714563c4c95dbc1872a7f13e6cc22a0b4703181e,255,
332,https://coveinterior.com/wp-content/uploads/2023/12/tissue-box-black.jpg,wordpress-migration/2023/12/tissue-box-black.jpg,/media/wordpress-migration/2023/12/tissue-box-black.jpg,tissue-box-black.jpg,/home/manus/cove-storefront/public/media/wordpress-migration/2023/12/tissue-box-black.jpg,processed,existing_local_file_reused,existing_record_reused,http_200,200,1471671,b758980e20c1f726461b5264d2f1d1311321635e9ea22983103fb657b3212b9b,256,
333,https://coveinterior.com/wp-content/uploads/2023/12/tissue-box-black.webp,wordpress-migration/2023/12/tissue-box-black.webp,/media/wordpress-migration/2023/12/tissue-box-black.webp,tissue-box-black.webp,/home/manus/cove-storefront/public/media/wordpress-migration/2023/12/tissue-box-black.webp,processed,existing_local_file_reused,existing_record_reused,http_200,200,126690,bee451dcf20b2140620fe1eb47c750e86350e987eca8ed2440d357bd8c39944b,257,
334,https://coveinterior.com/wp-content/uploads/2023/12/tissue-box-Bronze.jpg,wordpress-migration/2023/12/tissue-box-Bronze.jpg,/media/wordpress-migration/2023/12/tissue-box-Bronze.jpg,tissue-box-Bronze.jpg,/home/manus/cove-storefront/public/media/wordpress-migration/2023/12/tissue-box-Bronze.jpg,processed,existing_local_file_reused,existing_record_reused,http_200,200,1578619,b481bbd4af13a9d5f9455ec0dc187fe4492748b6822d1bc63c1ba675c6f3580a,252,
335,https://coveinterior.com/wp-content/uploads/2023/12/tissue-box-Bronze.webp,wordpress-migration/2023/12/tissue-box-Bronze.webp,/media/wordpress-migration/2023/12/tissue-box-Bronze.webp,tissue-box-Bronze.webp,/home/manus/cove-storefront/public/media/wordpress-migration/2023/12/tissue-box-Bronze.webp,processed,existing_local_file_reused,existing_record_reused,http_200,200,143844,8dcce7a03e4b819cc7b354769cdd9b81131bbdeadc7c4865e98b078d2014ad8e,253,
336,https://coveinterior.com/wp-content/uploads/2023/12/tissue-box-sizes.jpg,wordpress-migration/2023/12/tissue-box-sizes.jpg,/media/wordpress-migration/2023/12/tissue-box-sizes.jpg,tissue-box-sizes.jpg,/home/manus/cove-storefront/public/media/wordpress-migration/2023/12/tissue-box-sizes.jpg,processed,existing_local_file_reused,existing_record_reused,http_200,200,161886,eb011447e929b500c5d4d426cea2447d39e4452cf0e1b5abd54b31eca35eccef,258,
337,https://coveinterior.com/wp-content/uploads/2024/01/لوحة-اسماء-الله-الحسنى-الرباعية-450.jpeg,wordpress-migration/2024/01/لوحة-اسماء-الله-الحسنى-الرباعية-450.jpeg,/media/wordpress-migration/2024/01/لوحة-اسماء-الله-الحسنى-الرباعية-450.jpeg,لوحة-اسماء-الله-الحسنى-الرباعية-450.jpeg,/home/manus/cove-storefront/public/media/wordpress-migration/2024/01/لوحة-اسماء-الله-الحسنى-الرباعية-450.jpeg,processed,existing_local_file_reused,existing_record_reused,http_200,200,395021,28ca15c43444d20a1a783eedb0f9faedc827748db97d03871ef68e001952bb08,259,
338,https://coveinterior.com/wp-content/uploads/2024/01/لوحة-الأبواب-130.jpeg,wordpress-migration/2024/01/لوحة-الأبواب-130.jpeg,/media/wordpress-migration/2024/01/لوحة-الأبواب-130.jpeg,لوحة-الأبواب-130.jpeg,/home/manus/cove-storefront/public/media/wordpress-migration/2024/01/لوحة-الأبواب-130.jpeg,processed,existing_local_file_reused,existing_record_reused,http_200,200,173099,de7a6a94842e877ce49c20edf781490cb7f23a358a5c98fded2704658a5d7bd4,260,
339,https://coveinterior.com/wp-content/uploads/2024/01/لوحة-البسملة-60.jpeg,wordpress-migration/2024/01/لوحة-البسملة-60.jpeg,/media/wordpress-migration/2024/01/لوحة-البسملة-60.jpeg,لوحة-البسملة-60.jpeg,/home/manus/cove-storefront/public/media/wordpress-migration/2024/01/لوحة-البسملة-60.jpeg,processed,existing_local_file_reused,existing_record_reused,http_200,200,151714,79fdeaa0f1d5ebf3d4e02dc21bcedc54e429b5ab23f443f4b6fb41e2d36700f1,261,
340,https://coveinterior.com/wp-content/uploads/2024/01/لوحة-البسملة-60.webp,wordpress-migration/2024/01/لوحة-البسملة-60.webp,/media/wordpress-migration/2024/01/لوحة-البسملة-60.webp,لوحة-البسملة-60.webp,/home/manus/cove-storefront/public/media/wordpress-migration/2024/01/لوحة-البسملة-60.webp,processed,existing_local_file_reused,existing_record_reused,http_200,200,83360,0f1cc04e35a79bef8aeefb2141797ef8d0b4c3de46320e0f67e39130e079b120,262,
341,https://coveinterior.com/wp-content/uploads/2024/01/لوحة-الطاووس-150.jpeg,wordpress-migration/2024/01/لوحة-الطاووس-150.jpeg,/media/wordpress-migration/2024/01/لوحة-الطاووس-150.jpeg,لوحة-الطاووس-150.jpeg,/home/manus/cove-storefront/public/media/wordpress-migration/2024/01/لوحة-الطاووس-150.jpeg,processed,existing_local_file_reused,existing_record_reused,http_200,200,103413,f8e4717115cc91b5def0b60b2b8d8bfb738438f10564753abb11009865d88f93,263,
342,https://coveinterior.com/wp-content/uploads/2024/01/لوحة-العفو-150.jpeg,wordpress-migration/2024/01/لوحة-العفو-150.jpeg,/media/wordpress-migration/2024/01/لوحة-العفو-150.jpeg,لوحة-العفو-150.jpeg,/home/manus/cove-storefront/public/media/wordpress-migration/2024/01/لوحة-العفو-150.jpeg,processed,existing_local_file_reused,existing_record_reused,http_200,200,419945,b9c19552e185866efaad4d0247ac4ea927c563da4b0467563d7acc1019a6c784,264,
343,https://coveinterior.com/wp-content/uploads/2024/01/لوحة-الفلق-140.jpeg,wordpress-migration/2024/01/لوحة-الفلق-140.jpeg,/media/wordpress-migration/2024/01/لوحة-الفلق-140.jpeg,لوحة-الفلق-140.jpeg,/home/manus/cove-storefront/public/media/wordpress-migration/2024/01/لوحة-الفلق-140.jpeg,processed,existing_local_file_reused,existing_record_reused,http_200,200,824733,425b718151916286db1d08971d50a187ec1f9426a5c7914711f9677c679cf792,265,
344,https://coveinterior.com/wp-content/uploads/2024/01/لوحة-الكرسي-150.jpeg,wordpress-migration/2024/01/لوحة-الكرسي-150.jpeg,/media/wordpress-migration/2024/01/لوحة-الكرسي-150.jpeg,لوحة-الكرسي-150.jpeg,/home/manus/cove-storefront/public/media/wordpress-migration/2024/01/لوحة-الكرسي-150.jpeg,processed,existing_local_file_reused,existing_record_reused,http_200,200,742820,2eb64a8bbb34e53c30049998bd0129d76b98efa36929e98369b88dd070cfe95d,266,
345,https://coveinterior.com/wp-content/uploads/2024/01/لوحة-تكرار-الله-130.jpeg,wordpress-migration/2024/01/لوحة-تكرار-الله-130.jpeg,/media/wordpress-migration/2024/01/لوحة-تكرار-الله-130.jpeg,لوحة-تكرار-الله-130.jpeg,/home/manus/cove-storefront/public/media/wordpress-migration/2024/01/لوحة-تكرار-الله-130.jpeg,processed,existing_local_file_reused,existing_record_reused,http_200,200,25765,13ad51f5d37bcd77365a8e400ca008533ab9ff227624e0959765a2f69161cae7,267,
346,https://coveinterior.com/wp-content/uploads/2024/01/لوحة-كن-جميلاً-60.jpeg,wordpress-migration/2024/01/لوحة-كن-جميلاً-60.jpeg,/media/wordpress-migration/2024/01/لوحة-كن-جميلاً-60.jpeg,لوحة-كن-جميلاً-60.jpeg,/home/manus/cove-storefront/public/media/wordpress-migration/2024/01/لوحة-كن-جميلاً-60.jpeg,processed,existing_local_file_reused,existing_record_reused,http_200,200,556527,c85b18ef3b1781f8dc2a37a3d1909edcb6a448e3f3834ddb91b5971a2e7031b0,268,
347,https://coveinterior.com/wp-content/uploads/2024/01/لوحة-لا-اله-الا-الله-130.jpeg,wordpress-migration/2024/01/لوحة-لا-اله-الا-الله-130.jpeg,/media/wordpress-migration/2024/01/لوحة-لا-اله-الا-الله-130.jpeg,لوحة-لا-اله-الا-الله-130.jpeg,/home/manus/cove-storefront/public/media/wordpress-migration/2024/01/لوحة-لا-اله-الا-الله-130.jpeg,processed,existing_local_file_reused,existing_record_reused,http_200,200,683650,ce2f135375333cae323ab9a7456e787b231b79171c44e9947d9e723d45854e75,269,
348,https://coveinterior.com/wp-content/uploads/2024/05/1.jpeg,wordpress-migration/2024/05/1.jpeg,/media/wordpress-migration/2024/05/1.jpeg,1.jpeg,/home/manus/cove-storefront/public/media/wordpress-migration/2024/05/1.jpeg,processed,existing_local_file_reused,existing_record_reused,http_200,200,278247,41c11a6ca0ae7b613589b56ee15b20c21ac99978d866b3a275ab7ad4ef42bae3,270,
349,https://coveinterior.com/wp-content/uploads/2024/06/DSF3203-websize.jpg,wordpress-migration/2024/06/DSF3203-websize.jpg,/media/wordpress-migration/2024/06/DSF3203-websize.jpg,DSF3203-websize.jpg,/home/manus/cove-storefront/public/media/wordpress-migration/2024/06/DSF3203-websize.jpg,processed,existing_local_file_reused,existing_record_reused,http_200,200,770655,a4ef1e6b2589ac761f53e9754a6bb23fb85c14ee55fdf7a3ef088914731bbae9,493,
350,https://coveinterior.com/wp-content/uploads/2024/06/DSF3205-websize.jpg,wordpress-migration/2024/06/DSF3205-websize.jpg,/media/wordpress-migration/2024/06/DSF3205-websize.jpg,DSF3205-websize.jpg,/home/manus/cove-storefront/public/media/wordpress-migration/2024/06/DSF3205-websize.jpg,processed,existing_local_file_reused,existing_record_reused,http_200,200,832619,4ba367b434b4fd9443fdabe64e855de11833a709d7512d238579235a71c2ea68,494,
351,https://coveinterior.com/wp-content/uploads/2024/06/DSF3206-websize.jpg,wordpress-migration/2024/06/DSF3206-websize.jpg,/media/wordpress-migration/2024/06/DSF3206-websize.jpg,DSF3206-websize.jpg,/home/manus/cove-storefront/public/media/wordpress-migration/2024/06/DSF3206-websize.jpg,processed,existing_local_file_reused,existing_record_reused,http_200,200,705253,e33f6e9a78dbf01236499a806444c399f0b84dc93697d5fb868c827062d636dd,495,
352,https://coveinterior.com/wp-content/uploads/2024/06/DSF3208-websize.jpg,wordpress-migration/2024/06/DSF3208-websize.jpg,/media/wordpress-migration/2024/06/DSF3208-websize.jpg,DSF3208-websize.jpg,/home/manus/cove-storefront/public/media/wordpress-migration/2024/06/DSF3208-websize.jpg,processed,existing_local_file_reused,existing_record_reused,http_200,200,731831,dfa3006207724f4662a0a9c4837bd945fa5afb0b93d2f0aecacb72f6cc4f6a14,496,
353,https://coveinterior.com/wp-content/uploads/2024/06/DSF3223-websize.jpg,wordpress-migration/2024/06/DSF3223-websize.jpg,/media/wordpress-migration/2024/06/DSF3223-websize.jpg,DSF3223-websize.jpg,/home/manus/cove-storefront/public/media/wordpress-migration/2024/06/DSF3223-websize.jpg,processed,existing_local_file_reused,existing_record_reused,http_200,200,846253,75e986133ec089939696068d4d3580da3d61cd99c3ecff99893a5ad4cbf7ecc1,497,
354,https://coveinterior.com/wp-content/uploads/2024/06/DSF3226-websize.jpg,wordpress-migration/2024/06/DSF3226-websize.jpg,/media/wordpress-migration/2024/06/DSF3226-websize.jpg,DSF3226-websize.jpg,/home/manus/cove-storefront/public/media/wordpress-migration/2024/06/DSF3226-websize.jpg,processed,existing_local_file_reused,existing_record_reused,http_200,200,565844,aef39d510072d20e7f13a6c919648f892497dca9ec0870d199fbd26cdae609ad,498,
355,https://coveinterior.com/wp-content/uploads/2024/06/DSF3228-websize.jpg,wordpress-migration/2024/06/DSF3228-websize.jpg,/media/wordpress-migration/2024/06/DSF3228-websize.jpg,DSF3228-websize.jpg,/home/manus/cove-storefront/public/media/wordpress-migration/2024/06/DSF3228-websize.jpg,processed,existing_local_file_reused,existing_record_reused,http_200,200,818663,d2cac2f94a969eb7089d0169ee13632d6a4376cd8fc9ca9dcfb3f6c7ee22710c,499,
356,https://coveinterior.com/wp-content/uploads/2024/06/DSF3232-websize.jpg,wordpress-migration/2024/06/DSF3232-websize.jpg,/media/wordpress-migration/2024/06/DSF3232-websize.jpg,DSF3232-websize.jpg,/home/manus/cove-storefront/public/media/wordpress-migration/2024/06/DSF3232-websize.jpg,processed,existing_local_file_reused,existing_record_reused,http_200,200,885916,a6f0a66ed8d3528ee69c69f4240241fe23af647758e4a71047dc70c0b523d3ca,500,
357,https://coveinterior.com/wp-content/uploads/2024/06/DSF3235-websize.jpg,wordpress-migration/2024/06/DSF3235-websize.jpg,/media/wordpress-migration/2024/06/DSF3235-websize.jpg,DSF3235-websize.jpg,/home/manus/cove-storefront/public/media/wordpress-migration/2024/06/DSF3235-websize.jpg,processed,existing_local_file_reused,existing_record_reused,http_200,200,791384,b4c7eefd9e40e4f5690f4cfd2f79d1c2a7c06d3aa0b5619c0dbcd9f2656ea97d,501,
358,https://coveinterior.com/wp-content/uploads/2024/06/DSF3240-websize.jpg,wordpress-migration/2024/06/DSF3240-websize.jpg,/media/wordpress-migration/2024/06/DSF3240-websize.jpg,DSF3240-websize.jpg,/home/manus/cove-storefront/public/media/wordpress-migration/2024/06/DSF3240-websize.jpg,processed,existing_local_file_reused,existing_record_reused,http_200,200,652147,d802627761b6f0b2c675390d73eea71d5b6b0ee3b77dcbaae4b90aecdb4f7b5a,502,
359,https://coveinterior.com/wp-content/uploads/2024/06/DSF3249-websize.jpg,wordpress-migration/2024/06/DSF3249-websize.jpg,/media/wordpress-migration/2024/06/DSF3249-websize.jpg,DSF3249-websize.jpg,/home/manus/cove-storefront/public/media/wordpress-migration/2024/06/DSF3249-websize.jpg,processed,existing_local_file_reused,existing_record_reused,http_200,200,728691,e719659da6e1b6aea3af11662c90428bc0e6e931d958bab723b85ec842599e17,503,
360,https://coveinterior.com/wp-content/uploads/2024/06/DSF3253-websize.jpg,wordpress-migration/2024/06/DSF3253-websize.jpg,/media/wordpress-migration/2024/06/DSF3253-websize.jpg,DSF3253-websize.jpg,/home/manus/cove-storefront/public/media/wordpress-migration/2024/06/DSF3253-websize.jpg,processed,existing_local_file_reused,existing_record_reused,http_200,200,748984,1ea53a4abecabc75d0a363cc008795427970dc42f89a01124151e6f7a6bd27bd,504,
361,https://coveinterior.com/wp-content/uploads/2024/06/DSF3254-websize.jpg,wordpress-migration/2024/06/DSF3254-websize.jpg,/media/wordpress-migration/2024/06/DSF3254-websize.jpg,DSF3254-websize.jpg,/home/manus/cove-storefront/public/media/wordpress-migration/2024/06/DSF3254-websize.jpg,processed,existing_local_file_reused,existing_record_reused,http_200,200,747683,6e7c0abd53fceef65439b22ad512f482a9c7abec381cfaf8298f30c1509d7b3a,505,
362,https://coveinterior.com/wp-content/uploads/2024/06/DSF3255-websize.jpg,wordpress-migration/2024/06/DSF3255-websize.jpg,/media/wordpress-migration/2024/06/DSF3255-websize.jpg,DSF3255-websize.jpg,/home/manus/cove-storefront/public/media/wordpress-migration/2024/06/DSF3255-websize.jpg,processed,existing_local_file_reused,existing_record_reused,http_200,200,794318,acacf10662357ec1bcd62c466d8b2ec9be8f81bddb8efacdda2af91314565c21,506,
363,https://coveinterior.com/wp-content/uploads/2024/06/DSF3256-websize.jpg,wordpress-migration/2024/06/DSF3256-websize.jpg,/media/wordpress-migration/2024/06/DSF3256-websize.jpg,DSF3256-websize.jpg,/home/manus/cove-storefront/public/media/wordpress-migration/2024/06/DSF3256-websize.jpg,processed,existing_local_file_reused,existing_record_reused,http_200,200,726807,cbc8f5f39554bdc24daeedfb71ca7e716e64e97e7b5303dfa459add6c31f0d03,507,
364,https://coveinterior.com/wp-content/uploads/2024/06/DSF3263-websize.jpg,wordpress-migration/2024/06/DSF3263-websize.jpg,/media/wordpress-migration/2024/06/DSF3263-websize.jpg,DSF3263-websize.jpg,/home/manus/cove-storefront/public/media/wordpress-migration/2024/06/DSF3263-websize.jpg,processed,existing_local_file_reused,existing_record_reused,http_200,200,657649,2a76ca93b3dac99f4ed8666b8ccdd2ce8afe534ceb5174cf0befa32ca0dc5966,508,
365,https://coveinterior.com/wp-content/uploads/2024/06/DSF3268-websize.jpg,wordpress-migration/2024/06/DSF3268-websize.jpg,/media/wordpress-migration/2024/06/DSF3268-websize.jpg,DSF3268-websize.jpg,/home/manus/cove-storefront/public/media/wordpress-migration/2024/06/DSF3268-websize.jpg,processed,existing_local_file_reused,existing_record_reused,http_200,200,750329,d88cd287d13a186991daa0598db76901a8e4a390c39825813fa34dd1fe39965d,509,
366,https://coveinterior.com/wp-content/uploads/2024/06/DSF3270-websize.jpg,wordpress-migration/2024/06/DSF3270-websize.jpg,/media/wordpress-migration/2024/06/DSF3270-websize.jpg,DSF3270-websize.jpg,/home/manus/cove-storefront/public/media/wordpress-migration/2024/06/DSF3270-websize.jpg,processed,existing_local_file_reused,existing_record_reused,http_200,200,754796,6bf80179de8ff0f870cb70e0bb2e638e4d5266dcafe3f866659b0ee513e17340,510,
367,https://coveinterior.com/wp-content/uploads/2024/06/DSF3271-websize.jpg,wordpress-migration/2024/06/DSF3271-websize.jpg,/media/wordpress-migration/2024/06/DSF3271-websize.jpg,DSF3271-websize.jpg,/home/manus/cove-storefront/public/media/wordpress-migration/2024/06/DSF3271-websize.jpg,processed,existing_local_file_reused,existing_record_reused,http_200,200,700920,abf073cbcdd149abeb810baa569bbb309a3c1e1d023cfee4ab582e7c21142a70,511,
368,https://coveinterior.com/wp-content/uploads/2024/06/DSF3273-websize.jpg,wordpress-migration/2024/06/DSF3273-websize.jpg,/media/wordpress-migration/2024/06/DSF3273-websize.jpg,DSF3273-websize.jpg,/home/manus/cove-storefront/public/media/wordpress-migration/2024/06/DSF3273-websize.jpg,processed,existing_local_file_reused,existing_record_reused,http_200,200,782637,f44b598ecadd934ac993318bd0149a52260e3e96e8b93bb5797ea9c8625968e1,512,
369,https://coveinterior.com/wp-content/uploads/2024/06/DSF3277-websize.jpg,wordpress-migration/2024/06/DSF3277-websize.jpg,/media/wordpress-migration/2024/06/DSF3277-websize.jpg,DSF3277-websize.jpg,/home/manus/cove-storefront/public/media/wordpress-migration/2024/06/DSF3277-websize.jpg,processed,existing_local_file_reused,existing_record_reused,http_200,200,768593,aadca73b5e9fd8c46515ea741215983ff6db77c1eeae211d494ecd2aed3433c7,513,
370,https://coveinterior.com/wp-content/uploads/2024/06/DSF3285-websize.jpg,wordpress-migration/2024/06/DSF3285-websize.jpg,/media/wordpress-migration/2024/06/DSF3285-websize.jpg,DSF3285-websize.jpg,/home/manus/cove-storefront/public/media/wordpress-migration/2024/06/DSF3285-websize.jpg,processed,existing_local_file_reused,existing_record_reused,http_200,200,670422,a053e566a0057896f76a22f6ca578e3ceab7cf200a7ca3947ddbf60a8c7bcaa2,514,
371,https://coveinterior.com/wp-content/uploads/2024/06/DSF3299-websize.jpg,wordpress-migration/2024/06/DSF3299-websize.jpg,/media/wordpress-migration/2024/06/DSF3299-websize.jpg,DSF3299-websize.jpg,/home/manus/cove-storefront/public/media/wordpress-migration/2024/06/DSF3299-websize.jpg,processed,existing_local_file_reused,existing_record_reused,http_200,200,857234,b62b5aef97114cb3107aca8d544cdb3d9849a6ad4ea0745bfabf4266607aa2da,515,
372,https://coveinterior.com/wp-content/uploads/2024/06/DSF3305-websize.jpg,wordpress-migration/2024/06/DSF3305-websize.jpg,/media/wordpress-migration/2024/06/DSF3305-websize.jpg,DSF3305-websize.jpg,/home/manus/cove-storefront/public/media/wordpress-migration/2024/06/DSF3305-websize.jpg,processed,existing_local_file_reused,existing_record_reused,http_200,200,696633,5b2886d13c6f74c0ceba360844e6199aa5417fa461856d38dc0e43177b4ef39e,516,
373,https://coveinterior.com/wp-content/uploads/2024/06/DSF3306-websize.jpg,wordpress-migration/2024/06/DSF3306-websize.jpg,/media/wordpress-migration/2024/06/DSF3306-websize.jpg,DSF3306-websize.jpg,/home/manus/cove-storefront/public/media/wordpress-migration/2024/06/DSF3306-websize.jpg,processed,existing_local_file_reused,existing_record_reused,http_200,200,727269,11bd711d7b112d9ecc5e0a8ed18d791b88661894a06208b330fb2348a2299e51,517,
374,https://coveinterior.com/wp-content/uploads/2024/06/DSF3315-websize.jpg,wordpress-migration/2024/06/DSF3315-websize.jpg,/media/wordpress-migration/2024/06/DSF3315-websize.jpg,DSF3315-websize.jpg,/home/manus/cove-storefront/public/media/wordpress-migration/2024/06/DSF3315-websize.jpg,processed,existing_local_file_reused,existing_record_reused,http_200,200,640454,dcc09f056d3ef51b66450391984dcf2370682a806ad28a0e04d33ef1147e3b5f,518,
375,https://coveinterior.com/wp-content/uploads/2024/06/DSF3317-websize.jpg,wordpress-migration/2024/06/DSF3317-websize.jpg,/media/wordpress-migration/2024/06/DSF3317-websize.jpg,DSF3317-websize.jpg,/home/manus/cove-storefront/public/media/wordpress-migration/2024/06/DSF3317-websize.jpg,processed,existing_local_file_reused,existing_record_reused,http_200,200,584619,f01b4e61a054b8c911eb15caa40fa666b888d33bc94c8c592ae5706cedd8db99,519,
376,https://coveinterior.com/wp-content/uploads/2024/06/DSF3318-websize.jpg,wordpress-migration/2024/06/DSF3318-websize.jpg,/media/wordpress-migration/2024/06/DSF3318-websize.jpg,DSF3318-websize.jpg,/home/manus/cove-storefront/public/media/wordpress-migration/2024/06/DSF3318-websize.jpg,processed,existing_local_file_reused,existing_record_reused,http_200,200,608854,a8c906367ee1ce11b43308d8260e26765b6f7e0aa2a0c777bd6cd2cb9c3a2e92,520,
377,https://coveinterior.com/wp-content/uploads/2024/06/DSF3327-websize.jpg,wordpress-migration/2024/06/DSF3327-websize.jpg,/media/wordpress-migration/2024/06/DSF3327-websize.jpg,DSF3327-websize.jpg,/home/manus/cove-storefront/public/media/wordpress-migration/2024/06/DSF3327-websize.jpg,processed,existing_local_file_reused,existing_record_reused,http_200,200,888311,a2de1a94b3f47cea5fe26f345c7b78cedb8e7e4e3aa61797d21fe6fb9e5a4635,521,
378,https://coveinterior.com/wp-content/uploads/2024/06/DSF3329-websize.jpg,wordpress-migration/2024/06/DSF3329-websize.jpg,/media/wordpress-migration/2024/06/DSF3329-websize.jpg,DSF3329-websize.jpg,/home/manus/cove-storefront/public/media/wordpress-migration/2024/06/DSF3329-websize.jpg,processed,existing_local_file_reused,existing_record_reused,http_200,200,654500,d422b6daa6871b138ede040b63808d2f40b03980f86516c990c7514a3fa8ecff,522,
379,https://coveinterior.com/wp-content/uploads/2024/06/DSF3350-websize.jpg,wordpress-migration/2024/06/DSF3350-websize.jpg,/media/wordpress-migration/2024/06/DSF3350-websize.jpg,DSF3350-websize.jpg,/home/manus/cove-storefront/public/media/wordpress-migration/2024/06/DSF3350-websize.jpg,processed,existing_local_file_reused,existing_record_reused,http_200,200,904304,da78e9ed4c6e91ae11ca9746785fac1fb7e336c910da4a1ffbe8d7baa820f540,523,
380,https://coveinterior.com/wp-content/uploads/2024/08/Big-lighter.jpeg,wordpress-migration/2024/08/Big-lighter.jpeg,/media/wordpress-migration/2024/08/Big-lighter.jpeg,Big-lighter.jpeg,/home/manus/cove-storefront/public/media/wordpress-migration/2024/08/Big-lighter.jpeg,processed,existing_local_file_reused,existing_record_reused,http_200,200,368370,dff062441bfad96b3d3555b911cadb24ef50db79b29dad2185e1be310c003b4c,271,
381,https://coveinterior.com/wp-content/uploads/2024/08/Black-lamp.jpeg,wordpress-migration/2024/08/Black-lamp.jpeg,/media/wordpress-migration/2024/08/Black-lamp.jpeg,Black-lamp.jpeg,/home/manus/cove-storefront/public/media/wordpress-migration/2024/08/Black-lamp.jpeg,processed,existing_local_file_reused,existing_record_reused,http_200,200,265497,0a22f5f594f1fe5cc7ed7ea80ae4fc852262df9b295297642f6bfe9f8b3cd52b,273,
382,https://coveinterior.com/wp-content/uploads/2024/08/Black-Mini-lighter.jpeg,wordpress-migration/2024/08/Black-Mini-lighter.jpeg,/media/wordpress-migration/2024/08/Black-Mini-lighter.jpeg,Black-Mini-lighter.jpeg,/home/manus/cove-storefront/public/media/wordpress-migration/2024/08/Black-Mini-lighter.jpeg,processed,existing_local_file_reused,existing_record_reused,http_200,200,285970,7c55aa00e2db7e558317e38d8090519bb27eccbb2128e7c4a7152f9e45977969,272,
383,https://coveinterior.com/wp-content/uploads/2024/08/Blue-lamp.jpeg,wordpress-migration/2024/08/Blue-lamp.jpeg,/media/wordpress-migration/2024/08/Blue-lamp.jpeg,Blue-lamp.jpeg,/home/manus/cove-storefront/public/media/wordpress-migration/2024/08/Blue-lamp.jpeg,processed,existing_local_file_reused,existing_record_reused,http_200,200,312125,3928dc14d11744b0ee1e094509d914b8788d24272238deeeb8c6d44671503bf0,274,
384,https://coveinterior.com/wp-content/uploads/2024/08/Gold-lamp.jpeg,wordpress-migration/2024/08/Gold-lamp.jpeg,/media/wordpress-migration/2024/08/Gold-lamp.jpeg,Gold-lamp.jpeg,/home/manus/cove-storefront/public/media/wordpress-migration/2024/08/Gold-lamp.jpeg,processed,existing_local_file_reused,existing_record_reused,http_200,200,353967,ed2d899195b2a2bd4342a1f866a01596e02c7773c953e4742282c63678101b91,275,
385,https://coveinterior.com/wp-content/uploads/2024/08/Oil-Flora.jpeg,wordpress-migration/2024/08/Oil-Flora.jpeg,/media/wordpress-migration/2024/08/Oil-Flora.jpeg,Oil-Flora.jpeg,/home/manus/cove-storefront/public/media/wordpress-migration/2024/08/Oil-Flora.jpeg,processed,existing_local_file_reused,existing_record_reused,http_200,200,156068,5d9ef38b6afb8891eeeb61bac496745a793f6e8a2420594863383d478345dd0e,276,
386,https://coveinterior.com/wp-content/uploads/2024/08/Oil-Hotel.jpeg,wordpress-migration/2024/08/Oil-Hotel.jpeg,/media/wordpress-migration/2024/08/Oil-Hotel.jpeg,Oil-Hotel.jpeg,/home/manus/cove-storefront/public/media/wordpress-migration/2024/08/Oil-Hotel.jpeg,processed,existing_local_file_reused,existing_record_reused,http_200,200,149041,783b4b2a66dc37b45995b24af70d45b6ac31716cd7414ff250c41511d10fb6a2,277,
387,https://coveinterior.com/wp-content/uploads/2024/08/Oil-Spa.jpeg,wordpress-migration/2024/08/Oil-Spa.jpeg,/media/wordpress-migration/2024/08/Oil-Spa.jpeg,Oil-Spa.jpeg,/home/manus/cove-storefront/public/media/wordpress-migration/2024/08/Oil-Spa.jpeg,processed,existing_local_file_reused,existing_record_reused,http_200,200,174817,cbf7eb1af4aaab40f44d6bd825b8be1891e12129b63bcc2670d59aa994f7c58b,278,
388,https://coveinterior.com/wp-content/uploads/2024/08/Oil-Vanilla.jpeg,wordpress-migration/2024/08/Oil-Vanilla.jpeg,/media/wordpress-migration/2024/08/Oil-Vanilla.jpeg,Oil-Vanilla.jpeg,/home/manus/cove-storefront/public/media/wordpress-migration/2024/08/Oil-Vanilla.jpeg,processed,existing_local_file_reused,existing_record_reused,http_200,200,230951,383d1f4238b1090185142787a6ed08d70392928c2cd805cd6546a271e3f6014c,279,
389,https://coveinterior.com/wp-content/uploads/2024/08/Rose-Gold-lamp.jpeg,wordpress-migration/2024/08/Rose-Gold-lamp.jpeg,/media/wordpress-migration/2024/08/Rose-Gold-lamp.jpeg,Rose-Gold-lamp.jpeg,/home/manus/cove-storefront/public/media/wordpress-migration/2024/08/Rose-Gold-lamp.jpeg,processed,existing_local_file_reused,existing_record_reused,http_200,200,296311,c6baf58448aab4dc7e8a330df3a901a57f0771ff781cfd7b9ca3712525bc5694,280,
390,https://coveinterior.com/wp-content/uploads/2024/08/Rose-Mini-Lighter.jpeg,wordpress-migration/2024/08/Rose-Mini-Lighter.jpeg,/media/wordpress-migration/2024/08/Rose-Mini-Lighter.jpeg,Rose-Mini-Lighter.jpeg,/home/manus/cove-storefront/public/media/wordpress-migration/2024/08/Rose-Mini-Lighter.jpeg,processed,existing_local_file_reused,existing_record_reused,http_200,200,151404,be9294fbb4a890e84e0e1616d9e2c102907dcc0bbce24558f9190c220e6193da,281,
391,https://coveinterior.com/wp-content/uploads/2024/08/Wick-lamp.jpeg,wordpress-migration/2024/08/Wick-lamp.jpeg,/media/wordpress-migration/2024/08/Wick-lamp.jpeg,Wick-lamp.jpeg,/home/manus/cove-storefront/public/media/wordpress-migration/2024/08/Wick-lamp.jpeg,processed,existing_local_file_reused,existing_record_reused,http_200,200,107388,e02369eaf7b1a5aa2d06d41f3ae96551b60ac853c737793f056c22baa77a2aad,282,
392,https://coveinterior.com/wp-content/uploads/2024/10/long.png,wordpress-migration/2024/10/long.png,/media/wordpress-migration/2024/10/long.png,long.png,/home/manus/cove-storefront/public/media/wordpress-migration/2024/10/long.png,processed,existing_local_file_reused,existing_record_reused,http_200,200,1506743,138595f321490f3a655d6f62473d84e9cd788bdad12ee1fb8a450f0aaa0d4e48,283,
393,https://coveinterior.com/wp-content/uploads/2024/10/standard.png,wordpress-migration/2024/10/standard.png,/media/wordpress-migration/2024/10/standard.png,standard.png,/home/manus/cove-storefront/public/media/wordpress-migration/2024/10/standard.png,processed,existing_local_file_reused,existing_record_reused,http_200,200,771960,483d97a123f9d790ce63bad215d1f3347f5da229eb8ef85aea577944038033ad,284,
394,https://coveinterior.com/wp-content/uploads/2024/12/chair.jpeg,wordpress-migration/2024/12/chair.jpeg,/media/wordpress-migration/2024/12/chair.jpeg,chair.jpeg,/home/manus/cove-storefront/public/media/wordpress-migration/2024/12/chair.jpeg,processed,existing_local_file_reused,existing_record_reused,http_200,200,117502,84a1c746c03d7f64d5aebf76b7b22b9fa3d7730378dba280e6f71ee18672ccec,285,
395,https://coveinterior.com/wp-content/uploads/2024/12/sofa-2.jpeg,wordpress-migration/2024/12/sofa-2.jpeg,/media/wordpress-migration/2024/12/sofa-2.jpeg,sofa-2.jpeg,/home/manus/cove-storefront/public/media/wordpress-migration/2024/12/sofa-2.jpeg,processed,existing_local_file_reused,existing_record_reused,http_200,200,117310,759cb508c69fde981f3ff8671b5a1d9d233d7d426fe3ac5af3e8e1beac784a3f,286,
396,https://coveinterior.com/wp-content/uploads/2024/12/sofa.jpeg,wordpress-migration/2024/12/sofa.jpeg,/media/wordpress-migration/2024/12/sofa.jpeg,sofa.jpeg,/home/manus/cove-storefront/public/media/wordpress-migration/2024/12/sofa.jpeg,processed,existing_local_file_reused,existing_record_reused,http_200,200,105425,e1c9baac70a41613163668239396d1e6f2c43568094710ca3ee8337fc8ff05ae,287,
397,https://coveinterior.com/wp-content/uploads/2025/02/Beige-2.jpg,wordpress-migration/2025/02/Beige-2.jpg,/media/wordpress-migration/2025/02/Beige-2.jpg,Beige-2.jpg,/home/manus/cove-storefront/public/media/wordpress-migration/2025/02/Beige-2.jpg,processed,existing_local_file_reused,existing_record_reused,http_200,200,558261,85036080896afe755d80c91ee80788623c38db920100cbeafda9694d628b47b2,288,
398,https://coveinterior.com/wp-content/uploads/2025/02/beige-3.jpg,wordpress-migration/2025/02/beige-3.jpg,/media/wordpress-migration/2025/02/beige-3.jpg,beige-3.jpg,/home/manus/cove-storefront/public/media/wordpress-migration/2025/02/beige-3.jpg,processed,existing_local_file_reused,existing_record_reused,http_200,200,558983,871bcd607bc512d605df4e50680d5a6fb1d47589aa5683e87df4a65922359e93,311,
399,https://coveinterior.com/wp-content/uploads/2025/02/beige-4.jpg,wordpress-migration/2025/02/beige-4.jpg,/media/wordpress-migration/2025/02/beige-4.jpg,beige-4.jpg,/home/manus/cove-storefront/public/media/wordpress-migration/2025/02/beige-4.jpg,processed,existing_local_file_reused,existing_record_reused,http_200,200,636603,95879859f1cce5b1233f8c469938e308525404be554c46205b998946d62c1068,312,
400,https://coveinterior.com/wp-content/uploads/2025/02/GFX3679-Edit-websize.png,wordpress-migration/2025/02/GFX3679-Edit-websize.png,/media/wordpress-migration/2025/02/GFX3679-Edit-websize.png,GFX3679-Edit-websize.png,/home/manus/cove-storefront/public/media/wordpress-migration/2025/02/GFX3679-Edit-websize.png,processed,existing_local_file_reused,existing_record_reused,http_200,200,1882135,e486adad1f3130bc599c4c51cf9518021a6b6d71552203b6cf33076798db0578,290,
401,https://coveinterior.com/wp-content/uploads/2025/02/GFX3680-Edit-websize.png,wordpress-migration/2025/02/GFX3680-Edit-websize.png,/media/wordpress-migration/2025/02/GFX3680-Edit-websize.png,GFX3680-Edit-websize.png,/home/manus/cove-storefront/public/media/wordpress-migration/2025/02/GFX3680-Edit-websize.png,processed,existing_local_file_reused,existing_record_reused,http_200,200,2110902,255c500c0fe3ba1ce9adf9d95ec96bf0bf4ab9c76fea341cb0293443d5ec12bc,291,
402,https://coveinterior.com/wp-content/uploads/2025/02/Mini-Roshina-1.jpg,wordpress-migration/2025/02/Mini-Roshina-1.jpg,/media/wordpress-migration/2025/02/Mini-Roshina-1.jpg,Mini-Roshina-1.jpg,/home/manus/cove-storefront/public/media/wordpress-migration/2025/02/Mini-Roshina-1.jpg,processed,existing_local_file_reused,existing_record_reused,http_200,200,195807,45097aa4e287c60f9db0a03515e61e6428ce3b0f4c864b169bead1fe757df688,292,
403,https://coveinterior.com/wp-content/uploads/2025/02/Mini-Roshina-3.jpg,wordpress-migration/2025/02/Mini-Roshina-3.jpg,/media/wordpress-migration/2025/02/Mini-Roshina-3.jpg,Mini-Roshina-3.jpg,/home/manus/cove-storefront/public/media/wordpress-migration/2025/02/Mini-Roshina-3.jpg,processed,existing_local_file_reused,existing_record_reused,http_200,200,246354,38941b9d70f421655034a585a781e2b24421cfc23452fd0530375c6cd63b7bcd,293,
404,https://coveinterior.com/wp-content/uploads/2025/02/Mini-Roshina-4.jpg,wordpress-migration/2025/02/Mini-Roshina-4.jpg,/media/wordpress-migration/2025/02/Mini-Roshina-4.jpg,Mini-Roshina-4.jpg,/home/manus/cove-storefront/public/media/wordpress-migration/2025/02/Mini-Roshina-4.jpg,processed,existing_local_file_reused,existing_record_reused,http_200,200,270327,fc73c80f140bb1276a45dfeb75b5ba147cc263acf4110b34ad04ace298d323e5,294,
405,https://coveinterior.com/wp-content/uploads/2025/02/Mini-Roshina-8.jpg,wordpress-migration/2025/02/Mini-Roshina-8.jpg,/media/wordpress-migration/2025/02/Mini-Roshina-8.jpg,Mini-Roshina-8.jpg,/home/manus/cove-storefront/public/media/wordpress-migration/2025/02/Mini-Roshina-8.jpg,processed,existing_local_file_reused,existing_record_reused,http_200,200,198750,be80e98bf56ba1616f3490406d09cfd7cef17d8292a553d25cefd3f43c0af5c2,295,
406,https://coveinterior.com/wp-content/uploads/2025/02/Mini-Roshina-9.jpg,wordpress-migration/2025/02/Mini-Roshina-9.jpg,/media/wordpress-migration/2025/02/Mini-Roshina-9.jpg,Mini-Roshina-9.jpg,/home/manus/cove-storefront/public/media/wordpress-migration/2025/02/Mini-Roshina-9.jpg,processed,existing_local_file_reused,existing_record_reused,http_200,200,127193,61cde0c595a45e85229d0dee87b54736ea8d756d4d46dec624790ac534a74da9,296,
407,https://coveinterior.com/wp-content/uploads/2025/02/Mini-roshina-Mubkhar-set.jpg,wordpress-migration/2025/02/Mini-roshina-Mubkhar-set.jpg,/media/wordpress-migration/2025/02/Mini-roshina-Mubkhar-set.jpg,Mini-roshina-Mubkhar-set.jpg,/home/manus/cove-storefront/public/media/wordpress-migration/2025/02/Mini-roshina-Mubkhar-set.jpg,processed,existing_local_file_reused,existing_record_reused,http_200,200,603520,30a7910dadeec9ea5e51c1d6b957c2c74929e016e2ee9e22f2708113d9a80452,297,
408,https://coveinterior.com/wp-content/uploads/2025/02/miniroshina-mubkhar-beige-set.png,wordpress-migration/2025/02/miniroshina-mubkhar-beige-set.png,/media/wordpress-migration/2025/02/miniroshina-mubkhar-beige-set.png,miniroshina-mubkhar-beige-set.png,/home/manus/cove-storefront/public/media/wordpress-migration/2025/02/miniroshina-mubkhar-beige-set.png,processed,existing_local_file_reused,existing_record_reused,http_200,200,1176709,c8008de976860f92f54d44974dd33e987a470f5a3a373c40b902926300ddf574,314,
409,https://coveinterior.com/wp-content/uploads/2025/02/Mubkhar-beige.jpg,wordpress-migration/2025/02/Mubkhar-beige.jpg,/media/wordpress-migration/2025/02/Mubkhar-beige.jpg,Mubkhar-beige.jpg,/home/manus/cove-storefront/public/media/wordpress-migration/2025/02/Mubkhar-beige.jpg,processed,existing_local_file_reused,existing_record_reused,http_200,200,1311516,1b0613d282028b2505ab89a0a7eee6781d57a96a5a09e466ef336ff4889294ee,301,
410,https://coveinterior.com/wp-content/uploads/2025/02/Mubkhar-black.jpg,wordpress-migration/2025/02/Mubkhar-black.jpg,/media/wordpress-migration/2025/02/Mubkhar-black.jpg,Mubkhar-black.jpg,/home/manus/cove-storefront/public/media/wordpress-migration/2025/02/Mubkhar-black.jpg,processed,existing_local_file_reused,existing_record_reused,http_200,200,1748523,5619c41b8348ca28d20b823b37fe32cfb904ddbae02a2387bb645446ea11906c,302,
411,https://coveinterior.com/wp-content/uploads/2025/02/Mubkhar-petrol.jpg,wordpress-migration/2025/02/Mubkhar-petrol.jpg,/media/wordpress-migration/2025/02/Mubkhar-petrol.jpg,Mubkhar-petrol.jpg,/home/manus/cove-storefront/public/media/wordpress-migration/2025/02/Mubkhar-petrol.jpg,processed,existing_local_file_reused,existing_record_reused,http_200,200,1592606,f93290f211eac354e6a6e5ac7e33eba10e5f909ca51e972b3e2bc35e41cee3c5,304,
412,https://coveinterior.com/wp-content/uploads/2025/02/Mubkhar-R1-beige.jpg,wordpress-migration/2025/02/Mubkhar-R1-beige.jpg,/media/wordpress-migration/2025/02/Mubkhar-R1-beige.jpg,Mubkhar-R1-beige.jpg,/home/manus/cove-storefront/public/media/wordpress-migration/2025/02/Mubkhar-R1-beige.jpg,processed,existing_local_file_reused,existing_record_reused,http_200,200,2209909,6ff1416ca7e65e62ca42fe5c0aa7f772325bc4e1b61bd0b604e414841dc1d6b5,298,
413,https://coveinterior.com/wp-content/uploads/2025/02/Mubkhar-R1-black.jpg,wordpress-migration/2025/02/Mubkhar-R1-black.jpg,/media/wordpress-migration/2025/02/Mubkhar-R1-black.jpg,Mubkhar-R1-black.jpg,/home/manus/cove-storefront/public/media/wordpress-migration/2025/02/Mubkhar-R1-black.jpg,processed,existing_local_file_reused,existing_record_reused,http_200,200,2363372,aeed48746baad7f1a36815de12bfd6c7e1a5967e3256c886ec37496a61c826fb,299,
414,https://coveinterior.com/wp-content/uploads/2025/02/Mubkhar-R1-petrol.jpg,wordpress-migration/2025/02/Mubkhar-R1-petrol.jpg,/media/wordpress-migration/2025/02/Mubkhar-R1-petrol.jpg,Mubkhar-R1-petrol.jpg,/home/manus/cove-storefront/public/media/wordpress-migration/2025/02/Mubkhar-R1-petrol.jpg,processed,existing_local_file_reused,existing_record_reused,http_200,200,2266042,b55bef5285b24fe6f19c8dea3519378294972f833acd30227dfa37c8c7161bcc,300,
415,https://coveinterior.com/wp-content/uploads/2025/02/roshina1-mubkhar-beige-set.jpg,wordpress-migration/2025/02/roshina1-mubkhar-beige-set.jpg,/media/wordpress-migration/2025/02/roshina1-mubkhar-beige-set.jpg,roshina1-mubkhar-beige-set.jpg,/home/manus/cove-storefront/public/media/wordpress-migration/2025/02/roshina1-mubkhar-beige-set.jpg,processed,existing_local_file_reused,existing_record_reused,http_200,200,571381,6112e4cf3eff653ba5955d92e707ad7d0b72342d59413ac7e67ff1361c2dbf2b,316,
416,https://coveinterior.com/wp-content/uploads/2025/02/roshina1-mubkhar-black-set.jpg,wordpress-migration/2025/02/roshina1-mubkhar-black-set.jpg,/media/wordpress-migration/2025/02/roshina1-mubkhar-black-set.jpg,roshina1-mubkhar-black-set.jpg,/home/manus/cove-storefront/public/media/wordpress-migration/2025/02/roshina1-mubkhar-black-set.jpg,processed,existing_local_file_reused,existing_record_reused,http_200,200,617527,772bfcc16bfe3702c4f63880260bc2b0dc9ae0d40f226ea9f9c2b9d9903afe93,317,
417,https://coveinterior.com/wp-content/uploads/2025/02/roshina1-mubkhar-petrol-set-1.jpg,wordpress-migration/2025/02/roshina1-mubkhar-petrol-set-1.jpg,/media/wordpress-migration/2025/02/roshina1-mubkhar-petrol-set-1.jpg,roshina1-mubkhar-petrol-set-1.jpg,/home/manus/cove-storefront/public/media/wordpress-migration/2025/02/roshina1-mubkhar-petrol-set-1.jpg,processed,existing_local_file_reused,existing_record_reused,http_200,200,584072,1b8b7cb306bd6585d61d678921786de0c3a7a757f032d001553c1ae842d342d2,318,
418,https://coveinterior.com/wp-content/uploads/2025/02/trash-bin-beige-1-zoom.png,wordpress-migration/2025/02/trash-bin-beige-1-zoom.png,/media/wordpress-migration/2025/02/trash-bin-beige-1-zoom.png,trash-bin-beige-1-zoom.png,/home/manus/cove-storefront/public/media/wordpress-migration/2025/02/trash-bin-beige-1-zoom.png,processed,existing_local_file_reused,existing_record_reused,http_200,200,1264212,c9d08a4f2a38906bd52a1162e9b8a645d0f9d5f311edc553c22c23fc1030fc49,319,
419,https://coveinterior.com/wp-content/uploads/2025/02/Trash-bin-beige-1.jpg,wordpress-migration/2025/02/Trash-bin-beige-1.jpg,/media/wordpress-migration/2025/02/Trash-bin-beige-1.jpg,Trash-bin-beige-1.jpg,/home/manus/cove-storefront/public/media/wordpress-migration/2025/02/Trash-bin-beige-1.jpg,processed,existing_local_file_reused,existing_record_reused,http_200,200,547458,be810dcac92ad36fcc5e5a601fcf7d959c03d1c55ef2d2b0e08ae733ced496cc,308,
420,https://coveinterior.com/wp-content/uploads/2025/02/trash-bin-beige-set.png,wordpress-migration/2025/02/trash-bin-beige-set.png,/media/wordpress-migration/2025/02/trash-bin-beige-set.png,trash-bin-beige-set.png,/home/manus/cove-storefront/public/media/wordpress-migration/2025/02/trash-bin-beige-set.png,processed,existing_local_file_reused,existing_record_reused,http_200,200,1655919,03c8d9769e07b19c97bdcbb48d2b4c1b53a779d9c14986493084b77555097827,320,
421,https://coveinterior.com/wp-content/uploads/2025/02/Trash-Bin-Beige.jpg,wordpress-migration/2025/02/Trash-Bin-Beige.jpg,/media/wordpress-migration/2025/02/Trash-Bin-Beige.jpg,Trash-Bin-Beige.jpg,/home/manus/cove-storefront/public/media/wordpress-migration/2025/02/Trash-Bin-Beige.jpg,processed,existing_local_file_reused,existing_record_reused,http_200,200,3348897,54df773f74446e2ed497909473584b1b2dc356cfdbc44f13c2455d03bce49fdc,305,
422,https://coveinterior.com/wp-content/uploads/2025/02/trash-bin-black-1-zoom.png,wordpress-migration/2025/02/trash-bin-black-1-zoom.png,/media/wordpress-migration/2025/02/trash-bin-black-1-zoom.png,trash-bin-black-1-zoom.png,/home/manus/cove-storefront/public/media/wordpress-migration/2025/02/trash-bin-black-1-zoom.png,processed,existing_local_file_reused,existing_record_reused,http_200,200,1344470,cb66f35466166e02517d2cfef32e5dc92c0894c03bd9f8907c507526a0b97751,321,
423,https://coveinterior.com/wp-content/uploads/2025/02/Trash-bin-black-1.jpg,wordpress-migration/2025/02/Trash-bin-black-1.jpg,/media/wordpress-migration/2025/02/Trash-bin-black-1.jpg,Trash-bin-black-1.jpg,/home/manus/cove-storefront/public/media/wordpress-migration/2025/02/Trash-bin-black-1.jpg,processed,existing_local_file_reused,existing_record_reused,http_200,200,506709,0af6a2ab507c347a989c40a28d1305921b9e64d7700d46a86c5e54861edba892,309,
424,https://coveinterior.com/wp-content/uploads/2025/02/trash-bin-black-set.png,wordpress-migration/2025/02/trash-bin-black-set.png,/media/wordpress-migration/2025/02/trash-bin-black-set.png,trash-bin-black-set.png,/home/manus/cove-storefront/public/media/wordpress-migration/2025/02/trash-bin-black-set.png,processed,existing_local_file_reused,existing_record_reused,http_200,200,1618885,ba22fa8b882a8069d66c75bf10dfb87bea6c7de2b3838b33420339ba27a9c3c9,322,
425,https://coveinterior.com/wp-content/uploads/2025/02/Trash-Bin-black.jpg,wordpress-migration/2025/02/Trash-Bin-black.jpg,/media/wordpress-migration/2025/02/Trash-Bin-black.jpg,Trash-Bin-black.jpg,/home/manus/cove-storefront/public/media/wordpress-migration/2025/02/Trash-Bin-black.jpg,processed,existing_local_file_reused,existing_record_reused,http_200,200,3353138,d0326b722a4ac07151518aa48aec60fa6e3ace2ce2958c121ee4d6d6b1702cdc,307,
426,https://coveinterior.com/wp-content/uploads/2025/02/trash-bin-bronze-1-zoom.png,wordpress-migration/2025/02/trash-bin-bronze-1-zoom.png,/media/wordpress-migration/2025/02/trash-bin-bronze-1-zoom.png,trash-bin-bronze-1-zoom.png,/home/manus/cove-storefront/public/media/wordpress-migration/2025/02/trash-bin-bronze-1-zoom.png,processed,existing_local_file_reused,existing_record_reused,http_200,200,1180037,9ab9cf7acb664317fbd0ad50eedfef45e7deff9f1b6b4769da08087947e88681,323,
427,https://coveinterior.com/wp-content/uploads/2025/02/Trash-bin-bronze-1.jpg,wordpress-migration/2025/02/Trash-bin-bronze-1.jpg,/media/wordpress-migration/2025/02/Trash-bin-bronze-1.jpg,Trash-bin-bronze-1.jpg,/home/manus/cove-storefront/public/media/wordpress-migration/2025/02/Trash-bin-bronze-1.jpg,processed,existing_local_file_reused,existing_record_reused,http_200,200,551873,1b10e2b8a253c9a3995ce6988d58b3f1da93716042b243aefb378ecf9fa24dfa,310,
428,https://coveinterior.com/wp-content/uploads/2025/02/trash-bin-bronze-set.png,wordpress-migration/2025/02/trash-bin-bronze-set.png,/media/wordpress-migration/2025/02/trash-bin-bronze-set.png,trash-bin-bronze-set.png,/home/manus/cove-storefront/public/media/wordpress-migration/2025/02/trash-bin-bronze-set.png,processed,existing_local_file_reused,existing_record_reused,http_200,200,1685847,5cae5fdffc83924a421c6536d77a7253778d031c04b5c0b41fee5e4965b6b718,324,
429,https://coveinterior.com/wp-content/uploads/2025/02/Trash-Bin-Bronze.jpg,wordpress-migration/2025/02/Trash-Bin-Bronze.jpg,/media/wordpress-migration/2025/02/Trash-Bin-Bronze.jpg,Trash-Bin-Bronze.jpg,/home/manus/cove-storefront/public/media/wordpress-migration/2025/02/Trash-Bin-Bronze.jpg,processed,existing_local_file_reused,existing_record_reused,http_200,200,3237128,62f351b4e6ed5950bbaa47cf8a3961aafa496b7b505b5dec86af0b93273945b1,306,
430,https://coveinterior.com/wp-content/uploads/2025/05/cachemire.jpeg,wordpress-migration/2025/05/cachemire.jpeg,/media/wordpress-migration/2025/05/cachemire.jpeg,cachemire.jpeg,/home/manus/cove-storefront/public/media/wordpress-migration/2025/05/cachemire.jpeg,processed,existing_local_file_reused,existing_record_reused,http_200,200,221680,d88c58afb838e3392c100fae9067003ca4bd7ac3a77b88b8861bc43e7ee964a2,326,
431,https://coveinterior.com/wp-content/uploads/2025/05/mini-lighter-silver.jpeg,wordpress-migration/2025/05/mini-lighter-silver.jpeg,/media/wordpress-migration/2025/05/mini-lighter-silver.jpeg,mini-lighter-silver.jpeg,/home/manus/cove-storefront/public/media/wordpress-migration/2025/05/mini-lighter-silver.jpeg,processed,existing_local_file_reused,existing_record_reused,http_200,200,159052,f8f45770acbedc4f195c21a5b93d2cba5f0162e04ab04e0fdb58f52ec2744b21,327,
432,https://coveinterior.com/wp-content/uploads/2025/05/Passage-Lamp-Red.jpeg,wordpress-migration/2025/05/Passage-Lamp-Red.jpeg,/media/wordpress-migration/2025/05/Passage-Lamp-Red.jpeg,Passage-Lamp-Red.jpeg,/home/manus/cove-storefront/public/media/wordpress-migration/2025/05/Passage-Lamp-Red.jpeg,processed,existing_local_file_reused,existing_record_reused,http_200,200,240117,4dd28c84104be767ba80851905bb24385776795b1f5efee2be5a410ee7ceda4c,325,
433,https://coveinterior.com/wp-content/uploads/2022/08/BG-1024x576-1.png,wordpress-migration/2022/08/BG-1024x576-1.png,/media/wordpress-migration/2022/08/BG-1024x576-1.png,BG-1024x576-1.png,/home/manus/cove-storefront/public/media/wordpress-migration/2022/08/BG-1024x576-1.png,processed,existing_local_file_reused,existing_record_reused,http_200,200,59356,d3e1317690e0b418f9f1e4f7b8073b105d24a6aad8a4fce75974f6ae7feda5a5,524,
