candidateId,kind,mediaAssetId,url,filesystemPath,onDisk,fileSizeBytes,sourceUrl,mimeType,sha256,originalFilename,createdAt,updatedAt,classification,recommendation,reason,approvalRequired,usageCountTotal,usageCountCommerceActive,usageCountCmsActive,usageCountHistoricalOrder,referencedAt
"media_asset:331","media_asset","331","/media/wordpress-migration/2017/06/5.jpg","/home/manus/cove-storefront/public/media/wordpress-migration/2017/06/5.jpg","true","470462","https://coveinterior.com/wp-content/uploads/2017/06/5.jpg","image/jpeg","041903561baacc956ae3fda58147c7a43c4aaca0142424d138d5426add9c2f9b","5.jpg","Mon Jun 01 2026 21:01:18 GMT+0000 (Coordinated Universal Time)","Mon Jun 01 2026 21:01:18 GMT+0000 (Coordinated Universal Time)","cleanup_candidate_review_only","candidate_for_media_library_record_and_filesystem_file_deletion_after_explicit_row_level_approval","wordpress_migration_asset_has_media_library_record_and_file_but_no_detected_references","yes","0","0","0","0",""
"media_asset:332","media_asset","332","/media/wordpress-migration/2017/06/6.jpg","/home/manus/cove-storefront/public/media/wordpress-migration/2017/06/6.jpg","true","1929229","https://coveinterior.com/wp-content/uploads/2017/06/6.jpg","image/jpeg","db66bc376aa2122295dec44ef310d1bf9e8ec377c989e72695b61c222d90d8e2","6.jpg","Mon Jun 01 2026 21:01:18 GMT+0000 (Coordinated Universal Time)","Mon Jun 01 2026 21:01:18 GMT+0000 (Coordinated Universal Time)","cleanup_candidate_review_only","candidate_for_media_library_record_and_filesystem_file_deletion_after_explicit_row_level_approval","wordpress_migration_asset_has_media_library_record_and_file_but_no_detected_references","yes","0","0","0","0",""
"media_asset:334","media_asset","334","/media/wordpress-migration/2017/06/8.jpg","/home/manus/cove-storefront/public/media/wordpress-migration/2017/06/8.jpg","true","1339870","https://coveinterior.com/wp-content/uploads/2017/06/8.jpg","image/jpeg","d4cd78ff196548597e0fb0b20fb1e7bdbb5e65ddd8e3ec1814beb05886590871","8.jpg","Mon Jun 01 2026 21:01:19 GMT+0000 (Coordinated Universal Time)","Mon Jun 01 2026 21:01:19 GMT+0000 (Coordinated Universal Time)","cleanup_candidate_review_only","candidate_for_media_library_record_and_filesystem_file_deletion_after_explicit_row_level_approval","wordpress_migration_asset_has_media_library_record_and_file_but_no_detected_references","yes","0","0","0","0",""
"media_asset:335","media_asset","335","/media/wordpress-migration/2017/06/9.jpg","/home/manus/cove-storefront/public/media/wordpress-migration/2017/06/9.jpg","true","1339594","https://coveinterior.com/wp-content/uploads/2017/06/9.jpg","image/jpeg","1ed1eb5c2811627b915a73ba42157a698f1e7dce8aae2f1e4fe068db538047ad","9.jpg","Mon Jun 01 2026 21:01:19 GMT+0000 (Coordinated Universal Time)","Mon Jun 01 2026 21:01:19 GMT+0000 (Coordinated Universal Time)","cleanup_candidate_review_only","candidate_for_media_library_record_and_filesystem_file_deletion_after_explicit_row_level_approval","wordpress_migration_asset_has_media_library_record_and_file_but_no_detected_references","yes","0","0","0","0",""
"media_asset:336","media_asset","336","/media/wordpress-migration/2022/06/arch-plan-8.png","/home/manus/cove-storefront/public/media/wordpress-migration/2022/06/arch-plan-8.png","true","5509","https://coveinterior.com/wp-content/uploads/2022/06/arch-plan-8.png","image/png","b68d3359c72bbbad68aec74eb8bb63f5c67e568d424ea534b100fc09f79256cb","arch-plan-8.png","Mon Jun 01 2026 21:01:22 GMT+0000 (Coordinated Universal Time)","Mon Jun 01 2026 21:01:22 GMT+0000 (Coordinated Universal Time)","cleanup_candidate_review_only","candidate_for_media_library_record_and_filesystem_file_deletion_after_explicit_row_level_approval","wordpress_migration_asset_has_media_library_record_and_file_but_no_detected_references","yes","0","0","0","0",""
"media_asset:337","media_asset","337","/media/wordpress-migration/2022/06/instagram.png","/home/manus/cove-storefront/public/media/wordpress-migration/2022/06/instagram.png","true","788","https://coveinterior.com/wp-content/uploads/2022/06/instagram.png","image/png","fdd6c0b3b6f45b40599dfe7ac1bec3da236c6dad3f5cfd9f562b37c0c74567f6","instagram.png","Mon Jun 01 2026 21:01:22 GMT+0000 (Coordinated Universal Time)","Mon Jun 01 2026 21:01:22 GMT+0000 (Coordinated Universal Time)","cleanup_candidate_review_only","candidate_for_media_library_record_and_filesystem_file_deletion_after_explicit_row_level_approval","wordpress_migration_asset_has_media_library_record_and_file_but_no_detected_references","yes","0","0","0","0",""
"media_asset:338","media_asset","338","/media/wordpress-migration/2022/07/1-1.jpg","/home/manus/cove-storefront/public/media/wordpress-migration/2022/07/1-1.jpg","true","2382628","https://coveinterior.com/wp-content/uploads/2022/07/1-1.jpg","image/jpeg","79cdcd49090a52315c1bb3f13cbd2f520b83f1e3c0999009827823d0d8f2f82d","1-1.jpg","Mon Jun 01 2026 21:01:23 GMT+0000 (Coordinated Universal Time)","Mon Jun 01 2026 21:01:23 GMT+0000 (Coordinated Universal Time)","cleanup_candidate_review_only","candidate_for_media_library_record_and_filesystem_file_deletion_after_explicit_row_level_approval","wordpress_migration_asset_has_media_library_record_and_file_but_no_detected_references","yes","0","0","0","0",""
"media_asset:339","media_asset","339","/media/wordpress-migration/2022/07/1-2.jpg","/home/manus/cove-storefront/public/media/wordpress-migration/2022/07/1-2.jpg","true","388572","https://coveinterior.com/wp-content/uploads/2022/07/1-2.jpg","image/jpeg","229617459dff323c94ac2ed7b20440ffa24f1ce567d1f82c8ea8eb5ee15f3f37","1-2.jpg","Mon Jun 01 2026 21:01:23 GMT+0000 (Coordinated Universal Time)","Mon Jun 01 2026 21:01:23 GMT+0000 (Coordinated Universal Time)","cleanup_candidate_review_only","candidate_for_media_library_record_and_filesystem_file_deletion_after_explicit_row_level_approval","wordpress_migration_asset_has_media_library_record_and_file_but_no_detected_references","yes","0","0","0","0",""
"media_asset:340","media_asset","340","/media/wordpress-migration/2022/07/1-3.jpg","/home/manus/cove-storefront/public/media/wordpress-migration/2022/07/1-3.jpg","true","1458532","https://coveinterior.com/wp-content/uploads/2022/07/1-3.jpg","image/jpeg","e63713fb8e43a08cca7a4236594c2c1c1ae8e35c3314842ddbf76e6b918bb129","1-3.jpg","Mon Jun 01 2026 21:01:23 GMT+0000 (Coordinated Universal Time)","Mon Jun 01 2026 21:01:23 GMT+0000 (Coordinated Universal Time)","cleanup_candidate_review_only","candidate_for_media_library_record_and_filesystem_file_deletion_after_explicit_row_level_approval","wordpress_migration_asset_has_media_library_record_and_file_but_no_detected_references","yes","0","0","0","0",""
"media_asset:341","media_asset","341","/media/wordpress-migration/2022/07/1-6.jpg","/home/manus/cove-storefront/public/media/wordpress-migration/2022/07/1-6.jpg","true","192704","https://coveinterior.com/wp-content/uploads/2022/07/1-6.jpg","image/jpeg","1ba0062212baa50b7656c8f30af9141260ef629ddbd3b282d354ed1944f6dca3","1-6.jpg","Mon Jun 01 2026 21:01:23 GMT+0000 (Coordinated Universal Time)","Mon Jun 01 2026 21:01:23 GMT+0000 (Coordinated Universal Time)","cleanup_candidate_review_only","candidate_for_media_library_record_and_filesystem_file_deletion_after_explicit_row_level_approval","wordpress_migration_asset_has_media_library_record_and_file_but_no_detected_references","yes","0","0","0","0",""
"media_asset:342","media_asset","342","/media/wordpress-migration/2022/07/1-int.jpg","/home/manus/cove-storefront/public/media/wordpress-migration/2022/07/1-int.jpg","true","133143","https://coveinterior.com/wp-content/uploads/2022/07/1-int.jpg","image/jpeg","512eda15f00a6598c9e414832fbae3523ac73f375f634969334388b1a80ed2ef","1-int.jpg","Mon Jun 01 2026 21:01:23 GMT+0000 (Coordinated Universal Time)","Mon Jun 01 2026 21:01:23 GMT+0000 (Coordinated Universal Time)","cleanup_candidate_review_only","candidate_for_media_library_record_and_filesystem_file_deletion_after_explicit_row_level_approval","wordpress_migration_asset_has_media_library_record_and_file_but_no_detected_references","yes","0","0","0","0",""
"media_asset:343","media_asset","343","/media/wordpress-migration/2022/07/1.JPG.jpeg","/home/manus/cove-storefront/public/media/wordpress-migration/2022/07/1.JPG.jpeg","true","347544","https://coveinterior.com/wp-content/uploads/2022/07/1.JPG.jpeg","image/jpeg","ce3ab99cefddbd821492dce1ba7431015123dc75721b63cf6b19ada27a0e0da0","1.JPG.jpeg","Mon Jun 01 2026 21:01:23 GMT+0000 (Coordinated Universal Time)","Mon Jun 01 2026 21:01:23 GMT+0000 (Coordinated Universal Time)","cleanup_candidate_review_only","candidate_for_media_library_record_and_filesystem_file_deletion_after_explicit_row_level_approval","wordpress_migration_asset_has_media_library_record_and_file_but_no_detected_references","yes","0","0","0","0",""
"media_asset:345","media_asset","345","/media/wordpress-migration/2022/07/10-2.jpg","/home/manus/cove-storefront/public/media/wordpress-migration/2022/07/10-2.jpg","true","377368","https://coveinterior.com/wp-content/uploads/2022/07/10-2.jpg","image/jpeg","e47155d0d5987ea45d9d6a4f7491ad4d6346d763606cac5da4f9836e2ffc3c22","10-2.jpg","Mon Jun 01 2026 21:01:24 GMT+0000 (Coordinated Universal Time)","Mon Jun 01 2026 21:01:24 GMT+0000 (Coordinated Universal Time)","cleanup_candidate_review_only","candidate_for_media_library_record_and_filesystem_file_deletion_after_explicit_row_level_approval","wordpress_migration_asset_has_media_library_record_and_file_but_no_detected_references","yes","0","0","0","0",""
"media_asset:346","media_asset","346","/media/wordpress-migration/2022/07/10.jpg","/home/manus/cove-storefront/public/media/wordpress-migration/2022/07/10.jpg","true","1900773","https://coveinterior.com/wp-content/uploads/2022/07/10.jpg","image/jpeg","2d5202180c128ac6315e0efb0f976a3eeee6084695e8dce6919f4412e7123c25","10.jpg","Mon Jun 01 2026 21:01:24 GMT+0000 (Coordinated Universal Time)","Mon Jun 01 2026 21:01:24 GMT+0000 (Coordinated Universal Time)","cleanup_candidate_review_only","candidate_for_media_library_record_and_filesystem_file_deletion_after_explicit_row_level_approval","wordpress_migration_asset_has_media_library_record_and_file_but_no_detected_references","yes","0","0","0","0",""
"media_asset:347","media_asset","347","/media/wordpress-migration/2022/07/10.JPG.jpeg","/home/manus/cove-storefront/public/media/wordpress-migration/2022/07/10.JPG.jpeg","true","2378580","https://coveinterior.com/wp-content/uploads/2022/07/10.JPG.jpeg","image/jpeg","c003644245a8e29a90950ef04d8b3130abba2bb788a226aa2bd5487dd3d05032","10.JPG.jpeg","Mon Jun 01 2026 21:01:24 GMT+0000 (Coordinated Universal Time)","Mon Jun 01 2026 21:01:24 GMT+0000 (Coordinated Universal Time)","cleanup_candidate_review_only","candidate_for_media_library_record_and_filesystem_file_deletion_after_explicit_row_level_approval","wordpress_migration_asset_has_media_library_record_and_file_but_no_detected_references","yes","0","0","0","0",""
"media_asset:348","media_asset","348","/media/wordpress-migration/2022/07/11.jpg","/home/manus/cove-storefront/public/media/wordpress-migration/2022/07/11.jpg","true","817304","https://coveinterior.com/wp-content/uploads/2022/07/11.jpg","image/jpeg","b35236add51ee3de2cb809921fe7c8e408bafeaeffa4abd646e1613b73f21acb","11.jpg","Mon Jun 01 2026 21:01:25 GMT+0000 (Coordinated Universal Time)","Mon Jun 01 2026 21:01:25 GMT+0000 (Coordinated Universal Time)","cleanup_candidate_review_only","candidate_for_media_library_record_and_filesystem_file_deletion_after_explicit_row_level_approval","wordpress_migration_asset_has_media_library_record_and_file_but_no_detected_references","yes","0","0","0","0",""
"media_asset:349","media_asset","349","/media/wordpress-migration/2022/07/12.jpg","/home/manus/cove-storefront/public/media/wordpress-migration/2022/07/12.jpg","true","422731","https://coveinterior.com/wp-content/uploads/2022/07/12.jpg","image/jpeg","a2c2806f249e8752b192a3188300617097a283df43ec1111453ded04dc8d6fcc","12.jpg","Mon Jun 01 2026 21:01:25 GMT+0000 (Coordinated Universal Time)","Mon Jun 01 2026 21:01:25 GMT+0000 (Coordinated Universal Time)","cleanup_candidate_review_only","candidate_for_media_library_record_and_filesystem_file_deletion_after_explicit_row_level_approval","wordpress_migration_asset_has_media_library_record_and_file_but_no_detected_references","yes","0","0","0","0",""
"media_asset:350","media_asset","350","/media/wordpress-migration/2022/07/13.jpg","/home/manus/cove-storefront/public/media/wordpress-migration/2022/07/13.jpg","true","854893","https://coveinterior.com/wp-content/uploads/2022/07/13.jpg","image/jpeg","aca6444c0230e218ded9793003dee94a2bae75b1c0c562a199ea3138a3fb2d15","13.jpg","Mon Jun 01 2026 21:01:25 GMT+0000 (Coordinated Universal Time)","Mon Jun 01 2026 21:01:25 GMT+0000 (Coordinated Universal Time)","cleanup_candidate_review_only","candidate_for_media_library_record_and_filesystem_file_deletion_after_explicit_row_level_approval","wordpress_migration_asset_has_media_library_record_and_file_but_no_detected_references","yes","0","0","0","0",""
"media_asset:351","media_asset","351","/media/wordpress-migration/2022/07/18-1.jpg","/home/manus/cove-storefront/public/media/wordpress-migration/2022/07/18-1.jpg","true","1499940","https://coveinterior.com/wp-content/uploads/2022/07/18-1.jpg","image/jpeg","9264cb3515c697a2bafa2842b62463802e903825564d3826cbd267dae34daeff","18-1.jpg","Mon Jun 01 2026 21:01:26 GMT+0000 (Coordinated Universal Time)","Mon Jun 01 2026 21:01:26 GMT+0000 (Coordinated Universal Time)","cleanup_candidate_review_only","candidate_for_media_library_record_and_filesystem_file_deletion_after_explicit_row_level_approval","wordpress_migration_asset_has_media_library_record_and_file_but_no_detected_references","yes","0","0","0","0",""
"media_asset:353","media_asset","353","/media/wordpress-migration/2022/07/2-1.jpg","/home/manus/cove-storefront/public/media/wordpress-migration/2022/07/2-1.jpg","true","2014849","https://coveinterior.com/wp-content/uploads/2022/07/2-1.jpg","image/jpeg","d5ef5cdc05eb22f4d513c3e6ece2d7510c6c73a032a8b1ee11f45760ca06d5bc","2-1.jpg","Mon Jun 01 2026 21:01:27 GMT+0000 (Coordinated Universal Time)","Mon Jun 01 2026 21:01:27 GMT+0000 (Coordinated Universal Time)","cleanup_candidate_review_only","candidate_for_media_library_record_and_filesystem_file_deletion_after_explicit_row_level_approval","wordpress_migration_asset_has_media_library_record_and_file_but_no_detected_references","yes","0","0","0","0",""
"media_asset:354","media_asset","354","/media/wordpress-migration/2022/07/2-2.jpg","/home/manus/cove-storefront/public/media/wordpress-migration/2022/07/2-2.jpg","true","371348","https://coveinterior.com/wp-content/uploads/2022/07/2-2.jpg","image/jpeg","543432af18e2b181e53c49d6e1470a0efa2290c30a9ee715f9eba26d69d14e7e","2-2.jpg","Mon Jun 01 2026 21:01:27 GMT+0000 (Coordinated Universal Time)","Mon Jun 01 2026 21:01:27 GMT+0000 (Coordinated Universal Time)","cleanup_candidate_review_only","candidate_for_media_library_record_and_filesystem_file_deletion_after_explicit_row_level_approval","wordpress_migration_asset_has_media_library_record_and_file_but_no_detected_references","yes","0","0","0","0",""
"media_asset:355","media_asset","355","/media/wordpress-migration/2022/07/2-5.jpg","/home/manus/cove-storefront/public/media/wordpress-migration/2022/07/2-5.jpg","true","493629","https://coveinterior.com/wp-content/uploads/2022/07/2-5.jpg","image/jpeg","8e013de5f47d166232e7daf7a0db5e3f9bab0daccbc0f358d4bea29271fa4f1a","2-5.jpg","Mon Jun 01 2026 21:01:28 GMT+0000 (Coordinated Universal Time)","Mon Jun 01 2026 21:01:28 GMT+0000 (Coordinated Universal Time)","cleanup_candidate_review_only","candidate_for_media_library_record_and_filesystem_file_deletion_after_explicit_row_level_approval","wordpress_migration_asset_has_media_library_record_and_file_but_no_detected_references","yes","0","0","0","0",""
"media_asset:356","media_asset","356","/media/wordpress-migration/2022/07/2.JPG.jpeg","/home/manus/cove-storefront/public/media/wordpress-migration/2022/07/2.JPG.jpeg","true","398309","https://coveinterior.com/wp-content/uploads/2022/07/2.JPG.jpeg","image/jpeg","f27fc4483c6690cae3af7332fd3c5773d5893cfe030dee2b0e62151192ed8d9b","2.JPG.jpeg","Mon Jun 01 2026 21:01:28 GMT+0000 (Coordinated Universal Time)","Mon Jun 01 2026 21:01:28 GMT+0000 (Coordinated Universal Time)","cleanup_candidate_review_only","candidate_for_media_library_record_and_filesystem_file_deletion_after_explicit_row_level_approval","wordpress_migration_asset_has_media_library_record_and_file_but_no_detected_references","yes","0","0","0","0",""
"media_asset:358","media_asset","358","/media/wordpress-migration/2022/07/21.jpg","/home/manus/cove-storefront/public/media/wordpress-migration/2022/07/21.jpg","true","279656","https://coveinterior.com/wp-content/uploads/2022/07/21.jpg","image/jpeg","66881c56c8d4cfd3ba04f0a60d2a35996c88903134759c5329b8eb3ab285ae57","21.jpg","Mon Jun 01 2026 21:01:28 GMT+0000 (Coordinated Universal Time)","Mon Jun 01 2026 21:01:28 GMT+0000 (Coordinated Universal Time)","cleanup_candidate_review_only","candidate_for_media_library_record_and_filesystem_file_deletion_after_explicit_row_level_approval","wordpress_migration_asset_has_media_library_record_and_file_but_no_detected_references","yes","0","0","0","0",""
"media_asset:359","media_asset","359","/media/wordpress-migration/2022/07/22.jpg","/home/manus/cove-storefront/public/media/wordpress-migration/2022/07/22.jpg","true","238323","https://coveinterior.com/wp-content/uploads/2022/07/22.jpg","image/jpeg","0b904b5a0436b4fa61b0f7b3f61bbb14e0dd65f812bfe5ab82297d00c7066cff","22.jpg","Mon Jun 01 2026 21:01:28 GMT+0000 (Coordinated Universal Time)","Mon Jun 01 2026 21:01:28 GMT+0000 (Coordinated Universal Time)","cleanup_candidate_review_only","candidate_for_media_library_record_and_filesystem_file_deletion_after_explicit_row_level_approval","wordpress_migration_asset_has_media_library_record_and_file_but_no_detected_references","yes","0","0","0","0",""
"media_asset:360","media_asset","360","/media/wordpress-migration/2022/07/23.jpg","/home/manus/cove-storefront/public/media/wordpress-migration/2022/07/23.jpg","true","203069","https://coveinterior.com/wp-content/uploads/2022/07/23.jpg","image/jpeg","9b1fb81053ffdaed37e81dd6db15d145e9056d6bc65b568729ef894378ab6348","23.jpg","Mon Jun 01 2026 21:01:28 GMT+0000 (Coordinated Universal Time)","Mon Jun 01 2026 21:01:28 GMT+0000 (Coordinated Universal Time)","cleanup_candidate_review_only","candidate_for_media_library_record_and_filesystem_file_deletion_after_explicit_row_level_approval","wordpress_migration_asset_has_media_library_record_and_file_but_no_detected_references","yes","0","0","0","0",""
"media_asset:361","media_asset","361","/media/wordpress-migration/2022/07/24.jpg","/home/manus/cove-storefront/public/media/wordpress-migration/2022/07/24.jpg","true","71386","https://coveinterior.com/wp-content/uploads/2022/07/24.jpg","image/jpeg","7142685383aebae1a361bad2cca4410322951a1d39ed47254b18f84efdaab2e7","24.jpg","Mon Jun 01 2026 21:01:28 GMT+0000 (Coordinated Universal Time)","Mon Jun 01 2026 21:01:28 GMT+0000 (Coordinated Universal Time)","cleanup_candidate_review_only","candidate_for_media_library_record_and_filesystem_file_deletion_after_explicit_row_level_approval","wordpress_migration_asset_has_media_library_record_and_file_but_no_detected_references","yes","0","0","0","0",""
"media_asset:363","media_asset","363","/media/wordpress-migration/2022/07/3-2.jpg","/home/manus/cove-storefront/public/media/wordpress-migration/2022/07/3-2.jpg","true","2262640","https://coveinterior.com/wp-content/uploads/2022/07/3-2.jpg","image/jpeg","e5ab007b46aeb51e9cb4474b7effdb3721445bc4b271d9a94a0db5d9c4c02e27","3-2.jpg","Mon Jun 01 2026 21:01:29 GMT+0000 (Coordinated Universal Time)","Mon Jun 01 2026 21:01:29 GMT+0000 (Coordinated Universal Time)","cleanup_candidate_review_only","candidate_for_media_library_record_and_filesystem_file_deletion_after_explicit_row_level_approval","wordpress_migration_asset_has_media_library_record_and_file_but_no_detected_references","yes","0","0","0","0",""
"media_asset:364","media_asset","364","/media/wordpress-migration/2022/07/3-3.jpg","/home/manus/cove-storefront/public/media/wordpress-migration/2022/07/3-3.jpg","true","318661","https://coveinterior.com/wp-content/uploads/2022/07/3-3.jpg","image/jpeg","b410d10aff0c53d33838e5fa5267f3b282e722bd4f3de9521af8681429b89df7","3-3.jpg","Mon Jun 01 2026 21:01:29 GMT+0000 (Coordinated Universal Time)","Mon Jun 01 2026 21:01:29 GMT+0000 (Coordinated Universal Time)","cleanup_candidate_review_only","candidate_for_media_library_record_and_filesystem_file_deletion_after_explicit_row_level_approval","wordpress_migration_asset_has_media_library_record_and_file_but_no_detected_references","yes","0","0","0","0",""
"media_asset:365","media_asset","365","/media/wordpress-migration/2022/07/3-6.jpg","/home/manus/cove-storefront/public/media/wordpress-migration/2022/07/3-6.jpg","true","415064","https://coveinterior.com/wp-content/uploads/2022/07/3-6.jpg","image/jpeg","f9928121c55b7f83a3a35e5406acdcbad41e8d8df15c5b51c74a43f639e28308","3-6.jpg","Mon Jun 01 2026 21:01:30 GMT+0000 (Coordinated Universal Time)","Mon Jun 01 2026 21:01:30 GMT+0000 (Coordinated Universal Time)","cleanup_candidate_review_only","candidate_for_media_library_record_and_filesystem_file_deletion_after_explicit_row_level_approval","wordpress_migration_asset_has_media_library_record_and_file_but_no_detected_references","yes","0","0","0","0",""
"media_asset:366","media_asset","366","/media/wordpress-migration/2022/07/3.JPG.jpeg","/home/manus/cove-storefront/public/media/wordpress-migration/2022/07/3.JPG.jpeg","true","2098630","https://coveinterior.com/wp-content/uploads/2022/07/3.JPG.jpeg","image/jpeg","0988bace1192759964b52b6c5a508b4b8f092725bcafe9ba6f8e548405a399a7","3.JPG.jpeg","Mon Jun 01 2026 21:01:31 GMT+0000 (Coordinated Universal Time)","Mon Jun 01 2026 21:01:31 GMT+0000 (Coordinated Universal Time)","cleanup_candidate_review_only","candidate_for_media_library_record_and_filesystem_file_deletion_after_explicit_row_level_approval","wordpress_migration_asset_has_media_library_record_and_file_but_no_detected_references","yes","0","0","0","0",""
"media_asset:367","media_asset","367","/media/wordpress-migration/2022/07/31.jpg","/home/manus/cove-storefront/public/media/wordpress-migration/2022/07/31.jpg","true","40392","https://coveinterior.com/wp-content/uploads/2022/07/31.jpg","image/jpeg","c6e499f313fa518ac51ad23f137756208376ece706a86d25ecf90404c00ec40c","31.jpg","Mon Jun 01 2026 21:01:31 GMT+0000 (Coordinated Universal Time)","Mon Jun 01 2026 21:01:31 GMT+0000 (Coordinated Universal Time)","cleanup_candidate_review_only","candidate_for_media_library_record_and_filesystem_file_deletion_after_explicit_row_level_approval","wordpress_migration_asset_has_media_library_record_and_file_but_no_detected_references","yes","0","0","0","0",""
"media_asset:368","media_asset","368","/media/wordpress-migration/2022/07/4-1.jpg","/home/manus/cove-storefront/public/media/wordpress-migration/2022/07/4-1.jpg","true","384688","https://coveinterior.com/wp-content/uploads/2022/07/4-1.jpg","image/jpeg","b9c6497a529e85db873216e3332340f8c6501751a44ce5fe44183f3d9c05eb94","4-1.jpg","Mon Jun 01 2026 21:01:32 GMT+0000 (Coordinated Universal Time)","Mon Jun 01 2026 21:01:32 GMT+0000 (Coordinated Universal Time)","cleanup_candidate_review_only","candidate_for_media_library_record_and_filesystem_file_deletion_after_explicit_row_level_approval","wordpress_migration_asset_has_media_library_record_and_file_but_no_detected_references","yes","0","0","0","0",""
"media_asset:369","media_asset","369","/media/wordpress-migration/2022/07/4-1.png","/home/manus/cove-storefront/public/media/wordpress-migration/2022/07/4-1.png","true","4340381","https://coveinterior.com/wp-content/uploads/2022/07/4-1.png","image/png","ac02427f7b26eae4fbf14ac470e0b2fcac9c2799acb68f8969960bb6fa1d5e82","4-1.png","Mon Jun 01 2026 21:01:32 GMT+0000 (Coordinated Universal Time)","Mon Jun 01 2026 21:01:32 GMT+0000 (Coordinated Universal Time)","cleanup_candidate_review_only","candidate_for_media_library_record_and_filesystem_file_deletion_after_explicit_row_level_approval","wordpress_migration_asset_has_media_library_record_and_file_but_no_detected_references","yes","0","0","0","0",""
"media_asset:370","media_asset","370","/media/wordpress-migration/2022/07/4.JPG.jpeg","/home/manus/cove-storefront/public/media/wordpress-migration/2022/07/4.JPG.jpeg","true","1930478","https://coveinterior.com/wp-content/uploads/2022/07/4.JPG.jpeg","image/jpeg","695bd333a5c11b0fb68fadcd2fea00a393b5834bf3d65df3ea4f42501226d7d5","4.JPG.jpeg","Mon Jun 01 2026 21:01:33 GMT+0000 (Coordinated Universal Time)","Mon Jun 01 2026 21:01:33 GMT+0000 (Coordinated Universal Time)","cleanup_candidate_review_only","candidate_for_media_library_record_and_filesystem_file_deletion_after_explicit_row_level_approval","wordpress_migration_asset_has_media_library_record_and_file_but_no_detected_references","yes","0","0","0","0",""
"media_asset:371","media_asset","371","/media/wordpress-migration/2022/07/4.png","/home/manus/cove-storefront/public/media/wordpress-migration/2022/07/4.png","true","4009561","https://coveinterior.com/wp-content/uploads/2022/07/4.png","image/png","d1acdb9a9862c1cc279eab7cc33e612cac19df0dbe7707b8f246de168c630b3d","4.png","Mon Jun 01 2026 21:01:33 GMT+0000 (Coordinated Universal Time)","Mon Jun 01 2026 21:01:33 GMT+0000 (Coordinated Universal Time)","cleanup_candidate_review_only","candidate_for_media_library_record_and_filesystem_file_deletion_after_explicit_row_level_approval","wordpress_migration_asset_has_media_library_record_and_file_but_no_detected_references","yes","0","0","0","0",""
"media_asset:372","media_asset","372","/media/wordpress-migration/2022/07/42.jpg","/home/manus/cove-storefront/public/media/wordpress-migration/2022/07/42.jpg","true","243905","https://coveinterior.com/wp-content/uploads/2022/07/42.jpg","image/jpeg","25e1f169df57b495ab1e2c86db49981de8524a7267de87b2d644be9f5e15197b","42.jpg","Mon Jun 01 2026 21:01:33 GMT+0000 (Coordinated Universal Time)","Mon Jun 01 2026 21:01:33 GMT+0000 (Coordinated Universal Time)","cleanup_candidate_review_only","candidate_for_media_library_record_and_filesystem_file_deletion_after_explicit_row_level_approval","wordpress_migration_asset_has_media_library_record_and_file_but_no_detected_references","yes","0","0","0","0",""
"media_asset:373","media_asset","373","/media/wordpress-migration/2022/07/43.jpg","/home/manus/cove-storefront/public/media/wordpress-migration/2022/07/43.jpg","true","54749","https://coveinterior.com/wp-content/uploads/2022/07/43.jpg","image/jpeg","f5d9315f1ecc1c9452e36af4a30fed9aed70dc855643cf8a58f53d9312ccfe7e","43.jpg","Mon Jun 01 2026 21:01:33 GMT+0000 (Coordinated Universal Time)","Mon Jun 01 2026 21:01:33 GMT+0000 (Coordinated Universal Time)","cleanup_candidate_review_only","candidate_for_media_library_record_and_filesystem_file_deletion_after_explicit_row_level_approval","wordpress_migration_asset_has_media_library_record_and_file_but_no_detected_references","yes","0","0","0","0",""
"media_asset:374","media_asset","374","/media/wordpress-migration/2022/07/44.jpg","/home/manus/cove-storefront/public/media/wordpress-migration/2022/07/44.jpg","true","57212","https://coveinterior.com/wp-content/uploads/2022/07/44.jpg","image/jpeg","1c87c8df966326dc3a31ac64e79a4b88ec32d1f42c7ce5e453ed7742096cbb43","44.jpg","Mon Jun 01 2026 21:01:33 GMT+0000 (Coordinated Universal Time)","Mon Jun 01 2026 21:01:33 GMT+0000 (Coordinated Universal Time)","cleanup_candidate_review_only","candidate_for_media_library_record_and_filesystem_file_deletion_after_explicit_row_level_approval","wordpress_migration_asset_has_media_library_record_and_file_but_no_detected_references","yes","0","0","0","0",""
"media_asset:375","media_asset","375","/media/wordpress-migration/2022/07/45.jpg","/home/manus/cove-storefront/public/media/wordpress-migration/2022/07/45.jpg","true","241032","https://coveinterior.com/wp-content/uploads/2022/07/45.jpg","image/jpeg","5daa1051efcbd618043d1466724c20331848384135a0dbdab368fbbd784665d0","45.jpg","Mon Jun 01 2026 21:01:33 GMT+0000 (Coordinated Universal Time)","Mon Jun 01 2026 21:01:33 GMT+0000 (Coordinated Universal Time)","cleanup_candidate_review_only","candidate_for_media_library_record_and_filesystem_file_deletion_after_explicit_row_level_approval","wordpress_migration_asset_has_media_library_record_and_file_but_no_detected_references","yes","0","0","0","0",""
"media_asset:376","media_asset","376","/media/wordpress-migration/2022/07/46.jpg","/home/manus/cove-storefront/public/media/wordpress-migration/2022/07/46.jpg","true","232507","https://coveinterior.com/wp-content/uploads/2022/07/46.jpg","image/jpeg","c59d6832443de4ab81df81e52f0081352d6dc64bdc0239be496ada9bbd7efb8f","46.jpg","Mon Jun 01 2026 21:01:33 GMT+0000 (Coordinated Universal Time)","Mon Jun 01 2026 21:01:33 GMT+0000 (Coordinated Universal Time)","cleanup_candidate_review_only","candidate_for_media_library_record_and_filesystem_file_deletion_after_explicit_row_level_approval","wordpress_migration_asset_has_media_library_record_and_file_but_no_detected_references","yes","0","0","0","0",""
"media_asset:377","media_asset","377","/media/wordpress-migration/2022/07/47.jpg","/home/manus/cove-storefront/public/media/wordpress-migration/2022/07/47.jpg","true","224046","https://coveinterior.com/wp-content/uploads/2022/07/47.jpg","image/jpeg","b712a645d1154187e800efcf917d8ee24aa009c14ab0329430fc9c6555b9c0c3","47.jpg","Mon Jun 01 2026 21:01:33 GMT+0000 (Coordinated Universal Time)","Mon Jun 01 2026 21:01:33 GMT+0000 (Coordinated Universal Time)","cleanup_candidate_review_only","candidate_for_media_library_record_and_filesystem_file_deletion_after_explicit_row_level_approval","wordpress_migration_asset_has_media_library_record_and_file_but_no_detected_references","yes","0","0","0","0",""
"media_asset:378","media_asset","378","/media/wordpress-migration/2022/07/5-1.png","/home/manus/cove-storefront/public/media/wordpress-migration/2022/07/5-1.png","true","4247481","https://coveinterior.com/wp-content/uploads/2022/07/5-1.png","image/png","6e788cf47724747bc51195a3811a55ddaf76553280cdc7d3db4381457abd90d1","5-1.png","Mon Jun 01 2026 21:01:34 GMT+0000 (Coordinated Universal Time)","Mon Jun 01 2026 21:01:34 GMT+0000 (Coordinated Universal Time)","cleanup_candidate_review_only","candidate_for_media_library_record_and_filesystem_file_deletion_after_explicit_row_level_approval","wordpress_migration_asset_has_media_library_record_and_file_but_no_detected_references","yes","0","0","0","0",""
"media_asset:379","media_asset","379","/media/wordpress-migration/2022/07/5-2.jpg","/home/manus/cove-storefront/public/media/wordpress-migration/2022/07/5-2.jpg","true","256659","https://coveinterior.com/wp-content/uploads/2022/07/5-2.jpg","image/jpeg","5e06f367693fabb2e9155b2ea19f8bf5f512f9d7b760fc4f060bd60bd7b6ac4b","5-2.jpg","Mon Jun 01 2026 21:01:34 GMT+0000 (Coordinated Universal Time)","Mon Jun 01 2026 21:01:34 GMT+0000 (Coordinated Universal Time)","cleanup_candidate_review_only","candidate_for_media_library_record_and_filesystem_file_deletion_after_explicit_row_level_approval","wordpress_migration_asset_has_media_library_record_and_file_but_no_detected_references","yes","0","0","0","0",""
"media_asset:381","media_asset","381","/media/wordpress-migration/2022/07/5.JPG.jpeg","/home/manus/cove-storefront/public/media/wordpress-migration/2022/07/5.JPG.jpeg","true","305614","https://coveinterior.com/wp-content/uploads/2022/07/5.JPG.jpeg","image/jpeg","59b9c2eb998f6f6226c6dd5847ad4fc2bac3895f87dee45d1b9684a8e0c1a3eb","5.JPG.jpeg","Mon Jun 01 2026 21:01:34 GMT+0000 (Coordinated Universal Time)","Mon Jun 01 2026 21:01:34 GMT+0000 (Coordinated Universal Time)","cleanup_candidate_review_only","candidate_for_media_library_record_and_filesystem_file_deletion_after_explicit_row_level_approval","wordpress_migration_asset_has_media_library_record_and_file_but_no_detected_references","yes","0","0","0","0",""
"media_asset:382","media_asset","382","/media/wordpress-migration/2022/07/5.png","/home/manus/cove-storefront/public/media/wordpress-migration/2022/07/5.png","true","4140342","https://coveinterior.com/wp-content/uploads/2022/07/5.png","image/png","5d7ac5bba52845d828311d72c04a8fb71afd10c999fde3898faf259a4e776ce7","5.png","Mon Jun 01 2026 21:01:34 GMT+0000 (Coordinated Universal Time)","Mon Jun 01 2026 21:01:34 GMT+0000 (Coordinated Universal Time)","cleanup_candidate_review_only","candidate_for_media_library_record_and_filesystem_file_deletion_after_explicit_row_level_approval","wordpress_migration_asset_has_media_library_record_and_file_but_no_detected_references","yes","0","0","0","0",""
"media_asset:383","media_asset","383","/media/wordpress-migration/2022/07/6-1.jpg","/home/manus/cove-storefront/public/media/wordpress-migration/2022/07/6-1.jpg","true","2232250","https://coveinterior.com/wp-content/uploads/2022/07/6-1.jpg","image/jpeg","9cbe1793780bb69e9cc0c01e6413dbf66361985faf813445dab1e364fe63f6b4","6-1.jpg","Mon Jun 01 2026 21:01:35 GMT+0000 (Coordinated Universal Time)","Mon Jun 01 2026 21:01:35 GMT+0000 (Coordinated Universal Time)","cleanup_candidate_review_only","candidate_for_media_library_record_and_filesystem_file_deletion_after_explicit_row_level_approval","wordpress_migration_asset_has_media_library_record_and_file_but_no_detected_references","yes","0","0","0","0",""
"media_asset:384","media_asset","384","/media/wordpress-migration/2022/07/6-3.jpg","/home/manus/cove-storefront/public/media/wordpress-migration/2022/07/6-3.jpg","true","375284","https://coveinterior.com/wp-content/uploads/2022/07/6-3.jpg","image/jpeg","840e25cd49fcb8c4d65806c3935e0f0b294d6127f70c95e06f3ba6da36b99b8f","6-3.jpg","Mon Jun 01 2026 21:01:36 GMT+0000 (Coordinated Universal Time)","Mon Jun 01 2026 21:01:36 GMT+0000 (Coordinated Universal Time)","cleanup_candidate_review_only","candidate_for_media_library_record_and_filesystem_file_deletion_after_explicit_row_level_approval","wordpress_migration_asset_has_media_library_record_and_file_but_no_detected_references","yes","0","0","0","0",""
"media_asset:385","media_asset","385","/media/wordpress-migration/2022/07/6.jpg","/home/manus/cove-storefront/public/media/wordpress-migration/2022/07/6.jpg","true","203211","https://coveinterior.com/wp-content/uploads/2022/07/6.jpg","image/jpeg","f1095d8f14078296e99f9ea49f2a4e9cf15d5cb02e617862f9d85c8a2bc8269e","6.jpg","Mon Jun 01 2026 21:01:36 GMT+0000 (Coordinated Universal Time)","Mon Jun 01 2026 21:01:36 GMT+0000 (Coordinated Universal Time)","cleanup_candidate_review_only","candidate_for_media_library_record_and_filesystem_file_deletion_after_explicit_row_level_approval","wordpress_migration_asset_has_media_library_record_and_file_but_no_detected_references","yes","0","0","0","0",""
"media_asset:386","media_asset","386","/media/wordpress-migration/2022/07/6.JPG.jpeg","/home/manus/cove-storefront/public/media/wordpress-migration/2022/07/6.JPG.jpeg","true","2413248","https://coveinterior.com/wp-content/uploads/2022/07/6.JPG.jpeg","image/jpeg","718bf9bfda2d15fc2e898b30067a543196d2c7a83fd386a82abeb9919808e149","6.JPG.jpeg","Mon Jun 01 2026 21:01:37 GMT+0000 (Coordinated Universal Time)","Mon Jun 01 2026 21:01:37 GMT+0000 (Coordinated Universal Time)","cleanup_candidate_review_only","candidate_for_media_library_record_and_filesystem_file_deletion_after_explicit_row_level_approval","wordpress_migration_asset_has_media_library_record_and_file_but_no_detected_references","yes","0","0","0","0",""
"media_asset:387","media_asset","387","/media/wordpress-migration/2022/07/61.jpg","/home/manus/cove-storefront/public/media/wordpress-migration/2022/07/61.jpg","true","141149","https://coveinterior.com/wp-content/uploads/2022/07/61.jpg","image/jpeg","5dbd972325bf7ec4538591b4722a3ffc95b885253a54e473065fc244f566f778","61.jpg","Mon Jun 01 2026 21:01:38 GMT+0000 (Coordinated Universal Time)","Mon Jun 01 2026 21:01:38 GMT+0000 (Coordinated Universal Time)","cleanup_candidate_review_only","candidate_for_media_library_record_and_filesystem_file_deletion_after_explicit_row_level_approval","wordpress_migration_asset_has_media_library_record_and_file_but_no_detected_references","yes","0","0","0","0",""
"media_asset:388","media_asset","388","/media/wordpress-migration/2022/07/610.jpg","/home/manus/cove-storefront/public/media/wordpress-migration/2022/07/610.jpg","true","1039519","https://coveinterior.com/wp-content/uploads/2022/07/610.jpg","image/jpeg","61a0b7a8cc7398eed5f87fe3719bc43fadf2ac74f08ad032bdd54be11dbd5c7d","610.jpg","Mon Jun 01 2026 21:01:38 GMT+0000 (Coordinated Universal Time)","Mon Jun 01 2026 21:01:38 GMT+0000 (Coordinated Universal Time)","cleanup_candidate_review_only","candidate_for_media_library_record_and_filesystem_file_deletion_after_explicit_row_level_approval","wordpress_migration_asset_has_media_library_record_and_file_but_no_detected_references","yes","0","0","0","0",""
"media_asset:389","media_asset","389","/media/wordpress-migration/2022/07/611.jpg","/home/manus/cove-storefront/public/media/wordpress-migration/2022/07/611.jpg","true","845645","https://coveinterior.com/wp-content/uploads/2022/07/611.jpg","image/jpeg","7332b3559b8dd017016050d0c883478dd526524334170112cc4cbd4b4f8c2693","611.jpg","Mon Jun 01 2026 21:01:38 GMT+0000 (Coordinated Universal Time)","Mon Jun 01 2026 21:01:38 GMT+0000 (Coordinated Universal Time)","cleanup_candidate_review_only","candidate_for_media_library_record_and_filesystem_file_deletion_after_explicit_row_level_approval","wordpress_migration_asset_has_media_library_record_and_file_but_no_detected_references","yes","0","0","0","0",""
"media_asset:390","media_asset","390","/media/wordpress-migration/2022/07/612.jpg","/home/manus/cove-storefront/public/media/wordpress-migration/2022/07/612.jpg","true","201625","https://coveinterior.com/wp-content/uploads/2022/07/612.jpg","image/jpeg","c44be2ce9a67c0d23232e2ac25ec7582a3b0cdc13e92f2dfc8ef544d03cc616e","612.jpg","Mon Jun 01 2026 21:01:38 GMT+0000 (Coordinated Universal Time)","Mon Jun 01 2026 21:01:38 GMT+0000 (Coordinated Universal Time)","cleanup_candidate_review_only","candidate_for_media_library_record_and_filesystem_file_deletion_after_explicit_row_level_approval","wordpress_migration_asset_has_media_library_record_and_file_but_no_detected_references","yes","0","0","0","0",""
"media_asset:391","media_asset","391","/media/wordpress-migration/2022/07/62.jpg","/home/manus/cove-storefront/public/media/wordpress-migration/2022/07/62.jpg","true","466394","https://coveinterior.com/wp-content/uploads/2022/07/62.jpg","image/jpeg","27a53af6c3079b42bbd25637d22069bd067908ba6c279d4aa3339efb75f00316","62.jpg","Mon Jun 01 2026 21:01:38 GMT+0000 (Coordinated Universal Time)","Mon Jun 01 2026 21:01:38 GMT+0000 (Coordinated Universal Time)","cleanup_candidate_review_only","candidate_for_media_library_record_and_filesystem_file_deletion_after_explicit_row_level_approval","wordpress_migration_asset_has_media_library_record_and_file_but_no_detected_references","yes","0","0","0","0",""
"media_asset:392","media_asset","392","/media/wordpress-migration/2022/07/63.jpg","/home/manus/cove-storefront/public/media/wordpress-migration/2022/07/63.jpg","true","819824","https://coveinterior.com/wp-content/uploads/2022/07/63.jpg","image/jpeg","ea30dc7193253cf7c39ac9b636bcb71e7ad02a8a0bfd16668640a0c02ea5bfb1","63.jpg","Mon Jun 01 2026 21:01:38 GMT+0000 (Coordinated Universal Time)","Mon Jun 01 2026 21:01:38 GMT+0000 (Coordinated Universal Time)","cleanup_candidate_review_only","candidate_for_media_library_record_and_filesystem_file_deletion_after_explicit_row_level_approval","wordpress_migration_asset_has_media_library_record_and_file_but_no_detected_references","yes","0","0","0","0",""
"media_asset:393","media_asset","393","/media/wordpress-migration/2022/07/64.jpg","/home/manus/cove-storefront/public/media/wordpress-migration/2022/07/64.jpg","true","170637","https://coveinterior.com/wp-content/uploads/2022/07/64.jpg","image/jpeg","9e294d6b66f8d12aeba563a4c177506d5510f4d3a17471c6e01a8f7d999214ea","64.jpg","Mon Jun 01 2026 21:01:38 GMT+0000 (Coordinated Universal Time)","Mon Jun 01 2026 21:01:38 GMT+0000 (Coordinated Universal Time)","cleanup_candidate_review_only","candidate_for_media_library_record_and_filesystem_file_deletion_after_explicit_row_level_approval","wordpress_migration_asset_has_media_library_record_and_file_but_no_detected_references","yes","0","0","0","0",""
"media_asset:394","media_asset","394","/media/wordpress-migration/2022/07/65.jpg","/home/manus/cove-storefront/public/media/wordpress-migration/2022/07/65.jpg","true","644263","https://coveinterior.com/wp-content/uploads/2022/07/65.jpg","image/jpeg","cec2dc6c64d6d74ad8cda33225b9a92161d40beda38f25b012ec2b3d8eaa1746","65.jpg","Mon Jun 01 2026 21:01:38 GMT+0000 (Coordinated Universal Time)","Mon Jun 01 2026 21:01:38 GMT+0000 (Coordinated Universal Time)","cleanup_candidate_review_only","candidate_for_media_library_record_and_filesystem_file_deletion_after_explicit_row_level_approval","wordpress_migration_asset_has_media_library_record_and_file_but_no_detected_references","yes","0","0","0","0",""
"media_asset:395","media_asset","395","/media/wordpress-migration/2022/07/66.jpg","/home/manus/cove-storefront/public/media/wordpress-migration/2022/07/66.jpg","true","134722","https://coveinterior.com/wp-content/uploads/2022/07/66.jpg","image/jpeg","f85af35123f5c7b26f612c01b13e6955aa155c81b56aa92ba9b8c6758d8b9ddb","66.jpg","Mon Jun 01 2026 21:01:39 GMT+0000 (Coordinated Universal Time)","Mon Jun 01 2026 21:01:39 GMT+0000 (Coordinated Universal Time)","cleanup_candidate_review_only","candidate_for_media_library_record_and_filesystem_file_deletion_after_explicit_row_level_approval","wordpress_migration_asset_has_media_library_record_and_file_but_no_detected_references","yes","0","0","0","0",""
"media_asset:396","media_asset","396","/media/wordpress-migration/2022/07/67.jpg","/home/manus/cove-storefront/public/media/wordpress-migration/2022/07/67.jpg","true","749402","https://coveinterior.com/wp-content/uploads/2022/07/67.jpg","image/jpeg","0c2eb803bff93174dc4b8318fa6f819dcafbd5d275487a882b528f3ca80232a1","67.jpg","Mon Jun 01 2026 21:01:39 GMT+0000 (Coordinated Universal Time)","Mon Jun 01 2026 21:01:39 GMT+0000 (Coordinated Universal Time)","cleanup_candidate_review_only","candidate_for_media_library_record_and_filesystem_file_deletion_after_explicit_row_level_approval","wordpress_migration_asset_has_media_library_record_and_file_but_no_detected_references","yes","0","0","0","0",""
"media_asset:397","media_asset","397","/media/wordpress-migration/2022/07/68.jpg","/home/manus/cove-storefront/public/media/wordpress-migration/2022/07/68.jpg","true","1092060","https://coveinterior.com/wp-content/uploads/2022/07/68.jpg","image/jpeg","3ed208801ff912f72fcb674793be99851680d7a5d8f1cd1962e002c405fefb53","68.jpg","Mon Jun 01 2026 21:01:39 GMT+0000 (Coordinated Universal Time)","Mon Jun 01 2026 21:01:39 GMT+0000 (Coordinated Universal Time)","cleanup_candidate_review_only","candidate_for_media_library_record_and_filesystem_file_deletion_after_explicit_row_level_approval","wordpress_migration_asset_has_media_library_record_and_file_but_no_detected_references","yes","0","0","0","0",""
"media_asset:398","media_asset","398","/media/wordpress-migration/2022/07/69.jpg","/home/manus/cove-storefront/public/media/wordpress-migration/2022/07/69.jpg","true","1128307","https://coveinterior.com/wp-content/uploads/2022/07/69.jpg","image/jpeg","3aea3d98ec6639ec0e73f4f1a8fe68bcfbade0c1b68aad1ab9fc7596b41845ca","69.jpg","Mon Jun 01 2026 21:01:39 GMT+0000 (Coordinated Universal Time)","Mon Jun 01 2026 21:01:39 GMT+0000 (Coordinated Universal Time)","cleanup_candidate_review_only","candidate_for_media_library_record_and_filesystem_file_deletion_after_explicit_row_level_approval","wordpress_migration_asset_has_media_library_record_and_file_but_no_detected_references","yes","0","0","0","0",""
"media_asset:399","media_asset","399","/media/wordpress-migration/2022/07/7-1.jpg","/home/manus/cove-storefront/public/media/wordpress-migration/2022/07/7-1.jpg","true","2473017","https://coveinterior.com/wp-content/uploads/2022/07/7-1.jpg","image/jpeg","8ef4312f2cd2555cfbfd2f4728dd20fde8a8a80795059f1a68305ae1bde2dafe","7-1.jpg","Mon Jun 01 2026 21:01:40 GMT+0000 (Coordinated Universal Time)","Mon Jun 01 2026 21:01:40 GMT+0000 (Coordinated Universal Time)","cleanup_candidate_review_only","candidate_for_media_library_record_and_filesystem_file_deletion_after_explicit_row_level_approval","wordpress_migration_asset_has_media_library_record_and_file_but_no_detected_references","yes","0","0","0","0",""
"media_asset:400","media_asset","400","/media/wordpress-migration/2022/07/7-3.jpg","/home/manus/cove-storefront/public/media/wordpress-migration/2022/07/7-3.jpg","true","263294","https://coveinterior.com/wp-content/uploads/2022/07/7-3.jpg","image/jpeg","a16dc2fa8753218f91ff38f7dfcf9260c57de12ae53081d1ad9833532c4b7390","7-3.jpg","Mon Jun 01 2026 21:01:40 GMT+0000 (Coordinated Universal Time)","Mon Jun 01 2026 21:01:40 GMT+0000 (Coordinated Universal Time)","cleanup_candidate_review_only","candidate_for_media_library_record_and_filesystem_file_deletion_after_explicit_row_level_approval","wordpress_migration_asset_has_media_library_record_and_file_but_no_detected_references","yes","0","0","0","0",""
"media_asset:401","media_asset","401","/media/wordpress-migration/2022/07/7.jpg","/home/manus/cove-storefront/public/media/wordpress-migration/2022/07/7.jpg","true","1288210","https://coveinterior.com/wp-content/uploads/2022/07/7.jpg","image/jpeg","fadde3ca0f36b88a20795ebca0f22b8b6e12145eae04e2ad63b3d5d438116ffb","7.jpg","Mon Jun 01 2026 21:01:41 GMT+0000 (Coordinated Universal Time)","Mon Jun 01 2026 21:01:41 GMT+0000 (Coordinated Universal Time)","cleanup_candidate_review_only","candidate_for_media_library_record_and_filesystem_file_deletion_after_explicit_row_level_approval","wordpress_migration_asset_has_media_library_record_and_file_but_no_detected_references","yes","0","0","0","0",""
"media_asset:402","media_asset","402","/media/wordpress-migration/2022/07/7.png","/home/manus/cove-storefront/public/media/wordpress-migration/2022/07/7.png","true","4056600","https://coveinterior.com/wp-content/uploads/2022/07/7.png","image/png","b9036ed090fe575ad37f797eef812e022cf1fe92246f91438b65167212850488","7.png","Mon Jun 01 2026 21:01:41 GMT+0000 (Coordinated Universal Time)","Mon Jun 01 2026 21:01:41 GMT+0000 (Coordinated Universal Time)","cleanup_candidate_review_only","candidate_for_media_library_record_and_filesystem_file_deletion_after_explicit_row_level_approval","wordpress_migration_asset_has_media_library_record_and_file_but_no_detected_references","yes","0","0","0","0",""
"media_asset:403","media_asset","403","/media/wordpress-migration/2022/07/8-1.jpg","/home/manus/cove-storefront/public/media/wordpress-migration/2022/07/8-1.jpg","true","397467","https://coveinterior.com/wp-content/uploads/2022/07/8-1.jpg","image/jpeg","a2d16518437984448a2eb5e56af6f1f72eb06519ea51bb0be665f9c650ac47bf","8-1.jpg","Mon Jun 01 2026 21:01:43 GMT+0000 (Coordinated Universal Time)","Mon Jun 01 2026 21:01:43 GMT+0000 (Coordinated Universal Time)","cleanup_candidate_review_only","candidate_for_media_library_record_and_filesystem_file_deletion_after_explicit_row_level_approval","wordpress_migration_asset_has_media_library_record_and_file_but_no_detected_references","yes","0","0","0","0",""
"media_asset:405","media_asset","405","/media/wordpress-migration/2022/07/9-2.jpg","/home/manus/cove-storefront/public/media/wordpress-migration/2022/07/9-2.jpg","true","349897","https://coveinterior.com/wp-content/uploads/2022/07/9-2.jpg","image/jpeg","ad2bb2fc7d924e8f3b4e83224494f4ba5859f8aefb7176a0e9f95bed8e6560ba","9-2.jpg","Mon Jun 01 2026 21:01:43 GMT+0000 (Coordinated Universal Time)","Mon Jun 01 2026 21:01:43 GMT+0000 (Coordinated Universal Time)","cleanup_candidate_review_only","candidate_for_media_library_record_and_filesystem_file_deletion_after_explicit_row_level_approval","wordpress_migration_asset_has_media_library_record_and_file_but_no_detected_references","yes","0","0","0","0",""
"media_asset:406","media_asset","406","/media/wordpress-migration/2022/07/9.jpg","/home/manus/cove-storefront/public/media/wordpress-migration/2022/07/9.jpg","true","1062826","https://coveinterior.com/wp-content/uploads/2022/07/9.jpg","image/jpeg","36ca6a71830a46f4c63efc21928677afae3bc837cd8c1496bb48f4445feb6e39","9.jpg","Mon Jun 01 2026 21:01:43 GMT+0000 (Coordinated Universal Time)","Mon Jun 01 2026 21:01:43 GMT+0000 (Coordinated Universal Time)","cleanup_candidate_review_only","candidate_for_media_library_record_and_filesystem_file_deletion_after_explicit_row_level_approval","wordpress_migration_asset_has_media_library_record_and_file_but_no_detected_references","yes","0","0","0","0",""
"media_asset:407","media_asset","407","/media/wordpress-migration/2022/07/9.JPG.jpeg","/home/manus/cove-storefront/public/media/wordpress-migration/2022/07/9.JPG.jpeg","true","2235594","https://coveinterior.com/wp-content/uploads/2022/07/9.JPG.jpeg","image/jpeg","492189947fd463a21d4ffbd318a4fb8b97cf05be656bd86ef90e0888d7835274","9.JPG.jpeg","Mon Jun 01 2026 21:01:43 GMT+0000 (Coordinated Universal Time)","Mon Jun 01 2026 21:01:43 GMT+0000 (Coordinated Universal Time)","cleanup_candidate_review_only","candidate_for_media_library_record_and_filesystem_file_deletion_after_explicit_row_level_approval","wordpress_migration_asset_has_media_library_record_and_file_but_no_detected_references","yes","0","0","0","0",""
"media_asset:408","media_asset","408","/media/wordpress-migration/2022/07/9.png","/home/manus/cove-storefront/public/media/wordpress-migration/2022/07/9.png","true","3815248","https://coveinterior.com/wp-content/uploads/2022/07/9.png","image/png","268a6aa8ec4550a5c74bf1855eb6b0f31fda7eb66f8a9e2c0f8f5cecdf401d9f","9.png","Mon Jun 01 2026 21:01:44 GMT+0000 (Coordinated Universal Time)","Mon Jun 01 2026 21:01:44 GMT+0000 (Coordinated Universal Time)","cleanup_candidate_review_only","candidate_for_media_library_record_and_filesystem_file_deletion_after_explicit_row_level_approval","wordpress_migration_asset_has_media_library_record_and_file_but_no_detected_references","yes","0","0","0","0",""
"media_asset:409","media_asset","409","/media/wordpress-migration/2022/07/about-cove-1.jpg","/home/manus/cove-storefront/public/media/wordpress-migration/2022/07/about-cove-1.jpg","true","12421","https://coveinterior.com/wp-content/uploads/2022/07/about-cove-1.jpg","image/jpeg","13ba10e35afb18ae12d0a7042495ebeeed8a223f5aa78d6c54f39feedd86fe89","about-cove-1.jpg","Mon Jun 01 2026 21:01:44 GMT+0000 (Coordinated Universal Time)","Mon Jun 01 2026 21:01:44 GMT+0000 (Coordinated Universal Time)","cleanup_candidate_review_only","candidate_for_media_library_record_and_filesystem_file_deletion_after_explicit_row_level_approval","wordpress_migration_asset_has_media_library_record_and_file_but_no_detected_references","yes","0","0","0","0",""
"media_asset:411","media_asset","411","/media/wordpress-migration/2022/07/clients-services.jpg","/home/manus/cove-storefront/public/media/wordpress-migration/2022/07/clients-services.jpg","true","14484","https://coveinterior.com/wp-content/uploads/2022/07/clients-services.jpg","image/jpeg","11ebdcc3449d2593a61626573cbd5d1a705edac19f0ff03d973ef1c61d3253d9","clients-services.jpg","Mon Jun 01 2026 21:01:45 GMT+0000 (Coordinated Universal Time)","Mon Jun 01 2026 21:01:45 GMT+0000 (Coordinated Universal Time)","cleanup_candidate_review_only","candidate_for_media_library_record_and_filesystem_file_deletion_after_explicit_row_level_approval","wordpress_migration_asset_has_media_library_record_and_file_but_no_detected_references","yes","0","0","0","0",""
"media_asset:412","media_asset","412","/media/wordpress-migration/2022/07/communicate-with-cove.jpg","/home/manus/cove-storefront/public/media/wordpress-migration/2022/07/communicate-with-cove.jpg","true","14242","https://coveinterior.com/wp-content/uploads/2022/07/communicate-with-cove.jpg","image/jpeg","8f556f4eccd09c24a45040452bf12ff6bfe56cb9ce03541f05395dd923f69e45","communicate-with-cove.jpg","Mon Jun 01 2026 21:01:46 GMT+0000 (Coordinated Universal Time)","Mon Jun 01 2026 21:01:46 GMT+0000 (Coordinated Universal Time)","cleanup_candidate_review_only","candidate_for_media_library_record_and_filesystem_file_deletion_after_explicit_row_level_approval","wordpress_migration_asset_has_media_library_record_and_file_but_no_detected_references","yes","0","0","0","0",""
"media_asset:413","media_asset","413","/media/wordpress-migration/2022/07/company-profile.jpg","/home/manus/cove-storefront/public/media/wordpress-migration/2022/07/company-profile.jpg","true","14102","https://coveinterior.com/wp-content/uploads/2022/07/company-profile.jpg","image/jpeg","26b616c06b1249197d0b5da6828e5d51a602b77edfa82905bf145e9789284eee","company-profile.jpg","Mon Jun 01 2026 21:01:47 GMT+0000 (Coordinated Universal Time)","Mon Jun 01 2026 21:01:47 GMT+0000 (Coordinated Universal Time)","cleanup_candidate_review_only","candidate_for_media_library_record_and_filesystem_file_deletion_after_explicit_row_level_approval","wordpress_migration_asset_has_media_library_record_and_file_but_no_detected_references","yes","0","0","0","0",""
"media_asset:416","media_asset","416","/media/wordpress-migration/2022/07/cove-furniture.jpg","/home/manus/cove-storefront/public/media/wordpress-migration/2022/07/cove-furniture.jpg","true","14139","https://coveinterior.com/wp-content/uploads/2022/07/cove-furniture.jpg","image/jpeg","3bead2bce4abfb966eb4b2054b42e02bb2b77867847c6853ef911f6c14d94b52","cove-furniture.jpg","Mon Jun 01 2026 21:01:59 GMT+0000 (Coordinated Universal Time)","Mon Jun 01 2026 21:01:59 GMT+0000 (Coordinated Universal Time)","cleanup_candidate_review_only","candidate_for_media_library_record_and_filesystem_file_deletion_after_explicit_row_level_approval","wordpress_migration_asset_has_media_library_record_and_file_but_no_detected_references","yes","0","0","0","0",""
"media_asset:419","media_asset","419","/media/wordpress-migration/2022/07/IMG_0247.jpg","/home/manus/cove-storefront/public/media/wordpress-migration/2022/07/IMG_0247.jpg","true","356942","https://coveinterior.com/wp-content/uploads/2022/07/IMG_0247.jpg","image/jpeg","8bba59d1f14939402351b5333b264ba851ca9d825a20f14e0d540219489074e5","IMG_0247.jpg","Mon Jun 01 2026 21:02:06 GMT+0000 (Coordinated Universal Time)","Mon Jun 01 2026 21:02:06 GMT+0000 (Coordinated Universal Time)","cleanup_candidate_review_only","candidate_for_media_library_record_and_filesystem_file_deletion_after_explicit_row_level_approval","wordpress_migration_asset_has_media_library_record_and_file_but_no_detected_references","yes","0","0","0","0",""
"media_asset:420","media_asset","420","/media/wordpress-migration/2022/07/IMG_0249.jpg","/home/manus/cove-storefront/public/media/wordpress-migration/2022/07/IMG_0249.jpg","true","243924","https://coveinterior.com/wp-content/uploads/2022/07/IMG_0249.jpg","image/jpeg","1f9e0dfaff297d53a0c0a85ccce0a75c99f79041c66a0004ecddaf77ce4c0cdf","IMG_0249.jpg","Mon Jun 01 2026 21:02:07 GMT+0000 (Coordinated Universal Time)","Mon Jun 01 2026 21:02:07 GMT+0000 (Coordinated Universal Time)","cleanup_candidate_review_only","candidate_for_media_library_record_and_filesystem_file_deletion_after_explicit_row_level_approval","wordpress_migration_asset_has_media_library_record_and_file_but_no_detected_references","yes","0","0","0","0",""
"media_asset:421","media_asset","421","/media/wordpress-migration/2022/07/IMG_0253.jpg","/home/manus/cove-storefront/public/media/wordpress-migration/2022/07/IMG_0253.jpg","true","219985","https://coveinterior.com/wp-content/uploads/2022/07/IMG_0253.jpg","image/jpeg","88f1bcd9e1ab1f496245d47b1486907256f340006f929225820e4991f1f939b1","IMG_0253.jpg","Mon Jun 01 2026 21:02:08 GMT+0000 (Coordinated Universal Time)","Mon Jun 01 2026 21:02:08 GMT+0000 (Coordinated Universal Time)","cleanup_candidate_review_only","candidate_for_media_library_record_and_filesystem_file_deletion_after_explicit_row_level_approval","wordpress_migration_asset_has_media_library_record_and_file_but_no_detected_references","yes","0","0","0","0",""
"media_asset:422","media_asset","422","/media/wordpress-migration/2022/07/IMG_0255.jpg","/home/manus/cove-storefront/public/media/wordpress-migration/2022/07/IMG_0255.jpg","true","210084","https://coveinterior.com/wp-content/uploads/2022/07/IMG_0255.jpg","image/jpeg","d3bdcb15d66d269770c862ecbe7ae2e10591466ed8b487cc3c864387984b3203","IMG_0255.jpg","Mon Jun 01 2026 21:02:08 GMT+0000 (Coordinated Universal Time)","Mon Jun 01 2026 21:02:08 GMT+0000 (Coordinated Universal Time)","cleanup_candidate_review_only","candidate_for_media_library_record_and_filesystem_file_deletion_after_explicit_row_level_approval","wordpress_migration_asset_has_media_library_record_and_file_but_no_detected_references","yes","0","0","0","0",""
"media_asset:423","media_asset","423","/media/wordpress-migration/2022/07/IMG_0259.jpg","/home/manus/cove-storefront/public/media/wordpress-migration/2022/07/IMG_0259.jpg","true","331731","https://coveinterior.com/wp-content/uploads/2022/07/IMG_0259.jpg","image/jpeg","336f915773b8f5ee46e2f3e9fb802613f34395cce7be4a36aec66ba922360743","IMG_0259.jpg","Mon Jun 01 2026 21:02:08 GMT+0000 (Coordinated Universal Time)","Mon Jun 01 2026 21:02:08 GMT+0000 (Coordinated Universal Time)","cleanup_candidate_review_only","candidate_for_media_library_record_and_filesystem_file_deletion_after_explicit_row_level_approval","wordpress_migration_asset_has_media_library_record_and_file_but_no_detected_references","yes","0","0","0","0",""
"media_asset:424","media_asset","424","/media/wordpress-migration/2022/07/IMG_0274.jpg","/home/manus/cove-storefront/public/media/wordpress-migration/2022/07/IMG_0274.jpg","true","297772","https://coveinterior.com/wp-content/uploads/2022/07/IMG_0274.jpg","image/jpeg","974384f92f72ec9d5dc79c6968602401ffbc95b12b1615a2622a4fc80e40e113","IMG_0274.jpg","Mon Jun 01 2026 21:02:09 GMT+0000 (Coordinated Universal Time)","Mon Jun 01 2026 21:02:09 GMT+0000 (Coordinated Universal Time)","cleanup_candidate_review_only","candidate_for_media_library_record_and_filesystem_file_deletion_after_explicit_row_level_approval","wordpress_migration_asset_has_media_library_record_and_file_but_no_detected_references","yes","0","0","0","0",""
"media_asset:425","media_asset","425","/media/wordpress-migration/2022/07/IMG_0283.jpg","/home/manus/cove-storefront/public/media/wordpress-migration/2022/07/IMG_0283.jpg","true","206359","https://coveinterior.com/wp-content/uploads/2022/07/IMG_0283.jpg","image/jpeg","69edd8692a896f3050b6dda2ced874f9119a5b524efafa8c337fb1a2d1cd50ca","IMG_0283.jpg","Mon Jun 01 2026 21:02:10 GMT+0000 (Coordinated Universal Time)","Mon Jun 01 2026 21:02:10 GMT+0000 (Coordinated Universal Time)","cleanup_candidate_review_only","candidate_for_media_library_record_and_filesystem_file_deletion_after_explicit_row_level_approval","wordpress_migration_asset_has_media_library_record_and_file_but_no_detected_references","yes","0","0","0","0",""
"media_asset:426","media_asset","426","/media/wordpress-migration/2022/07/IMG_0285.jpg","/home/manus/cove-storefront/public/media/wordpress-migration/2022/07/IMG_0285.jpg","true","183034","https://coveinterior.com/wp-content/uploads/2022/07/IMG_0285.jpg","image/jpeg","adf9415189fbd90547da04de273cc3c981fa094442ebad138f92244c224fc631","IMG_0285.jpg","Mon Jun 01 2026 21:02:10 GMT+0000 (Coordinated Universal Time)","Mon Jun 01 2026 21:02:10 GMT+0000 (Coordinated Universal Time)","cleanup_candidate_review_only","candidate_for_media_library_record_and_filesystem_file_deletion_after_explicit_row_level_approval","wordpress_migration_asset_has_media_library_record_and_file_but_no_detected_references","yes","0","0","0","0",""
"media_asset:427","media_asset","427","/media/wordpress-migration/2022/07/IMG_0298.jpg","/home/manus/cove-storefront/public/media/wordpress-migration/2022/07/IMG_0298.jpg","true","196909","https://coveinterior.com/wp-content/uploads/2022/07/IMG_0298.jpg","image/jpeg","ab9b4d51d127493e34d728f1d3d92206fa90d6a0905d8f466bb87cd847dc46cd","IMG_0298.jpg","Mon Jun 01 2026 21:02:10 GMT+0000 (Coordinated Universal Time)","Mon Jun 01 2026 21:02:10 GMT+0000 (Coordinated Universal Time)","cleanup_candidate_review_only","candidate_for_media_library_record_and_filesystem_file_deletion_after_explicit_row_level_approval","wordpress_migration_asset_has_media_library_record_and_file_but_no_detected_references","yes","0","0","0","0",""
"media_asset:428","media_asset","428","/media/wordpress-migration/2022/07/IMG_0304.jpg","/home/manus/cove-storefront/public/media/wordpress-migration/2022/07/IMG_0304.jpg","true","217473","https://coveinterior.com/wp-content/uploads/2022/07/IMG_0304.jpg","image/jpeg","be1b801386b995da076fbb0940b56e1ca0948de31612bc0e2025aee6ecacec7c","IMG_0304.jpg","Mon Jun 01 2026 21:02:11 GMT+0000 (Coordinated Universal Time)","Mon Jun 01 2026 21:02:11 GMT+0000 (Coordinated Universal Time)","cleanup_candidate_review_only","candidate_for_media_library_record_and_filesystem_file_deletion_after_explicit_row_level_approval","wordpress_migration_asset_has_media_library_record_and_file_but_no_detected_references","yes","0","0","0","0",""
"media_asset:429","media_asset","429","/media/wordpress-migration/2022/07/IMG_0307.jpg","/home/manus/cove-storefront/public/media/wordpress-migration/2022/07/IMG_0307.jpg","true","229837","https://coveinterior.com/wp-content/uploads/2022/07/IMG_0307.jpg","image/jpeg","f803fe48775a6f6f503246f4b9adb8a6b366dd2194a337fbcb6aaa218cca88c9","IMG_0307.jpg","Mon Jun 01 2026 21:02:11 GMT+0000 (Coordinated Universal Time)","Mon Jun 01 2026 21:02:11 GMT+0000 (Coordinated Universal Time)","cleanup_candidate_review_only","candidate_for_media_library_record_and_filesystem_file_deletion_after_explicit_row_level_approval","wordpress_migration_asset_has_media_library_record_and_file_but_no_detected_references","yes","0","0","0","0",""
"media_asset:430","media_asset","430","/media/wordpress-migration/2022/07/IMG_0311.jpg","/home/manus/cove-storefront/public/media/wordpress-migration/2022/07/IMG_0311.jpg","true","264632","https://coveinterior.com/wp-content/uploads/2022/07/IMG_0311.jpg","image/jpeg","5254cfa866e3cd696e86263bf8f5ef2db0124fbdefb4d5cbb84aadc3757e028f","IMG_0311.jpg","Mon Jun 01 2026 21:02:11 GMT+0000 (Coordinated Universal Time)","Mon Jun 01 2026 21:02:11 GMT+0000 (Coordinated Universal Time)","cleanup_candidate_review_only","candidate_for_media_library_record_and_filesystem_file_deletion_after_explicit_row_level_approval","wordpress_migration_asset_has_media_library_record_and_file_but_no_detected_references","yes","0","0","0","0",""
"media_asset:431","media_asset","431","/media/wordpress-migration/2022/07/IMG_0312.jpg","/home/manus/cove-storefront/public/media/wordpress-migration/2022/07/IMG_0312.jpg","true","201034","https://coveinterior.com/wp-content/uploads/2022/07/IMG_0312.jpg","image/jpeg","0d9cf93dce1c6a19da43d72baaba9dca777b8b94b2279c5afcd63ee694d5a08c","IMG_0312.jpg","Mon Jun 01 2026 21:02:13 GMT+0000 (Coordinated Universal Time)","Mon Jun 01 2026 21:02:13 GMT+0000 (Coordinated Universal Time)","cleanup_candidate_review_only","candidate_for_media_library_record_and_filesystem_file_deletion_after_explicit_row_level_approval","wordpress_migration_asset_has_media_library_record_and_file_but_no_detected_references","yes","0","0","0","0",""
"media_asset:432","media_asset","432","/media/wordpress-migration/2022/07/IMG_0314.jpg","/home/manus/cove-storefront/public/media/wordpress-migration/2022/07/IMG_0314.jpg","true","217530","https://coveinterior.com/wp-content/uploads/2022/07/IMG_0314.jpg","image/jpeg","a69f4a2d3e07173489eee632b81fc42aaee66679d4153703feb5e67e34c5be8a","IMG_0314.jpg","Mon Jun 01 2026 21:02:13 GMT+0000 (Coordinated Universal Time)","Mon Jun 01 2026 21:02:13 GMT+0000 (Coordinated Universal Time)","cleanup_candidate_review_only","candidate_for_media_library_record_and_filesystem_file_deletion_after_explicit_row_level_approval","wordpress_migration_asset_has_media_library_record_and_file_but_no_detected_references","yes","0","0","0","0",""
"media_asset:433","media_asset","433","/media/wordpress-migration/2022/07/IMG_0316.jpg","/home/manus/cove-storefront/public/media/wordpress-migration/2022/07/IMG_0316.jpg","true","329307","https://coveinterior.com/wp-content/uploads/2022/07/IMG_0316.jpg","image/jpeg","9fa8e35f207183a7908d6525e3da98221ac10dabb45a501f203215ed43078450","IMG_0316.jpg","Mon Jun 01 2026 21:02:14 GMT+0000 (Coordinated Universal Time)","Mon Jun 01 2026 21:02:14 GMT+0000 (Coordinated Universal Time)","cleanup_candidate_review_only","candidate_for_media_library_record_and_filesystem_file_deletion_after_explicit_row_level_approval","wordpress_migration_asset_has_media_library_record_and_file_but_no_detected_references","yes","0","0","0","0",""
"media_asset:434","media_asset","434","/media/wordpress-migration/2022/07/IMG_0319.jpg","/home/manus/cove-storefront/public/media/wordpress-migration/2022/07/IMG_0319.jpg","true","252990","https://coveinterior.com/wp-content/uploads/2022/07/IMG_0319.jpg","image/jpeg","af3b5deb0dd3cebd80542e7486e214960e3a4c9ce299731c2e370d47eaf8b2e9","IMG_0319.jpg","Mon Jun 01 2026 21:02:14 GMT+0000 (Coordinated Universal Time)","Mon Jun 01 2026 21:02:14 GMT+0000 (Coordinated Universal Time)","cleanup_candidate_review_only","candidate_for_media_library_record_and_filesystem_file_deletion_after_explicit_row_level_approval","wordpress_migration_asset_has_media_library_record_and_file_but_no_detected_references","yes","0","0","0","0",""
"media_asset:435","media_asset","435","/media/wordpress-migration/2022/07/IMG_0322.jpg","/home/manus/cove-storefront/public/media/wordpress-migration/2022/07/IMG_0322.jpg","true","201019","https://coveinterior.com/wp-content/uploads/2022/07/IMG_0322.jpg","image/jpeg","51fa8f20afdaafd708f482da614efd25a55d856457df9fb75e601d9f8964719b","IMG_0322.jpg","Mon Jun 01 2026 21:02:14 GMT+0000 (Coordinated Universal Time)","Mon Jun 01 2026 21:02:14 GMT+0000 (Coordinated Universal Time)","cleanup_candidate_review_only","candidate_for_media_library_record_and_filesystem_file_deletion_after_explicit_row_level_approval","wordpress_migration_asset_has_media_library_record_and_file_but_no_detected_references","yes","0","0","0","0",""
"media_asset:436","media_asset","436","/media/wordpress-migration/2022/07/IMG_0339.jpg","/home/manus/cove-storefront/public/media/wordpress-migration/2022/07/IMG_0339.jpg","true","230248","https://coveinterior.com/wp-content/uploads/2022/07/IMG_0339.jpg","image/jpeg","eb258ef62edee7bdb69f0653ad3f7919b5d7f82301794613d0ecd9c22c64bea2","IMG_0339.jpg","Mon Jun 01 2026 21:02:14 GMT+0000 (Coordinated Universal Time)","Mon Jun 01 2026 21:02:14 GMT+0000 (Coordinated Universal Time)","cleanup_candidate_review_only","candidate_for_media_library_record_and_filesystem_file_deletion_after_explicit_row_level_approval","wordpress_migration_asset_has_media_library_record_and_file_but_no_detected_references","yes","0","0","0","0",""
"media_asset:437","media_asset","437","/media/wordpress-migration/2022/07/IMG_0341.jpg","/home/manus/cove-storefront/public/media/wordpress-migration/2022/07/IMG_0341.jpg","true","180123","https://coveinterior.com/wp-content/uploads/2022/07/IMG_0341.jpg","image/jpeg","7534805dbe32a32c4a334edce84be4a7b668a4dcfbba6f3881f9516368ac9a34","IMG_0341.jpg","Mon Jun 01 2026 21:02:14 GMT+0000 (Coordinated Universal Time)","Mon Jun 01 2026 21:02:14 GMT+0000 (Coordinated Universal Time)","cleanup_candidate_review_only","candidate_for_media_library_record_and_filesystem_file_deletion_after_explicit_row_level_approval","wordpress_migration_asset_has_media_library_record_and_file_but_no_detected_references","yes","0","0","0","0",""
"media_asset:438","media_asset","438","/media/wordpress-migration/2022/07/IMG_0345.jpg","/home/manus/cove-storefront/public/media/wordpress-migration/2022/07/IMG_0345.jpg","true","338550","https://coveinterior.com/wp-content/uploads/2022/07/IMG_0345.jpg","image/jpeg","0511981df69d28d2aad98b65b1fa00082d3a01251c8e6ce9072ce065a46cac4a","IMG_0345.jpg","Mon Jun 01 2026 21:02:14 GMT+0000 (Coordinated Universal Time)","Mon Jun 01 2026 21:02:14 GMT+0000 (Coordinated Universal Time)","cleanup_candidate_review_only","candidate_for_media_library_record_and_filesystem_file_deletion_after_explicit_row_level_approval","wordpress_migration_asset_has_media_library_record_and_file_but_no_detected_references","yes","0","0","0","0",""
"media_asset:439","media_asset","439","/media/wordpress-migration/2022/07/IMG_0346.jpg","/home/manus/cove-storefront/public/media/wordpress-migration/2022/07/IMG_0346.jpg","true","198616","https://coveinterior.com/wp-content/uploads/2022/07/IMG_0346.jpg","image/jpeg","16737d02dd079d740efb37cfcea73ea414bd3eb9138788efafbf239981657d6d","IMG_0346.jpg","Mon Jun 01 2026 21:02:15 GMT+0000 (Coordinated Universal Time)","Mon Jun 01 2026 21:02:15 GMT+0000 (Coordinated Universal Time)","cleanup_candidate_review_only","candidate_for_media_library_record_and_filesystem_file_deletion_after_explicit_row_level_approval","wordpress_migration_asset_has_media_library_record_and_file_but_no_detected_references","yes","0","0","0","0",""
"media_asset:440","media_asset","440","/media/wordpress-migration/2022/07/IMG_0353.jpg","/home/manus/cove-storefront/public/media/wordpress-migration/2022/07/IMG_0353.jpg","true","136791","https://coveinterior.com/wp-content/uploads/2022/07/IMG_0353.jpg","image/jpeg","504d22315cbc86a54af55d936b239d82cfed366711f37f519a5eb5372db97c5c","IMG_0353.jpg","Mon Jun 01 2026 21:02:15 GMT+0000 (Coordinated Universal Time)","Mon Jun 01 2026 21:02:15 GMT+0000 (Coordinated Universal Time)","cleanup_candidate_review_only","candidate_for_media_library_record_and_filesystem_file_deletion_after_explicit_row_level_approval","wordpress_migration_asset_has_media_library_record_and_file_but_no_detected_references","yes","0","0","0","0",""
"media_asset:441","media_asset","441","/media/wordpress-migration/2022/07/IMG_0354.jpg","/home/manus/cove-storefront/public/media/wordpress-migration/2022/07/IMG_0354.jpg","true","176348","https://coveinterior.com/wp-content/uploads/2022/07/IMG_0354.jpg","image/jpeg","4acbba90f11b608d611587fcd3d4f0b4e271357100ae86e39c6cce3cf97c5f9c","IMG_0354.jpg","Mon Jun 01 2026 21:02:15 GMT+0000 (Coordinated Universal Time)","Mon Jun 01 2026 21:02:15 GMT+0000 (Coordinated Universal Time)","cleanup_candidate_review_only","candidate_for_media_library_record_and_filesystem_file_deletion_after_explicit_row_level_approval","wordpress_migration_asset_has_media_library_record_and_file_but_no_detected_references","yes","0","0","0","0",""
"media_asset:442","media_asset","442","/media/wordpress-migration/2022/07/IMG_0355.jpg","/home/manus/cove-storefront/public/media/wordpress-migration/2022/07/IMG_0355.jpg","true","180741","https://coveinterior.com/wp-content/uploads/2022/07/IMG_0355.jpg","image/jpeg","07437876e5c675dd5c3e5a3bb1cd4e77d8bb13f187973acfb9a292f6648124d3","IMG_0355.jpg","Mon Jun 01 2026 21:02:15 GMT+0000 (Coordinated Universal Time)","Mon Jun 01 2026 21:02:15 GMT+0000 (Coordinated Universal Time)","cleanup_candidate_review_only","candidate_for_media_library_record_and_filesystem_file_deletion_after_explicit_row_level_approval","wordpress_migration_asset_has_media_library_record_and_file_but_no_detected_references","yes","0","0","0","0",""
"media_asset:443","media_asset","443","/media/wordpress-migration/2022/07/IMG_0357.jpg","/home/manus/cove-storefront/public/media/wordpress-migration/2022/07/IMG_0357.jpg","true","131336","https://coveinterior.com/wp-content/uploads/2022/07/IMG_0357.jpg","image/jpeg","d0097ee08b94d68abbffa42a406dda482e9e31e05f6dd4638a471179ef59f5f1","IMG_0357.jpg","Mon Jun 01 2026 21:02:16 GMT+0000 (Coordinated Universal Time)","Mon Jun 01 2026 21:02:16 GMT+0000 (Coordinated Universal Time)","cleanup_candidate_review_only","candidate_for_media_library_record_and_filesystem_file_deletion_after_explicit_row_level_approval","wordpress_migration_asset_has_media_library_record_and_file_but_no_detected_references","yes","0","0","0","0",""
"media_asset:444","media_asset","444","/media/wordpress-migration/2022/07/IMG_0366.jpg","/home/manus/cove-storefront/public/media/wordpress-migration/2022/07/IMG_0366.jpg","true","191174","https://coveinterior.com/wp-content/uploads/2022/07/IMG_0366.jpg","image/jpeg","c7d4f599f7d6984ac251fee35a3355b5e8c1287447665dbf2bd26a8f7858a791","IMG_0366.jpg","Mon Jun 01 2026 21:02:16 GMT+0000 (Coordinated Universal Time)","Mon Jun 01 2026 21:02:16 GMT+0000 (Coordinated Universal Time)","cleanup_candidate_review_only","candidate_for_media_library_record_and_filesystem_file_deletion_after_explicit_row_level_approval","wordpress_migration_asset_has_media_library_record_and_file_but_no_detected_references","yes","0","0","0","0",""
"media_asset:445","media_asset","445","/media/wordpress-migration/2022/07/IMG_0368.jpg","/home/manus/cove-storefront/public/media/wordpress-migration/2022/07/IMG_0368.jpg","true","154910","https://coveinterior.com/wp-content/uploads/2022/07/IMG_0368.jpg","image/jpeg","eeb3eaa967eea71d7162336f4219dde951207ad53970731b2cebc9f0df25ffbf","IMG_0368.jpg","Mon Jun 01 2026 21:02:16 GMT+0000 (Coordinated Universal Time)","Mon Jun 01 2026 21:02:16 GMT+0000 (Coordinated Universal Time)","cleanup_candidate_review_only","candidate_for_media_library_record_and_filesystem_file_deletion_after_explicit_row_level_approval","wordpress_migration_asset_has_media_library_record_and_file_but_no_detected_references","yes","0","0","0","0",""
"media_asset:446","media_asset","446","/media/wordpress-migration/2022/07/IMG_0369.jpg","/home/manus/cove-storefront/public/media/wordpress-migration/2022/07/IMG_0369.jpg","true","172539","https://coveinterior.com/wp-content/uploads/2022/07/IMG_0369.jpg","image/jpeg","66862ea0e8de30b25992d7fc97d918b3a7584d4a0f4cf5108306d5cf188f7b9e","IMG_0369.jpg","Mon Jun 01 2026 21:02:16 GMT+0000 (Coordinated Universal Time)","Mon Jun 01 2026 21:02:16 GMT+0000 (Coordinated Universal Time)","cleanup_candidate_review_only","candidate_for_media_library_record_and_filesystem_file_deletion_after_explicit_row_level_approval","wordpress_migration_asset_has_media_library_record_and_file_but_no_detected_references","yes","0","0","0","0",""
"media_asset:447","media_asset","447","/media/wordpress-migration/2022/07/IMG_0379.jpg","/home/manus/cove-storefront/public/media/wordpress-migration/2022/07/IMG_0379.jpg","true","199844","https://coveinterior.com/wp-content/uploads/2022/07/IMG_0379.jpg","image/jpeg","023d578be65b50c8b2de6c9e76efdec471e705a7c9546a429f483c0e6b668e76","IMG_0379.jpg","Mon Jun 01 2026 21:02:17 GMT+0000 (Coordinated Universal Time)","Mon Jun 01 2026 21:02:17 GMT+0000 (Coordinated Universal Time)","cleanup_candidate_review_only","candidate_for_media_library_record_and_filesystem_file_deletion_after_explicit_row_level_approval","wordpress_migration_asset_has_media_library_record_and_file_but_no_detected_references","yes","0","0","0","0",""
"media_asset:448","media_asset","448","/media/wordpress-migration/2022/07/IMG_0380.jpg","/home/manus/cove-storefront/public/media/wordpress-migration/2022/07/IMG_0380.jpg","true","177903","https://coveinterior.com/wp-content/uploads/2022/07/IMG_0380.jpg","image/jpeg","8705f72450b2d25d170ca364bb7ed350c2cc800b18ab267ac22f4101740ffd1f","IMG_0380.jpg","Mon Jun 01 2026 21:02:18 GMT+0000 (Coordinated Universal Time)","Mon Jun 01 2026 21:02:18 GMT+0000 (Coordinated Universal Time)","cleanup_candidate_review_only","candidate_for_media_library_record_and_filesystem_file_deletion_after_explicit_row_level_approval","wordpress_migration_asset_has_media_library_record_and_file_but_no_detected_references","yes","0","0","0","0",""
"media_asset:449","media_asset","449","/media/wordpress-migration/2022/07/IMG_0383.jpg","/home/manus/cove-storefront/public/media/wordpress-migration/2022/07/IMG_0383.jpg","true","171651","https://coveinterior.com/wp-content/uploads/2022/07/IMG_0383.jpg","image/jpeg","bbb0b28da2f6a64d92057f6d76076b7261cbc32ab354723783b6cb1aa8549850","IMG_0383.jpg","Mon Jun 01 2026 21:02:19 GMT+0000 (Coordinated Universal Time)","Mon Jun 01 2026 21:02:19 GMT+0000 (Coordinated Universal Time)","cleanup_candidate_review_only","candidate_for_media_library_record_and_filesystem_file_deletion_after_explicit_row_level_approval","wordpress_migration_asset_has_media_library_record_and_file_but_no_detected_references","yes","0","0","0","0",""
"media_asset:450","media_asset","450","/media/wordpress-migration/2022/07/IMG_0387.jpg","/home/manus/cove-storefront/public/media/wordpress-migration/2022/07/IMG_0387.jpg","true","181399","https://coveinterior.com/wp-content/uploads/2022/07/IMG_0387.jpg","image/jpeg","f98720dee4b3e785e47620a4237def631fffd7dcce8998b9fd15b9bb7364b3bd","IMG_0387.jpg","Mon Jun 01 2026 21:02:19 GMT+0000 (Coordinated Universal Time)","Mon Jun 01 2026 21:02:19 GMT+0000 (Coordinated Universal Time)","cleanup_candidate_review_only","candidate_for_media_library_record_and_filesystem_file_deletion_after_explicit_row_level_approval","wordpress_migration_asset_has_media_library_record_and_file_but_no_detected_references","yes","0","0","0","0",""
"media_asset:451","media_asset","451","/media/wordpress-migration/2022/07/IMG_0399.jpg","/home/manus/cove-storefront/public/media/wordpress-migration/2022/07/IMG_0399.jpg","true","148478","https://coveinterior.com/wp-content/uploads/2022/07/IMG_0399.jpg","image/jpeg","eaee825e5ffe1b884bb6b8e343e36420d0f9b11f71f176be8f3c5337354831b1","IMG_0399.jpg","Mon Jun 01 2026 21:02:19 GMT+0000 (Coordinated Universal Time)","Mon Jun 01 2026 21:02:19 GMT+0000 (Coordinated Universal Time)","cleanup_candidate_review_only","candidate_for_media_library_record_and_filesystem_file_deletion_after_explicit_row_level_approval","wordpress_migration_asset_has_media_library_record_and_file_but_no_detected_references","yes","0","0","0","0",""
"media_asset:454","media_asset","454","/media/wordpress-migration/2022/07/main-1.jpg","/home/manus/cove-storefront/public/media/wordpress-migration/2022/07/main-1.jpg","true","210760","https://coveinterior.com/wp-content/uploads/2022/07/main-1.jpg","image/jpeg","fcb709c216431beba3a056b2f39c0be328ab028cf48ce4f4ea440a1ae56b8e9c","main-1.jpg","Mon Jun 01 2026 21:02:19 GMT+0000 (Coordinated Universal Time)","Mon Jun 01 2026 21:02:19 GMT+0000 (Coordinated Universal Time)","cleanup_candidate_review_only","candidate_for_media_library_record_and_filesystem_file_deletion_after_explicit_row_level_approval","wordpress_migration_asset_has_media_library_record_and_file_but_no_detected_references","yes","0","0","0","0",""
"media_asset:458","media_asset","458","/media/wordpress-migration/2022/08/address_icon_2.png","/home/manus/cove-storefront/public/media/wordpress-migration/2022/08/address_icon_2.png","true","3523","https://coveinterior.com/wp-content/uploads/2022/08/address_icon_2.png","image/png","96b457b30b1906c3e8b5ba81a559ab0c857b50f38581c3f4753c8d675fe582a9","address_icon_2.png","Mon Jun 01 2026 21:02:20 GMT+0000 (Coordinated Universal Time)","Mon Jun 01 2026 21:02:20 GMT+0000 (Coordinated Universal Time)","cleanup_candidate_review_only","candidate_for_media_library_record_and_filesystem_file_deletion_after_explicit_row_level_approval","wordpress_migration_asset_has_media_library_record_and_file_but_no_detected_references","yes","0","0","0","0",""
"media_asset:524","media_asset","524","/media/wordpress-migration/2022/08/BG-1024x576-1.png","/home/manus/cove-storefront/public/media/wordpress-migration/2022/08/BG-1024x576-1.png","true","59356","https://coveinterior.com/wp-content/uploads/2022/08/BG-1024x576-1.png","image/png","d3e1317690e0b418f9f1e4f7b8073b105d24a6aad8a4fce75974f6ae7feda5a5","BG-1024x576-1.png","Mon Jun 01 2026 21:04:29 GMT+0000 (Coordinated Universal Time)","Mon Jun 01 2026 21:04:29 GMT+0000 (Coordinated Universal Time)","cleanup_candidate_review_only","candidate_for_media_library_record_and_filesystem_file_deletion_after_explicit_row_level_approval","wordpress_migration_asset_has_media_library_record_and_file_but_no_detected_references","yes","0","0","0","0",""
"media_asset:459","media_asset","459","/media/wordpress-migration/2022/08/coffee-counter.jpg","/home/manus/cove-storefront/public/media/wordpress-migration/2022/08/coffee-counter.jpg","true","169108","https://coveinterior.com/wp-content/uploads/2022/08/coffee-counter.jpg","image/jpeg","7774eafcbfc7bb50f63668caffe140c4ab0d55d68d5717dc364798fa9240fe42","coffee-counter.jpg","Mon Jun 01 2026 21:02:28 GMT+0000 (Coordinated Universal Time)","Mon Jun 01 2026 21:02:28 GMT+0000 (Coordinated Universal Time)","cleanup_candidate_review_only","candidate_for_media_library_record_and_filesystem_file_deletion_after_explicit_row_level_approval","wordpress_migration_asset_has_media_library_record_and_file_but_no_detected_references","yes","0","0","0","0",""
"media_asset:460","media_asset","460","/media/wordpress-migration/2022/08/email-icon-g.png","/home/manus/cove-storefront/public/media/wordpress-migration/2022/08/email-icon-g.png","true","3111","https://coveinterior.com/wp-content/uploads/2022/08/email-icon-g.png","image/png","52d407ff3ae05dc4544da18b3e7c1f4d7b340db22678db92f8f7d1b8d63a17e1","email-icon-g.png","Mon Jun 01 2026 21:02:28 GMT+0000 (Coordinated Universal Time)","Mon Jun 01 2026 21:02:28 GMT+0000 (Coordinated Universal Time)","cleanup_candidate_review_only","candidate_for_media_library_record_and_filesystem_file_deletion_after_explicit_row_level_approval","wordpress_migration_asset_has_media_library_record_and_file_but_no_detected_references","yes","0","0","0","0",""
"media_asset:461","media_asset","461","/media/wordpress-migration/2022/08/phone-icon-g.png","/home/manus/cove-storefront/public/media/wordpress-migration/2022/08/phone-icon-g.png","true","3711","https://coveinterior.com/wp-content/uploads/2022/08/phone-icon-g.png","image/png","10cf04bd31bbbe023539d58f45253ac3e8489b89f42421c687ca4e462b42716a","phone-icon-g.png","Mon Jun 01 2026 21:02:28 GMT+0000 (Coordinated Universal Time)","Mon Jun 01 2026 21:02:28 GMT+0000 (Coordinated Universal Time)","cleanup_candidate_review_only","candidate_for_media_library_record_and_filesystem_file_deletion_after_explicit_row_level_approval","wordpress_migration_asset_has_media_library_record_and_file_but_no_detected_references","yes","0","0","0","0",""
"media_asset:463","media_asset","463","/media/wordpress-migration/2022/11/ASK4692-websize.jpg","/home/manus/cove-storefront/public/media/wordpress-migration/2022/11/ASK4692-websize.jpg","true","650204","https://coveinterior.com/wp-content/uploads/2022/11/ASK4692-websize.jpg","image/jpeg","b10b46bd793fa9ee09353dd468abd8557af7f57e4b4bc0a0ae58d378b2d6a559","ASK4692-websize.jpg","Mon Jun 01 2026 21:02:28 GMT+0000 (Coordinated Universal Time)","Mon Jun 01 2026 21:02:28 GMT+0000 (Coordinated Universal Time)","cleanup_candidate_review_only","candidate_for_media_library_record_and_filesystem_file_deletion_after_explicit_row_level_approval","wordpress_migration_asset_has_media_library_record_and_file_but_no_detected_references","yes","0","0","0","0",""
"media_asset:464","media_asset","464","/media/wordpress-migration/2022/11/ASK4697-websize-1.jpg","/home/manus/cove-storefront/public/media/wordpress-migration/2022/11/ASK4697-websize-1.jpg","true","534319","https://coveinterior.com/wp-content/uploads/2022/11/ASK4697-websize-1.jpg","image/jpeg","d3a52f8a16eb62dc5d5a0a1c9deda0dbac3c79d18bb17a7a349abbb091dd9c3d","ASK4697-websize-1.jpg","Mon Jun 01 2026 21:02:29 GMT+0000 (Coordinated Universal Time)","Mon Jun 01 2026 21:02:29 GMT+0000 (Coordinated Universal Time)","cleanup_candidate_review_only","candidate_for_media_library_record_and_filesystem_file_deletion_after_explicit_row_level_approval","wordpress_migration_asset_has_media_library_record_and_file_but_no_detected_references","yes","0","0","0","0",""
"media_asset:465","media_asset","465","/media/wordpress-migration/2022/11/ASK4705-websize-1.jpg","/home/manus/cove-storefront/public/media/wordpress-migration/2022/11/ASK4705-websize-1.jpg","true","656128","https://coveinterior.com/wp-content/uploads/2022/11/ASK4705-websize-1.jpg","image/jpeg","b190ef4b21bd1372b4a78b3ec3012d0bd8d580b16cc1a8ce4af455562f6e1256","ASK4705-websize-1.jpg","Mon Jun 01 2026 21:02:29 GMT+0000 (Coordinated Universal Time)","Mon Jun 01 2026 21:02:29 GMT+0000 (Coordinated Universal Time)","cleanup_candidate_review_only","candidate_for_media_library_record_and_filesystem_file_deletion_after_explicit_row_level_approval","wordpress_migration_asset_has_media_library_record_and_file_but_no_detected_references","yes","0","0","0","0",""
"media_asset:466","media_asset","466","/media/wordpress-migration/2022/11/ASK4708-websize-1.jpg","/home/manus/cove-storefront/public/media/wordpress-migration/2022/11/ASK4708-websize-1.jpg","true","594864","https://coveinterior.com/wp-content/uploads/2022/11/ASK4708-websize-1.jpg","image/jpeg","fd62232bd42be3461277f1e21ea96d0dd3385eddc63dd24e2ab68560a697a039","ASK4708-websize-1.jpg","Mon Jun 01 2026 21:02:29 GMT+0000 (Coordinated Universal Time)","Mon Jun 01 2026 21:02:29 GMT+0000 (Coordinated Universal Time)","cleanup_candidate_review_only","candidate_for_media_library_record_and_filesystem_file_deletion_after_explicit_row_level_approval","wordpress_migration_asset_has_media_library_record_and_file_but_no_detected_references","yes","0","0","0","0",""
"media_asset:467","media_asset","467","/media/wordpress-migration/2022/11/ASK4713-websize-1.jpg","/home/manus/cove-storefront/public/media/wordpress-migration/2022/11/ASK4713-websize-1.jpg","true","541545","https://coveinterior.com/wp-content/uploads/2022/11/ASK4713-websize-1.jpg","image/jpeg","157278c0d7a69aa00c4823db854d6275f5ad9355cee3b64434d6e79880734f0c","ASK4713-websize-1.jpg","Mon Jun 01 2026 21:02:29 GMT+0000 (Coordinated Universal Time)","Mon Jun 01 2026 21:02:29 GMT+0000 (Coordinated Universal Time)","cleanup_candidate_review_only","candidate_for_media_library_record_and_filesystem_file_deletion_after_explicit_row_level_approval","wordpress_migration_asset_has_media_library_record_and_file_but_no_detected_references","yes","0","0","0","0",""
"media_asset:468","media_asset","468","/media/wordpress-migration/2022/11/ASK4716-websize-1.jpg","/home/manus/cove-storefront/public/media/wordpress-migration/2022/11/ASK4716-websize-1.jpg","true","602972","https://coveinterior.com/wp-content/uploads/2022/11/ASK4716-websize-1.jpg","image/jpeg","5d0645e00d6066cc5ef2ea88f3dc76843fabf13cf55447191d2ff4631342f2f2","ASK4716-websize-1.jpg","Mon Jun 01 2026 21:02:30 GMT+0000 (Coordinated Universal Time)","Mon Jun 01 2026 21:02:30 GMT+0000 (Coordinated Universal Time)","cleanup_candidate_review_only","candidate_for_media_library_record_and_filesystem_file_deletion_after_explicit_row_level_approval","wordpress_migration_asset_has_media_library_record_and_file_but_no_detected_references","yes","0","0","0","0",""
"media_asset:469","media_asset","469","/media/wordpress-migration/2022/11/ASK4717-websize-1.jpg","/home/manus/cove-storefront/public/media/wordpress-migration/2022/11/ASK4717-websize-1.jpg","true","590465","https://coveinterior.com/wp-content/uploads/2022/11/ASK4717-websize-1.jpg","image/jpeg","4e71e93d4e3a4f74f854d785693b6064f302176d178d4818066e2ea6513c8c18","ASK4717-websize-1.jpg","Mon Jun 01 2026 21:02:30 GMT+0000 (Coordinated Universal Time)","Mon Jun 01 2026 21:02:30 GMT+0000 (Coordinated Universal Time)","cleanup_candidate_review_only","candidate_for_media_library_record_and_filesystem_file_deletion_after_explicit_row_level_approval","wordpress_migration_asset_has_media_library_record_and_file_but_no_detected_references","yes","0","0","0","0",""
"media_asset:470","media_asset","470","/media/wordpress-migration/2022/11/ASK4723-websize-1.jpg","/home/manus/cove-storefront/public/media/wordpress-migration/2022/11/ASK4723-websize-1.jpg","true","564419","https://coveinterior.com/wp-content/uploads/2022/11/ASK4723-websize-1.jpg","image/jpeg","83cad5c223b8aea469fd48fbad65a23a1eef69d77e344d9eb679c35720b2bb04","ASK4723-websize-1.jpg","Mon Jun 01 2026 21:02:31 GMT+0000 (Coordinated Universal Time)","Mon Jun 01 2026 21:02:31 GMT+0000 (Coordinated Universal Time)","cleanup_candidate_review_only","candidate_for_media_library_record_and_filesystem_file_deletion_after_explicit_row_level_approval","wordpress_migration_asset_has_media_library_record_and_file_but_no_detected_references","yes","0","0","0","0",""
"media_asset:471","media_asset","471","/media/wordpress-migration/2022/11/ASK4726-websize-1.jpg","/home/manus/cove-storefront/public/media/wordpress-migration/2022/11/ASK4726-websize-1.jpg","true","586751","https://coveinterior.com/wp-content/uploads/2022/11/ASK4726-websize-1.jpg","image/jpeg","9ede1ed160836ae16f8de31bf61ce02409e1dfd9fed4ce592f02b7c1d174c1fe","ASK4726-websize-1.jpg","Mon Jun 01 2026 21:02:31 GMT+0000 (Coordinated Universal Time)","Mon Jun 01 2026 21:02:31 GMT+0000 (Coordinated Universal Time)","cleanup_candidate_review_only","candidate_for_media_library_record_and_filesystem_file_deletion_after_explicit_row_level_approval","wordpress_migration_asset_has_media_library_record_and_file_but_no_detected_references","yes","0","0","0","0",""
"media_asset:472","media_asset","472","/media/wordpress-migration/2022/11/ASK4734-websize-1.jpg","/home/manus/cove-storefront/public/media/wordpress-migration/2022/11/ASK4734-websize-1.jpg","true","670615","https://coveinterior.com/wp-content/uploads/2022/11/ASK4734-websize-1.jpg","image/jpeg","5cebcfa9137372db579cc3aca354b0ce9c4c0d5941e24ddce1830dfbbc950421","ASK4734-websize-1.jpg","Mon Jun 01 2026 21:02:31 GMT+0000 (Coordinated Universal Time)","Mon Jun 01 2026 21:02:31 GMT+0000 (Coordinated Universal Time)","cleanup_candidate_review_only","candidate_for_media_library_record_and_filesystem_file_deletion_after_explicit_row_level_approval","wordpress_migration_asset_has_media_library_record_and_file_but_no_detected_references","yes","0","0","0","0",""
"media_asset:473","media_asset","473","/media/wordpress-migration/2022/11/ASK4744-websize-1.jpg","/home/manus/cove-storefront/public/media/wordpress-migration/2022/11/ASK4744-websize-1.jpg","true","944670","https://coveinterior.com/wp-content/uploads/2022/11/ASK4744-websize-1.jpg","image/jpeg","779cc0eea7ff9bf94e1040442d8c1b69caaaecaa9b39d76f295679e2391b2678","ASK4744-websize-1.jpg","Mon Jun 01 2026 21:02:32 GMT+0000 (Coordinated Universal Time)","Mon Jun 01 2026 21:02:32 GMT+0000 (Coordinated Universal Time)","cleanup_candidate_review_only","candidate_for_media_library_record_and_filesystem_file_deletion_after_explicit_row_level_approval","wordpress_migration_asset_has_media_library_record_and_file_but_no_detected_references","yes","0","0","0","0",""
"media_asset:474","media_asset","474","/media/wordpress-migration/2022/11/ASK4745-websize-1.jpg","/home/manus/cove-storefront/public/media/wordpress-migration/2022/11/ASK4745-websize-1.jpg","true","1225504","https://coveinterior.com/wp-content/uploads/2022/11/ASK4745-websize-1.jpg","image/jpeg","3b8e4298dab454e149e549e2b8ac6ebce74d2e790967c8c999556e063a0765f7","ASK4745-websize-1.jpg","Mon Jun 01 2026 21:02:33 GMT+0000 (Coordinated Universal Time)","Mon Jun 01 2026 21:02:33 GMT+0000 (Coordinated Universal Time)","cleanup_candidate_review_only","candidate_for_media_library_record_and_filesystem_file_deletion_after_explicit_row_level_approval","wordpress_migration_asset_has_media_library_record_and_file_but_no_detected_references","yes","0","0","0","0",""
"media_asset:475","media_asset","475","/media/wordpress-migration/2022/11/ASK4749-websize-1.jpg","/home/manus/cove-storefront/public/media/wordpress-migration/2022/11/ASK4749-websize-1.jpg","true","1135555","https://coveinterior.com/wp-content/uploads/2022/11/ASK4749-websize-1.jpg","image/jpeg","55669b508c3aced189051da016d9313368a662f5f12497d36d7688cecbdc4fdc","ASK4749-websize-1.jpg","Mon Jun 01 2026 21:02:33 GMT+0000 (Coordinated Universal Time)","Mon Jun 01 2026 21:02:33 GMT+0000 (Coordinated Universal Time)","cleanup_candidate_review_only","candidate_for_media_library_record_and_filesystem_file_deletion_after_explicit_row_level_approval","wordpress_migration_asset_has_media_library_record_and_file_but_no_detected_references","yes","0","0","0","0",""
"media_asset:476","media_asset","476","/media/wordpress-migration/2022/11/ASK4751-websize-1.jpg","/home/manus/cove-storefront/public/media/wordpress-migration/2022/11/ASK4751-websize-1.jpg","true","919659","https://coveinterior.com/wp-content/uploads/2022/11/ASK4751-websize-1.jpg","image/jpeg","28f68cdd84c64aed783cc49929125d4d2b8869355ab8362442a37565fe7657f3","ASK4751-websize-1.jpg","Mon Jun 01 2026 21:02:33 GMT+0000 (Coordinated Universal Time)","Mon Jun 01 2026 21:02:33 GMT+0000 (Coordinated Universal Time)","cleanup_candidate_review_only","candidate_for_media_library_record_and_filesystem_file_deletion_after_explicit_row_level_approval","wordpress_migration_asset_has_media_library_record_and_file_but_no_detected_references","yes","0","0","0","0",""
"media_asset:477","media_asset","477","/media/wordpress-migration/2022/11/ASK4753-websize-1.jpg","/home/manus/cove-storefront/public/media/wordpress-migration/2022/11/ASK4753-websize-1.jpg","true","748806","https://coveinterior.com/wp-content/uploads/2022/11/ASK4753-websize-1.jpg","image/jpeg","7aa2de5af680155f56ca8b0ce69bbfdea0a23680de689218a3d0bd450158994c","ASK4753-websize-1.jpg","Mon Jun 01 2026 21:02:33 GMT+0000 (Coordinated Universal Time)","Mon Jun 01 2026 21:02:33 GMT+0000 (Coordinated Universal Time)","cleanup_candidate_review_only","candidate_for_media_library_record_and_filesystem_file_deletion_after_explicit_row_level_approval","wordpress_migration_asset_has_media_library_record_and_file_but_no_detected_references","yes","0","0","0","0",""
"media_asset:478","media_asset","478","/media/wordpress-migration/2022/11/ASK4754-websize-1.jpg","/home/manus/cove-storefront/public/media/wordpress-migration/2022/11/ASK4754-websize-1.jpg","true","1050472","https://coveinterior.com/wp-content/uploads/2022/11/ASK4754-websize-1.jpg","image/jpeg","fa2aee2b0b3790bebf8c902799d27b199a01f5c6d4449898906ccb29617ef659","ASK4754-websize-1.jpg","Mon Jun 01 2026 21:02:33 GMT+0000 (Coordinated Universal Time)","Mon Jun 01 2026 21:02:33 GMT+0000 (Coordinated Universal Time)","cleanup_candidate_review_only","candidate_for_media_library_record_and_filesystem_file_deletion_after_explicit_row_level_approval","wordpress_migration_asset_has_media_library_record_and_file_but_no_detected_references","yes","0","0","0","0",""
"media_asset:479","media_asset","479","/media/wordpress-migration/2022/11/ASK4758-websize-1.jpg","/home/manus/cove-storefront/public/media/wordpress-migration/2022/11/ASK4758-websize-1.jpg","true","1056515","https://coveinterior.com/wp-content/uploads/2022/11/ASK4758-websize-1.jpg","image/jpeg","fc2f0f9025820f21fa92d86baac918f9b3f854da1df32e1ce2b4f39e944f2b7e","ASK4758-websize-1.jpg","Mon Jun 01 2026 21:02:34 GMT+0000 (Coordinated Universal Time)","Mon Jun 01 2026 21:02:34 GMT+0000 (Coordinated Universal Time)","cleanup_candidate_review_only","candidate_for_media_library_record_and_filesystem_file_deletion_after_explicit_row_level_approval","wordpress_migration_asset_has_media_library_record_and_file_but_no_detected_references","yes","0","0","0","0",""
"media_asset:480","media_asset","480","/media/wordpress-migration/2022/11/ASK4759-websize-1.jpg","/home/manus/cove-storefront/public/media/wordpress-migration/2022/11/ASK4759-websize-1.jpg","true","878542","https://coveinterior.com/wp-content/uploads/2022/11/ASK4759-websize-1.jpg","image/jpeg","62077fa649294125a7e2cd8a02323002f13e02740bd07d50b8d1904309228c25","ASK4759-websize-1.jpg","Mon Jun 01 2026 21:02:34 GMT+0000 (Coordinated Universal Time)","Mon Jun 01 2026 21:02:34 GMT+0000 (Coordinated Universal Time)","cleanup_candidate_review_only","candidate_for_media_library_record_and_filesystem_file_deletion_after_explicit_row_level_approval","wordpress_migration_asset_has_media_library_record_and_file_but_no_detected_references","yes","0","0","0","0",""
"media_asset:481","media_asset","481","/media/wordpress-migration/2022/11/ASK4762-websize-1.jpg","/home/manus/cove-storefront/public/media/wordpress-migration/2022/11/ASK4762-websize-1.jpg","true","1103278","https://coveinterior.com/wp-content/uploads/2022/11/ASK4762-websize-1.jpg","image/jpeg","c62cc049aa9cb3439ab51043e773009cf035d06106f3f3a7ee8005b401a2b14b","ASK4762-websize-1.jpg","Mon Jun 01 2026 21:02:34 GMT+0000 (Coordinated Universal Time)","Mon Jun 01 2026 21:02:34 GMT+0000 (Coordinated Universal Time)","cleanup_candidate_review_only","candidate_for_media_library_record_and_filesystem_file_deletion_after_explicit_row_level_approval","wordpress_migration_asset_has_media_library_record_and_file_but_no_detected_references","yes","0","0","0","0",""
"media_asset:482","media_asset","482","/media/wordpress-migration/2022/11/ASK4764-websize-1.jpg","/home/manus/cove-storefront/public/media/wordpress-migration/2022/11/ASK4764-websize-1.jpg","true","981321","https://coveinterior.com/wp-content/uploads/2022/11/ASK4764-websize-1.jpg","image/jpeg","5c6f9d0e37f6aa83618dc3fe047555dffec36aade43d1bcebbfd5d2f6e0e6e77","ASK4764-websize-1.jpg","Mon Jun 01 2026 21:02:35 GMT+0000 (Coordinated Universal Time)","Mon Jun 01 2026 21:02:35 GMT+0000 (Coordinated Universal Time)","cleanup_candidate_review_only","candidate_for_media_library_record_and_filesystem_file_deletion_after_explicit_row_level_approval","wordpress_migration_asset_has_media_library_record_and_file_but_no_detected_references","yes","0","0","0","0",""
"media_asset:483","media_asset","483","/media/wordpress-migration/2022/11/ASK4767-websize-1.jpg","/home/manus/cove-storefront/public/media/wordpress-migration/2022/11/ASK4767-websize-1.jpg","true","1124528","https://coveinterior.com/wp-content/uploads/2022/11/ASK4767-websize-1.jpg","image/jpeg","41b5b3744bf69703c00bbbacf553bb99553b6a3b578567ee89f61017cf3c3a43","ASK4767-websize-1.jpg","Mon Jun 01 2026 21:02:35 GMT+0000 (Coordinated Universal Time)","Mon Jun 01 2026 21:02:35 GMT+0000 (Coordinated Universal Time)","cleanup_candidate_review_only","candidate_for_media_library_record_and_filesystem_file_deletion_after_explicit_row_level_approval","wordpress_migration_asset_has_media_library_record_and_file_but_no_detected_references","yes","0","0","0","0",""
"media_asset:484","media_asset","484","/media/wordpress-migration/2022/11/ASK4771-websize-1.jpg","/home/manus/cove-storefront/public/media/wordpress-migration/2022/11/ASK4771-websize-1.jpg","true","918976","https://coveinterior.com/wp-content/uploads/2022/11/ASK4771-websize-1.jpg","image/jpeg","2146e309be6efb2059cdf9e9845d9321e166995aa86fd15549edcb28cb5a1333","ASK4771-websize-1.jpg","Mon Jun 01 2026 21:02:35 GMT+0000 (Coordinated Universal Time)","Mon Jun 01 2026 21:02:35 GMT+0000 (Coordinated Universal Time)","cleanup_candidate_review_only","candidate_for_media_library_record_and_filesystem_file_deletion_after_explicit_row_level_approval","wordpress_migration_asset_has_media_library_record_and_file_but_no_detected_references","yes","0","0","0","0",""
"media_asset:485","media_asset","485","/media/wordpress-migration/2023/02/coffee-tables-1.jpg","/home/manus/cove-storefront/public/media/wordpress-migration/2023/02/coffee-tables-1.jpg","true","307314","https://coveinterior.com/wp-content/uploads/2023/02/coffee-tables-1.jpg","image/jpeg","9f1d7f022208a2e4b88900d723a37113c530ee564c0a3c62255ff1a04c0a7354","coffee-tables-1.jpg","Mon Jun 01 2026 21:02:44 GMT+0000 (Coordinated Universal Time)","Mon Jun 01 2026 21:02:44 GMT+0000 (Coordinated Universal Time)","cleanup_candidate_review_only","candidate_for_media_library_record_and_filesystem_file_deletion_after_explicit_row_level_approval","wordpress_migration_asset_has_media_library_record_and_file_but_no_detected_references","yes","0","0","0","0",""
"media_asset:486","media_asset","486","/media/wordpress-migration/2023/08/country-62-4x4-1.jpg","/home/manus/cove-storefront/public/media/wordpress-migration/2023/08/country-62-4x4-1.jpg","true","473827","https://coveinterior.com/wp-content/uploads/2023/08/country-62-4x4-1.jpg","image/jpeg","a45130977b615eb6c51fcc6e17d4cfd1e0b7d599f5dce454c1a6e5b6b2c89bf4","country-62-4x4-1.jpg","Mon Jun 01 2026 21:02:51 GMT+0000 (Coordinated Universal Time)","Mon Jun 01 2026 21:02:51 GMT+0000 (Coordinated Universal Time)","cleanup_candidate_review_only","candidate_for_media_library_record_and_filesystem_file_deletion_after_explicit_row_level_approval","wordpress_migration_asset_has_media_library_record_and_file_but_no_detected_references","yes","0","0","0","0",""
"media_asset:487","media_asset","487","/media/wordpress-migration/2023/10/slide-1.jpg","/home/manus/cove-storefront/public/media/wordpress-migration/2023/10/slide-1.jpg","true","106636","https://coveinterior.com/wp-content/uploads/2023/10/slide-1.jpg","image/jpeg","da91334ac2ec273fad4df06e554742184c1bb5830b86c7bece1a5588e5ea2ab2","slide-1.jpg","Mon Jun 01 2026 21:02:53 GMT+0000 (Coordinated Universal Time)","Mon Jun 01 2026 21:02:53 GMT+0000 (Coordinated Universal Time)","cleanup_candidate_review_only","candidate_for_media_library_record_and_filesystem_file_deletion_after_explicit_row_level_approval","wordpress_migration_asset_has_media_library_record_and_file_but_no_detected_references","yes","0","0","0","0",""
"media_asset:488","media_asset","488","/media/wordpress-migration/2023/10/slide-3.jpg","/home/manus/cove-storefront/public/media/wordpress-migration/2023/10/slide-3.jpg","true","117921","https://coveinterior.com/wp-content/uploads/2023/10/slide-3.jpg","image/jpeg","54ee9d043f355e8c39729ecb4ef70e6de5eab00d045e5fd788c14510995fc943","slide-3.jpg","Mon Jun 01 2026 21:02:54 GMT+0000 (Coordinated Universal Time)","Mon Jun 01 2026 21:02:54 GMT+0000 (Coordinated Universal Time)","cleanup_candidate_review_only","candidate_for_media_library_record_and_filesystem_file_deletion_after_explicit_row_level_approval","wordpress_migration_asset_has_media_library_record_and_file_but_no_detected_references","yes","0","0","0","0",""
"media_asset:489","media_asset","489","/media/wordpress-migration/2023/10/slide-4.jpg","/home/manus/cove-storefront/public/media/wordpress-migration/2023/10/slide-4.jpg","true","112229","https://coveinterior.com/wp-content/uploads/2023/10/slide-4.jpg","image/jpeg","c2711badc18afaa64d87b1fcf50bf3e11f405087a8b2b0139f0a53e746dadde6","slide-4.jpg","Mon Jun 01 2026 21:02:54 GMT+0000 (Coordinated Universal Time)","Mon Jun 01 2026 21:02:54 GMT+0000 (Coordinated Universal Time)","cleanup_candidate_review_only","candidate_for_media_library_record_and_filesystem_file_deletion_after_explicit_row_level_approval","wordpress_migration_asset_has_media_library_record_and_file_but_no_detected_references","yes","0","0","0","0",""
"media_asset:217","media_asset","217","/media/wordpress-migration/2023/11/dark-paint.jpeg","/home/manus/cove-storefront/public/media/wordpress-migration/2023/11/dark-paint.jpeg","true","288501","https://coveinterior.com/wp-content/uploads/2023/11/dark-paint.jpeg","image/jpeg","aa04fb6febc538166c2dc30d934ddd52ddc521f1b33637c138f1b1481f3a1c82","dark-paint.jpeg","Tue May 26 2026 10:08:53 GMT+0000 (Coordinated Universal Time)","Mon Jun 01 2026 19:18:18 GMT+0000 (Coordinated Universal Time)","cleanup_candidate_review_only","candidate_for_media_library_record_and_filesystem_file_deletion_after_explicit_row_level_approval","wordpress_migration_asset_has_media_library_record_and_file_but_no_detected_references","yes","0","0","0","0",""
"media_asset:490","media_asset","490","/media/wordpress-migration/2023/12/accessories-1-en.jpg","/home/manus/cove-storefront/public/media/wordpress-migration/2023/12/accessories-1-en.jpg","true","330334","https://coveinterior.com/wp-content/uploads/2023/12/accessories-1-en.jpg","image/jpeg","9c0a0990ae87035d6cca7e397e74d811b0300080a90c5dc0c6cd4167d8899e63","accessories-1-en.jpg","Mon Jun 01 2026 21:02:56 GMT+0000 (Coordinated Universal Time)","Mon Jun 01 2026 21:02:56 GMT+0000 (Coordinated Universal Time)","cleanup_candidate_review_only","candidate_for_media_library_record_and_filesystem_file_deletion_after_explicit_row_level_approval","wordpress_migration_asset_has_media_library_record_and_file_but_no_detected_references","yes","0","0","0","0",""
"media_asset:491","media_asset","491","/media/wordpress-migration/2023/12/accessories-1-en.webp","/home/manus/cove-storefront/public/media/wordpress-migration/2023/12/accessories-1-en.webp","true","31310","https://coveinterior.com/wp-content/uploads/2023/12/accessories-1-en.webp","image/webp","1d588f6493c571f8607c241d018e53513a4530288d7a15ca484bcd206b9b82a2","accessories-1-en.webp","Mon Jun 01 2026 21:02:56 GMT+0000 (Coordinated Universal Time)","Mon Jun 01 2026 21:02:56 GMT+0000 (Coordinated Universal Time)","cleanup_candidate_review_only","candidate_for_media_library_record_and_filesystem_file_deletion_after_explicit_row_level_approval","wordpress_migration_asset_has_media_library_record_and_file_but_no_detected_references","yes","0","0","0","0",""
"media_asset:492","media_asset","492","/media/wordpress-migration/2023/12/roshina-Boxes.jpg","/home/manus/cove-storefront/public/media/wordpress-migration/2023/12/roshina-Boxes.jpg","true","270501","https://coveinterior.com/wp-content/uploads/2023/12/roshina-Boxes.jpg","image/jpeg","17c958f5edf920a20a3996fa2e6d51fd702f5cbc0235e39a75c061abc5b4d824","roshina-Boxes.jpg","Mon Jun 01 2026 21:03:00 GMT+0000 (Coordinated Universal Time)","Mon Jun 01 2026 21:03:00 GMT+0000 (Coordinated Universal Time)","cleanup_candidate_review_only","candidate_for_media_library_record_and_filesystem_file_deletion_after_explicit_row_level_approval","wordpress_migration_asset_has_media_library_record_and_file_but_no_detected_references","yes","0","0","0","0",""
"media_asset:493","media_asset","493","/media/wordpress-migration/2024/06/DSF3203-websize.jpg","/home/manus/cove-storefront/public/media/wordpress-migration/2024/06/DSF3203-websize.jpg","true","770655","https://coveinterior.com/wp-content/uploads/2024/06/DSF3203-websize.jpg","image/jpeg","a4ef1e6b2589ac761f53e9754a6bb23fb85c14ee55fdf7a3ef088914731bbae9","DSF3203-websize.jpg","Mon Jun 01 2026 21:03:13 GMT+0000 (Coordinated Universal Time)","Mon Jun 01 2026 21:03:13 GMT+0000 (Coordinated Universal Time)","cleanup_candidate_review_only","candidate_for_media_library_record_and_filesystem_file_deletion_after_explicit_row_level_approval","wordpress_migration_asset_has_media_library_record_and_file_but_no_detected_references","yes","0","0","0","0",""
"media_asset:494","media_asset","494","/media/wordpress-migration/2024/06/DSF3205-websize.jpg","/home/manus/cove-storefront/public/media/wordpress-migration/2024/06/DSF3205-websize.jpg","true","832619","https://coveinterior.com/wp-content/uploads/2024/06/DSF3205-websize.jpg","image/jpeg","4ba367b434b4fd9443fdabe64e855de11833a709d7512d238579235a71c2ea68","DSF3205-websize.jpg","Mon Jun 01 2026 21:03:13 GMT+0000 (Coordinated Universal Time)","Mon Jun 01 2026 21:03:13 GMT+0000 (Coordinated Universal Time)","cleanup_candidate_review_only","candidate_for_media_library_record_and_filesystem_file_deletion_after_explicit_row_level_approval","wordpress_migration_asset_has_media_library_record_and_file_but_no_detected_references","yes","0","0","0","0",""
"media_asset:495","media_asset","495","/media/wordpress-migration/2024/06/DSF3206-websize.jpg","/home/manus/cove-storefront/public/media/wordpress-migration/2024/06/DSF3206-websize.jpg","true","705253","https://coveinterior.com/wp-content/uploads/2024/06/DSF3206-websize.jpg","image/jpeg","e33f6e9a78dbf01236499a806444c399f0b84dc93697d5fb868c827062d636dd","DSF3206-websize.jpg","Mon Jun 01 2026 21:03:14 GMT+0000 (Coordinated Universal Time)","Mon Jun 01 2026 21:03:14 GMT+0000 (Coordinated Universal Time)","cleanup_candidate_review_only","candidate_for_media_library_record_and_filesystem_file_deletion_after_explicit_row_level_approval","wordpress_migration_asset_has_media_library_record_and_file_but_no_detected_references","yes","0","0","0","0",""
"media_asset:496","media_asset","496","/media/wordpress-migration/2024/06/DSF3208-websize.jpg","/home/manus/cove-storefront/public/media/wordpress-migration/2024/06/DSF3208-websize.jpg","true","731831","https://coveinterior.com/wp-content/uploads/2024/06/DSF3208-websize.jpg","image/jpeg","dfa3006207724f4662a0a9c4837bd945fa5afb0b93d2f0aecacb72f6cc4f6a14","DSF3208-websize.jpg","Mon Jun 01 2026 21:03:15 GMT+0000 (Coordinated Universal Time)","Mon Jun 01 2026 21:03:15 GMT+0000 (Coordinated Universal Time)","cleanup_candidate_review_only","candidate_for_media_library_record_and_filesystem_file_deletion_after_explicit_row_level_approval","wordpress_migration_asset_has_media_library_record_and_file_but_no_detected_references","yes","0","0","0","0",""
"media_asset:497","media_asset","497","/media/wordpress-migration/2024/06/DSF3223-websize.jpg","/home/manus/cove-storefront/public/media/wordpress-migration/2024/06/DSF3223-websize.jpg","true","846253","https://coveinterior.com/wp-content/uploads/2024/06/DSF3223-websize.jpg","image/jpeg","75e986133ec089939696068d4d3580da3d61cd99c3ecff99893a5ad4cbf7ecc1","DSF3223-websize.jpg","Mon Jun 01 2026 21:03:15 GMT+0000 (Coordinated Universal Time)","Mon Jun 01 2026 21:03:15 GMT+0000 (Coordinated Universal Time)","cleanup_candidate_review_only","candidate_for_media_library_record_and_filesystem_file_deletion_after_explicit_row_level_approval","wordpress_migration_asset_has_media_library_record_and_file_but_no_detected_references","yes","0","0","0","0",""
"media_asset:498","media_asset","498","/media/wordpress-migration/2024/06/DSF3226-websize.jpg","/home/manus/cove-storefront/public/media/wordpress-migration/2024/06/DSF3226-websize.jpg","true","565844","https://coveinterior.com/wp-content/uploads/2024/06/DSF3226-websize.jpg","image/jpeg","aef39d510072d20e7f13a6c919648f892497dca9ec0870d199fbd26cdae609ad","DSF3226-websize.jpg","Mon Jun 01 2026 21:03:16 GMT+0000 (Coordinated Universal Time)","Mon Jun 01 2026 21:03:16 GMT+0000 (Coordinated Universal Time)","cleanup_candidate_review_only","candidate_for_media_library_record_and_filesystem_file_deletion_after_explicit_row_level_approval","wordpress_migration_asset_has_media_library_record_and_file_but_no_detected_references","yes","0","0","0","0",""
"media_asset:499","media_asset","499","/media/wordpress-migration/2024/06/DSF3228-websize.jpg","/home/manus/cove-storefront/public/media/wordpress-migration/2024/06/DSF3228-websize.jpg","true","818663","https://coveinterior.com/wp-content/uploads/2024/06/DSF3228-websize.jpg","image/jpeg","d2cac2f94a969eb7089d0169ee13632d6a4376cd8fc9ca9dcfb3f6c7ee22710c","DSF3228-websize.jpg","Mon Jun 01 2026 21:03:16 GMT+0000 (Coordinated Universal Time)","Mon Jun 01 2026 21:03:16 GMT+0000 (Coordinated Universal Time)","cleanup_candidate_review_only","candidate_for_media_library_record_and_filesystem_file_deletion_after_explicit_row_level_approval","wordpress_migration_asset_has_media_library_record_and_file_but_no_detected_references","yes","0","0","0","0",""
"media_asset:500","media_asset","500","/media/wordpress-migration/2024/06/DSF3232-websize.jpg","/home/manus/cove-storefront/public/media/wordpress-migration/2024/06/DSF3232-websize.jpg","true","885916","https://coveinterior.com/wp-content/uploads/2024/06/DSF3232-websize.jpg","image/jpeg","a6f0a66ed8d3528ee69c69f4240241fe23af647758e4a71047dc70c0b523d3ca","DSF3232-websize.jpg","Mon Jun 01 2026 21:03:16 GMT+0000 (Coordinated Universal Time)","Mon Jun 01 2026 21:03:16 GMT+0000 (Coordinated Universal Time)","cleanup_candidate_review_only","candidate_for_media_library_record_and_filesystem_file_deletion_after_explicit_row_level_approval","wordpress_migration_asset_has_media_library_record_and_file_but_no_detected_references","yes","0","0","0","0",""
"media_asset:501","media_asset","501","/media/wordpress-migration/2024/06/DSF3235-websize.jpg","/home/manus/cove-storefront/public/media/wordpress-migration/2024/06/DSF3235-websize.jpg","true","791384","https://coveinterior.com/wp-content/uploads/2024/06/DSF3235-websize.jpg","image/jpeg","b4c7eefd9e40e4f5690f4cfd2f79d1c2a7c06d3aa0b5619c0dbcd9f2656ea97d","DSF3235-websize.jpg","Mon Jun 01 2026 21:03:16 GMT+0000 (Coordinated Universal Time)","Mon Jun 01 2026 21:03:16 GMT+0000 (Coordinated Universal Time)","cleanup_candidate_review_only","candidate_for_media_library_record_and_filesystem_file_deletion_after_explicit_row_level_approval","wordpress_migration_asset_has_media_library_record_and_file_but_no_detected_references","yes","0","0","0","0",""
"media_asset:502","media_asset","502","/media/wordpress-migration/2024/06/DSF3240-websize.jpg","/home/manus/cove-storefront/public/media/wordpress-migration/2024/06/DSF3240-websize.jpg","true","652147","https://coveinterior.com/wp-content/uploads/2024/06/DSF3240-websize.jpg","image/jpeg","d802627761b6f0b2c675390d73eea71d5b6b0ee3b77dcbaae4b90aecdb4f7b5a","DSF3240-websize.jpg","Mon Jun 01 2026 21:03:17 GMT+0000 (Coordinated Universal Time)","Mon Jun 01 2026 21:03:17 GMT+0000 (Coordinated Universal Time)","cleanup_candidate_review_only","candidate_for_media_library_record_and_filesystem_file_deletion_after_explicit_row_level_approval","wordpress_migration_asset_has_media_library_record_and_file_but_no_detected_references","yes","0","0","0","0",""
"media_asset:503","media_asset","503","/media/wordpress-migration/2024/06/DSF3249-websize.jpg","/home/manus/cove-storefront/public/media/wordpress-migration/2024/06/DSF3249-websize.jpg","true","728691","https://coveinterior.com/wp-content/uploads/2024/06/DSF3249-websize.jpg","image/jpeg","e719659da6e1b6aea3af11662c90428bc0e6e931d958bab723b85ec842599e17","DSF3249-websize.jpg","Mon Jun 01 2026 21:03:17 GMT+0000 (Coordinated Universal Time)","Mon Jun 01 2026 21:03:17 GMT+0000 (Coordinated Universal Time)","cleanup_candidate_review_only","candidate_for_media_library_record_and_filesystem_file_deletion_after_explicit_row_level_approval","wordpress_migration_asset_has_media_library_record_and_file_but_no_detected_references","yes","0","0","0","0",""
"media_asset:504","media_asset","504","/media/wordpress-migration/2024/06/DSF3253-websize.jpg","/home/manus/cove-storefront/public/media/wordpress-migration/2024/06/DSF3253-websize.jpg","true","748984","https://coveinterior.com/wp-content/uploads/2024/06/DSF3253-websize.jpg","image/jpeg","1ea53a4abecabc75d0a363cc008795427970dc42f89a01124151e6f7a6bd27bd","DSF3253-websize.jpg","Mon Jun 01 2026 21:03:18 GMT+0000 (Coordinated Universal Time)","Mon Jun 01 2026 21:03:18 GMT+0000 (Coordinated Universal Time)","cleanup_candidate_review_only","candidate_for_media_library_record_and_filesystem_file_deletion_after_explicit_row_level_approval","wordpress_migration_asset_has_media_library_record_and_file_but_no_detected_references","yes","0","0","0","0",""
"media_asset:505","media_asset","505","/media/wordpress-migration/2024/06/DSF3254-websize.jpg","/home/manus/cove-storefront/public/media/wordpress-migration/2024/06/DSF3254-websize.jpg","true","747683","https://coveinterior.com/wp-content/uploads/2024/06/DSF3254-websize.jpg","image/jpeg","6e7c0abd53fceef65439b22ad512f482a9c7abec381cfaf8298f30c1509d7b3a","DSF3254-websize.jpg","Mon Jun 01 2026 21:03:18 GMT+0000 (Coordinated Universal Time)","Mon Jun 01 2026 21:03:18 GMT+0000 (Coordinated Universal Time)","cleanup_candidate_review_only","candidate_for_media_library_record_and_filesystem_file_deletion_after_explicit_row_level_approval","wordpress_migration_asset_has_media_library_record_and_file_but_no_detected_references","yes","0","0","0","0",""
"media_asset:506","media_asset","506","/media/wordpress-migration/2024/06/DSF3255-websize.jpg","/home/manus/cove-storefront/public/media/wordpress-migration/2024/06/DSF3255-websize.jpg","true","794318","https://coveinterior.com/wp-content/uploads/2024/06/DSF3255-websize.jpg","image/jpeg","acacf10662357ec1bcd62c466d8b2ec9be8f81bddb8efacdda2af91314565c21","DSF3255-websize.jpg","Mon Jun 01 2026 21:03:18 GMT+0000 (Coordinated Universal Time)","Mon Jun 01 2026 21:03:18 GMT+0000 (Coordinated Universal Time)","cleanup_candidate_review_only","candidate_for_media_library_record_and_filesystem_file_deletion_after_explicit_row_level_approval","wordpress_migration_asset_has_media_library_record_and_file_but_no_detected_references","yes","0","0","0","0",""
"media_asset:507","media_asset","507","/media/wordpress-migration/2024/06/DSF3256-websize.jpg","/home/manus/cove-storefront/public/media/wordpress-migration/2024/06/DSF3256-websize.jpg","true","726807","https://coveinterior.com/wp-content/uploads/2024/06/DSF3256-websize.jpg","image/jpeg","cbc8f5f39554bdc24daeedfb71ca7e716e64e97e7b5303dfa459add6c31f0d03","DSF3256-websize.jpg","Mon Jun 01 2026 21:03:18 GMT+0000 (Coordinated Universal Time)","Mon Jun 01 2026 21:03:18 GMT+0000 (Coordinated Universal Time)","cleanup_candidate_review_only","candidate_for_media_library_record_and_filesystem_file_deletion_after_explicit_row_level_approval","wordpress_migration_asset_has_media_library_record_and_file_but_no_detected_references","yes","0","0","0","0",""
"media_asset:508","media_asset","508","/media/wordpress-migration/2024/06/DSF3263-websize.jpg","/home/manus/cove-storefront/public/media/wordpress-migration/2024/06/DSF3263-websize.jpg","true","657649","https://coveinterior.com/wp-content/uploads/2024/06/DSF3263-websize.jpg","image/jpeg","2a76ca93b3dac99f4ed8666b8ccdd2ce8afe534ceb5174cf0befa32ca0dc5966","DSF3263-websize.jpg","Mon Jun 01 2026 21:03:18 GMT+0000 (Coordinated Universal Time)","Mon Jun 01 2026 21:03:18 GMT+0000 (Coordinated Universal Time)","cleanup_candidate_review_only","candidate_for_media_library_record_and_filesystem_file_deletion_after_explicit_row_level_approval","wordpress_migration_asset_has_media_library_record_and_file_but_no_detected_references","yes","0","0","0","0",""
"media_asset:509","media_asset","509","/media/wordpress-migration/2024/06/DSF3268-websize.jpg","/home/manus/cove-storefront/public/media/wordpress-migration/2024/06/DSF3268-websize.jpg","true","750329","https://coveinterior.com/wp-content/uploads/2024/06/DSF3268-websize.jpg","image/jpeg","d88cd287d13a186991daa0598db76901a8e4a390c39825813fa34dd1fe39965d","DSF3268-websize.jpg","Mon Jun 01 2026 21:03:18 GMT+0000 (Coordinated Universal Time)","Mon Jun 01 2026 21:03:18 GMT+0000 (Coordinated Universal Time)","cleanup_candidate_review_only","candidate_for_media_library_record_and_filesystem_file_deletion_after_explicit_row_level_approval","wordpress_migration_asset_has_media_library_record_and_file_but_no_detected_references","yes","0","0","0","0",""
"media_asset:510","media_asset","510","/media/wordpress-migration/2024/06/DSF3270-websize.jpg","/home/manus/cove-storefront/public/media/wordpress-migration/2024/06/DSF3270-websize.jpg","true","754796","https://coveinterior.com/wp-content/uploads/2024/06/DSF3270-websize.jpg","image/jpeg","6bf80179de8ff0f870cb70e0bb2e638e4d5266dcafe3f866659b0ee513e17340","DSF3270-websize.jpg","Mon Jun 01 2026 21:03:18 GMT+0000 (Coordinated Universal Time)","Mon Jun 01 2026 21:03:18 GMT+0000 (Coordinated Universal Time)","cleanup_candidate_review_only","candidate_for_media_library_record_and_filesystem_file_deletion_after_explicit_row_level_approval","wordpress_migration_asset_has_media_library_record_and_file_but_no_detected_references","yes","0","0","0","0",""
"media_asset:511","media_asset","511","/media/wordpress-migration/2024/06/DSF3271-websize.jpg","/home/manus/cove-storefront/public/media/wordpress-migration/2024/06/DSF3271-websize.jpg","true","700920","https://coveinterior.com/wp-content/uploads/2024/06/DSF3271-websize.jpg","image/jpeg","abf073cbcdd149abeb810baa569bbb309a3c1e1d023cfee4ab582e7c21142a70","DSF3271-websize.jpg","Mon Jun 01 2026 21:03:18 GMT+0000 (Coordinated Universal Time)","Mon Jun 01 2026 21:03:18 GMT+0000 (Coordinated Universal Time)","cleanup_candidate_review_only","candidate_for_media_library_record_and_filesystem_file_deletion_after_explicit_row_level_approval","wordpress_migration_asset_has_media_library_record_and_file_but_no_detected_references","yes","0","0","0","0",""
"media_asset:512","media_asset","512","/media/wordpress-migration/2024/06/DSF3273-websize.jpg","/home/manus/cove-storefront/public/media/wordpress-migration/2024/06/DSF3273-websize.jpg","true","782637","https://coveinterior.com/wp-content/uploads/2024/06/DSF3273-websize.jpg","image/jpeg","f44b598ecadd934ac993318bd0149a52260e3e96e8b93bb5797ea9c8625968e1","DSF3273-websize.jpg","Mon Jun 01 2026 21:03:18 GMT+0000 (Coordinated Universal Time)","Mon Jun 01 2026 21:03:18 GMT+0000 (Coordinated Universal Time)","cleanup_candidate_review_only","candidate_for_media_library_record_and_filesystem_file_deletion_after_explicit_row_level_approval","wordpress_migration_asset_has_media_library_record_and_file_but_no_detected_references","yes","0","0","0","0",""
"media_asset:513","media_asset","513","/media/wordpress-migration/2024/06/DSF3277-websize.jpg","/home/manus/cove-storefront/public/media/wordpress-migration/2024/06/DSF3277-websize.jpg","true","768593","https://coveinterior.com/wp-content/uploads/2024/06/DSF3277-websize.jpg","image/jpeg","aadca73b5e9fd8c46515ea741215983ff6db77c1eeae211d494ecd2aed3433c7","DSF3277-websize.jpg","Mon Jun 01 2026 21:03:19 GMT+0000 (Coordinated Universal Time)","Mon Jun 01 2026 21:03:19 GMT+0000 (Coordinated Universal Time)","cleanup_candidate_review_only","candidate_for_media_library_record_and_filesystem_file_deletion_after_explicit_row_level_approval","wordpress_migration_asset_has_media_library_record_and_file_but_no_detected_references","yes","0","0","0","0",""
"media_asset:514","media_asset","514","/media/wordpress-migration/2024/06/DSF3285-websize.jpg","/home/manus/cove-storefront/public/media/wordpress-migration/2024/06/DSF3285-websize.jpg","true","670422","https://coveinterior.com/wp-content/uploads/2024/06/DSF3285-websize.jpg","image/jpeg","a053e566a0057896f76a22f6ca578e3ceab7cf200a7ca3947ddbf60a8c7bcaa2","DSF3285-websize.jpg","Mon Jun 01 2026 21:03:19 GMT+0000 (Coordinated Universal Time)","Mon Jun 01 2026 21:03:19 GMT+0000 (Coordinated Universal Time)","cleanup_candidate_review_only","candidate_for_media_library_record_and_filesystem_file_deletion_after_explicit_row_level_approval","wordpress_migration_asset_has_media_library_record_and_file_but_no_detected_references","yes","0","0","0","0",""
"media_asset:515","media_asset","515","/media/wordpress-migration/2024/06/DSF3299-websize.jpg","/home/manus/cove-storefront/public/media/wordpress-migration/2024/06/DSF3299-websize.jpg","true","857234","https://coveinterior.com/wp-content/uploads/2024/06/DSF3299-websize.jpg","image/jpeg","b62b5aef97114cb3107aca8d544cdb3d9849a6ad4ea0745bfabf4266607aa2da","DSF3299-websize.jpg","Mon Jun 01 2026 21:03:20 GMT+0000 (Coordinated Universal Time)","Mon Jun 01 2026 21:03:20 GMT+0000 (Coordinated Universal Time)","cleanup_candidate_review_only","candidate_for_media_library_record_and_filesystem_file_deletion_after_explicit_row_level_approval","wordpress_migration_asset_has_media_library_record_and_file_but_no_detected_references","yes","0","0","0","0",""
"media_asset:516","media_asset","516","/media/wordpress-migration/2024/06/DSF3305-websize.jpg","/home/manus/cove-storefront/public/media/wordpress-migration/2024/06/DSF3305-websize.jpg","true","696633","https://coveinterior.com/wp-content/uploads/2024/06/DSF3305-websize.jpg","image/jpeg","5b2886d13c6f74c0ceba360844e6199aa5417fa461856d38dc0e43177b4ef39e","DSF3305-websize.jpg","Mon Jun 01 2026 21:03:21 GMT+0000 (Coordinated Universal Time)","Mon Jun 01 2026 21:03:21 GMT+0000 (Coordinated Universal Time)","cleanup_candidate_review_only","candidate_for_media_library_record_and_filesystem_file_deletion_after_explicit_row_level_approval","wordpress_migration_asset_has_media_library_record_and_file_but_no_detected_references","yes","0","0","0","0",""
"media_asset:518","media_asset","518","/media/wordpress-migration/2024/06/DSF3315-websize.jpg","/home/manus/cove-storefront/public/media/wordpress-migration/2024/06/DSF3315-websize.jpg","true","640454","https://coveinterior.com/wp-content/uploads/2024/06/DSF3315-websize.jpg","image/jpeg","dcc09f056d3ef51b66450391984dcf2370682a806ad28a0e04d33ef1147e3b5f","DSF3315-websize.jpg","Mon Jun 01 2026 21:03:21 GMT+0000 (Coordinated Universal Time)","Mon Jun 01 2026 21:03:21 GMT+0000 (Coordinated Universal Time)","cleanup_candidate_review_only","candidate_for_media_library_record_and_filesystem_file_deletion_after_explicit_row_level_approval","wordpress_migration_asset_has_media_library_record_and_file_but_no_detected_references","yes","0","0","0","0",""
"media_asset:519","media_asset","519","/media/wordpress-migration/2024/06/DSF3317-websize.jpg","/home/manus/cove-storefront/public/media/wordpress-migration/2024/06/DSF3317-websize.jpg","true","584619","https://coveinterior.com/wp-content/uploads/2024/06/DSF3317-websize.jpg","image/jpeg","f01b4e61a054b8c911eb15caa40fa666b888d33bc94c8c592ae5706cedd8db99","DSF3317-websize.jpg","Mon Jun 01 2026 21:03:21 GMT+0000 (Coordinated Universal Time)","Mon Jun 01 2026 21:03:21 GMT+0000 (Coordinated Universal Time)","cleanup_candidate_review_only","candidate_for_media_library_record_and_filesystem_file_deletion_after_explicit_row_level_approval","wordpress_migration_asset_has_media_library_record_and_file_but_no_detected_references","yes","0","0","0","0",""
"media_asset:520","media_asset","520","/media/wordpress-migration/2024/06/DSF3318-websize.jpg","/home/manus/cove-storefront/public/media/wordpress-migration/2024/06/DSF3318-websize.jpg","true","608854","https://coveinterior.com/wp-content/uploads/2024/06/DSF3318-websize.jpg","image/jpeg","a8c906367ee1ce11b43308d8260e26765b6f7e0aa2a0c777bd6cd2cb9c3a2e92","DSF3318-websize.jpg","Mon Jun 01 2026 21:03:22 GMT+0000 (Coordinated Universal Time)","Mon Jun 01 2026 21:03:22 GMT+0000 (Coordinated Universal Time)","cleanup_candidate_review_only","candidate_for_media_library_record_and_filesystem_file_deletion_after_explicit_row_level_approval","wordpress_migration_asset_has_media_library_record_and_file_but_no_detected_references","yes","0","0","0","0",""
"media_asset:521","media_asset","521","/media/wordpress-migration/2024/06/DSF3327-websize.jpg","/home/manus/cove-storefront/public/media/wordpress-migration/2024/06/DSF3327-websize.jpg","true","888311","https://coveinterior.com/wp-content/uploads/2024/06/DSF3327-websize.jpg","image/jpeg","a2de1a94b3f47cea5fe26f345c7b78cedb8e7e4e3aa61797d21fe6fb9e5a4635","DSF3327-websize.jpg","Mon Jun 01 2026 21:03:22 GMT+0000 (Coordinated Universal Time)","Mon Jun 01 2026 21:03:22 GMT+0000 (Coordinated Universal Time)","cleanup_candidate_review_only","candidate_for_media_library_record_and_filesystem_file_deletion_after_explicit_row_level_approval","wordpress_migration_asset_has_media_library_record_and_file_but_no_detected_references","yes","0","0","0","0",""
"media_asset:522","media_asset","522","/media/wordpress-migration/2024/06/DSF3329-websize.jpg","/home/manus/cove-storefront/public/media/wordpress-migration/2024/06/DSF3329-websize.jpg","true","654500","https://coveinterior.com/wp-content/uploads/2024/06/DSF3329-websize.jpg","image/jpeg","d422b6daa6871b138ede040b63808d2f40b03980f86516c990c7514a3fa8ecff","DSF3329-websize.jpg","Mon Jun 01 2026 21:03:23 GMT+0000 (Coordinated Universal Time)","Mon Jun 01 2026 21:03:23 GMT+0000 (Coordinated Universal Time)","cleanup_candidate_review_only","candidate_for_media_library_record_and_filesystem_file_deletion_after_explicit_row_level_approval","wordpress_migration_asset_has_media_library_record_and_file_but_no_detected_references","yes","0","0","0","0",""
"media_asset:523","media_asset","523","/media/wordpress-migration/2024/06/DSF3350-websize.jpg","/home/manus/cove-storefront/public/media/wordpress-migration/2024/06/DSF3350-websize.jpg","true","904304","https://coveinterior.com/wp-content/uploads/2024/06/DSF3350-websize.jpg","image/jpeg","da78e9ed4c6e91ae11ca9746785fac1fb7e336c910da4a1ffbe8d7baa820f540","DSF3350-websize.jpg","Mon Jun 01 2026 21:03:23 GMT+0000 (Coordinated Universal Time)","Mon Jun 01 2026 21:03:23 GMT+0000 (Coordinated Universal Time)","cleanup_candidate_review_only","candidate_for_media_library_record_and_filesystem_file_deletion_after_explicit_row_level_approval","wordpress_migration_asset_has_media_library_record_and_file_but_no_detected_references","yes","0","0","0","0",""
"filesystem:wordpress-migration/2023/10/Secret-Potion-–-N1.jpeg","filesystem_file","","/media/wordpress-migration/2023/10/Secret-Potion-–-N1.jpeg","/home/manus/cove-storefront/public/media/wordpress-migration/2023/10/Secret-Potion-–-N1.jpeg","true","65090","","","","Secret-Potion-–-N1.jpeg","","","filesystem_only_review_only","candidate_for_filesystem_deletion_after_explicit_row_level_approval_if_unreferenced","file_exists_under_public_media_without_media_library_record","yes","0","0","0","0",""
"filesystem:wordpress-migration/2023/10/Secret-Potion-–-N3.jpeg","filesystem_file","","/media/wordpress-migration/2023/10/Secret-Potion-–-N3.jpeg","/home/manus/cove-storefront/public/media/wordpress-migration/2023/10/Secret-Potion-–-N3.jpeg","true","75768","","","","Secret-Potion-–-N3.jpeg","","","filesystem_only_review_only","candidate_for_filesystem_deletion_after_explicit_row_level_approval_if_unreferenced","file_exists_under_public_media_without_media_library_record","yes","0","0","0","0",""
"filesystem:wordpress-migration/2024/01/لوحة-اسماء-الله-الحسنى-الرباعية-450.jpeg","filesystem_file","","/media/wordpress-migration/2024/01/لوحة-اسماء-الله-الحسنى-الرباعية-450.jpeg","/home/manus/cove-storefront/public/media/wordpress-migration/2024/01/لوحة-اسماء-الله-الحسنى-الرباعية-450.jpeg","true","395021","","","","لوحة-اسماء-الله-الحسنى-الرباعية-450.jpeg","","","filesystem_only_review_only","candidate_for_filesystem_deletion_after_explicit_row_level_approval_if_unreferenced","file_exists_under_public_media_without_media_library_record","yes","0","0","0","0",""
"filesystem:wordpress-migration/2024/01/لوحة-الأبواب-130.jpeg","filesystem_file","","/media/wordpress-migration/2024/01/لوحة-الأبواب-130.jpeg","/home/manus/cove-storefront/public/media/wordpress-migration/2024/01/لوحة-الأبواب-130.jpeg","true","173099","","","","لوحة-الأبواب-130.jpeg","","","filesystem_only_review_only","candidate_for_filesystem_deletion_after_explicit_row_level_approval_if_unreferenced","file_exists_under_public_media_without_media_library_record","yes","0","0","0","0",""
"filesystem:wordpress-migration/2024/01/لوحة-البسملة-60.jpeg","filesystem_file","","/media/wordpress-migration/2024/01/لوحة-البسملة-60.jpeg","/home/manus/cove-storefront/public/media/wordpress-migration/2024/01/لوحة-البسملة-60.jpeg","true","151714","","","","لوحة-البسملة-60.jpeg","","","filesystem_only_review_only","candidate_for_filesystem_deletion_after_explicit_row_level_approval_if_unreferenced","file_exists_under_public_media_without_media_library_record","yes","0","0","0","0",""
"filesystem:wordpress-migration/2024/01/لوحة-البسملة-60.webp","filesystem_file","","/media/wordpress-migration/2024/01/لوحة-البسملة-60.webp","/home/manus/cove-storefront/public/media/wordpress-migration/2024/01/لوحة-البسملة-60.webp","true","83360","","","","لوحة-البسملة-60.webp","","","filesystem_only_review_only","candidate_for_filesystem_deletion_after_explicit_row_level_approval_if_unreferenced","file_exists_under_public_media_without_media_library_record","yes","0","0","0","0",""
"filesystem:wordpress-migration/2024/01/لوحة-الطاووس-150.jpeg","filesystem_file","","/media/wordpress-migration/2024/01/لوحة-الطاووس-150.jpeg","/home/manus/cove-storefront/public/media/wordpress-migration/2024/01/لوحة-الطاووس-150.jpeg","true","103413","","","","لوحة-الطاووس-150.jpeg","","","filesystem_only_review_only","candidate_for_filesystem_deletion_after_explicit_row_level_approval_if_unreferenced","file_exists_under_public_media_without_media_library_record","yes","0","0","0","0",""
"filesystem:wordpress-migration/2024/01/لوحة-العفو-150.jpeg","filesystem_file","","/media/wordpress-migration/2024/01/لوحة-العفو-150.jpeg","/home/manus/cove-storefront/public/media/wordpress-migration/2024/01/لوحة-العفو-150.jpeg","true","419945","","","","لوحة-العفو-150.jpeg","","","filesystem_only_review_only","candidate_for_filesystem_deletion_after_explicit_row_level_approval_if_unreferenced","file_exists_under_public_media_without_media_library_record","yes","0","0","0","0",""
"filesystem:wordpress-migration/2024/01/لوحة-الفلق-140.jpeg","filesystem_file","","/media/wordpress-migration/2024/01/لوحة-الفلق-140.jpeg","/home/manus/cove-storefront/public/media/wordpress-migration/2024/01/لوحة-الفلق-140.jpeg","true","824733","","","","لوحة-الفلق-140.jpeg","","","filesystem_only_review_only","candidate_for_filesystem_deletion_after_explicit_row_level_approval_if_unreferenced","file_exists_under_public_media_without_media_library_record","yes","0","0","0","0",""
"filesystem:wordpress-migration/2024/01/لوحة-الكرسي-150.jpeg","filesystem_file","","/media/wordpress-migration/2024/01/لوحة-الكرسي-150.jpeg","/home/manus/cove-storefront/public/media/wordpress-migration/2024/01/لوحة-الكرسي-150.jpeg","true","742820","","","","لوحة-الكرسي-150.jpeg","","","filesystem_only_review_only","candidate_for_filesystem_deletion_after_explicit_row_level_approval_if_unreferenced","file_exists_under_public_media_without_media_library_record","yes","0","0","0","0",""
"filesystem:wordpress-migration/2024/01/لوحة-تكرار-الله-130.jpeg","filesystem_file","","/media/wordpress-migration/2024/01/لوحة-تكرار-الله-130.jpeg","/home/manus/cove-storefront/public/media/wordpress-migration/2024/01/لوحة-تكرار-الله-130.jpeg","true","25765","","","","لوحة-تكرار-الله-130.jpeg","","","filesystem_only_review_only","candidate_for_filesystem_deletion_after_explicit_row_level_approval_if_unreferenced","file_exists_under_public_media_without_media_library_record","yes","0","0","0","0",""
"filesystem:wordpress-migration/2024/01/لوحة-كن-جميلاً-60.jpeg","filesystem_file","","/media/wordpress-migration/2024/01/لوحة-كن-جميلاً-60.jpeg","/home/manus/cove-storefront/public/media/wordpress-migration/2024/01/لوحة-كن-جميلاً-60.jpeg","true","556527","","","","لوحة-كن-جميلاً-60.jpeg","","","filesystem_only_review_only","candidate_for_filesystem_deletion_after_explicit_row_level_approval_if_unreferenced","file_exists_under_public_media_without_media_library_record","yes","0","0","0","0",""
"filesystem:wordpress-migration/2024/01/لوحة-لا-اله-الا-الله-130.jpeg","filesystem_file","","/media/wordpress-migration/2024/01/لوحة-لا-اله-الا-الله-130.jpeg","/home/manus/cove-storefront/public/media/wordpress-migration/2024/01/لوحة-لا-اله-الا-الله-130.jpeg","true","683650","","","","لوحة-لا-اله-الا-الله-130.jpeg","","","filesystem_only_review_only","candidate_for_filesystem_deletion_after_explicit_row_level_approval_if_unreferenced","file_exists_under_public_media_without_media_library_record","yes","0","0","0","0",""
