approval_action,usage_type,wp_post_type,wp_post_id,wp_slug,wp_title,old_wp_url,canonical_url,target_node_url,filename,migration_note
rewrite_embedded_media_url,page_embedded_media_url,page,17144,all-brass-products,All Brass Products,https://coveinterior.com/wp-content/uploads/2021/07/classic-157-marble-silver-430x430.jpg,https://coveinterior.com/wp-content/uploads/2021/07/classic-157-marble-silver.jpg,/media/wordpress-migration/2021/07/classic-157-marble-silver.jpg,classic-157-marble-silver.jpg,content structure rewrite requires separate portfolio/page implementation approval; file import is approved independently
rewrite_embedded_media_url,page_embedded_media_url,page,11103,coffee-consoles,Coffee consoles,https://coveinterior.com/wp-content/uploads/2021/07/classic-157-marble-silver-430x430.jpg,https://coveinterior.com/wp-content/uploads/2021/07/classic-157-marble-silver.jpg,/media/wordpress-migration/2021/07/classic-157-marble-silver.jpg,classic-157-marble-silver.jpg,content structure rewrite requires separate portfolio/page implementation approval; file import is approved independently
rewrite_embedded_media_url,page_embedded_media_url,page,17144,all-brass-products,All Brass Products,https://coveinterior.com/wp-content/uploads/2021/07/classic-157-marble-silver-150x150.jpg,https://coveinterior.com/wp-content/uploads/2021/07/classic-157-marble-silver.jpg,/media/wordpress-migration/2021/07/classic-157-marble-silver.jpg,classic-157-marble-silver.jpg,content structure rewrite requires separate portfolio/page implementation approval; file import is approved independently
rewrite_embedded_media_url,page_embedded_media_url,page,11103,coffee-consoles,Coffee consoles,https://coveinterior.com/wp-content/uploads/2021/07/classic-157-marble-silver-150x150.jpg,https://coveinterior.com/wp-content/uploads/2021/07/classic-157-marble-silver.jpg,/media/wordpress-migration/2021/07/classic-157-marble-silver.jpg,classic-157-marble-silver.jpg,content structure rewrite requires separate portfolio/page implementation approval; file import is approved independently
rewrite_embedded_media_url,page_embedded_media_url,page,17144,all-brass-products,All Brass Products,https://coveinterior.com/wp-content/uploads/2021/07/classic-157-marble-silver-700x700.jpg,https://coveinterior.com/wp-content/uploads/2021/07/classic-157-marble-silver.jpg,/media/wordpress-migration/2021/07/classic-157-marble-silver.jpg,classic-157-marble-silver.jpg,content structure rewrite requires separate portfolio/page implementation approval; file import is approved independently
rewrite_embedded_media_url,page_embedded_media_url,page,11103,coffee-consoles,Coffee consoles,https://coveinterior.com/wp-content/uploads/2021/07/classic-157-marble-silver-700x700.jpg,https://coveinterior.com/wp-content/uploads/2021/07/classic-157-marble-silver.jpg,/media/wordpress-migration/2021/07/classic-157-marble-silver.jpg,classic-157-marble-silver.jpg,content structure rewrite requires separate portfolio/page implementation approval; file import is approved independently
rewrite_embedded_media_url,page_embedded_media_url,page,17144,all-brass-products,All Brass Products,https://coveinterior.com/wp-content/uploads/2021/07/classic-157-marble-silver-300x300.jpg,https://coveinterior.com/wp-content/uploads/2021/07/classic-157-marble-silver.jpg,/media/wordpress-migration/2021/07/classic-157-marble-silver.jpg,classic-157-marble-silver.jpg,content structure rewrite requires separate portfolio/page implementation approval; file import is approved independently
rewrite_embedded_media_url,page_embedded_media_url,page,11103,coffee-consoles,Coffee consoles,https://coveinterior.com/wp-content/uploads/2021/07/classic-157-marble-silver-300x300.jpg,https://coveinterior.com/wp-content/uploads/2021/07/classic-157-marble-silver.jpg,/media/wordpress-migration/2021/07/classic-157-marble-silver.jpg,classic-157-marble-silver.jpg,content structure rewrite requires separate portfolio/page implementation approval; file import is approved independently
rewrite_embedded_media_url,page_embedded_media_url,page,17144,all-brass-products,All Brass Products,https://coveinterior.com/wp-content/uploads/2021/07/classic-157-marble-silver-800x800.jpg,https://coveinterior.com/wp-content/uploads/2021/07/classic-157-marble-silver.jpg,/media/wordpress-migration/2021/07/classic-157-marble-silver.jpg,classic-157-marble-silver.jpg,content structure rewrite requires separate portfolio/page implementation approval; file import is approved independently
rewrite_embedded_media_url,page_embedded_media_url,page,11103,coffee-consoles,Coffee consoles,https://coveinterior.com/wp-content/uploads/2021/07/classic-157-marble-silver-800x800.jpg,https://coveinterior.com/wp-content/uploads/2021/07/classic-157-marble-silver.jpg,/media/wordpress-migration/2021/07/classic-157-marble-silver.jpg,classic-157-marble-silver.jpg,content structure rewrite requires separate portfolio/page implementation approval; file import is approved independently
rewrite_embedded_media_url,page_embedded_media_url,page,17144,all-brass-products,All Brass Products,https://coveinterior.com/wp-content/uploads/2021/07/classic-157-marble-silver-768x768.jpg,https://coveinterior.com/wp-content/uploads/2021/07/classic-157-marble-silver.jpg,/media/wordpress-migration/2021/07/classic-157-marble-silver.jpg,classic-157-marble-silver.jpg,content structure rewrite requires separate portfolio/page implementation approval; file import is approved independently
rewrite_embedded_media_url,page_embedded_media_url,page,11103,coffee-consoles,Coffee consoles,https://coveinterior.com/wp-content/uploads/2021/07/classic-157-marble-silver-768x768.jpg,https://coveinterior.com/wp-content/uploads/2021/07/classic-157-marble-silver.jpg,/media/wordpress-migration/2021/07/classic-157-marble-silver.jpg,classic-157-marble-silver.jpg,content structure rewrite requires separate portfolio/page implementation approval; file import is approved independently
rewrite_embedded_media_url,page_embedded_media_url,page,17144,all-brass-products,All Brass Products,https://coveinterior.com/wp-content/uploads/2021/07/classic-157-marble-silver-860x860.jpg,https://coveinterior.com/wp-content/uploads/2021/07/classic-157-marble-silver.jpg,/media/wordpress-migration/2021/07/classic-157-marble-silver.jpg,classic-157-marble-silver.jpg,content structure rewrite requires separate portfolio/page implementation approval; file import is approved independently
rewrite_embedded_media_url,page_embedded_media_url,page,11103,coffee-consoles,Coffee consoles,https://coveinterior.com/wp-content/uploads/2021/07/classic-157-marble-silver-860x860.jpg,https://coveinterior.com/wp-content/uploads/2021/07/classic-157-marble-silver.jpg,/media/wordpress-migration/2021/07/classic-157-marble-silver.jpg,classic-157-marble-silver.jpg,content structure rewrite requires separate portfolio/page implementation approval; file import is approved independently
rewrite_embedded_media_url,page_embedded_media_url,page,17144,all-brass-products,All Brass Products,https://coveinterior.com/wp-content/uploads/2021/07/classic-157-marble-silver.jpg,https://coveinterior.com/wp-content/uploads/2021/07/classic-157-marble-silver.jpg,/media/wordpress-migration/2021/07/classic-157-marble-silver.jpg,classic-157-marble-silver.jpg,content structure rewrite requires separate portfolio/page implementation approval; file import is approved independently
rewrite_embedded_media_url,page_embedded_media_url,page,11103,coffee-consoles,Coffee consoles,https://coveinterior.com/wp-content/uploads/2021/07/classic-157-marble-silver.jpg,https://coveinterior.com/wp-content/uploads/2021/07/classic-157-marble-silver.jpg,/media/wordpress-migration/2021/07/classic-157-marble-silver.jpg,classic-157-marble-silver.jpg,content structure rewrite requires separate portfolio/page implementation approval; file import is approved independently
rewrite_embedded_media_url,page_embedded_media_url,page,17144,all-brass-products,All Brass Products,https://coveinterior.com/wp-content/uploads/2022/07/classic-225-gray-gold-1-430x430.jpg,https://coveinterior.com/wp-content/uploads/2022/07/classic-225-gray-gold-1.jpg,/media/wordpress-migration/2022/07/classic-225-gray-gold-1.jpg,classic-225-gray-gold-1.jpg,content structure rewrite requires separate portfolio/page implementation approval; file import is approved independently
rewrite_embedded_media_url,page_embedded_media_url,page,11103,coffee-consoles,Coffee consoles,https://coveinterior.com/wp-content/uploads/2022/07/classic-225-gray-gold-1-430x430.jpg,https://coveinterior.com/wp-content/uploads/2022/07/classic-225-gray-gold-1.jpg,/media/wordpress-migration/2022/07/classic-225-gray-gold-1.jpg,classic-225-gray-gold-1.jpg,content structure rewrite requires separate portfolio/page implementation approval; file import is approved independently
rewrite_embedded_media_url,page_embedded_media_url,page,17144,all-brass-products,All Brass Products,https://coveinterior.com/wp-content/uploads/2022/07/classic-225-gray-gold-1-150x150.jpg,https://coveinterior.com/wp-content/uploads/2022/07/classic-225-gray-gold-1.jpg,/media/wordpress-migration/2022/07/classic-225-gray-gold-1.jpg,classic-225-gray-gold-1.jpg,content structure rewrite requires separate portfolio/page implementation approval; file import is approved independently
rewrite_embedded_media_url,page_embedded_media_url,page,11103,coffee-consoles,Coffee consoles,https://coveinterior.com/wp-content/uploads/2022/07/classic-225-gray-gold-1-150x150.jpg,https://coveinterior.com/wp-content/uploads/2022/07/classic-225-gray-gold-1.jpg,/media/wordpress-migration/2022/07/classic-225-gray-gold-1.jpg,classic-225-gray-gold-1.jpg,content structure rewrite requires separate portfolio/page implementation approval; file import is approved independently
rewrite_embedded_media_url,page_embedded_media_url,page,17144,all-brass-products,All Brass Products,https://coveinterior.com/wp-content/uploads/2022/07/classic-225-gray-gold-1-700x700.jpg,https://coveinterior.com/wp-content/uploads/2022/07/classic-225-gray-gold-1.jpg,/media/wordpress-migration/2022/07/classic-225-gray-gold-1.jpg,classic-225-gray-gold-1.jpg,content structure rewrite requires separate portfolio/page implementation approval; file import is approved independently
rewrite_embedded_media_url,page_embedded_media_url,page,11103,coffee-consoles,Coffee consoles,https://coveinterior.com/wp-content/uploads/2022/07/classic-225-gray-gold-1-700x700.jpg,https://coveinterior.com/wp-content/uploads/2022/07/classic-225-gray-gold-1.jpg,/media/wordpress-migration/2022/07/classic-225-gray-gold-1.jpg,classic-225-gray-gold-1.jpg,content structure rewrite requires separate portfolio/page implementation approval; file import is approved independently
rewrite_embedded_media_url,page_embedded_media_url,page,17144,all-brass-products,All Brass Products,https://coveinterior.com/wp-content/uploads/2022/07/classic-225-gray-gold-1-300x300.jpg,https://coveinterior.com/wp-content/uploads/2022/07/classic-225-gray-gold-1.jpg,/media/wordpress-migration/2022/07/classic-225-gray-gold-1.jpg,classic-225-gray-gold-1.jpg,content structure rewrite requires separate portfolio/page implementation approval; file import is approved independently
rewrite_embedded_media_url,page_embedded_media_url,page,11103,coffee-consoles,Coffee consoles,https://coveinterior.com/wp-content/uploads/2022/07/classic-225-gray-gold-1-300x300.jpg,https://coveinterior.com/wp-content/uploads/2022/07/classic-225-gray-gold-1.jpg,/media/wordpress-migration/2022/07/classic-225-gray-gold-1.jpg,classic-225-gray-gold-1.jpg,content structure rewrite requires separate portfolio/page implementation approval; file import is approved independently
rewrite_embedded_media_url,page_embedded_media_url,page,17144,all-brass-products,All Brass Products,https://coveinterior.com/wp-content/uploads/2022/07/classic-225-gray-gold-1-800x800.jpg,https://coveinterior.com/wp-content/uploads/2022/07/classic-225-gray-gold-1.jpg,/media/wordpress-migration/2022/07/classic-225-gray-gold-1.jpg,classic-225-gray-gold-1.jpg,content structure rewrite requires separate portfolio/page implementation approval; file import is approved independently
rewrite_embedded_media_url,page_embedded_media_url,page,11103,coffee-consoles,Coffee consoles,https://coveinterior.com/wp-content/uploads/2022/07/classic-225-gray-gold-1-800x800.jpg,https://coveinterior.com/wp-content/uploads/2022/07/classic-225-gray-gold-1.jpg,/media/wordpress-migration/2022/07/classic-225-gray-gold-1.jpg,classic-225-gray-gold-1.jpg,content structure rewrite requires separate portfolio/page implementation approval; file import is approved independently
rewrite_embedded_media_url,page_embedded_media_url,page,17144,all-brass-products,All Brass Products,https://coveinterior.com/wp-content/uploads/2022/07/classic-225-gray-gold-1-768x768.jpg,https://coveinterior.com/wp-content/uploads/2022/07/classic-225-gray-gold-1.jpg,/media/wordpress-migration/2022/07/classic-225-gray-gold-1.jpg,classic-225-gray-gold-1.jpg,content structure rewrite requires separate portfolio/page implementation approval; file import is approved independently
rewrite_embedded_media_url,page_embedded_media_url,page,11103,coffee-consoles,Coffee consoles,https://coveinterior.com/wp-content/uploads/2022/07/classic-225-gray-gold-1-768x768.jpg,https://coveinterior.com/wp-content/uploads/2022/07/classic-225-gray-gold-1.jpg,/media/wordpress-migration/2022/07/classic-225-gray-gold-1.jpg,classic-225-gray-gold-1.jpg,content structure rewrite requires separate portfolio/page implementation approval; file import is approved independently
rewrite_embedded_media_url,page_embedded_media_url,page,17144,all-brass-products,All Brass Products,https://coveinterior.com/wp-content/uploads/2022/07/classic-225-gray-gold-1-860x860.jpg,https://coveinterior.com/wp-content/uploads/2022/07/classic-225-gray-gold-1.jpg,/media/wordpress-migration/2022/07/classic-225-gray-gold-1.jpg,classic-225-gray-gold-1.jpg,content structure rewrite requires separate portfolio/page implementation approval; file import is approved independently
rewrite_embedded_media_url,page_embedded_media_url,page,11103,coffee-consoles,Coffee consoles,https://coveinterior.com/wp-content/uploads/2022/07/classic-225-gray-gold-1-860x860.jpg,https://coveinterior.com/wp-content/uploads/2022/07/classic-225-gray-gold-1.jpg,/media/wordpress-migration/2022/07/classic-225-gray-gold-1.jpg,classic-225-gray-gold-1.jpg,content structure rewrite requires separate portfolio/page implementation approval; file import is approved independently
rewrite_embedded_media_url,page_embedded_media_url,page,17144,all-brass-products,All Brass Products,https://coveinterior.com/wp-content/uploads/2022/07/classic-225-gray-gold-1.jpg,https://coveinterior.com/wp-content/uploads/2022/07/classic-225-gray-gold-1.jpg,/media/wordpress-migration/2022/07/classic-225-gray-gold-1.jpg,classic-225-gray-gold-1.jpg,content structure rewrite requires separate portfolio/page implementation approval; file import is approved independently
rewrite_embedded_media_url,page_embedded_media_url,page,11103,coffee-consoles,Coffee consoles,https://coveinterior.com/wp-content/uploads/2022/07/classic-225-gray-gold-1.jpg,https://coveinterior.com/wp-content/uploads/2022/07/classic-225-gray-gold-1.jpg,/media/wordpress-migration/2022/07/classic-225-gray-gold-1.jpg,classic-225-gray-gold-1.jpg,content structure rewrite requires separate portfolio/page implementation approval; file import is approved independently
rewrite_embedded_media_url,page_embedded_media_url,page,17144,all-brass-products,All Brass Products,https://coveinterior.com/wp-content/uploads/2022/07/COUNTRY-112-BLUE-430x430.jpg,https://coveinterior.com/wp-content/uploads/2022/07/COUNTRY-112-BLUE.jpg,/media/wordpress-migration/2022/07/COUNTRY-112-BLUE.jpg,COUNTRY-112-BLUE.jpg,content structure rewrite requires separate portfolio/page implementation approval; file import is approved independently
rewrite_embedded_media_url,page_embedded_media_url,page,11103,coffee-consoles,Coffee consoles,https://coveinterior.com/wp-content/uploads/2022/07/COUNTRY-112-BLUE-430x430.jpg,https://coveinterior.com/wp-content/uploads/2022/07/COUNTRY-112-BLUE.jpg,/media/wordpress-migration/2022/07/COUNTRY-112-BLUE.jpg,COUNTRY-112-BLUE.jpg,content structure rewrite requires separate portfolio/page implementation approval; file import is approved independently
rewrite_embedded_media_url,page_embedded_media_url,page,17144,all-brass-products,All Brass Products,https://coveinterior.com/wp-content/uploads/2022/07/COUNTRY-112-BLUE-150x150.jpg,https://coveinterior.com/wp-content/uploads/2022/07/COUNTRY-112-BLUE.jpg,/media/wordpress-migration/2022/07/COUNTRY-112-BLUE.jpg,COUNTRY-112-BLUE.jpg,content structure rewrite requires separate portfolio/page implementation approval; file import is approved independently
rewrite_embedded_media_url,page_embedded_media_url,page,11103,coffee-consoles,Coffee consoles,https://coveinterior.com/wp-content/uploads/2022/07/COUNTRY-112-BLUE-150x150.jpg,https://coveinterior.com/wp-content/uploads/2022/07/COUNTRY-112-BLUE.jpg,/media/wordpress-migration/2022/07/COUNTRY-112-BLUE.jpg,COUNTRY-112-BLUE.jpg,content structure rewrite requires separate portfolio/page implementation approval; file import is approved independently
rewrite_embedded_media_url,page_embedded_media_url,page,17144,all-brass-products,All Brass Products,https://coveinterior.com/wp-content/uploads/2022/07/COUNTRY-112-BLUE-700x700.jpg,https://coveinterior.com/wp-content/uploads/2022/07/COUNTRY-112-BLUE.jpg,/media/wordpress-migration/2022/07/COUNTRY-112-BLUE.jpg,COUNTRY-112-BLUE.jpg,content structure rewrite requires separate portfolio/page implementation approval; file import is approved independently
rewrite_embedded_media_url,page_embedded_media_url,page,11103,coffee-consoles,Coffee consoles,https://coveinterior.com/wp-content/uploads/2022/07/COUNTRY-112-BLUE-700x700.jpg,https://coveinterior.com/wp-content/uploads/2022/07/COUNTRY-112-BLUE.jpg,/media/wordpress-migration/2022/07/COUNTRY-112-BLUE.jpg,COUNTRY-112-BLUE.jpg,content structure rewrite requires separate portfolio/page implementation approval; file import is approved independently
rewrite_embedded_media_url,page_embedded_media_url,page,17144,all-brass-products,All Brass Products,https://coveinterior.com/wp-content/uploads/2022/07/COUNTRY-112-BLUE-300x300.jpg,https://coveinterior.com/wp-content/uploads/2022/07/COUNTRY-112-BLUE.jpg,/media/wordpress-migration/2022/07/COUNTRY-112-BLUE.jpg,COUNTRY-112-BLUE.jpg,content structure rewrite requires separate portfolio/page implementation approval; file import is approved independently
rewrite_embedded_media_url,page_embedded_media_url,page,11103,coffee-consoles,Coffee consoles,https://coveinterior.com/wp-content/uploads/2022/07/COUNTRY-112-BLUE-300x300.jpg,https://coveinterior.com/wp-content/uploads/2022/07/COUNTRY-112-BLUE.jpg,/media/wordpress-migration/2022/07/COUNTRY-112-BLUE.jpg,COUNTRY-112-BLUE.jpg,content structure rewrite requires separate portfolio/page implementation approval; file import is approved independently
rewrite_embedded_media_url,page_embedded_media_url,page,17144,all-brass-products,All Brass Products,https://coveinterior.com/wp-content/uploads/2022/07/COUNTRY-112-BLUE-800x800.jpg,https://coveinterior.com/wp-content/uploads/2022/07/COUNTRY-112-BLUE.jpg,/media/wordpress-migration/2022/07/COUNTRY-112-BLUE.jpg,COUNTRY-112-BLUE.jpg,content structure rewrite requires separate portfolio/page implementation approval; file import is approved independently
rewrite_embedded_media_url,page_embedded_media_url,page,11103,coffee-consoles,Coffee consoles,https://coveinterior.com/wp-content/uploads/2022/07/COUNTRY-112-BLUE-800x800.jpg,https://coveinterior.com/wp-content/uploads/2022/07/COUNTRY-112-BLUE.jpg,/media/wordpress-migration/2022/07/COUNTRY-112-BLUE.jpg,COUNTRY-112-BLUE.jpg,content structure rewrite requires separate portfolio/page implementation approval; file import is approved independently
rewrite_embedded_media_url,page_embedded_media_url,page,17144,all-brass-products,All Brass Products,https://coveinterior.com/wp-content/uploads/2022/07/COUNTRY-112-BLUE-768x768.jpg,https://coveinterior.com/wp-content/uploads/2022/07/COUNTRY-112-BLUE.jpg,/media/wordpress-migration/2022/07/COUNTRY-112-BLUE.jpg,COUNTRY-112-BLUE.jpg,content structure rewrite requires separate portfolio/page implementation approval; file import is approved independently
rewrite_embedded_media_url,page_embedded_media_url,page,11103,coffee-consoles,Coffee consoles,https://coveinterior.com/wp-content/uploads/2022/07/COUNTRY-112-BLUE-768x768.jpg,https://coveinterior.com/wp-content/uploads/2022/07/COUNTRY-112-BLUE.jpg,/media/wordpress-migration/2022/07/COUNTRY-112-BLUE.jpg,COUNTRY-112-BLUE.jpg,content structure rewrite requires separate portfolio/page implementation approval; file import is approved independently
rewrite_embedded_media_url,page_embedded_media_url,page,17144,all-brass-products,All Brass Products,https://coveinterior.com/wp-content/uploads/2022/07/COUNTRY-112-BLUE-860x860.jpg,https://coveinterior.com/wp-content/uploads/2022/07/COUNTRY-112-BLUE.jpg,/media/wordpress-migration/2022/07/COUNTRY-112-BLUE.jpg,COUNTRY-112-BLUE.jpg,content structure rewrite requires separate portfolio/page implementation approval; file import is approved independently
rewrite_embedded_media_url,page_embedded_media_url,page,11103,coffee-consoles,Coffee consoles,https://coveinterior.com/wp-content/uploads/2022/07/COUNTRY-112-BLUE-860x860.jpg,https://coveinterior.com/wp-content/uploads/2022/07/COUNTRY-112-BLUE.jpg,/media/wordpress-migration/2022/07/COUNTRY-112-BLUE.jpg,COUNTRY-112-BLUE.jpg,content structure rewrite requires separate portfolio/page implementation approval; file import is approved independently
rewrite_embedded_media_url,page_embedded_media_url,page,17144,all-brass-products,All Brass Products,https://coveinterior.com/wp-content/uploads/2022/07/COUNTRY-112-BLUE.jpg,https://coveinterior.com/wp-content/uploads/2022/07/COUNTRY-112-BLUE.jpg,/media/wordpress-migration/2022/07/COUNTRY-112-BLUE.jpg,COUNTRY-112-BLUE.jpg,content structure rewrite requires separate portfolio/page implementation approval; file import is approved independently
rewrite_embedded_media_url,page_embedded_media_url,page,11103,coffee-consoles,Coffee consoles,https://coveinterior.com/wp-content/uploads/2022/07/COUNTRY-112-BLUE.jpg,https://coveinterior.com/wp-content/uploads/2022/07/COUNTRY-112-BLUE.jpg,/media/wordpress-migration/2022/07/COUNTRY-112-BLUE.jpg,COUNTRY-112-BLUE.jpg,content structure rewrite requires separate portfolio/page implementation approval; file import is approved independently
rewrite_embedded_media_url,page_embedded_media_url,page,17144,all-brass-products,All Brass Products,https://coveinterior.com/wp-content/uploads/2022/07/COUNTRY-167-BEECH-2-430x430.jpg,https://coveinterior.com/wp-content/uploads/2022/07/COUNTRY-167-BEECH-2.jpg,/media/wordpress-migration/2022/07/COUNTRY-167-BEECH-2.jpg,COUNTRY-167-BEECH-2.jpg,content structure rewrite requires separate portfolio/page implementation approval; file import is approved independently
rewrite_embedded_media_url,page_embedded_media_url,page,11103,coffee-consoles,Coffee consoles,https://coveinterior.com/wp-content/uploads/2022/07/COUNTRY-167-BEECH-2-430x430.jpg,https://coveinterior.com/wp-content/uploads/2022/07/COUNTRY-167-BEECH-2.jpg,/media/wordpress-migration/2022/07/COUNTRY-167-BEECH-2.jpg,COUNTRY-167-BEECH-2.jpg,content structure rewrite requires separate portfolio/page implementation approval; file import is approved independently
rewrite_embedded_media_url,page_embedded_media_url,page,17144,all-brass-products,All Brass Products,https://coveinterior.com/wp-content/uploads/2022/07/COUNTRY-167-BEECH-2-150x150.jpg,https://coveinterior.com/wp-content/uploads/2022/07/COUNTRY-167-BEECH-2.jpg,/media/wordpress-migration/2022/07/COUNTRY-167-BEECH-2.jpg,COUNTRY-167-BEECH-2.jpg,content structure rewrite requires separate portfolio/page implementation approval; file import is approved independently
rewrite_embedded_media_url,page_embedded_media_url,page,11103,coffee-consoles,Coffee consoles,https://coveinterior.com/wp-content/uploads/2022/07/COUNTRY-167-BEECH-2-150x150.jpg,https://coveinterior.com/wp-content/uploads/2022/07/COUNTRY-167-BEECH-2.jpg,/media/wordpress-migration/2022/07/COUNTRY-167-BEECH-2.jpg,COUNTRY-167-BEECH-2.jpg,content structure rewrite requires separate portfolio/page implementation approval; file import is approved independently
rewrite_embedded_media_url,page_embedded_media_url,page,17144,all-brass-products,All Brass Products,https://coveinterior.com/wp-content/uploads/2022/07/COUNTRY-167-BEECH-2-700x700.jpg,https://coveinterior.com/wp-content/uploads/2022/07/COUNTRY-167-BEECH-2.jpg,/media/wordpress-migration/2022/07/COUNTRY-167-BEECH-2.jpg,COUNTRY-167-BEECH-2.jpg,content structure rewrite requires separate portfolio/page implementation approval; file import is approved independently
rewrite_embedded_media_url,page_embedded_media_url,page,11103,coffee-consoles,Coffee consoles,https://coveinterior.com/wp-content/uploads/2022/07/COUNTRY-167-BEECH-2-700x700.jpg,https://coveinterior.com/wp-content/uploads/2022/07/COUNTRY-167-BEECH-2.jpg,/media/wordpress-migration/2022/07/COUNTRY-167-BEECH-2.jpg,COUNTRY-167-BEECH-2.jpg,content structure rewrite requires separate portfolio/page implementation approval; file import is approved independently
rewrite_embedded_media_url,page_embedded_media_url,page,17144,all-brass-products,All Brass Products,https://coveinterior.com/wp-content/uploads/2022/07/COUNTRY-167-BEECH-2-300x300.jpg,https://coveinterior.com/wp-content/uploads/2022/07/COUNTRY-167-BEECH-2.jpg,/media/wordpress-migration/2022/07/COUNTRY-167-BEECH-2.jpg,COUNTRY-167-BEECH-2.jpg,content structure rewrite requires separate portfolio/page implementation approval; file import is approved independently
rewrite_embedded_media_url,page_embedded_media_url,page,11103,coffee-consoles,Coffee consoles,https://coveinterior.com/wp-content/uploads/2022/07/COUNTRY-167-BEECH-2-300x300.jpg,https://coveinterior.com/wp-content/uploads/2022/07/COUNTRY-167-BEECH-2.jpg,/media/wordpress-migration/2022/07/COUNTRY-167-BEECH-2.jpg,COUNTRY-167-BEECH-2.jpg,content structure rewrite requires separate portfolio/page implementation approval; file import is approved independently
rewrite_embedded_media_url,page_embedded_media_url,page,17144,all-brass-products,All Brass Products,https://coveinterior.com/wp-content/uploads/2022/07/COUNTRY-167-BEECH-2-800x800.jpg,https://coveinterior.com/wp-content/uploads/2022/07/COUNTRY-167-BEECH-2.jpg,/media/wordpress-migration/2022/07/COUNTRY-167-BEECH-2.jpg,COUNTRY-167-BEECH-2.jpg,content structure rewrite requires separate portfolio/page implementation approval; file import is approved independently
rewrite_embedded_media_url,page_embedded_media_url,page,11103,coffee-consoles,Coffee consoles,https://coveinterior.com/wp-content/uploads/2022/07/COUNTRY-167-BEECH-2-800x800.jpg,https://coveinterior.com/wp-content/uploads/2022/07/COUNTRY-167-BEECH-2.jpg,/media/wordpress-migration/2022/07/COUNTRY-167-BEECH-2.jpg,COUNTRY-167-BEECH-2.jpg,content structure rewrite requires separate portfolio/page implementation approval; file import is approved independently
rewrite_embedded_media_url,page_embedded_media_url,page,17144,all-brass-products,All Brass Products,https://coveinterior.com/wp-content/uploads/2022/07/COUNTRY-167-BEECH-2-768x768.jpg,https://coveinterior.com/wp-content/uploads/2022/07/COUNTRY-167-BEECH-2.jpg,/media/wordpress-migration/2022/07/COUNTRY-167-BEECH-2.jpg,COUNTRY-167-BEECH-2.jpg,content structure rewrite requires separate portfolio/page implementation approval; file import is approved independently
rewrite_embedded_media_url,page_embedded_media_url,page,11103,coffee-consoles,Coffee consoles,https://coveinterior.com/wp-content/uploads/2022/07/COUNTRY-167-BEECH-2-768x768.jpg,https://coveinterior.com/wp-content/uploads/2022/07/COUNTRY-167-BEECH-2.jpg,/media/wordpress-migration/2022/07/COUNTRY-167-BEECH-2.jpg,COUNTRY-167-BEECH-2.jpg,content structure rewrite requires separate portfolio/page implementation approval; file import is approved independently
rewrite_embedded_media_url,page_embedded_media_url,page,17144,all-brass-products,All Brass Products,https://coveinterior.com/wp-content/uploads/2022/07/COUNTRY-167-BEECH-2-860x860.jpg,https://coveinterior.com/wp-content/uploads/2022/07/COUNTRY-167-BEECH-2.jpg,/media/wordpress-migration/2022/07/COUNTRY-167-BEECH-2.jpg,COUNTRY-167-BEECH-2.jpg,content structure rewrite requires separate portfolio/page implementation approval; file import is approved independently
rewrite_embedded_media_url,page_embedded_media_url,page,11103,coffee-consoles,Coffee consoles,https://coveinterior.com/wp-content/uploads/2022/07/COUNTRY-167-BEECH-2-860x860.jpg,https://coveinterior.com/wp-content/uploads/2022/07/COUNTRY-167-BEECH-2.jpg,/media/wordpress-migration/2022/07/COUNTRY-167-BEECH-2.jpg,COUNTRY-167-BEECH-2.jpg,content structure rewrite requires separate portfolio/page implementation approval; file import is approved independently
rewrite_embedded_media_url,page_embedded_media_url,page,17144,all-brass-products,All Brass Products,https://coveinterior.com/wp-content/uploads/2022/07/COUNTRY-167-BEECH-2.jpg,https://coveinterior.com/wp-content/uploads/2022/07/COUNTRY-167-BEECH-2.jpg,/media/wordpress-migration/2022/07/COUNTRY-167-BEECH-2.jpg,COUNTRY-167-BEECH-2.jpg,content structure rewrite requires separate portfolio/page implementation approval; file import is approved independently
rewrite_embedded_media_url,page_embedded_media_url,page,11103,coffee-consoles,Coffee consoles,https://coveinterior.com/wp-content/uploads/2022/07/COUNTRY-167-BEECH-2.jpg,https://coveinterior.com/wp-content/uploads/2022/07/COUNTRY-167-BEECH-2.jpg,/media/wordpress-migration/2022/07/COUNTRY-167-BEECH-2.jpg,COUNTRY-167-BEECH-2.jpg,content structure rewrite requires separate portfolio/page implementation approval; file import is approved independently
rewrite_embedded_media_url,page_embedded_media_url,page,17144,all-brass-products,All Brass Products,https://coveinterior.com/wp-content/uploads/2022/07/COUNTRY-62-BEIGE-DETAILS-430x430.jpg,https://coveinterior.com/wp-content/uploads/2022/07/COUNTRY-62-BEIGE-DETAILS.jpg,/media/wordpress-migration/2022/07/COUNTRY-62-BEIGE-DETAILS.jpg,COUNTRY-62-BEIGE-DETAILS.jpg,content structure rewrite requires separate portfolio/page implementation approval; file import is approved independently
rewrite_embedded_media_url,page_embedded_media_url,page,11103,coffee-consoles,Coffee consoles,https://coveinterior.com/wp-content/uploads/2022/07/COUNTRY-62-BEIGE-DETAILS-430x430.jpg,https://coveinterior.com/wp-content/uploads/2022/07/COUNTRY-62-BEIGE-DETAILS.jpg,/media/wordpress-migration/2022/07/COUNTRY-62-BEIGE-DETAILS.jpg,COUNTRY-62-BEIGE-DETAILS.jpg,content structure rewrite requires separate portfolio/page implementation approval; file import is approved independently
rewrite_embedded_media_url,page_embedded_media_url,page,17144,all-brass-products,All Brass Products,https://coveinterior.com/wp-content/uploads/2022/07/COUNTRY-62-BEIGE-DETAILS-150x150.jpg,https://coveinterior.com/wp-content/uploads/2022/07/COUNTRY-62-BEIGE-DETAILS.jpg,/media/wordpress-migration/2022/07/COUNTRY-62-BEIGE-DETAILS.jpg,COUNTRY-62-BEIGE-DETAILS.jpg,content structure rewrite requires separate portfolio/page implementation approval; file import is approved independently
rewrite_embedded_media_url,page_embedded_media_url,page,11103,coffee-consoles,Coffee consoles,https://coveinterior.com/wp-content/uploads/2022/07/COUNTRY-62-BEIGE-DETAILS-150x150.jpg,https://coveinterior.com/wp-content/uploads/2022/07/COUNTRY-62-BEIGE-DETAILS.jpg,/media/wordpress-migration/2022/07/COUNTRY-62-BEIGE-DETAILS.jpg,COUNTRY-62-BEIGE-DETAILS.jpg,content structure rewrite requires separate portfolio/page implementation approval; file import is approved independently
rewrite_embedded_media_url,page_embedded_media_url,page,17144,all-brass-products,All Brass Products,https://coveinterior.com/wp-content/uploads/2022/07/COUNTRY-62-BEIGE-DETAILS-700x700.jpg,https://coveinterior.com/wp-content/uploads/2022/07/COUNTRY-62-BEIGE-DETAILS.jpg,/media/wordpress-migration/2022/07/COUNTRY-62-BEIGE-DETAILS.jpg,COUNTRY-62-BEIGE-DETAILS.jpg,content structure rewrite requires separate portfolio/page implementation approval; file import is approved independently
rewrite_embedded_media_url,page_embedded_media_url,page,11103,coffee-consoles,Coffee consoles,https://coveinterior.com/wp-content/uploads/2022/07/COUNTRY-62-BEIGE-DETAILS-700x700.jpg,https://coveinterior.com/wp-content/uploads/2022/07/COUNTRY-62-BEIGE-DETAILS.jpg,/media/wordpress-migration/2022/07/COUNTRY-62-BEIGE-DETAILS.jpg,COUNTRY-62-BEIGE-DETAILS.jpg,content structure rewrite requires separate portfolio/page implementation approval; file import is approved independently
rewrite_embedded_media_url,page_embedded_media_url,page,17144,all-brass-products,All Brass Products,https://coveinterior.com/wp-content/uploads/2022/07/COUNTRY-62-BEIGE-DETAILS-300x300.jpg,https://coveinterior.com/wp-content/uploads/2022/07/COUNTRY-62-BEIGE-DETAILS.jpg,/media/wordpress-migration/2022/07/COUNTRY-62-BEIGE-DETAILS.jpg,COUNTRY-62-BEIGE-DETAILS.jpg,content structure rewrite requires separate portfolio/page implementation approval; file import is approved independently
rewrite_embedded_media_url,page_embedded_media_url,page,11103,coffee-consoles,Coffee consoles,https://coveinterior.com/wp-content/uploads/2022/07/COUNTRY-62-BEIGE-DETAILS-300x300.jpg,https://coveinterior.com/wp-content/uploads/2022/07/COUNTRY-62-BEIGE-DETAILS.jpg,/media/wordpress-migration/2022/07/COUNTRY-62-BEIGE-DETAILS.jpg,COUNTRY-62-BEIGE-DETAILS.jpg,content structure rewrite requires separate portfolio/page implementation approval; file import is approved independently
rewrite_embedded_media_url,page_embedded_media_url,page,17144,all-brass-products,All Brass Products,https://coveinterior.com/wp-content/uploads/2022/07/COUNTRY-62-BEIGE-DETAILS-800x800.jpg,https://coveinterior.com/wp-content/uploads/2022/07/COUNTRY-62-BEIGE-DETAILS.jpg,/media/wordpress-migration/2022/07/COUNTRY-62-BEIGE-DETAILS.jpg,COUNTRY-62-BEIGE-DETAILS.jpg,content structure rewrite requires separate portfolio/page implementation approval; file import is approved independently
rewrite_embedded_media_url,page_embedded_media_url,page,11103,coffee-consoles,Coffee consoles,https://coveinterior.com/wp-content/uploads/2022/07/COUNTRY-62-BEIGE-DETAILS-800x800.jpg,https://coveinterior.com/wp-content/uploads/2022/07/COUNTRY-62-BEIGE-DETAILS.jpg,/media/wordpress-migration/2022/07/COUNTRY-62-BEIGE-DETAILS.jpg,COUNTRY-62-BEIGE-DETAILS.jpg,content structure rewrite requires separate portfolio/page implementation approval; file import is approved independently
rewrite_embedded_media_url,page_embedded_media_url,page,17144,all-brass-products,All Brass Products,https://coveinterior.com/wp-content/uploads/2022/07/COUNTRY-62-BEIGE-DETAILS-768x768.jpg,https://coveinterior.com/wp-content/uploads/2022/07/COUNTRY-62-BEIGE-DETAILS.jpg,/media/wordpress-migration/2022/07/COUNTRY-62-BEIGE-DETAILS.jpg,COUNTRY-62-BEIGE-DETAILS.jpg,content structure rewrite requires separate portfolio/page implementation approval; file import is approved independently
rewrite_embedded_media_url,page_embedded_media_url,page,11103,coffee-consoles,Coffee consoles,https://coveinterior.com/wp-content/uploads/2022/07/COUNTRY-62-BEIGE-DETAILS-768x768.jpg,https://coveinterior.com/wp-content/uploads/2022/07/COUNTRY-62-BEIGE-DETAILS.jpg,/media/wordpress-migration/2022/07/COUNTRY-62-BEIGE-DETAILS.jpg,COUNTRY-62-BEIGE-DETAILS.jpg,content structure rewrite requires separate portfolio/page implementation approval; file import is approved independently
rewrite_embedded_media_url,page_embedded_media_url,page,17144,all-brass-products,All Brass Products,https://coveinterior.com/wp-content/uploads/2022/07/COUNTRY-62-BEIGE-DETAILS-860x860.jpg,https://coveinterior.com/wp-content/uploads/2022/07/COUNTRY-62-BEIGE-DETAILS.jpg,/media/wordpress-migration/2022/07/COUNTRY-62-BEIGE-DETAILS.jpg,COUNTRY-62-BEIGE-DETAILS.jpg,content structure rewrite requires separate portfolio/page implementation approval; file import is approved independently
rewrite_embedded_media_url,page_embedded_media_url,page,11103,coffee-consoles,Coffee consoles,https://coveinterior.com/wp-content/uploads/2022/07/COUNTRY-62-BEIGE-DETAILS-860x860.jpg,https://coveinterior.com/wp-content/uploads/2022/07/COUNTRY-62-BEIGE-DETAILS.jpg,/media/wordpress-migration/2022/07/COUNTRY-62-BEIGE-DETAILS.jpg,COUNTRY-62-BEIGE-DETAILS.jpg,content structure rewrite requires separate portfolio/page implementation approval; file import is approved independently
rewrite_embedded_media_url,page_embedded_media_url,page,17144,all-brass-products,All Brass Products,https://coveinterior.com/wp-content/uploads/2022/07/COUNTRY-62-BEIGE-DETAILS.jpg,https://coveinterior.com/wp-content/uploads/2022/07/COUNTRY-62-BEIGE-DETAILS.jpg,/media/wordpress-migration/2022/07/COUNTRY-62-BEIGE-DETAILS.jpg,COUNTRY-62-BEIGE-DETAILS.jpg,content structure rewrite requires separate portfolio/page implementation approval; file import is approved independently
rewrite_embedded_media_url,page_embedded_media_url,page,11103,coffee-consoles,Coffee consoles,https://coveinterior.com/wp-content/uploads/2022/07/COUNTRY-62-BEIGE-DETAILS.jpg,https://coveinterior.com/wp-content/uploads/2022/07/COUNTRY-62-BEIGE-DETAILS.jpg,/media/wordpress-migration/2022/07/COUNTRY-62-BEIGE-DETAILS.jpg,COUNTRY-62-BEIGE-DETAILS.jpg,content structure rewrite requires separate portfolio/page implementation approval; file import is approved independently
rewrite_embedded_media_url,page_embedded_media_url,page,17144,all-brass-products,All Brass Products,https://coveinterior.com/wp-content/uploads/2022/07/CURVE-LIGHT-BLUE-1-430x430.jpg,https://coveinterior.com/wp-content/uploads/2022/07/CURVE-LIGHT-BLUE-1.jpg,/media/wordpress-migration/2022/07/CURVE-LIGHT-BLUE-1.jpg,CURVE-LIGHT-BLUE-1.jpg,content structure rewrite requires separate portfolio/page implementation approval; file import is approved independently
rewrite_embedded_media_url,page_embedded_media_url,page,11103,coffee-consoles,Coffee consoles,https://coveinterior.com/wp-content/uploads/2022/07/CURVE-LIGHT-BLUE-1-430x430.jpg,https://coveinterior.com/wp-content/uploads/2022/07/CURVE-LIGHT-BLUE-1.jpg,/media/wordpress-migration/2022/07/CURVE-LIGHT-BLUE-1.jpg,CURVE-LIGHT-BLUE-1.jpg,content structure rewrite requires separate portfolio/page implementation approval; file import is approved independently
rewrite_embedded_media_url,page_embedded_media_url,page,17144,all-brass-products,All Brass Products,https://coveinterior.com/wp-content/uploads/2022/07/CURVE-LIGHT-BLUE-1-150x150.jpg,https://coveinterior.com/wp-content/uploads/2022/07/CURVE-LIGHT-BLUE-1.jpg,/media/wordpress-migration/2022/07/CURVE-LIGHT-BLUE-1.jpg,CURVE-LIGHT-BLUE-1.jpg,content structure rewrite requires separate portfolio/page implementation approval; file import is approved independently
rewrite_embedded_media_url,page_embedded_media_url,page,11103,coffee-consoles,Coffee consoles,https://coveinterior.com/wp-content/uploads/2022/07/CURVE-LIGHT-BLUE-1-150x150.jpg,https://coveinterior.com/wp-content/uploads/2022/07/CURVE-LIGHT-BLUE-1.jpg,/media/wordpress-migration/2022/07/CURVE-LIGHT-BLUE-1.jpg,CURVE-LIGHT-BLUE-1.jpg,content structure rewrite requires separate portfolio/page implementation approval; file import is approved independently
rewrite_embedded_media_url,page_embedded_media_url,page,17144,all-brass-products,All Brass Products,https://coveinterior.com/wp-content/uploads/2022/07/CURVE-LIGHT-BLUE-1-700x700.jpg,https://coveinterior.com/wp-content/uploads/2022/07/CURVE-LIGHT-BLUE-1.jpg,/media/wordpress-migration/2022/07/CURVE-LIGHT-BLUE-1.jpg,CURVE-LIGHT-BLUE-1.jpg,content structure rewrite requires separate portfolio/page implementation approval; file import is approved independently
rewrite_embedded_media_url,page_embedded_media_url,page,11103,coffee-consoles,Coffee consoles,https://coveinterior.com/wp-content/uploads/2022/07/CURVE-LIGHT-BLUE-1-700x700.jpg,https://coveinterior.com/wp-content/uploads/2022/07/CURVE-LIGHT-BLUE-1.jpg,/media/wordpress-migration/2022/07/CURVE-LIGHT-BLUE-1.jpg,CURVE-LIGHT-BLUE-1.jpg,content structure rewrite requires separate portfolio/page implementation approval; file import is approved independently
rewrite_embedded_media_url,page_embedded_media_url,page,17144,all-brass-products,All Brass Products,https://coveinterior.com/wp-content/uploads/2022/07/CURVE-LIGHT-BLUE-1-300x300.jpg,https://coveinterior.com/wp-content/uploads/2022/07/CURVE-LIGHT-BLUE-1.jpg,/media/wordpress-migration/2022/07/CURVE-LIGHT-BLUE-1.jpg,CURVE-LIGHT-BLUE-1.jpg,content structure rewrite requires separate portfolio/page implementation approval; file import is approved independently
rewrite_embedded_media_url,page_embedded_media_url,page,11103,coffee-consoles,Coffee consoles,https://coveinterior.com/wp-content/uploads/2022/07/CURVE-LIGHT-BLUE-1-300x300.jpg,https://coveinterior.com/wp-content/uploads/2022/07/CURVE-LIGHT-BLUE-1.jpg,/media/wordpress-migration/2022/07/CURVE-LIGHT-BLUE-1.jpg,CURVE-LIGHT-BLUE-1.jpg,content structure rewrite requires separate portfolio/page implementation approval; file import is approved independently
rewrite_embedded_media_url,page_embedded_media_url,page,17144,all-brass-products,All Brass Products,https://coveinterior.com/wp-content/uploads/2022/07/CURVE-LIGHT-BLUE-1-800x800.jpg,https://coveinterior.com/wp-content/uploads/2022/07/CURVE-LIGHT-BLUE-1.jpg,/media/wordpress-migration/2022/07/CURVE-LIGHT-BLUE-1.jpg,CURVE-LIGHT-BLUE-1.jpg,content structure rewrite requires separate portfolio/page implementation approval; file import is approved independently
rewrite_embedded_media_url,page_embedded_media_url,page,11103,coffee-consoles,Coffee consoles,https://coveinterior.com/wp-content/uploads/2022/07/CURVE-LIGHT-BLUE-1-800x800.jpg,https://coveinterior.com/wp-content/uploads/2022/07/CURVE-LIGHT-BLUE-1.jpg,/media/wordpress-migration/2022/07/CURVE-LIGHT-BLUE-1.jpg,CURVE-LIGHT-BLUE-1.jpg,content structure rewrite requires separate portfolio/page implementation approval; file import is approved independently
rewrite_embedded_media_url,page_embedded_media_url,page,17144,all-brass-products,All Brass Products,https://coveinterior.com/wp-content/uploads/2022/07/CURVE-LIGHT-BLUE-1-768x768.jpg,https://coveinterior.com/wp-content/uploads/2022/07/CURVE-LIGHT-BLUE-1.jpg,/media/wordpress-migration/2022/07/CURVE-LIGHT-BLUE-1.jpg,CURVE-LIGHT-BLUE-1.jpg,content structure rewrite requires separate portfolio/page implementation approval; file import is approved independently
rewrite_embedded_media_url,page_embedded_media_url,page,11103,coffee-consoles,Coffee consoles,https://coveinterior.com/wp-content/uploads/2022/07/CURVE-LIGHT-BLUE-1-768x768.jpg,https://coveinterior.com/wp-content/uploads/2022/07/CURVE-LIGHT-BLUE-1.jpg,/media/wordpress-migration/2022/07/CURVE-LIGHT-BLUE-1.jpg,CURVE-LIGHT-BLUE-1.jpg,content structure rewrite requires separate portfolio/page implementation approval; file import is approved independently
rewrite_embedded_media_url,page_embedded_media_url,page,17144,all-brass-products,All Brass Products,https://coveinterior.com/wp-content/uploads/2022/07/CURVE-LIGHT-BLUE-1-860x860.jpg,https://coveinterior.com/wp-content/uploads/2022/07/CURVE-LIGHT-BLUE-1.jpg,/media/wordpress-migration/2022/07/CURVE-LIGHT-BLUE-1.jpg,CURVE-LIGHT-BLUE-1.jpg,content structure rewrite requires separate portfolio/page implementation approval; file import is approved independently
rewrite_embedded_media_url,page_embedded_media_url,page,11103,coffee-consoles,Coffee consoles,https://coveinterior.com/wp-content/uploads/2022/07/CURVE-LIGHT-BLUE-1-860x860.jpg,https://coveinterior.com/wp-content/uploads/2022/07/CURVE-LIGHT-BLUE-1.jpg,/media/wordpress-migration/2022/07/CURVE-LIGHT-BLUE-1.jpg,CURVE-LIGHT-BLUE-1.jpg,content structure rewrite requires separate portfolio/page implementation approval; file import is approved independently
rewrite_embedded_media_url,page_embedded_media_url,page,17144,all-brass-products,All Brass Products,https://coveinterior.com/wp-content/uploads/2022/07/CURVE-LIGHT-BLUE-1.jpg,https://coveinterior.com/wp-content/uploads/2022/07/CURVE-LIGHT-BLUE-1.jpg,/media/wordpress-migration/2022/07/CURVE-LIGHT-BLUE-1.jpg,CURVE-LIGHT-BLUE-1.jpg,content structure rewrite requires separate portfolio/page implementation approval; file import is approved independently
rewrite_embedded_media_url,page_embedded_media_url,page,11103,coffee-consoles,Coffee consoles,https://coveinterior.com/wp-content/uploads/2022/07/CURVE-LIGHT-BLUE-1.jpg,https://coveinterior.com/wp-content/uploads/2022/07/CURVE-LIGHT-BLUE-1.jpg,/media/wordpress-migration/2022/07/CURVE-LIGHT-BLUE-1.jpg,CURVE-LIGHT-BLUE-1.jpg,content structure rewrite requires separate portfolio/page implementation approval; file import is approved independently
rewrite_embedded_media_url,page_embedded_media_url,page,17144,all-brass-products,All Brass Products,https://coveinterior.com/wp-content/uploads/2022/07/CURVE-180-Royal-green-430x430.jpg,https://coveinterior.com/wp-content/uploads/2022/07/CURVE-180-Royal-green.jpg,/media/wordpress-migration/2022/07/CURVE-180-Royal-green.jpg,CURVE-180-Royal-green.jpg,content structure rewrite requires separate portfolio/page implementation approval; file import is approved independently
rewrite_embedded_media_url,page_embedded_media_url,page,11103,coffee-consoles,Coffee consoles,https://coveinterior.com/wp-content/uploads/2022/07/CURVE-180-Royal-green-430x430.jpg,https://coveinterior.com/wp-content/uploads/2022/07/CURVE-180-Royal-green.jpg,/media/wordpress-migration/2022/07/CURVE-180-Royal-green.jpg,CURVE-180-Royal-green.jpg,content structure rewrite requires separate portfolio/page implementation approval; file import is approved independently
rewrite_embedded_media_url,page_embedded_media_url,page,17144,all-brass-products,All Brass Products,https://coveinterior.com/wp-content/uploads/2022/07/CURVE-180-Royal-green-150x150.jpg,https://coveinterior.com/wp-content/uploads/2022/07/CURVE-180-Royal-green.jpg,/media/wordpress-migration/2022/07/CURVE-180-Royal-green.jpg,CURVE-180-Royal-green.jpg,content structure rewrite requires separate portfolio/page implementation approval; file import is approved independently
rewrite_embedded_media_url,page_embedded_media_url,page,11103,coffee-consoles,Coffee consoles,https://coveinterior.com/wp-content/uploads/2022/07/CURVE-180-Royal-green-150x150.jpg,https://coveinterior.com/wp-content/uploads/2022/07/CURVE-180-Royal-green.jpg,/media/wordpress-migration/2022/07/CURVE-180-Royal-green.jpg,CURVE-180-Royal-green.jpg,content structure rewrite requires separate portfolio/page implementation approval; file import is approved independently
rewrite_embedded_media_url,page_embedded_media_url,page,17144,all-brass-products,All Brass Products,https://coveinterior.com/wp-content/uploads/2022/07/CURVE-180-Royal-green-700x700.jpg,https://coveinterior.com/wp-content/uploads/2022/07/CURVE-180-Royal-green.jpg,/media/wordpress-migration/2022/07/CURVE-180-Royal-green.jpg,CURVE-180-Royal-green.jpg,content structure rewrite requires separate portfolio/page implementation approval; file import is approved independently
rewrite_embedded_media_url,page_embedded_media_url,page,11103,coffee-consoles,Coffee consoles,https://coveinterior.com/wp-content/uploads/2022/07/CURVE-180-Royal-green-700x700.jpg,https://coveinterior.com/wp-content/uploads/2022/07/CURVE-180-Royal-green.jpg,/media/wordpress-migration/2022/07/CURVE-180-Royal-green.jpg,CURVE-180-Royal-green.jpg,content structure rewrite requires separate portfolio/page implementation approval; file import is approved independently
rewrite_embedded_media_url,page_embedded_media_url,page,17144,all-brass-products,All Brass Products,https://coveinterior.com/wp-content/uploads/2022/07/CURVE-180-Royal-green-300x300.jpg,https://coveinterior.com/wp-content/uploads/2022/07/CURVE-180-Royal-green.jpg,/media/wordpress-migration/2022/07/CURVE-180-Royal-green.jpg,CURVE-180-Royal-green.jpg,content structure rewrite requires separate portfolio/page implementation approval; file import is approved independently
rewrite_embedded_media_url,page_embedded_media_url,page,11103,coffee-consoles,Coffee consoles,https://coveinterior.com/wp-content/uploads/2022/07/CURVE-180-Royal-green-300x300.jpg,https://coveinterior.com/wp-content/uploads/2022/07/CURVE-180-Royal-green.jpg,/media/wordpress-migration/2022/07/CURVE-180-Royal-green.jpg,CURVE-180-Royal-green.jpg,content structure rewrite requires separate portfolio/page implementation approval; file import is approved independently
rewrite_embedded_media_url,page_embedded_media_url,page,17144,all-brass-products,All Brass Products,https://coveinterior.com/wp-content/uploads/2022/07/CURVE-180-Royal-green-800x800.jpg,https://coveinterior.com/wp-content/uploads/2022/07/CURVE-180-Royal-green.jpg,/media/wordpress-migration/2022/07/CURVE-180-Royal-green.jpg,CURVE-180-Royal-green.jpg,content structure rewrite requires separate portfolio/page implementation approval; file import is approved independently
rewrite_embedded_media_url,page_embedded_media_url,page,11103,coffee-consoles,Coffee consoles,https://coveinterior.com/wp-content/uploads/2022/07/CURVE-180-Royal-green-800x800.jpg,https://coveinterior.com/wp-content/uploads/2022/07/CURVE-180-Royal-green.jpg,/media/wordpress-migration/2022/07/CURVE-180-Royal-green.jpg,CURVE-180-Royal-green.jpg,content structure rewrite requires separate portfolio/page implementation approval; file import is approved independently
rewrite_embedded_media_url,page_embedded_media_url,page,17144,all-brass-products,All Brass Products,https://coveinterior.com/wp-content/uploads/2022/07/CURVE-180-Royal-green-768x768.jpg,https://coveinterior.com/wp-content/uploads/2022/07/CURVE-180-Royal-green.jpg,/media/wordpress-migration/2022/07/CURVE-180-Royal-green.jpg,CURVE-180-Royal-green.jpg,content structure rewrite requires separate portfolio/page implementation approval; file import is approved independently
rewrite_embedded_media_url,page_embedded_media_url,page,11103,coffee-consoles,Coffee consoles,https://coveinterior.com/wp-content/uploads/2022/07/CURVE-180-Royal-green-768x768.jpg,https://coveinterior.com/wp-content/uploads/2022/07/CURVE-180-Royal-green.jpg,/media/wordpress-migration/2022/07/CURVE-180-Royal-green.jpg,CURVE-180-Royal-green.jpg,content structure rewrite requires separate portfolio/page implementation approval; file import is approved independently
rewrite_embedded_media_url,page_embedded_media_url,page,17144,all-brass-products,All Brass Products,https://coveinterior.com/wp-content/uploads/2022/07/CURVE-180-Royal-green-860x860.jpg,https://coveinterior.com/wp-content/uploads/2022/07/CURVE-180-Royal-green.jpg,/media/wordpress-migration/2022/07/CURVE-180-Royal-green.jpg,CURVE-180-Royal-green.jpg,content structure rewrite requires separate portfolio/page implementation approval; file import is approved independently
rewrite_embedded_media_url,page_embedded_media_url,page,11103,coffee-consoles,Coffee consoles,https://coveinterior.com/wp-content/uploads/2022/07/CURVE-180-Royal-green-860x860.jpg,https://coveinterior.com/wp-content/uploads/2022/07/CURVE-180-Royal-green.jpg,/media/wordpress-migration/2022/07/CURVE-180-Royal-green.jpg,CURVE-180-Royal-green.jpg,content structure rewrite requires separate portfolio/page implementation approval; file import is approved independently
rewrite_embedded_media_url,page_embedded_media_url,page,17144,all-brass-products,All Brass Products,https://coveinterior.com/wp-content/uploads/2022/07/CURVE-180-Royal-green.jpg,https://coveinterior.com/wp-content/uploads/2022/07/CURVE-180-Royal-green.jpg,/media/wordpress-migration/2022/07/CURVE-180-Royal-green.jpg,CURVE-180-Royal-green.jpg,content structure rewrite requires separate portfolio/page implementation approval; file import is approved independently
rewrite_embedded_media_url,page_embedded_media_url,page,11103,coffee-consoles,Coffee consoles,https://coveinterior.com/wp-content/uploads/2022/07/CURVE-180-Royal-green.jpg,https://coveinterior.com/wp-content/uploads/2022/07/CURVE-180-Royal-green.jpg,/media/wordpress-migration/2022/07/CURVE-180-Royal-green.jpg,CURVE-180-Royal-green.jpg,content structure rewrite requires separate portfolio/page implementation approval; file import is approved independently
rewrite_embedded_media_url,page_embedded_media_url,page,17144,all-brass-products,All Brass Products,https://coveinterior.com/wp-content/uploads/2022/10/4-430x430.jpeg,https://coveinterior.com/wp-content/uploads/2022/10/4.jpeg,/media/wordpress-migration/2022/10/4.jpeg,4.jpeg,content structure rewrite requires separate portfolio/page implementation approval; file import is approved independently
rewrite_embedded_media_url,page_embedded_media_url,page,11103,coffee-consoles,Coffee consoles,https://coveinterior.com/wp-content/uploads/2022/10/4-430x430.jpeg,https://coveinterior.com/wp-content/uploads/2022/10/4.jpeg,/media/wordpress-migration/2022/10/4.jpeg,4.jpeg,content structure rewrite requires separate portfolio/page implementation approval; file import is approved independently
rewrite_embedded_media_url,page_embedded_media_url,page,17144,all-brass-products,All Brass Products,https://coveinterior.com/wp-content/uploads/2022/10/4-150x150.jpeg,https://coveinterior.com/wp-content/uploads/2022/10/4.jpeg,/media/wordpress-migration/2022/10/4.jpeg,4.jpeg,content structure rewrite requires separate portfolio/page implementation approval; file import is approved independently
rewrite_embedded_media_url,page_embedded_media_url,page,11103,coffee-consoles,Coffee consoles,https://coveinterior.com/wp-content/uploads/2022/10/4-150x150.jpeg,https://coveinterior.com/wp-content/uploads/2022/10/4.jpeg,/media/wordpress-migration/2022/10/4.jpeg,4.jpeg,content structure rewrite requires separate portfolio/page implementation approval; file import is approved independently
rewrite_embedded_media_url,page_embedded_media_url,page,17144,all-brass-products,All Brass Products,https://coveinterior.com/wp-content/uploads/2022/10/4-700x700.jpeg,https://coveinterior.com/wp-content/uploads/2022/10/4.jpeg,/media/wordpress-migration/2022/10/4.jpeg,4.jpeg,content structure rewrite requires separate portfolio/page implementation approval; file import is approved independently
rewrite_embedded_media_url,page_embedded_media_url,page,11103,coffee-consoles,Coffee consoles,https://coveinterior.com/wp-content/uploads/2022/10/4-700x700.jpeg,https://coveinterior.com/wp-content/uploads/2022/10/4.jpeg,/media/wordpress-migration/2022/10/4.jpeg,4.jpeg,content structure rewrite requires separate portfolio/page implementation approval; file import is approved independently
rewrite_embedded_media_url,page_embedded_media_url,page,17144,all-brass-products,All Brass Products,https://coveinterior.com/wp-content/uploads/2022/10/4-300x300.jpeg,https://coveinterior.com/wp-content/uploads/2022/10/4.jpeg,/media/wordpress-migration/2022/10/4.jpeg,4.jpeg,content structure rewrite requires separate portfolio/page implementation approval; file import is approved independently
rewrite_embedded_media_url,page_embedded_media_url,page,11103,coffee-consoles,Coffee consoles,https://coveinterior.com/wp-content/uploads/2022/10/4-300x300.jpeg,https://coveinterior.com/wp-content/uploads/2022/10/4.jpeg,/media/wordpress-migration/2022/10/4.jpeg,4.jpeg,content structure rewrite requires separate portfolio/page implementation approval; file import is approved independently
rewrite_embedded_media_url,page_embedded_media_url,page,17144,all-brass-products,All Brass Products,https://coveinterior.com/wp-content/uploads/2022/10/4-800x800.jpeg,https://coveinterior.com/wp-content/uploads/2022/10/4.jpeg,/media/wordpress-migration/2022/10/4.jpeg,4.jpeg,content structure rewrite requires separate portfolio/page implementation approval; file import is approved independently
rewrite_embedded_media_url,page_embedded_media_url,page,11103,coffee-consoles,Coffee consoles,https://coveinterior.com/wp-content/uploads/2022/10/4-800x800.jpeg,https://coveinterior.com/wp-content/uploads/2022/10/4.jpeg,/media/wordpress-migration/2022/10/4.jpeg,4.jpeg,content structure rewrite requires separate portfolio/page implementation approval; file import is approved independently
rewrite_embedded_media_url,page_embedded_media_url,page,17144,all-brass-products,All Brass Products,https://coveinterior.com/wp-content/uploads/2022/10/4-768x768.jpeg,https://coveinterior.com/wp-content/uploads/2022/10/4.jpeg,/media/wordpress-migration/2022/10/4.jpeg,4.jpeg,content structure rewrite requires separate portfolio/page implementation approval; file import is approved independently
rewrite_embedded_media_url,page_embedded_media_url,page,11103,coffee-consoles,Coffee consoles,https://coveinterior.com/wp-content/uploads/2022/10/4-768x768.jpeg,https://coveinterior.com/wp-content/uploads/2022/10/4.jpeg,/media/wordpress-migration/2022/10/4.jpeg,4.jpeg,content structure rewrite requires separate portfolio/page implementation approval; file import is approved independently
rewrite_embedded_media_url,page_embedded_media_url,page,17144,all-brass-products,All Brass Products,https://coveinterior.com/wp-content/uploads/2022/10/4-1536x1536.jpeg,https://coveinterior.com/wp-content/uploads/2022/10/4.jpeg,/media/wordpress-migration/2022/10/4.jpeg,4.jpeg,content structure rewrite requires separate portfolio/page implementation approval; file import is approved independently
rewrite_embedded_media_url,page_embedded_media_url,page,11103,coffee-consoles,Coffee consoles,https://coveinterior.com/wp-content/uploads/2022/10/4-1536x1536.jpeg,https://coveinterior.com/wp-content/uploads/2022/10/4.jpeg,/media/wordpress-migration/2022/10/4.jpeg,4.jpeg,content structure rewrite requires separate portfolio/page implementation approval; file import is approved independently
rewrite_embedded_media_url,page_embedded_media_url,page,17144,all-brass-products,All Brass Products,https://coveinterior.com/wp-content/uploads/2022/10/4.jpeg,https://coveinterior.com/wp-content/uploads/2022/10/4.jpeg,/media/wordpress-migration/2022/10/4.jpeg,4.jpeg,content structure rewrite requires separate portfolio/page implementation approval; file import is approved independently
rewrite_embedded_media_url,page_embedded_media_url,page,11103,coffee-consoles,Coffee consoles,https://coveinterior.com/wp-content/uploads/2022/10/4.jpeg,https://coveinterior.com/wp-content/uploads/2022/10/4.jpeg,/media/wordpress-migration/2022/10/4.jpeg,4.jpeg,content structure rewrite requires separate portfolio/page implementation approval; file import is approved independently
rewrite_embedded_media_url,page_embedded_media_url,page,17144,all-brass-products,All Brass Products,https://coveinterior.com/wp-content/uploads/2022/10/4-860x860.jpeg,https://coveinterior.com/wp-content/uploads/2022/10/4.jpeg,/media/wordpress-migration/2022/10/4.jpeg,4.jpeg,content structure rewrite requires separate portfolio/page implementation approval; file import is approved independently
rewrite_embedded_media_url,page_embedded_media_url,page,11103,coffee-consoles,Coffee consoles,https://coveinterior.com/wp-content/uploads/2022/10/4-860x860.jpeg,https://coveinterior.com/wp-content/uploads/2022/10/4.jpeg,/media/wordpress-migration/2022/10/4.jpeg,4.jpeg,content structure rewrite requires separate portfolio/page implementation approval; file import is approved independently
rewrite_embedded_media_url,page_embedded_media_url,page,17144,all-brass-products,All Brass Products,https://coveinterior.com/wp-content/uploads/2022/07/1-4-430x430.jpg,https://coveinterior.com/wp-content/uploads/2022/07/1-4.jpg,/media/wordpress-migration/2022/07/1-4.jpg,1-4.jpg,content structure rewrite requires separate portfolio/page implementation approval; file import is approved independently
rewrite_embedded_media_url,page_embedded_media_url,page,11103,coffee-consoles,Coffee consoles,https://coveinterior.com/wp-content/uploads/2022/07/1-4-430x430.jpg,https://coveinterior.com/wp-content/uploads/2022/07/1-4.jpg,/media/wordpress-migration/2022/07/1-4.jpg,1-4.jpg,content structure rewrite requires separate portfolio/page implementation approval; file import is approved independently
rewrite_embedded_media_url,page_embedded_media_url,page,17144,all-brass-products,All Brass Products,https://coveinterior.com/wp-content/uploads/2022/07/1-4-150x150.jpg,https://coveinterior.com/wp-content/uploads/2022/07/1-4.jpg,/media/wordpress-migration/2022/07/1-4.jpg,1-4.jpg,content structure rewrite requires separate portfolio/page implementation approval; file import is approved independently
rewrite_embedded_media_url,page_embedded_media_url,page,11103,coffee-consoles,Coffee consoles,https://coveinterior.com/wp-content/uploads/2022/07/1-4-150x150.jpg,https://coveinterior.com/wp-content/uploads/2022/07/1-4.jpg,/media/wordpress-migration/2022/07/1-4.jpg,1-4.jpg,content structure rewrite requires separate portfolio/page implementation approval; file import is approved independently
rewrite_embedded_media_url,page_embedded_media_url,page,17144,all-brass-products,All Brass Products,https://coveinterior.com/wp-content/uploads/2022/07/1-4-700x700.jpg,https://coveinterior.com/wp-content/uploads/2022/07/1-4.jpg,/media/wordpress-migration/2022/07/1-4.jpg,1-4.jpg,content structure rewrite requires separate portfolio/page implementation approval; file import is approved independently
rewrite_embedded_media_url,page_embedded_media_url,page,11103,coffee-consoles,Coffee consoles,https://coveinterior.com/wp-content/uploads/2022/07/1-4-700x700.jpg,https://coveinterior.com/wp-content/uploads/2022/07/1-4.jpg,/media/wordpress-migration/2022/07/1-4.jpg,1-4.jpg,content structure rewrite requires separate portfolio/page implementation approval; file import is approved independently
rewrite_embedded_media_url,page_embedded_media_url,page,17144,all-brass-products,All Brass Products,https://coveinterior.com/wp-content/uploads/2022/07/1-4-300x300.jpg,https://coveinterior.com/wp-content/uploads/2022/07/1-4.jpg,/media/wordpress-migration/2022/07/1-4.jpg,1-4.jpg,content structure rewrite requires separate portfolio/page implementation approval; file import is approved independently
rewrite_embedded_media_url,page_embedded_media_url,page,11103,coffee-consoles,Coffee consoles,https://coveinterior.com/wp-content/uploads/2022/07/1-4-300x300.jpg,https://coveinterior.com/wp-content/uploads/2022/07/1-4.jpg,/media/wordpress-migration/2022/07/1-4.jpg,1-4.jpg,content structure rewrite requires separate portfolio/page implementation approval; file import is approved independently
rewrite_embedded_media_url,page_embedded_media_url,page,17144,all-brass-products,All Brass Products,https://coveinterior.com/wp-content/uploads/2022/07/1-4-800x800.jpg,https://coveinterior.com/wp-content/uploads/2022/07/1-4.jpg,/media/wordpress-migration/2022/07/1-4.jpg,1-4.jpg,content structure rewrite requires separate portfolio/page implementation approval; file import is approved independently
rewrite_embedded_media_url,page_embedded_media_url,page,11103,coffee-consoles,Coffee consoles,https://coveinterior.com/wp-content/uploads/2022/07/1-4-800x800.jpg,https://coveinterior.com/wp-content/uploads/2022/07/1-4.jpg,/media/wordpress-migration/2022/07/1-4.jpg,1-4.jpg,content structure rewrite requires separate portfolio/page implementation approval; file import is approved independently
rewrite_embedded_media_url,page_embedded_media_url,page,17144,all-brass-products,All Brass Products,https://coveinterior.com/wp-content/uploads/2022/07/1-4-768x768.jpg,https://coveinterior.com/wp-content/uploads/2022/07/1-4.jpg,/media/wordpress-migration/2022/07/1-4.jpg,1-4.jpg,content structure rewrite requires separate portfolio/page implementation approval; file import is approved independently
rewrite_embedded_media_url,page_embedded_media_url,page,11103,coffee-consoles,Coffee consoles,https://coveinterior.com/wp-content/uploads/2022/07/1-4-768x768.jpg,https://coveinterior.com/wp-content/uploads/2022/07/1-4.jpg,/media/wordpress-migration/2022/07/1-4.jpg,1-4.jpg,content structure rewrite requires separate portfolio/page implementation approval; file import is approved independently
rewrite_embedded_media_url,page_embedded_media_url,page,17144,all-brass-products,All Brass Products,https://coveinterior.com/wp-content/uploads/2022/07/1-4-860x860.jpg,https://coveinterior.com/wp-content/uploads/2022/07/1-4.jpg,/media/wordpress-migration/2022/07/1-4.jpg,1-4.jpg,content structure rewrite requires separate portfolio/page implementation approval; file import is approved independently
rewrite_embedded_media_url,page_embedded_media_url,page,11103,coffee-consoles,Coffee consoles,https://coveinterior.com/wp-content/uploads/2022/07/1-4-860x860.jpg,https://coveinterior.com/wp-content/uploads/2022/07/1-4.jpg,/media/wordpress-migration/2022/07/1-4.jpg,1-4.jpg,content structure rewrite requires separate portfolio/page implementation approval; file import is approved independently
rewrite_embedded_media_url,page_embedded_media_url,page,17144,all-brass-products,All Brass Products,https://coveinterior.com/wp-content/uploads/2022/07/1-4.jpg,https://coveinterior.com/wp-content/uploads/2022/07/1-4.jpg,/media/wordpress-migration/2022/07/1-4.jpg,1-4.jpg,content structure rewrite requires separate portfolio/page implementation approval; file import is approved independently
rewrite_embedded_media_url,page_embedded_media_url,page,11103,coffee-consoles,Coffee consoles,https://coveinterior.com/wp-content/uploads/2022/07/1-4.jpg,https://coveinterior.com/wp-content/uploads/2022/07/1-4.jpg,/media/wordpress-migration/2022/07/1-4.jpg,1-4.jpg,content structure rewrite requires separate portfolio/page implementation approval; file import is approved independently
rewrite_embedded_media_url,page_embedded_media_url,page,17144,all-brass-products,All Brass Products,https://coveinterior.com/wp-content/uploads/2025/02/Mini-Roshina-1-430x430.jpg,https://coveinterior.com/wp-content/uploads/2025/02/Mini-Roshina-1.jpg,/media/wordpress-migration/2025/02/Mini-Roshina-1.jpg,Mini-Roshina-1.jpg,content structure rewrite requires separate portfolio/page implementation approval; file import is approved independently
rewrite_embedded_media_url,page_embedded_media_url,page,14375,mini-roshina,Mini Roshina,https://coveinterior.com/wp-content/uploads/2025/02/Mini-Roshina-1-430x430.jpg,https://coveinterior.com/wp-content/uploads/2025/02/Mini-Roshina-1.jpg,/media/wordpress-migration/2025/02/Mini-Roshina-1.jpg,Mini-Roshina-1.jpg,content structure rewrite requires separate portfolio/page implementation approval; file import is approved independently
rewrite_embedded_media_url,page_embedded_media_url,page,17144,all-brass-products,All Brass Products,https://coveinterior.com/wp-content/uploads/2025/02/Mini-Roshina-1-150x150.jpg,https://coveinterior.com/wp-content/uploads/2025/02/Mini-Roshina-1.jpg,/media/wordpress-migration/2025/02/Mini-Roshina-1.jpg,Mini-Roshina-1.jpg,content structure rewrite requires separate portfolio/page implementation approval; file import is approved independently
rewrite_embedded_media_url,page_embedded_media_url,page,14375,mini-roshina,Mini Roshina,https://coveinterior.com/wp-content/uploads/2025/02/Mini-Roshina-1-150x150.jpg,https://coveinterior.com/wp-content/uploads/2025/02/Mini-Roshina-1.jpg,/media/wordpress-migration/2025/02/Mini-Roshina-1.jpg,Mini-Roshina-1.jpg,content structure rewrite requires separate portfolio/page implementation approval; file import is approved independently
rewrite_embedded_media_url,page_embedded_media_url,page,17144,all-brass-products,All Brass Products,https://coveinterior.com/wp-content/uploads/2025/02/Mini-Roshina-1-700x700.jpg,https://coveinterior.com/wp-content/uploads/2025/02/Mini-Roshina-1.jpg,/media/wordpress-migration/2025/02/Mini-Roshina-1.jpg,Mini-Roshina-1.jpg,content structure rewrite requires separate portfolio/page implementation approval; file import is approved independently
rewrite_embedded_media_url,page_embedded_media_url,page,14375,mini-roshina,Mini Roshina,https://coveinterior.com/wp-content/uploads/2025/02/Mini-Roshina-1-700x700.jpg,https://coveinterior.com/wp-content/uploads/2025/02/Mini-Roshina-1.jpg,/media/wordpress-migration/2025/02/Mini-Roshina-1.jpg,Mini-Roshina-1.jpg,content structure rewrite requires separate portfolio/page implementation approval; file import is approved independently
rewrite_embedded_media_url,page_embedded_media_url,page,17144,all-brass-products,All Brass Products,https://coveinterior.com/wp-content/uploads/2025/02/Mini-Roshina-1-300x300.jpg,https://coveinterior.com/wp-content/uploads/2025/02/Mini-Roshina-1.jpg,/media/wordpress-migration/2025/02/Mini-Roshina-1.jpg,Mini-Roshina-1.jpg,content structure rewrite requires separate portfolio/page implementation approval; file import is approved independently
rewrite_embedded_media_url,page_embedded_media_url,page,14375,mini-roshina,Mini Roshina,https://coveinterior.com/wp-content/uploads/2025/02/Mini-Roshina-1-300x300.jpg,https://coveinterior.com/wp-content/uploads/2025/02/Mini-Roshina-1.jpg,/media/wordpress-migration/2025/02/Mini-Roshina-1.jpg,Mini-Roshina-1.jpg,content structure rewrite requires separate portfolio/page implementation approval; file import is approved independently
rewrite_embedded_media_url,page_embedded_media_url,page,17144,all-brass-products,All Brass Products,https://coveinterior.com/wp-content/uploads/2025/02/Mini-Roshina-1-800x800.jpg,https://coveinterior.com/wp-content/uploads/2025/02/Mini-Roshina-1.jpg,/media/wordpress-migration/2025/02/Mini-Roshina-1.jpg,Mini-Roshina-1.jpg,content structure rewrite requires separate portfolio/page implementation approval; file import is approved independently
rewrite_embedded_media_url,page_embedded_media_url,page,14375,mini-roshina,Mini Roshina,https://coveinterior.com/wp-content/uploads/2025/02/Mini-Roshina-1-800x800.jpg,https://coveinterior.com/wp-content/uploads/2025/02/Mini-Roshina-1.jpg,/media/wordpress-migration/2025/02/Mini-Roshina-1.jpg,Mini-Roshina-1.jpg,content structure rewrite requires separate portfolio/page implementation approval; file import is approved independently
rewrite_embedded_media_url,page_embedded_media_url,page,17144,all-brass-products,All Brass Products,https://coveinterior.com/wp-content/uploads/2025/02/Mini-Roshina-1-768x768.jpg,https://coveinterior.com/wp-content/uploads/2025/02/Mini-Roshina-1.jpg,/media/wordpress-migration/2025/02/Mini-Roshina-1.jpg,Mini-Roshina-1.jpg,content structure rewrite requires separate portfolio/page implementation approval; file import is approved independently
rewrite_embedded_media_url,page_embedded_media_url,page,14375,mini-roshina,Mini Roshina,https://coveinterior.com/wp-content/uploads/2025/02/Mini-Roshina-1-768x768.jpg,https://coveinterior.com/wp-content/uploads/2025/02/Mini-Roshina-1.jpg,/media/wordpress-migration/2025/02/Mini-Roshina-1.jpg,Mini-Roshina-1.jpg,content structure rewrite requires separate portfolio/page implementation approval; file import is approved independently
rewrite_embedded_media_url,page_embedded_media_url,page,17144,all-brass-products,All Brass Products,https://coveinterior.com/wp-content/uploads/2025/02/Mini-Roshina-1.jpg,https://coveinterior.com/wp-content/uploads/2025/02/Mini-Roshina-1.jpg,/media/wordpress-migration/2025/02/Mini-Roshina-1.jpg,Mini-Roshina-1.jpg,content structure rewrite requires separate portfolio/page implementation approval; file import is approved independently
rewrite_embedded_media_url,page_embedded_media_url,page,14375,mini-roshina,Mini Roshina,https://coveinterior.com/wp-content/uploads/2025/02/Mini-Roshina-1.jpg,https://coveinterior.com/wp-content/uploads/2025/02/Mini-Roshina-1.jpg,/media/wordpress-migration/2025/02/Mini-Roshina-1.jpg,Mini-Roshina-1.jpg,content structure rewrite requires separate portfolio/page implementation approval; file import is approved independently
rewrite_embedded_media_url,page_embedded_media_url,page,17144,all-brass-products,All Brass Products,https://coveinterior.com/wp-content/uploads/2023/12/MR2-black-closed-430x430.jpg,https://coveinterior.com/wp-content/uploads/2023/12/MR2-black-closed.jpg,/media/wordpress-migration/2023/12/MR2-black-closed.jpg,MR2-black-closed.jpg,content structure rewrite requires separate portfolio/page implementation approval; file import is approved independently
rewrite_embedded_media_url,page_embedded_media_url,page,14375,mini-roshina,Mini Roshina,https://coveinterior.com/wp-content/uploads/2023/12/MR2-black-closed-430x430.jpg,https://coveinterior.com/wp-content/uploads/2023/12/MR2-black-closed.jpg,/media/wordpress-migration/2023/12/MR2-black-closed.jpg,MR2-black-closed.jpg,content structure rewrite requires separate portfolio/page implementation approval; file import is approved independently
rewrite_embedded_media_url,page_embedded_media_url,page,17144,all-brass-products,All Brass Products,https://coveinterior.com/wp-content/uploads/2023/12/MR2-black-closed-150x150.jpg,https://coveinterior.com/wp-content/uploads/2023/12/MR2-black-closed.jpg,/media/wordpress-migration/2023/12/MR2-black-closed.jpg,MR2-black-closed.jpg,content structure rewrite requires separate portfolio/page implementation approval; file import is approved independently
rewrite_embedded_media_url,page_embedded_media_url,page,14375,mini-roshina,Mini Roshina,https://coveinterior.com/wp-content/uploads/2023/12/MR2-black-closed-150x150.jpg,https://coveinterior.com/wp-content/uploads/2023/12/MR2-black-closed.jpg,/media/wordpress-migration/2023/12/MR2-black-closed.jpg,MR2-black-closed.jpg,content structure rewrite requires separate portfolio/page implementation approval; file import is approved independently
rewrite_embedded_media_url,page_embedded_media_url,page,17144,all-brass-products,All Brass Products,https://coveinterior.com/wp-content/uploads/2023/12/MR2-black-closed-700x700.jpg,https://coveinterior.com/wp-content/uploads/2023/12/MR2-black-closed.jpg,/media/wordpress-migration/2023/12/MR2-black-closed.jpg,MR2-black-closed.jpg,content structure rewrite requires separate portfolio/page implementation approval; file import is approved independently
rewrite_embedded_media_url,page_embedded_media_url,page,14375,mini-roshina,Mini Roshina,https://coveinterior.com/wp-content/uploads/2023/12/MR2-black-closed-700x700.jpg,https://coveinterior.com/wp-content/uploads/2023/12/MR2-black-closed.jpg,/media/wordpress-migration/2023/12/MR2-black-closed.jpg,MR2-black-closed.jpg,content structure rewrite requires separate portfolio/page implementation approval; file import is approved independently
rewrite_embedded_media_url,page_embedded_media_url,page,17144,all-brass-products,All Brass Products,https://coveinterior.com/wp-content/uploads/2023/12/MR2-black-closed-300x300.jpg,https://coveinterior.com/wp-content/uploads/2023/12/MR2-black-closed.jpg,/media/wordpress-migration/2023/12/MR2-black-closed.jpg,MR2-black-closed.jpg,content structure rewrite requires separate portfolio/page implementation approval; file import is approved independently
rewrite_embedded_media_url,page_embedded_media_url,page,14375,mini-roshina,Mini Roshina,https://coveinterior.com/wp-content/uploads/2023/12/MR2-black-closed-300x300.jpg,https://coveinterior.com/wp-content/uploads/2023/12/MR2-black-closed.jpg,/media/wordpress-migration/2023/12/MR2-black-closed.jpg,MR2-black-closed.jpg,content structure rewrite requires separate portfolio/page implementation approval; file import is approved independently
rewrite_embedded_media_url,page_embedded_media_url,page,17144,all-brass-products,All Brass Products,https://coveinterior.com/wp-content/uploads/2023/12/MR2-black-closed-800x800.jpg,https://coveinterior.com/wp-content/uploads/2023/12/MR2-black-closed.jpg,/media/wordpress-migration/2023/12/MR2-black-closed.jpg,MR2-black-closed.jpg,content structure rewrite requires separate portfolio/page implementation approval; file import is approved independently
rewrite_embedded_media_url,page_embedded_media_url,page,14375,mini-roshina,Mini Roshina,https://coveinterior.com/wp-content/uploads/2023/12/MR2-black-closed-800x800.jpg,https://coveinterior.com/wp-content/uploads/2023/12/MR2-black-closed.jpg,/media/wordpress-migration/2023/12/MR2-black-closed.jpg,MR2-black-closed.jpg,content structure rewrite requires separate portfolio/page implementation approval; file import is approved independently
rewrite_embedded_media_url,page_embedded_media_url,page,17144,all-brass-products,All Brass Products,https://coveinterior.com/wp-content/uploads/2023/12/MR2-black-closed-768x768.jpg,https://coveinterior.com/wp-content/uploads/2023/12/MR2-black-closed.jpg,/media/wordpress-migration/2023/12/MR2-black-closed.jpg,MR2-black-closed.jpg,content structure rewrite requires separate portfolio/page implementation approval; file import is approved independently
rewrite_embedded_media_url,page_embedded_media_url,page,14375,mini-roshina,Mini Roshina,https://coveinterior.com/wp-content/uploads/2023/12/MR2-black-closed-768x768.jpg,https://coveinterior.com/wp-content/uploads/2023/12/MR2-black-closed.jpg,/media/wordpress-migration/2023/12/MR2-black-closed.jpg,MR2-black-closed.jpg,content structure rewrite requires separate portfolio/page implementation approval; file import is approved independently
rewrite_embedded_media_url,page_embedded_media_url,page,17144,all-brass-products,All Brass Products,https://coveinterior.com/wp-content/uploads/2023/12/MR2-black-closed-860x860.jpg,https://coveinterior.com/wp-content/uploads/2023/12/MR2-black-closed.jpg,/media/wordpress-migration/2023/12/MR2-black-closed.jpg,MR2-black-closed.jpg,content structure rewrite requires separate portfolio/page implementation approval; file import is approved independently
rewrite_embedded_media_url,page_embedded_media_url,page,14375,mini-roshina,Mini Roshina,https://coveinterior.com/wp-content/uploads/2023/12/MR2-black-closed-860x860.jpg,https://coveinterior.com/wp-content/uploads/2023/12/MR2-black-closed.jpg,/media/wordpress-migration/2023/12/MR2-black-closed.jpg,MR2-black-closed.jpg,content structure rewrite requires separate portfolio/page implementation approval; file import is approved independently
rewrite_embedded_media_url,page_embedded_media_url,page,17144,all-brass-products,All Brass Products,https://coveinterior.com/wp-content/uploads/2023/12/MR2-black-closed.jpg,https://coveinterior.com/wp-content/uploads/2023/12/MR2-black-closed.jpg,/media/wordpress-migration/2023/12/MR2-black-closed.jpg,MR2-black-closed.jpg,content structure rewrite requires separate portfolio/page implementation approval; file import is approved independently
rewrite_embedded_media_url,page_embedded_media_url,page,14375,mini-roshina,Mini Roshina,https://coveinterior.com/wp-content/uploads/2023/12/MR2-black-closed.jpg,https://coveinterior.com/wp-content/uploads/2023/12/MR2-black-closed.jpg,/media/wordpress-migration/2023/12/MR2-black-closed.jpg,MR2-black-closed.jpg,content structure rewrite requires separate portfolio/page implementation approval; file import is approved independently
rewrite_embedded_media_url,page_embedded_media_url,page,17144,all-brass-products,All Brass Products,https://coveinterior.com/wp-content/uploads/2023/12/MR2-gray-closed-430x430.jpg,https://coveinterior.com/wp-content/uploads/2023/12/MR2-gray-closed.jpg,/media/wordpress-migration/2023/12/MR2-gray-closed.jpg,MR2-gray-closed.jpg,content structure rewrite requires separate portfolio/page implementation approval; file import is approved independently
rewrite_embedded_media_url,page_embedded_media_url,page,14375,mini-roshina,Mini Roshina,https://coveinterior.com/wp-content/uploads/2023/12/MR2-gray-closed-430x430.jpg,https://coveinterior.com/wp-content/uploads/2023/12/MR2-gray-closed.jpg,/media/wordpress-migration/2023/12/MR2-gray-closed.jpg,MR2-gray-closed.jpg,content structure rewrite requires separate portfolio/page implementation approval; file import is approved independently
rewrite_embedded_media_url,page_embedded_media_url,page,17144,all-brass-products,All Brass Products,https://coveinterior.com/wp-content/uploads/2023/12/MR2-gray-closed-150x150.jpg,https://coveinterior.com/wp-content/uploads/2023/12/MR2-gray-closed.jpg,/media/wordpress-migration/2023/12/MR2-gray-closed.jpg,MR2-gray-closed.jpg,content structure rewrite requires separate portfolio/page implementation approval; file import is approved independently
rewrite_embedded_media_url,page_embedded_media_url,page,14375,mini-roshina,Mini Roshina,https://coveinterior.com/wp-content/uploads/2023/12/MR2-gray-closed-150x150.jpg,https://coveinterior.com/wp-content/uploads/2023/12/MR2-gray-closed.jpg,/media/wordpress-migration/2023/12/MR2-gray-closed.jpg,MR2-gray-closed.jpg,content structure rewrite requires separate portfolio/page implementation approval; file import is approved independently
rewrite_embedded_media_url,page_embedded_media_url,page,17144,all-brass-products,All Brass Products,https://coveinterior.com/wp-content/uploads/2023/12/MR2-gray-closed-700x700.jpg,https://coveinterior.com/wp-content/uploads/2023/12/MR2-gray-closed.jpg,/media/wordpress-migration/2023/12/MR2-gray-closed.jpg,MR2-gray-closed.jpg,content structure rewrite requires separate portfolio/page implementation approval; file import is approved independently
rewrite_embedded_media_url,page_embedded_media_url,page,14375,mini-roshina,Mini Roshina,https://coveinterior.com/wp-content/uploads/2023/12/MR2-gray-closed-700x700.jpg,https://coveinterior.com/wp-content/uploads/2023/12/MR2-gray-closed.jpg,/media/wordpress-migration/2023/12/MR2-gray-closed.jpg,MR2-gray-closed.jpg,content structure rewrite requires separate portfolio/page implementation approval; file import is approved independently
rewrite_embedded_media_url,page_embedded_media_url,page,17144,all-brass-products,All Brass Products,https://coveinterior.com/wp-content/uploads/2023/12/MR2-gray-closed-300x300.jpg,https://coveinterior.com/wp-content/uploads/2023/12/MR2-gray-closed.jpg,/media/wordpress-migration/2023/12/MR2-gray-closed.jpg,MR2-gray-closed.jpg,content structure rewrite requires separate portfolio/page implementation approval; file import is approved independently
rewrite_embedded_media_url,page_embedded_media_url,page,14375,mini-roshina,Mini Roshina,https://coveinterior.com/wp-content/uploads/2023/12/MR2-gray-closed-300x300.jpg,https://coveinterior.com/wp-content/uploads/2023/12/MR2-gray-closed.jpg,/media/wordpress-migration/2023/12/MR2-gray-closed.jpg,MR2-gray-closed.jpg,content structure rewrite requires separate portfolio/page implementation approval; file import is approved independently
rewrite_embedded_media_url,page_embedded_media_url,page,17144,all-brass-products,All Brass Products,https://coveinterior.com/wp-content/uploads/2023/12/MR2-gray-closed-800x800.jpg,https://coveinterior.com/wp-content/uploads/2023/12/MR2-gray-closed.jpg,/media/wordpress-migration/2023/12/MR2-gray-closed.jpg,MR2-gray-closed.jpg,content structure rewrite requires separate portfolio/page implementation approval; file import is approved independently
rewrite_embedded_media_url,page_embedded_media_url,page,14375,mini-roshina,Mini Roshina,https://coveinterior.com/wp-content/uploads/2023/12/MR2-gray-closed-800x800.jpg,https://coveinterior.com/wp-content/uploads/2023/12/MR2-gray-closed.jpg,/media/wordpress-migration/2023/12/MR2-gray-closed.jpg,MR2-gray-closed.jpg,content structure rewrite requires separate portfolio/page implementation approval; file import is approved independently
rewrite_embedded_media_url,page_embedded_media_url,page,17144,all-brass-products,All Brass Products,https://coveinterior.com/wp-content/uploads/2023/12/MR2-gray-closed-768x768.jpg,https://coveinterior.com/wp-content/uploads/2023/12/MR2-gray-closed.jpg,/media/wordpress-migration/2023/12/MR2-gray-closed.jpg,MR2-gray-closed.jpg,content structure rewrite requires separate portfolio/page implementation approval; file import is approved independently
rewrite_embedded_media_url,page_embedded_media_url,page,14375,mini-roshina,Mini Roshina,https://coveinterior.com/wp-content/uploads/2023/12/MR2-gray-closed-768x768.jpg,https://coveinterior.com/wp-content/uploads/2023/12/MR2-gray-closed.jpg,/media/wordpress-migration/2023/12/MR2-gray-closed.jpg,MR2-gray-closed.jpg,content structure rewrite requires separate portfolio/page implementation approval; file import is approved independently
rewrite_embedded_media_url,page_embedded_media_url,page,17144,all-brass-products,All Brass Products,https://coveinterior.com/wp-content/uploads/2023/12/MR2-gray-closed-860x860.jpg,https://coveinterior.com/wp-content/uploads/2023/12/MR2-gray-closed.jpg,/media/wordpress-migration/2023/12/MR2-gray-closed.jpg,MR2-gray-closed.jpg,content structure rewrite requires separate portfolio/page implementation approval; file import is approved independently
rewrite_embedded_media_url,page_embedded_media_url,page,14375,mini-roshina,Mini Roshina,https://coveinterior.com/wp-content/uploads/2023/12/MR2-gray-closed-860x860.jpg,https://coveinterior.com/wp-content/uploads/2023/12/MR2-gray-closed.jpg,/media/wordpress-migration/2023/12/MR2-gray-closed.jpg,MR2-gray-closed.jpg,content structure rewrite requires separate portfolio/page implementation approval; file import is approved independently
rewrite_embedded_media_url,page_embedded_media_url,page,17144,all-brass-products,All Brass Products,https://coveinterior.com/wp-content/uploads/2023/12/MR2-gray-closed.jpg,https://coveinterior.com/wp-content/uploads/2023/12/MR2-gray-closed.jpg,/media/wordpress-migration/2023/12/MR2-gray-closed.jpg,MR2-gray-closed.jpg,content structure rewrite requires separate portfolio/page implementation approval; file import is approved independently
rewrite_embedded_media_url,page_embedded_media_url,page,14375,mini-roshina,Mini Roshina,https://coveinterior.com/wp-content/uploads/2023/12/MR2-gray-closed.jpg,https://coveinterior.com/wp-content/uploads/2023/12/MR2-gray-closed.jpg,/media/wordpress-migration/2023/12/MR2-gray-closed.jpg,MR2-gray-closed.jpg,content structure rewrite requires separate portfolio/page implementation approval; file import is approved independently
rewrite_embedded_media_url,page_embedded_media_url,page,17144,all-brass-products,All Brass Products,https://coveinterior.com/wp-content/uploads/2023/01/Roshina-1-beige-1-430x430.jpg,https://coveinterior.com/wp-content/uploads/2023/01/Roshina-1-beige-1.jpg,/media/wordpress-migration/2023/01/Roshina-1-beige-1.jpg,Roshina-1-beige-1.jpg,content structure rewrite requires separate portfolio/page implementation approval; file import is approved independently
rewrite_embedded_media_url,page_embedded_media_url,page,12591,roshina-1-box,Roshina 1 Box,https://coveinterior.com/wp-content/uploads/2023/01/Roshina-1-beige-1-430x430.jpg,https://coveinterior.com/wp-content/uploads/2023/01/Roshina-1-beige-1.jpg,/media/wordpress-migration/2023/01/Roshina-1-beige-1.jpg,Roshina-1-beige-1.jpg,content structure rewrite requires separate portfolio/page implementation approval; file import is approved independently
rewrite_embedded_media_url,page_embedded_media_url,page,17144,all-brass-products,All Brass Products,https://coveinterior.com/wp-content/uploads/2023/01/Roshina-1-beige-1-150x150.jpg,https://coveinterior.com/wp-content/uploads/2023/01/Roshina-1-beige-1.jpg,/media/wordpress-migration/2023/01/Roshina-1-beige-1.jpg,Roshina-1-beige-1.jpg,content structure rewrite requires separate portfolio/page implementation approval; file import is approved independently
rewrite_embedded_media_url,page_embedded_media_url,page,12591,roshina-1-box,Roshina 1 Box,https://coveinterior.com/wp-content/uploads/2023/01/Roshina-1-beige-1-150x150.jpg,https://coveinterior.com/wp-content/uploads/2023/01/Roshina-1-beige-1.jpg,/media/wordpress-migration/2023/01/Roshina-1-beige-1.jpg,Roshina-1-beige-1.jpg,content structure rewrite requires separate portfolio/page implementation approval; file import is approved independently
rewrite_embedded_media_url,page_embedded_media_url,page,17144,all-brass-products,All Brass Products,https://coveinterior.com/wp-content/uploads/2023/01/Roshina-1-beige-1-700x700.jpg,https://coveinterior.com/wp-content/uploads/2023/01/Roshina-1-beige-1.jpg,/media/wordpress-migration/2023/01/Roshina-1-beige-1.jpg,Roshina-1-beige-1.jpg,content structure rewrite requires separate portfolio/page implementation approval; file import is approved independently
rewrite_embedded_media_url,page_embedded_media_url,page,12591,roshina-1-box,Roshina 1 Box,https://coveinterior.com/wp-content/uploads/2023/01/Roshina-1-beige-1-700x700.jpg,https://coveinterior.com/wp-content/uploads/2023/01/Roshina-1-beige-1.jpg,/media/wordpress-migration/2023/01/Roshina-1-beige-1.jpg,Roshina-1-beige-1.jpg,content structure rewrite requires separate portfolio/page implementation approval; file import is approved independently
rewrite_embedded_media_url,page_embedded_media_url,page,17144,all-brass-products,All Brass Products,https://coveinterior.com/wp-content/uploads/2023/01/Roshina-1-beige-1-300x300.jpg,https://coveinterior.com/wp-content/uploads/2023/01/Roshina-1-beige-1.jpg,/media/wordpress-migration/2023/01/Roshina-1-beige-1.jpg,Roshina-1-beige-1.jpg,content structure rewrite requires separate portfolio/page implementation approval; file import is approved independently
rewrite_embedded_media_url,page_embedded_media_url,page,12591,roshina-1-box,Roshina 1 Box,https://coveinterior.com/wp-content/uploads/2023/01/Roshina-1-beige-1-300x300.jpg,https://coveinterior.com/wp-content/uploads/2023/01/Roshina-1-beige-1.jpg,/media/wordpress-migration/2023/01/Roshina-1-beige-1.jpg,Roshina-1-beige-1.jpg,content structure rewrite requires separate portfolio/page implementation approval; file import is approved independently
rewrite_embedded_media_url,page_embedded_media_url,page,17144,all-brass-products,All Brass Products,https://coveinterior.com/wp-content/uploads/2023/01/Roshina-1-beige-1-800x800.jpg,https://coveinterior.com/wp-content/uploads/2023/01/Roshina-1-beige-1.jpg,/media/wordpress-migration/2023/01/Roshina-1-beige-1.jpg,Roshina-1-beige-1.jpg,content structure rewrite requires separate portfolio/page implementation approval; file import is approved independently
rewrite_embedded_media_url,page_embedded_media_url,page,12591,roshina-1-box,Roshina 1 Box,https://coveinterior.com/wp-content/uploads/2023/01/Roshina-1-beige-1-800x800.jpg,https://coveinterior.com/wp-content/uploads/2023/01/Roshina-1-beige-1.jpg,/media/wordpress-migration/2023/01/Roshina-1-beige-1.jpg,Roshina-1-beige-1.jpg,content structure rewrite requires separate portfolio/page implementation approval; file import is approved independently
rewrite_embedded_media_url,page_embedded_media_url,page,17144,all-brass-products,All Brass Products,https://coveinterior.com/wp-content/uploads/2023/01/Roshina-1-beige-1-768x768.jpg,https://coveinterior.com/wp-content/uploads/2023/01/Roshina-1-beige-1.jpg,/media/wordpress-migration/2023/01/Roshina-1-beige-1.jpg,Roshina-1-beige-1.jpg,content structure rewrite requires separate portfolio/page implementation approval; file import is approved independently
rewrite_embedded_media_url,page_embedded_media_url,page,12591,roshina-1-box,Roshina 1 Box,https://coveinterior.com/wp-content/uploads/2023/01/Roshina-1-beige-1-768x768.jpg,https://coveinterior.com/wp-content/uploads/2023/01/Roshina-1-beige-1.jpg,/media/wordpress-migration/2023/01/Roshina-1-beige-1.jpg,Roshina-1-beige-1.jpg,content structure rewrite requires separate portfolio/page implementation approval; file import is approved independently
rewrite_embedded_media_url,page_embedded_media_url,page,17144,all-brass-products,All Brass Products,https://coveinterior.com/wp-content/uploads/2023/01/Roshina-1-beige-1-860x860.jpg,https://coveinterior.com/wp-content/uploads/2023/01/Roshina-1-beige-1.jpg,/media/wordpress-migration/2023/01/Roshina-1-beige-1.jpg,Roshina-1-beige-1.jpg,content structure rewrite requires separate portfolio/page implementation approval; file import is approved independently
rewrite_embedded_media_url,page_embedded_media_url,page,12591,roshina-1-box,Roshina 1 Box,https://coveinterior.com/wp-content/uploads/2023/01/Roshina-1-beige-1-860x860.jpg,https://coveinterior.com/wp-content/uploads/2023/01/Roshina-1-beige-1.jpg,/media/wordpress-migration/2023/01/Roshina-1-beige-1.jpg,Roshina-1-beige-1.jpg,content structure rewrite requires separate portfolio/page implementation approval; file import is approved independently
rewrite_embedded_media_url,page_embedded_media_url,page,17144,all-brass-products,All Brass Products,https://coveinterior.com/wp-content/uploads/2023/01/Roshina-1-beige-1.jpg,https://coveinterior.com/wp-content/uploads/2023/01/Roshina-1-beige-1.jpg,/media/wordpress-migration/2023/01/Roshina-1-beige-1.jpg,Roshina-1-beige-1.jpg,content structure rewrite requires separate portfolio/page implementation approval; file import is approved independently
rewrite_embedded_media_url,page_embedded_media_url,page,12591,roshina-1-box,Roshina 1 Box,https://coveinterior.com/wp-content/uploads/2023/01/Roshina-1-beige-1.jpg,https://coveinterior.com/wp-content/uploads/2023/01/Roshina-1-beige-1.jpg,/media/wordpress-migration/2023/01/Roshina-1-beige-1.jpg,Roshina-1-beige-1.jpg,content structure rewrite requires separate portfolio/page implementation approval; file import is approved independently
rewrite_embedded_media_url,page_embedded_media_url,page,17144,all-brass-products,All Brass Products,https://coveinterior.com/wp-content/uploads/2023/01/Roshina-1-black-1-430x430.jpg,https://coveinterior.com/wp-content/uploads/2023/01/Roshina-1-black-1.jpg,/media/wordpress-migration/2023/01/Roshina-1-black-1.jpg,Roshina-1-black-1.jpg,content structure rewrite requires separate portfolio/page implementation approval; file import is approved independently
rewrite_embedded_media_url,page_embedded_media_url,page,12591,roshina-1-box,Roshina 1 Box,https://coveinterior.com/wp-content/uploads/2023/01/Roshina-1-black-1-430x430.jpg,https://coveinterior.com/wp-content/uploads/2023/01/Roshina-1-black-1.jpg,/media/wordpress-migration/2023/01/Roshina-1-black-1.jpg,Roshina-1-black-1.jpg,content structure rewrite requires separate portfolio/page implementation approval; file import is approved independently
rewrite_embedded_media_url,page_embedded_media_url,page,17144,all-brass-products,All Brass Products,https://coveinterior.com/wp-content/uploads/2023/01/Roshina-1-black-1-150x150.jpg,https://coveinterior.com/wp-content/uploads/2023/01/Roshina-1-black-1.jpg,/media/wordpress-migration/2023/01/Roshina-1-black-1.jpg,Roshina-1-black-1.jpg,content structure rewrite requires separate portfolio/page implementation approval; file import is approved independently
rewrite_embedded_media_url,page_embedded_media_url,page,12591,roshina-1-box,Roshina 1 Box,https://coveinterior.com/wp-content/uploads/2023/01/Roshina-1-black-1-150x150.jpg,https://coveinterior.com/wp-content/uploads/2023/01/Roshina-1-black-1.jpg,/media/wordpress-migration/2023/01/Roshina-1-black-1.jpg,Roshina-1-black-1.jpg,content structure rewrite requires separate portfolio/page implementation approval; file import is approved independently
rewrite_embedded_media_url,page_embedded_media_url,page,17144,all-brass-products,All Brass Products,https://coveinterior.com/wp-content/uploads/2023/01/Roshina-1-black-1-700x700.jpg,https://coveinterior.com/wp-content/uploads/2023/01/Roshina-1-black-1.jpg,/media/wordpress-migration/2023/01/Roshina-1-black-1.jpg,Roshina-1-black-1.jpg,content structure rewrite requires separate portfolio/page implementation approval; file import is approved independently
rewrite_embedded_media_url,page_embedded_media_url,page,12591,roshina-1-box,Roshina 1 Box,https://coveinterior.com/wp-content/uploads/2023/01/Roshina-1-black-1-700x700.jpg,https://coveinterior.com/wp-content/uploads/2023/01/Roshina-1-black-1.jpg,/media/wordpress-migration/2023/01/Roshina-1-black-1.jpg,Roshina-1-black-1.jpg,content structure rewrite requires separate portfolio/page implementation approval; file import is approved independently
rewrite_embedded_media_url,page_embedded_media_url,page,17144,all-brass-products,All Brass Products,https://coveinterior.com/wp-content/uploads/2023/01/Roshina-1-black-1-300x300.jpg,https://coveinterior.com/wp-content/uploads/2023/01/Roshina-1-black-1.jpg,/media/wordpress-migration/2023/01/Roshina-1-black-1.jpg,Roshina-1-black-1.jpg,content structure rewrite requires separate portfolio/page implementation approval; file import is approved independently
rewrite_embedded_media_url,page_embedded_media_url,page,12591,roshina-1-box,Roshina 1 Box,https://coveinterior.com/wp-content/uploads/2023/01/Roshina-1-black-1-300x300.jpg,https://coveinterior.com/wp-content/uploads/2023/01/Roshina-1-black-1.jpg,/media/wordpress-migration/2023/01/Roshina-1-black-1.jpg,Roshina-1-black-1.jpg,content structure rewrite requires separate portfolio/page implementation approval; file import is approved independently
rewrite_embedded_media_url,page_embedded_media_url,page,17144,all-brass-products,All Brass Products,https://coveinterior.com/wp-content/uploads/2023/01/Roshina-1-black-1-800x800.jpg,https://coveinterior.com/wp-content/uploads/2023/01/Roshina-1-black-1.jpg,/media/wordpress-migration/2023/01/Roshina-1-black-1.jpg,Roshina-1-black-1.jpg,content structure rewrite requires separate portfolio/page implementation approval; file import is approved independently
rewrite_embedded_media_url,page_embedded_media_url,page,12591,roshina-1-box,Roshina 1 Box,https://coveinterior.com/wp-content/uploads/2023/01/Roshina-1-black-1-800x800.jpg,https://coveinterior.com/wp-content/uploads/2023/01/Roshina-1-black-1.jpg,/media/wordpress-migration/2023/01/Roshina-1-black-1.jpg,Roshina-1-black-1.jpg,content structure rewrite requires separate portfolio/page implementation approval; file import is approved independently
rewrite_embedded_media_url,page_embedded_media_url,page,17144,all-brass-products,All Brass Products,https://coveinterior.com/wp-content/uploads/2023/01/Roshina-1-black-1-768x768.jpg,https://coveinterior.com/wp-content/uploads/2023/01/Roshina-1-black-1.jpg,/media/wordpress-migration/2023/01/Roshina-1-black-1.jpg,Roshina-1-black-1.jpg,content structure rewrite requires separate portfolio/page implementation approval; file import is approved independently
rewrite_embedded_media_url,page_embedded_media_url,page,12591,roshina-1-box,Roshina 1 Box,https://coveinterior.com/wp-content/uploads/2023/01/Roshina-1-black-1-768x768.jpg,https://coveinterior.com/wp-content/uploads/2023/01/Roshina-1-black-1.jpg,/media/wordpress-migration/2023/01/Roshina-1-black-1.jpg,Roshina-1-black-1.jpg,content structure rewrite requires separate portfolio/page implementation approval; file import is approved independently
rewrite_embedded_media_url,page_embedded_media_url,page,17144,all-brass-products,All Brass Products,https://coveinterior.com/wp-content/uploads/2023/01/Roshina-1-black-1-860x860.jpg,https://coveinterior.com/wp-content/uploads/2023/01/Roshina-1-black-1.jpg,/media/wordpress-migration/2023/01/Roshina-1-black-1.jpg,Roshina-1-black-1.jpg,content structure rewrite requires separate portfolio/page implementation approval; file import is approved independently
rewrite_embedded_media_url,page_embedded_media_url,page,12591,roshina-1-box,Roshina 1 Box,https://coveinterior.com/wp-content/uploads/2023/01/Roshina-1-black-1-860x860.jpg,https://coveinterior.com/wp-content/uploads/2023/01/Roshina-1-black-1.jpg,/media/wordpress-migration/2023/01/Roshina-1-black-1.jpg,Roshina-1-black-1.jpg,content structure rewrite requires separate portfolio/page implementation approval; file import is approved independently
rewrite_embedded_media_url,page_embedded_media_url,page,17144,all-brass-products,All Brass Products,https://coveinterior.com/wp-content/uploads/2023/01/Roshina-1-black-1.jpg,https://coveinterior.com/wp-content/uploads/2023/01/Roshina-1-black-1.jpg,/media/wordpress-migration/2023/01/Roshina-1-black-1.jpg,Roshina-1-black-1.jpg,content structure rewrite requires separate portfolio/page implementation approval; file import is approved independently
rewrite_embedded_media_url,page_embedded_media_url,page,12591,roshina-1-box,Roshina 1 Box,https://coveinterior.com/wp-content/uploads/2023/01/Roshina-1-black-1.jpg,https://coveinterior.com/wp-content/uploads/2023/01/Roshina-1-black-1.jpg,/media/wordpress-migration/2023/01/Roshina-1-black-1.jpg,Roshina-1-black-1.jpg,content structure rewrite requires separate portfolio/page implementation approval; file import is approved independently
rewrite_embedded_media_url,page_embedded_media_url,page,17144,all-brass-products,All Brass Products,https://coveinterior.com/wp-content/uploads/2023/01/Roshina-1-petrol-1-430x430.jpg,https://coveinterior.com/wp-content/uploads/2023/01/Roshina-1-petrol-1.jpg,/media/wordpress-migration/2023/01/Roshina-1-petrol-1.jpg,Roshina-1-petrol-1.jpg,content structure rewrite requires separate portfolio/page implementation approval; file import is approved independently
rewrite_embedded_media_url,page_embedded_media_url,page,12591,roshina-1-box,Roshina 1 Box,https://coveinterior.com/wp-content/uploads/2023/01/Roshina-1-petrol-1-430x430.jpg,https://coveinterior.com/wp-content/uploads/2023/01/Roshina-1-petrol-1.jpg,/media/wordpress-migration/2023/01/Roshina-1-petrol-1.jpg,Roshina-1-petrol-1.jpg,content structure rewrite requires separate portfolio/page implementation approval; file import is approved independently
rewrite_embedded_media_url,page_embedded_media_url,page,17144,all-brass-products,All Brass Products,https://coveinterior.com/wp-content/uploads/2023/01/Roshina-1-petrol-1-150x150.jpg,https://coveinterior.com/wp-content/uploads/2023/01/Roshina-1-petrol-1.jpg,/media/wordpress-migration/2023/01/Roshina-1-petrol-1.jpg,Roshina-1-petrol-1.jpg,content structure rewrite requires separate portfolio/page implementation approval; file import is approved independently
rewrite_embedded_media_url,page_embedded_media_url,page,12591,roshina-1-box,Roshina 1 Box,https://coveinterior.com/wp-content/uploads/2023/01/Roshina-1-petrol-1-150x150.jpg,https://coveinterior.com/wp-content/uploads/2023/01/Roshina-1-petrol-1.jpg,/media/wordpress-migration/2023/01/Roshina-1-petrol-1.jpg,Roshina-1-petrol-1.jpg,content structure rewrite requires separate portfolio/page implementation approval; file import is approved independently
rewrite_embedded_media_url,page_embedded_media_url,page,17144,all-brass-products,All Brass Products,https://coveinterior.com/wp-content/uploads/2023/01/Roshina-1-petrol-1-700x700.jpg,https://coveinterior.com/wp-content/uploads/2023/01/Roshina-1-petrol-1.jpg,/media/wordpress-migration/2023/01/Roshina-1-petrol-1.jpg,Roshina-1-petrol-1.jpg,content structure rewrite requires separate portfolio/page implementation approval; file import is approved independently
rewrite_embedded_media_url,page_embedded_media_url,page,12591,roshina-1-box,Roshina 1 Box,https://coveinterior.com/wp-content/uploads/2023/01/Roshina-1-petrol-1-700x700.jpg,https://coveinterior.com/wp-content/uploads/2023/01/Roshina-1-petrol-1.jpg,/media/wordpress-migration/2023/01/Roshina-1-petrol-1.jpg,Roshina-1-petrol-1.jpg,content structure rewrite requires separate portfolio/page implementation approval; file import is approved independently
rewrite_embedded_media_url,page_embedded_media_url,page,17144,all-brass-products,All Brass Products,https://coveinterior.com/wp-content/uploads/2023/01/Roshina-1-petrol-1-300x300.jpg,https://coveinterior.com/wp-content/uploads/2023/01/Roshina-1-petrol-1.jpg,/media/wordpress-migration/2023/01/Roshina-1-petrol-1.jpg,Roshina-1-petrol-1.jpg,content structure rewrite requires separate portfolio/page implementation approval; file import is approved independently
rewrite_embedded_media_url,page_embedded_media_url,page,12591,roshina-1-box,Roshina 1 Box,https://coveinterior.com/wp-content/uploads/2023/01/Roshina-1-petrol-1-300x300.jpg,https://coveinterior.com/wp-content/uploads/2023/01/Roshina-1-petrol-1.jpg,/media/wordpress-migration/2023/01/Roshina-1-petrol-1.jpg,Roshina-1-petrol-1.jpg,content structure rewrite requires separate portfolio/page implementation approval; file import is approved independently
rewrite_embedded_media_url,page_embedded_media_url,page,17144,all-brass-products,All Brass Products,https://coveinterior.com/wp-content/uploads/2023/01/Roshina-1-petrol-1-800x800.jpg,https://coveinterior.com/wp-content/uploads/2023/01/Roshina-1-petrol-1.jpg,/media/wordpress-migration/2023/01/Roshina-1-petrol-1.jpg,Roshina-1-petrol-1.jpg,content structure rewrite requires separate portfolio/page implementation approval; file import is approved independently
rewrite_embedded_media_url,page_embedded_media_url,page,12591,roshina-1-box,Roshina 1 Box,https://coveinterior.com/wp-content/uploads/2023/01/Roshina-1-petrol-1-800x800.jpg,https://coveinterior.com/wp-content/uploads/2023/01/Roshina-1-petrol-1.jpg,/media/wordpress-migration/2023/01/Roshina-1-petrol-1.jpg,Roshina-1-petrol-1.jpg,content structure rewrite requires separate portfolio/page implementation approval; file import is approved independently
rewrite_embedded_media_url,page_embedded_media_url,page,17144,all-brass-products,All Brass Products,https://coveinterior.com/wp-content/uploads/2023/01/Roshina-1-petrol-1-768x768.jpg,https://coveinterior.com/wp-content/uploads/2023/01/Roshina-1-petrol-1.jpg,/media/wordpress-migration/2023/01/Roshina-1-petrol-1.jpg,Roshina-1-petrol-1.jpg,content structure rewrite requires separate portfolio/page implementation approval; file import is approved independently
rewrite_embedded_media_url,page_embedded_media_url,page,12591,roshina-1-box,Roshina 1 Box,https://coveinterior.com/wp-content/uploads/2023/01/Roshina-1-petrol-1-768x768.jpg,https://coveinterior.com/wp-content/uploads/2023/01/Roshina-1-petrol-1.jpg,/media/wordpress-migration/2023/01/Roshina-1-petrol-1.jpg,Roshina-1-petrol-1.jpg,content structure rewrite requires separate portfolio/page implementation approval; file import is approved independently
rewrite_embedded_media_url,page_embedded_media_url,page,17144,all-brass-products,All Brass Products,https://coveinterior.com/wp-content/uploads/2023/01/Roshina-1-petrol-1-860x860.jpg,https://coveinterior.com/wp-content/uploads/2023/01/Roshina-1-petrol-1.jpg,/media/wordpress-migration/2023/01/Roshina-1-petrol-1.jpg,Roshina-1-petrol-1.jpg,content structure rewrite requires separate portfolio/page implementation approval; file import is approved independently
rewrite_embedded_media_url,page_embedded_media_url,page,12591,roshina-1-box,Roshina 1 Box,https://coveinterior.com/wp-content/uploads/2023/01/Roshina-1-petrol-1-860x860.jpg,https://coveinterior.com/wp-content/uploads/2023/01/Roshina-1-petrol-1.jpg,/media/wordpress-migration/2023/01/Roshina-1-petrol-1.jpg,Roshina-1-petrol-1.jpg,content structure rewrite requires separate portfolio/page implementation approval; file import is approved independently
rewrite_embedded_media_url,page_embedded_media_url,page,17144,all-brass-products,All Brass Products,https://coveinterior.com/wp-content/uploads/2023/01/Roshina-1-petrol-1.jpg,https://coveinterior.com/wp-content/uploads/2023/01/Roshina-1-petrol-1.jpg,/media/wordpress-migration/2023/01/Roshina-1-petrol-1.jpg,Roshina-1-petrol-1.jpg,content structure rewrite requires separate portfolio/page implementation approval; file import is approved independently
rewrite_embedded_media_url,page_embedded_media_url,page,12591,roshina-1-box,Roshina 1 Box,https://coveinterior.com/wp-content/uploads/2023/01/Roshina-1-petrol-1.jpg,https://coveinterior.com/wp-content/uploads/2023/01/Roshina-1-petrol-1.jpg,/media/wordpress-migration/2023/01/Roshina-1-petrol-1.jpg,Roshina-1-petrol-1.jpg,content structure rewrite requires separate portfolio/page implementation approval; file import is approved independently
rewrite_embedded_media_url,page_embedded_media_url,page,17144,all-brass-products,All Brass Products,https://coveinterior.com/wp-content/uploads/2023/01/Roshina-2-cementgreen-1-430x430.jpg,https://coveinterior.com/wp-content/uploads/2023/01/Roshina-2-cementgreen-1.jpg,/media/wordpress-migration/2023/01/Roshina-2-cementgreen-1.jpg,Roshina-2-cementgreen-1.jpg,content structure rewrite requires separate portfolio/page implementation approval; file import is approved independently
rewrite_embedded_media_url,page_embedded_media_url,page,11107,roshina-2-box,Roshina 2 Box,https://coveinterior.com/wp-content/uploads/2023/01/Roshina-2-cementgreen-1-430x430.jpg,https://coveinterior.com/wp-content/uploads/2023/01/Roshina-2-cementgreen-1.jpg,/media/wordpress-migration/2023/01/Roshina-2-cementgreen-1.jpg,Roshina-2-cementgreen-1.jpg,content structure rewrite requires separate portfolio/page implementation approval; file import is approved independently
rewrite_embedded_media_url,page_embedded_media_url,page,17144,all-brass-products,All Brass Products,https://coveinterior.com/wp-content/uploads/2023/01/Roshina-2-cementgreen-1-150x150.jpg,https://coveinterior.com/wp-content/uploads/2023/01/Roshina-2-cementgreen-1.jpg,/media/wordpress-migration/2023/01/Roshina-2-cementgreen-1.jpg,Roshina-2-cementgreen-1.jpg,content structure rewrite requires separate portfolio/page implementation approval; file import is approved independently
rewrite_embedded_media_url,page_embedded_media_url,page,11107,roshina-2-box,Roshina 2 Box,https://coveinterior.com/wp-content/uploads/2023/01/Roshina-2-cementgreen-1-150x150.jpg,https://coveinterior.com/wp-content/uploads/2023/01/Roshina-2-cementgreen-1.jpg,/media/wordpress-migration/2023/01/Roshina-2-cementgreen-1.jpg,Roshina-2-cementgreen-1.jpg,content structure rewrite requires separate portfolio/page implementation approval; file import is approved independently
rewrite_embedded_media_url,page_embedded_media_url,page,17144,all-brass-products,All Brass Products,https://coveinterior.com/wp-content/uploads/2023/01/Roshina-2-cementgreen-1-700x700.jpg,https://coveinterior.com/wp-content/uploads/2023/01/Roshina-2-cementgreen-1.jpg,/media/wordpress-migration/2023/01/Roshina-2-cementgreen-1.jpg,Roshina-2-cementgreen-1.jpg,content structure rewrite requires separate portfolio/page implementation approval; file import is approved independently
rewrite_embedded_media_url,page_embedded_media_url,page,11107,roshina-2-box,Roshina 2 Box,https://coveinterior.com/wp-content/uploads/2023/01/Roshina-2-cementgreen-1-700x700.jpg,https://coveinterior.com/wp-content/uploads/2023/01/Roshina-2-cementgreen-1.jpg,/media/wordpress-migration/2023/01/Roshina-2-cementgreen-1.jpg,Roshina-2-cementgreen-1.jpg,content structure rewrite requires separate portfolio/page implementation approval; file import is approved independently
rewrite_embedded_media_url,page_embedded_media_url,page,17144,all-brass-products,All Brass Products,https://coveinterior.com/wp-content/uploads/2023/01/Roshina-2-cementgreen-1-300x300.jpg,https://coveinterior.com/wp-content/uploads/2023/01/Roshina-2-cementgreen-1.jpg,/media/wordpress-migration/2023/01/Roshina-2-cementgreen-1.jpg,Roshina-2-cementgreen-1.jpg,content structure rewrite requires separate portfolio/page implementation approval; file import is approved independently
rewrite_embedded_media_url,page_embedded_media_url,page,11107,roshina-2-box,Roshina 2 Box,https://coveinterior.com/wp-content/uploads/2023/01/Roshina-2-cementgreen-1-300x300.jpg,https://coveinterior.com/wp-content/uploads/2023/01/Roshina-2-cementgreen-1.jpg,/media/wordpress-migration/2023/01/Roshina-2-cementgreen-1.jpg,Roshina-2-cementgreen-1.jpg,content structure rewrite requires separate portfolio/page implementation approval; file import is approved independently
rewrite_embedded_media_url,page_embedded_media_url,page,17144,all-brass-products,All Brass Products,https://coveinterior.com/wp-content/uploads/2023/01/Roshina-2-cementgreen-1-800x800.jpg,https://coveinterior.com/wp-content/uploads/2023/01/Roshina-2-cementgreen-1.jpg,/media/wordpress-migration/2023/01/Roshina-2-cementgreen-1.jpg,Roshina-2-cementgreen-1.jpg,content structure rewrite requires separate portfolio/page implementation approval; file import is approved independently
rewrite_embedded_media_url,page_embedded_media_url,page,11107,roshina-2-box,Roshina 2 Box,https://coveinterior.com/wp-content/uploads/2023/01/Roshina-2-cementgreen-1-800x800.jpg,https://coveinterior.com/wp-content/uploads/2023/01/Roshina-2-cementgreen-1.jpg,/media/wordpress-migration/2023/01/Roshina-2-cementgreen-1.jpg,Roshina-2-cementgreen-1.jpg,content structure rewrite requires separate portfolio/page implementation approval; file import is approved independently
rewrite_embedded_media_url,page_embedded_media_url,page,17144,all-brass-products,All Brass Products,https://coveinterior.com/wp-content/uploads/2023/01/Roshina-2-cementgreen-1-768x768.jpg,https://coveinterior.com/wp-content/uploads/2023/01/Roshina-2-cementgreen-1.jpg,/media/wordpress-migration/2023/01/Roshina-2-cementgreen-1.jpg,Roshina-2-cementgreen-1.jpg,content structure rewrite requires separate portfolio/page implementation approval; file import is approved independently
rewrite_embedded_media_url,page_embedded_media_url,page,11107,roshina-2-box,Roshina 2 Box,https://coveinterior.com/wp-content/uploads/2023/01/Roshina-2-cementgreen-1-768x768.jpg,https://coveinterior.com/wp-content/uploads/2023/01/Roshina-2-cementgreen-1.jpg,/media/wordpress-migration/2023/01/Roshina-2-cementgreen-1.jpg,Roshina-2-cementgreen-1.jpg,content structure rewrite requires separate portfolio/page implementation approval; file import is approved independently
rewrite_embedded_media_url,page_embedded_media_url,page,17144,all-brass-products,All Brass Products,https://coveinterior.com/wp-content/uploads/2023/01/Roshina-2-cementgreen-1-860x860.jpg,https://coveinterior.com/wp-content/uploads/2023/01/Roshina-2-cementgreen-1.jpg,/media/wordpress-migration/2023/01/Roshina-2-cementgreen-1.jpg,Roshina-2-cementgreen-1.jpg,content structure rewrite requires separate portfolio/page implementation approval; file import is approved independently
rewrite_embedded_media_url,page_embedded_media_url,page,11107,roshina-2-box,Roshina 2 Box,https://coveinterior.com/wp-content/uploads/2023/01/Roshina-2-cementgreen-1-860x860.jpg,https://coveinterior.com/wp-content/uploads/2023/01/Roshina-2-cementgreen-1.jpg,/media/wordpress-migration/2023/01/Roshina-2-cementgreen-1.jpg,Roshina-2-cementgreen-1.jpg,content structure rewrite requires separate portfolio/page implementation approval; file import is approved independently
rewrite_embedded_media_url,page_embedded_media_url,page,17144,all-brass-products,All Brass Products,https://coveinterior.com/wp-content/uploads/2023/01/Roshina-2-cementgreen-1.jpg,https://coveinterior.com/wp-content/uploads/2023/01/Roshina-2-cementgreen-1.jpg,/media/wordpress-migration/2023/01/Roshina-2-cementgreen-1.jpg,Roshina-2-cementgreen-1.jpg,content structure rewrite requires separate portfolio/page implementation approval; file import is approved independently
rewrite_embedded_media_url,page_embedded_media_url,page,11107,roshina-2-box,Roshina 2 Box,https://coveinterior.com/wp-content/uploads/2023/01/Roshina-2-cementgreen-1.jpg,https://coveinterior.com/wp-content/uploads/2023/01/Roshina-2-cementgreen-1.jpg,/media/wordpress-migration/2023/01/Roshina-2-cementgreen-1.jpg,Roshina-2-cementgreen-1.jpg,content structure rewrite requires separate portfolio/page implementation approval; file import is approved independently
rewrite_embedded_media_url,page_embedded_media_url,page,17144,all-brass-products,All Brass Products,https://coveinterior.com/wp-content/uploads/2023/01/Roshina-2-drakgreen-1-430x430.jpg,https://coveinterior.com/wp-content/uploads/2023/01/Roshina-2-drakgreen-1.jpg,/media/wordpress-migration/2023/01/Roshina-2-drakgreen-1.jpg,Roshina-2-drakgreen-1.jpg,content structure rewrite requires separate portfolio/page implementation approval; file import is approved independently
rewrite_embedded_media_url,page_embedded_media_url,page,11107,roshina-2-box,Roshina 2 Box,https://coveinterior.com/wp-content/uploads/2023/01/Roshina-2-drakgreen-1-430x430.jpg,https://coveinterior.com/wp-content/uploads/2023/01/Roshina-2-drakgreen-1.jpg,/media/wordpress-migration/2023/01/Roshina-2-drakgreen-1.jpg,Roshina-2-drakgreen-1.jpg,content structure rewrite requires separate portfolio/page implementation approval; file import is approved independently
rewrite_embedded_media_url,page_embedded_media_url,page,17144,all-brass-products,All Brass Products,https://coveinterior.com/wp-content/uploads/2023/01/Roshina-2-drakgreen-1-150x150.jpg,https://coveinterior.com/wp-content/uploads/2023/01/Roshina-2-drakgreen-1.jpg,/media/wordpress-migration/2023/01/Roshina-2-drakgreen-1.jpg,Roshina-2-drakgreen-1.jpg,content structure rewrite requires separate portfolio/page implementation approval; file import is approved independently
rewrite_embedded_media_url,page_embedded_media_url,page,11107,roshina-2-box,Roshina 2 Box,https://coveinterior.com/wp-content/uploads/2023/01/Roshina-2-drakgreen-1-150x150.jpg,https://coveinterior.com/wp-content/uploads/2023/01/Roshina-2-drakgreen-1.jpg,/media/wordpress-migration/2023/01/Roshina-2-drakgreen-1.jpg,Roshina-2-drakgreen-1.jpg,content structure rewrite requires separate portfolio/page implementation approval; file import is approved independently
rewrite_embedded_media_url,page_embedded_media_url,page,17144,all-brass-products,All Brass Products,https://coveinterior.com/wp-content/uploads/2023/01/Roshina-2-drakgreen-1-700x700.jpg,https://coveinterior.com/wp-content/uploads/2023/01/Roshina-2-drakgreen-1.jpg,/media/wordpress-migration/2023/01/Roshina-2-drakgreen-1.jpg,Roshina-2-drakgreen-1.jpg,content structure rewrite requires separate portfolio/page implementation approval; file import is approved independently
rewrite_embedded_media_url,page_embedded_media_url,page,11107,roshina-2-box,Roshina 2 Box,https://coveinterior.com/wp-content/uploads/2023/01/Roshina-2-drakgreen-1-700x700.jpg,https://coveinterior.com/wp-content/uploads/2023/01/Roshina-2-drakgreen-1.jpg,/media/wordpress-migration/2023/01/Roshina-2-drakgreen-1.jpg,Roshina-2-drakgreen-1.jpg,content structure rewrite requires separate portfolio/page implementation approval; file import is approved independently
rewrite_embedded_media_url,page_embedded_media_url,page,17144,all-brass-products,All Brass Products,https://coveinterior.com/wp-content/uploads/2023/01/Roshina-2-drakgreen-1-300x300.jpg,https://coveinterior.com/wp-content/uploads/2023/01/Roshina-2-drakgreen-1.jpg,/media/wordpress-migration/2023/01/Roshina-2-drakgreen-1.jpg,Roshina-2-drakgreen-1.jpg,content structure rewrite requires separate portfolio/page implementation approval; file import is approved independently
rewrite_embedded_media_url,page_embedded_media_url,page,11107,roshina-2-box,Roshina 2 Box,https://coveinterior.com/wp-content/uploads/2023/01/Roshina-2-drakgreen-1-300x300.jpg,https://coveinterior.com/wp-content/uploads/2023/01/Roshina-2-drakgreen-1.jpg,/media/wordpress-migration/2023/01/Roshina-2-drakgreen-1.jpg,Roshina-2-drakgreen-1.jpg,content structure rewrite requires separate portfolio/page implementation approval; file import is approved independently
rewrite_embedded_media_url,page_embedded_media_url,page,17144,all-brass-products,All Brass Products,https://coveinterior.com/wp-content/uploads/2023/01/Roshina-2-drakgreen-1-800x800.jpg,https://coveinterior.com/wp-content/uploads/2023/01/Roshina-2-drakgreen-1.jpg,/media/wordpress-migration/2023/01/Roshina-2-drakgreen-1.jpg,Roshina-2-drakgreen-1.jpg,content structure rewrite requires separate portfolio/page implementation approval; file import is approved independently
rewrite_embedded_media_url,page_embedded_media_url,page,11107,roshina-2-box,Roshina 2 Box,https://coveinterior.com/wp-content/uploads/2023/01/Roshina-2-drakgreen-1-800x800.jpg,https://coveinterior.com/wp-content/uploads/2023/01/Roshina-2-drakgreen-1.jpg,/media/wordpress-migration/2023/01/Roshina-2-drakgreen-1.jpg,Roshina-2-drakgreen-1.jpg,content structure rewrite requires separate portfolio/page implementation approval; file import is approved independently
rewrite_embedded_media_url,page_embedded_media_url,page,17144,all-brass-products,All Brass Products,https://coveinterior.com/wp-content/uploads/2023/01/Roshina-2-drakgreen-1-768x768.jpg,https://coveinterior.com/wp-content/uploads/2023/01/Roshina-2-drakgreen-1.jpg,/media/wordpress-migration/2023/01/Roshina-2-drakgreen-1.jpg,Roshina-2-drakgreen-1.jpg,content structure rewrite requires separate portfolio/page implementation approval; file import is approved independently
rewrite_embedded_media_url,page_embedded_media_url,page,11107,roshina-2-box,Roshina 2 Box,https://coveinterior.com/wp-content/uploads/2023/01/Roshina-2-drakgreen-1-768x768.jpg,https://coveinterior.com/wp-content/uploads/2023/01/Roshina-2-drakgreen-1.jpg,/media/wordpress-migration/2023/01/Roshina-2-drakgreen-1.jpg,Roshina-2-drakgreen-1.jpg,content structure rewrite requires separate portfolio/page implementation approval; file import is approved independently
rewrite_embedded_media_url,page_embedded_media_url,page,17144,all-brass-products,All Brass Products,https://coveinterior.com/wp-content/uploads/2023/01/Roshina-2-drakgreen-1-860x860.jpg,https://coveinterior.com/wp-content/uploads/2023/01/Roshina-2-drakgreen-1.jpg,/media/wordpress-migration/2023/01/Roshina-2-drakgreen-1.jpg,Roshina-2-drakgreen-1.jpg,content structure rewrite requires separate portfolio/page implementation approval; file import is approved independently
rewrite_embedded_media_url,page_embedded_media_url,page,11107,roshina-2-box,Roshina 2 Box,https://coveinterior.com/wp-content/uploads/2023/01/Roshina-2-drakgreen-1-860x860.jpg,https://coveinterior.com/wp-content/uploads/2023/01/Roshina-2-drakgreen-1.jpg,/media/wordpress-migration/2023/01/Roshina-2-drakgreen-1.jpg,Roshina-2-drakgreen-1.jpg,content structure rewrite requires separate portfolio/page implementation approval; file import is approved independently
rewrite_embedded_media_url,page_embedded_media_url,page,17144,all-brass-products,All Brass Products,https://coveinterior.com/wp-content/uploads/2023/01/Roshina-2-drakgreen-1.jpg,https://coveinterior.com/wp-content/uploads/2023/01/Roshina-2-drakgreen-1.jpg,/media/wordpress-migration/2023/01/Roshina-2-drakgreen-1.jpg,Roshina-2-drakgreen-1.jpg,content structure rewrite requires separate portfolio/page implementation approval; file import is approved independently
rewrite_embedded_media_url,page_embedded_media_url,page,11107,roshina-2-box,Roshina 2 Box,https://coveinterior.com/wp-content/uploads/2023/01/Roshina-2-drakgreen-1.jpg,https://coveinterior.com/wp-content/uploads/2023/01/Roshina-2-drakgreen-1.jpg,/media/wordpress-migration/2023/01/Roshina-2-drakgreen-1.jpg,Roshina-2-drakgreen-1.jpg,content structure rewrite requires separate portfolio/page implementation approval; file import is approved independently
rewrite_embedded_media_url,page_embedded_media_url,page,17144,all-brass-products,All Brass Products,https://coveinterior.com/wp-content/uploads/2023/01/Roshina-2-offwhite-1-430x430.jpg,https://coveinterior.com/wp-content/uploads/2023/01/Roshina-2-offwhite-1.jpg,/media/wordpress-migration/2023/01/Roshina-2-offwhite-1.jpg,Roshina-2-offwhite-1.jpg,content structure rewrite requires separate portfolio/page implementation approval; file import is approved independently
rewrite_embedded_media_url,page_embedded_media_url,page,11107,roshina-2-box,Roshina 2 Box,https://coveinterior.com/wp-content/uploads/2023/01/Roshina-2-offwhite-1-430x430.jpg,https://coveinterior.com/wp-content/uploads/2023/01/Roshina-2-offwhite-1.jpg,/media/wordpress-migration/2023/01/Roshina-2-offwhite-1.jpg,Roshina-2-offwhite-1.jpg,content structure rewrite requires separate portfolio/page implementation approval; file import is approved independently
rewrite_embedded_media_url,page_embedded_media_url,page,17144,all-brass-products,All Brass Products,https://coveinterior.com/wp-content/uploads/2023/01/Roshina-2-offwhite-1-150x150.jpg,https://coveinterior.com/wp-content/uploads/2023/01/Roshina-2-offwhite-1.jpg,/media/wordpress-migration/2023/01/Roshina-2-offwhite-1.jpg,Roshina-2-offwhite-1.jpg,content structure rewrite requires separate portfolio/page implementation approval; file import is approved independently
rewrite_embedded_media_url,page_embedded_media_url,page,11107,roshina-2-box,Roshina 2 Box,https://coveinterior.com/wp-content/uploads/2023/01/Roshina-2-offwhite-1-150x150.jpg,https://coveinterior.com/wp-content/uploads/2023/01/Roshina-2-offwhite-1.jpg,/media/wordpress-migration/2023/01/Roshina-2-offwhite-1.jpg,Roshina-2-offwhite-1.jpg,content structure rewrite requires separate portfolio/page implementation approval; file import is approved independently
rewrite_embedded_media_url,page_embedded_media_url,page,17144,all-brass-products,All Brass Products,https://coveinterior.com/wp-content/uploads/2023/01/Roshina-2-offwhite-1-700x700.jpg,https://coveinterior.com/wp-content/uploads/2023/01/Roshina-2-offwhite-1.jpg,/media/wordpress-migration/2023/01/Roshina-2-offwhite-1.jpg,Roshina-2-offwhite-1.jpg,content structure rewrite requires separate portfolio/page implementation approval; file import is approved independently
rewrite_embedded_media_url,page_embedded_media_url,page,11107,roshina-2-box,Roshina 2 Box,https://coveinterior.com/wp-content/uploads/2023/01/Roshina-2-offwhite-1-700x700.jpg,https://coveinterior.com/wp-content/uploads/2023/01/Roshina-2-offwhite-1.jpg,/media/wordpress-migration/2023/01/Roshina-2-offwhite-1.jpg,Roshina-2-offwhite-1.jpg,content structure rewrite requires separate portfolio/page implementation approval; file import is approved independently
rewrite_embedded_media_url,page_embedded_media_url,page,17144,all-brass-products,All Brass Products,https://coveinterior.com/wp-content/uploads/2023/01/Roshina-2-offwhite-1-300x300.jpg,https://coveinterior.com/wp-content/uploads/2023/01/Roshina-2-offwhite-1.jpg,/media/wordpress-migration/2023/01/Roshina-2-offwhite-1.jpg,Roshina-2-offwhite-1.jpg,content structure rewrite requires separate portfolio/page implementation approval; file import is approved independently
rewrite_embedded_media_url,page_embedded_media_url,page,11107,roshina-2-box,Roshina 2 Box,https://coveinterior.com/wp-content/uploads/2023/01/Roshina-2-offwhite-1-300x300.jpg,https://coveinterior.com/wp-content/uploads/2023/01/Roshina-2-offwhite-1.jpg,/media/wordpress-migration/2023/01/Roshina-2-offwhite-1.jpg,Roshina-2-offwhite-1.jpg,content structure rewrite requires separate portfolio/page implementation approval; file import is approved independently
rewrite_embedded_media_url,page_embedded_media_url,page,17144,all-brass-products,All Brass Products,https://coveinterior.com/wp-content/uploads/2023/01/Roshina-2-offwhite-1-800x800.jpg,https://coveinterior.com/wp-content/uploads/2023/01/Roshina-2-offwhite-1.jpg,/media/wordpress-migration/2023/01/Roshina-2-offwhite-1.jpg,Roshina-2-offwhite-1.jpg,content structure rewrite requires separate portfolio/page implementation approval; file import is approved independently
rewrite_embedded_media_url,page_embedded_media_url,page,11107,roshina-2-box,Roshina 2 Box,https://coveinterior.com/wp-content/uploads/2023/01/Roshina-2-offwhite-1-800x800.jpg,https://coveinterior.com/wp-content/uploads/2023/01/Roshina-2-offwhite-1.jpg,/media/wordpress-migration/2023/01/Roshina-2-offwhite-1.jpg,Roshina-2-offwhite-1.jpg,content structure rewrite requires separate portfolio/page implementation approval; file import is approved independently
rewrite_embedded_media_url,page_embedded_media_url,page,17144,all-brass-products,All Brass Products,https://coveinterior.com/wp-content/uploads/2023/01/Roshina-2-offwhite-1-768x768.jpg,https://coveinterior.com/wp-content/uploads/2023/01/Roshina-2-offwhite-1.jpg,/media/wordpress-migration/2023/01/Roshina-2-offwhite-1.jpg,Roshina-2-offwhite-1.jpg,content structure rewrite requires separate portfolio/page implementation approval; file import is approved independently
rewrite_embedded_media_url,page_embedded_media_url,page,11107,roshina-2-box,Roshina 2 Box,https://coveinterior.com/wp-content/uploads/2023/01/Roshina-2-offwhite-1-768x768.jpg,https://coveinterior.com/wp-content/uploads/2023/01/Roshina-2-offwhite-1.jpg,/media/wordpress-migration/2023/01/Roshina-2-offwhite-1.jpg,Roshina-2-offwhite-1.jpg,content structure rewrite requires separate portfolio/page implementation approval; file import is approved independently
rewrite_embedded_media_url,page_embedded_media_url,page,17144,all-brass-products,All Brass Products,https://coveinterior.com/wp-content/uploads/2023/01/Roshina-2-offwhite-1-860x860.jpg,https://coveinterior.com/wp-content/uploads/2023/01/Roshina-2-offwhite-1.jpg,/media/wordpress-migration/2023/01/Roshina-2-offwhite-1.jpg,Roshina-2-offwhite-1.jpg,content structure rewrite requires separate portfolio/page implementation approval; file import is approved independently
rewrite_embedded_media_url,page_embedded_media_url,page,11107,roshina-2-box,Roshina 2 Box,https://coveinterior.com/wp-content/uploads/2023/01/Roshina-2-offwhite-1-860x860.jpg,https://coveinterior.com/wp-content/uploads/2023/01/Roshina-2-offwhite-1.jpg,/media/wordpress-migration/2023/01/Roshina-2-offwhite-1.jpg,Roshina-2-offwhite-1.jpg,content structure rewrite requires separate portfolio/page implementation approval; file import is approved independently
rewrite_embedded_media_url,page_embedded_media_url,page,17144,all-brass-products,All Brass Products,https://coveinterior.com/wp-content/uploads/2023/01/Roshina-2-offwhite-1.jpg,https://coveinterior.com/wp-content/uploads/2023/01/Roshina-2-offwhite-1.jpg,/media/wordpress-migration/2023/01/Roshina-2-offwhite-1.jpg,Roshina-2-offwhite-1.jpg,content structure rewrite requires separate portfolio/page implementation approval; file import is approved independently
rewrite_embedded_media_url,page_embedded_media_url,page,11107,roshina-2-box,Roshina 2 Box,https://coveinterior.com/wp-content/uploads/2023/01/Roshina-2-offwhite-1.jpg,https://coveinterior.com/wp-content/uploads/2023/01/Roshina-2-offwhite-1.jpg,/media/wordpress-migration/2023/01/Roshina-2-offwhite-1.jpg,Roshina-2-offwhite-1.jpg,content structure rewrite requires separate portfolio/page implementation approval; file import is approved independently
rewrite_embedded_media_url,page_embedded_media_url,page,17144,all-brass-products,All Brass Products,https://coveinterior.com/wp-content/uploads/2023/07/Roshina-2-darkveneer-wood-3-430x430.jpg,https://coveinterior.com/wp-content/uploads/2023/07/Roshina-2-darkveneer-wood-3.jpg,/media/wordpress-migration/2023/07/Roshina-2-darkveneer-wood-3.jpg,Roshina-2-darkveneer-wood-3.jpg,content structure rewrite requires separate portfolio/page implementation approval; file import is approved independently
rewrite_embedded_media_url,page_embedded_media_url,page,11107,roshina-2-box,Roshina 2 Box,https://coveinterior.com/wp-content/uploads/2023/07/Roshina-2-darkveneer-wood-3-430x430.jpg,https://coveinterior.com/wp-content/uploads/2023/07/Roshina-2-darkveneer-wood-3.jpg,/media/wordpress-migration/2023/07/Roshina-2-darkveneer-wood-3.jpg,Roshina-2-darkveneer-wood-3.jpg,content structure rewrite requires separate portfolio/page implementation approval; file import is approved independently
rewrite_embedded_media_url,page_embedded_media_url,page,17144,all-brass-products,All Brass Products,https://coveinterior.com/wp-content/uploads/2023/07/Roshina-2-darkveneer-wood-3-150x150.jpg,https://coveinterior.com/wp-content/uploads/2023/07/Roshina-2-darkveneer-wood-3.jpg,/media/wordpress-migration/2023/07/Roshina-2-darkveneer-wood-3.jpg,Roshina-2-darkveneer-wood-3.jpg,content structure rewrite requires separate portfolio/page implementation approval; file import is approved independently
rewrite_embedded_media_url,page_embedded_media_url,page,11107,roshina-2-box,Roshina 2 Box,https://coveinterior.com/wp-content/uploads/2023/07/Roshina-2-darkveneer-wood-3-150x150.jpg,https://coveinterior.com/wp-content/uploads/2023/07/Roshina-2-darkveneer-wood-3.jpg,/media/wordpress-migration/2023/07/Roshina-2-darkveneer-wood-3.jpg,Roshina-2-darkveneer-wood-3.jpg,content structure rewrite requires separate portfolio/page implementation approval; file import is approved independently
rewrite_embedded_media_url,page_embedded_media_url,page,17144,all-brass-products,All Brass Products,https://coveinterior.com/wp-content/uploads/2023/07/Roshina-2-darkveneer-wood-3-700x700.jpg,https://coveinterior.com/wp-content/uploads/2023/07/Roshina-2-darkveneer-wood-3.jpg,/media/wordpress-migration/2023/07/Roshina-2-darkveneer-wood-3.jpg,Roshina-2-darkveneer-wood-3.jpg,content structure rewrite requires separate portfolio/page implementation approval; file import is approved independently
rewrite_embedded_media_url,page_embedded_media_url,page,11107,roshina-2-box,Roshina 2 Box,https://coveinterior.com/wp-content/uploads/2023/07/Roshina-2-darkveneer-wood-3-700x700.jpg,https://coveinterior.com/wp-content/uploads/2023/07/Roshina-2-darkveneer-wood-3.jpg,/media/wordpress-migration/2023/07/Roshina-2-darkveneer-wood-3.jpg,Roshina-2-darkveneer-wood-3.jpg,content structure rewrite requires separate portfolio/page implementation approval; file import is approved independently
rewrite_embedded_media_url,page_embedded_media_url,page,17144,all-brass-products,All Brass Products,https://coveinterior.com/wp-content/uploads/2023/07/Roshina-2-darkveneer-wood-3-300x300.jpg,https://coveinterior.com/wp-content/uploads/2023/07/Roshina-2-darkveneer-wood-3.jpg,/media/wordpress-migration/2023/07/Roshina-2-darkveneer-wood-3.jpg,Roshina-2-darkveneer-wood-3.jpg,content structure rewrite requires separate portfolio/page implementation approval; file import is approved independently
rewrite_embedded_media_url,page_embedded_media_url,page,11107,roshina-2-box,Roshina 2 Box,https://coveinterior.com/wp-content/uploads/2023/07/Roshina-2-darkveneer-wood-3-300x300.jpg,https://coveinterior.com/wp-content/uploads/2023/07/Roshina-2-darkveneer-wood-3.jpg,/media/wordpress-migration/2023/07/Roshina-2-darkveneer-wood-3.jpg,Roshina-2-darkveneer-wood-3.jpg,content structure rewrite requires separate portfolio/page implementation approval; file import is approved independently
rewrite_embedded_media_url,page_embedded_media_url,page,17144,all-brass-products,All Brass Products,https://coveinterior.com/wp-content/uploads/2023/07/Roshina-2-darkveneer-wood-3-800x800.jpg,https://coveinterior.com/wp-content/uploads/2023/07/Roshina-2-darkveneer-wood-3.jpg,/media/wordpress-migration/2023/07/Roshina-2-darkveneer-wood-3.jpg,Roshina-2-darkveneer-wood-3.jpg,content structure rewrite requires separate portfolio/page implementation approval; file import is approved independently
rewrite_embedded_media_url,page_embedded_media_url,page,11107,roshina-2-box,Roshina 2 Box,https://coveinterior.com/wp-content/uploads/2023/07/Roshina-2-darkveneer-wood-3-800x800.jpg,https://coveinterior.com/wp-content/uploads/2023/07/Roshina-2-darkveneer-wood-3.jpg,/media/wordpress-migration/2023/07/Roshina-2-darkveneer-wood-3.jpg,Roshina-2-darkveneer-wood-3.jpg,content structure rewrite requires separate portfolio/page implementation approval; file import is approved independently
rewrite_embedded_media_url,page_embedded_media_url,page,17144,all-brass-products,All Brass Products,https://coveinterior.com/wp-content/uploads/2023/07/Roshina-2-darkveneer-wood-3-768x768.jpg,https://coveinterior.com/wp-content/uploads/2023/07/Roshina-2-darkveneer-wood-3.jpg,/media/wordpress-migration/2023/07/Roshina-2-darkveneer-wood-3.jpg,Roshina-2-darkveneer-wood-3.jpg,content structure rewrite requires separate portfolio/page implementation approval; file import is approved independently
rewrite_embedded_media_url,page_embedded_media_url,page,11107,roshina-2-box,Roshina 2 Box,https://coveinterior.com/wp-content/uploads/2023/07/Roshina-2-darkveneer-wood-3-768x768.jpg,https://coveinterior.com/wp-content/uploads/2023/07/Roshina-2-darkveneer-wood-3.jpg,/media/wordpress-migration/2023/07/Roshina-2-darkveneer-wood-3.jpg,Roshina-2-darkveneer-wood-3.jpg,content structure rewrite requires separate portfolio/page implementation approval; file import is approved independently
rewrite_embedded_media_url,page_embedded_media_url,page,17144,all-brass-products,All Brass Products,https://coveinterior.com/wp-content/uploads/2023/07/Roshina-2-darkveneer-wood-3-860x860.jpg,https://coveinterior.com/wp-content/uploads/2023/07/Roshina-2-darkveneer-wood-3.jpg,/media/wordpress-migration/2023/07/Roshina-2-darkveneer-wood-3.jpg,Roshina-2-darkveneer-wood-3.jpg,content structure rewrite requires separate portfolio/page implementation approval; file import is approved independently
rewrite_embedded_media_url,page_embedded_media_url,page,11107,roshina-2-box,Roshina 2 Box,https://coveinterior.com/wp-content/uploads/2023/07/Roshina-2-darkveneer-wood-3-860x860.jpg,https://coveinterior.com/wp-content/uploads/2023/07/Roshina-2-darkveneer-wood-3.jpg,/media/wordpress-migration/2023/07/Roshina-2-darkveneer-wood-3.jpg,Roshina-2-darkveneer-wood-3.jpg,content structure rewrite requires separate portfolio/page implementation approval; file import is approved independently
rewrite_embedded_media_url,page_embedded_media_url,page,17144,all-brass-products,All Brass Products,https://coveinterior.com/wp-content/uploads/2023/07/Roshina-2-darkveneer-wood-3.jpg,https://coveinterior.com/wp-content/uploads/2023/07/Roshina-2-darkveneer-wood-3.jpg,/media/wordpress-migration/2023/07/Roshina-2-darkveneer-wood-3.jpg,Roshina-2-darkveneer-wood-3.jpg,content structure rewrite requires separate portfolio/page implementation approval; file import is approved independently
rewrite_embedded_media_url,page_embedded_media_url,page,11107,roshina-2-box,Roshina 2 Box,https://coveinterior.com/wp-content/uploads/2023/07/Roshina-2-darkveneer-wood-3.jpg,https://coveinterior.com/wp-content/uploads/2023/07/Roshina-2-darkveneer-wood-3.jpg,/media/wordpress-migration/2023/07/Roshina-2-darkveneer-wood-3.jpg,Roshina-2-darkveneer-wood-3.jpg,content structure rewrite requires separate portfolio/page implementation approval; file import is approved independently
rewrite_embedded_media_url,page_embedded_media_url,page,17144,all-brass-products,All Brass Products,https://coveinterior.com/wp-content/uploads/2025/02/Mubkhar-petrol-430x430.jpg,https://coveinterior.com/wp-content/uploads/2025/02/Mubkhar-petrol.jpg,/media/wordpress-migration/2025/02/Mubkhar-petrol.jpg,Mubkhar-petrol.jpg,content structure rewrite requires separate portfolio/page implementation approval; file import is approved independently
rewrite_embedded_media_url,page_embedded_media_url,page,13012,accessories,Accessories,https://coveinterior.com/wp-content/uploads/2025/02/Mubkhar-petrol-430x430.jpg,https://coveinterior.com/wp-content/uploads/2025/02/Mubkhar-petrol.jpg,/media/wordpress-migration/2025/02/Mubkhar-petrol.jpg,Mubkhar-petrol.jpg,content structure rewrite requires separate portfolio/page implementation approval; file import is approved independently
rewrite_embedded_media_url,page_embedded_media_url,page,17144,all-brass-products,All Brass Products,https://coveinterior.com/wp-content/uploads/2025/02/Mubkhar-petrol-150x150.jpg,https://coveinterior.com/wp-content/uploads/2025/02/Mubkhar-petrol.jpg,/media/wordpress-migration/2025/02/Mubkhar-petrol.jpg,Mubkhar-petrol.jpg,content structure rewrite requires separate portfolio/page implementation approval; file import is approved independently
rewrite_embedded_media_url,page_embedded_media_url,page,13012,accessories,Accessories,https://coveinterior.com/wp-content/uploads/2025/02/Mubkhar-petrol-150x150.jpg,https://coveinterior.com/wp-content/uploads/2025/02/Mubkhar-petrol.jpg,/media/wordpress-migration/2025/02/Mubkhar-petrol.jpg,Mubkhar-petrol.jpg,content structure rewrite requires separate portfolio/page implementation approval; file import is approved independently
rewrite_embedded_media_url,page_embedded_media_url,page,17144,all-brass-products,All Brass Products,https://coveinterior.com/wp-content/uploads/2025/02/Mubkhar-petrol-700x700.jpg,https://coveinterior.com/wp-content/uploads/2025/02/Mubkhar-petrol.jpg,/media/wordpress-migration/2025/02/Mubkhar-petrol.jpg,Mubkhar-petrol.jpg,content structure rewrite requires separate portfolio/page implementation approval; file import is approved independently
rewrite_embedded_media_url,page_embedded_media_url,page,13012,accessories,Accessories,https://coveinterior.com/wp-content/uploads/2025/02/Mubkhar-petrol-700x700.jpg,https://coveinterior.com/wp-content/uploads/2025/02/Mubkhar-petrol.jpg,/media/wordpress-migration/2025/02/Mubkhar-petrol.jpg,Mubkhar-petrol.jpg,content structure rewrite requires separate portfolio/page implementation approval; file import is approved independently
rewrite_embedded_media_url,page_embedded_media_url,page,17144,all-brass-products,All Brass Products,https://coveinterior.com/wp-content/uploads/2025/02/Mubkhar-petrol-300x300.jpg,https://coveinterior.com/wp-content/uploads/2025/02/Mubkhar-petrol.jpg,/media/wordpress-migration/2025/02/Mubkhar-petrol.jpg,Mubkhar-petrol.jpg,content structure rewrite requires separate portfolio/page implementation approval; file import is approved independently
rewrite_embedded_media_url,page_embedded_media_url,page,13012,accessories,Accessories,https://coveinterior.com/wp-content/uploads/2025/02/Mubkhar-petrol-300x300.jpg,https://coveinterior.com/wp-content/uploads/2025/02/Mubkhar-petrol.jpg,/media/wordpress-migration/2025/02/Mubkhar-petrol.jpg,Mubkhar-petrol.jpg,content structure rewrite requires separate portfolio/page implementation approval; file import is approved independently
rewrite_embedded_media_url,page_embedded_media_url,page,17144,all-brass-products,All Brass Products,https://coveinterior.com/wp-content/uploads/2025/02/Mubkhar-petrol-800x800.jpg,https://coveinterior.com/wp-content/uploads/2025/02/Mubkhar-petrol.jpg,/media/wordpress-migration/2025/02/Mubkhar-petrol.jpg,Mubkhar-petrol.jpg,content structure rewrite requires separate portfolio/page implementation approval; file import is approved independently
rewrite_embedded_media_url,page_embedded_media_url,page,13012,accessories,Accessories,https://coveinterior.com/wp-content/uploads/2025/02/Mubkhar-petrol-800x800.jpg,https://coveinterior.com/wp-content/uploads/2025/02/Mubkhar-petrol.jpg,/media/wordpress-migration/2025/02/Mubkhar-petrol.jpg,Mubkhar-petrol.jpg,content structure rewrite requires separate portfolio/page implementation approval; file import is approved independently
rewrite_embedded_media_url,page_embedded_media_url,page,17144,all-brass-products,All Brass Products,https://coveinterior.com/wp-content/uploads/2025/02/Mubkhar-petrol-768x768.jpg,https://coveinterior.com/wp-content/uploads/2025/02/Mubkhar-petrol.jpg,/media/wordpress-migration/2025/02/Mubkhar-petrol.jpg,Mubkhar-petrol.jpg,content structure rewrite requires separate portfolio/page implementation approval; file import is approved independently
rewrite_embedded_media_url,page_embedded_media_url,page,13012,accessories,Accessories,https://coveinterior.com/wp-content/uploads/2025/02/Mubkhar-petrol-768x768.jpg,https://coveinterior.com/wp-content/uploads/2025/02/Mubkhar-petrol.jpg,/media/wordpress-migration/2025/02/Mubkhar-petrol.jpg,Mubkhar-petrol.jpg,content structure rewrite requires separate portfolio/page implementation approval; file import is approved independently
rewrite_embedded_media_url,page_embedded_media_url,page,17144,all-brass-products,All Brass Products,https://coveinterior.com/wp-content/uploads/2025/02/Mubkhar-petrol-1536x1536.jpg,https://coveinterior.com/wp-content/uploads/2025/02/Mubkhar-petrol.jpg,/media/wordpress-migration/2025/02/Mubkhar-petrol.jpg,Mubkhar-petrol.jpg,content structure rewrite requires separate portfolio/page implementation approval; file import is approved independently
rewrite_embedded_media_url,page_embedded_media_url,page,13012,accessories,Accessories,https://coveinterior.com/wp-content/uploads/2025/02/Mubkhar-petrol-1536x1536.jpg,https://coveinterior.com/wp-content/uploads/2025/02/Mubkhar-petrol.jpg,/media/wordpress-migration/2025/02/Mubkhar-petrol.jpg,Mubkhar-petrol.jpg,content structure rewrite requires separate portfolio/page implementation approval; file import is approved independently
rewrite_embedded_media_url,page_embedded_media_url,page,17144,all-brass-products,All Brass Products,https://coveinterior.com/wp-content/uploads/2025/02/Mubkhar-petrol-2048x2048.jpg,https://coveinterior.com/wp-content/uploads/2025/02/Mubkhar-petrol.jpg,/media/wordpress-migration/2025/02/Mubkhar-petrol.jpg,Mubkhar-petrol.jpg,content structure rewrite requires separate portfolio/page implementation approval; file import is approved independently
rewrite_embedded_media_url,page_embedded_media_url,page,13012,accessories,Accessories,https://coveinterior.com/wp-content/uploads/2025/02/Mubkhar-petrol-2048x2048.jpg,https://coveinterior.com/wp-content/uploads/2025/02/Mubkhar-petrol.jpg,/media/wordpress-migration/2025/02/Mubkhar-petrol.jpg,Mubkhar-petrol.jpg,content structure rewrite requires separate portfolio/page implementation approval; file import is approved independently
rewrite_embedded_media_url,page_embedded_media_url,page,17144,all-brass-products,All Brass Products,https://coveinterior.com/wp-content/uploads/2025/02/Mubkhar-black-430x430.jpg,https://coveinterior.com/wp-content/uploads/2025/02/Mubkhar-black.jpg,/media/wordpress-migration/2025/02/Mubkhar-black.jpg,Mubkhar-black.jpg,content structure rewrite requires separate portfolio/page implementation approval; file import is approved independently
rewrite_embedded_media_url,page_embedded_media_url,page,13012,accessories,Accessories,https://coveinterior.com/wp-content/uploads/2025/02/Mubkhar-black-430x430.jpg,https://coveinterior.com/wp-content/uploads/2025/02/Mubkhar-black.jpg,/media/wordpress-migration/2025/02/Mubkhar-black.jpg,Mubkhar-black.jpg,content structure rewrite requires separate portfolio/page implementation approval; file import is approved independently
rewrite_embedded_media_url,page_embedded_media_url,page,17144,all-brass-products,All Brass Products,https://coveinterior.com/wp-content/uploads/2025/02/Mubkhar-black-150x150.jpg,https://coveinterior.com/wp-content/uploads/2025/02/Mubkhar-black.jpg,/media/wordpress-migration/2025/02/Mubkhar-black.jpg,Mubkhar-black.jpg,content structure rewrite requires separate portfolio/page implementation approval; file import is approved independently
rewrite_embedded_media_url,page_embedded_media_url,page,13012,accessories,Accessories,https://coveinterior.com/wp-content/uploads/2025/02/Mubkhar-black-150x150.jpg,https://coveinterior.com/wp-content/uploads/2025/02/Mubkhar-black.jpg,/media/wordpress-migration/2025/02/Mubkhar-black.jpg,Mubkhar-black.jpg,content structure rewrite requires separate portfolio/page implementation approval; file import is approved independently
rewrite_embedded_media_url,page_embedded_media_url,page,17144,all-brass-products,All Brass Products,https://coveinterior.com/wp-content/uploads/2025/02/Mubkhar-black-700x700.jpg,https://coveinterior.com/wp-content/uploads/2025/02/Mubkhar-black.jpg,/media/wordpress-migration/2025/02/Mubkhar-black.jpg,Mubkhar-black.jpg,content structure rewrite requires separate portfolio/page implementation approval; file import is approved independently
rewrite_embedded_media_url,page_embedded_media_url,page,13012,accessories,Accessories,https://coveinterior.com/wp-content/uploads/2025/02/Mubkhar-black-700x700.jpg,https://coveinterior.com/wp-content/uploads/2025/02/Mubkhar-black.jpg,/media/wordpress-migration/2025/02/Mubkhar-black.jpg,Mubkhar-black.jpg,content structure rewrite requires separate portfolio/page implementation approval; file import is approved independently
rewrite_embedded_media_url,page_embedded_media_url,page,17144,all-brass-products,All Brass Products,https://coveinterior.com/wp-content/uploads/2025/02/Mubkhar-black-300x300.jpg,https://coveinterior.com/wp-content/uploads/2025/02/Mubkhar-black.jpg,/media/wordpress-migration/2025/02/Mubkhar-black.jpg,Mubkhar-black.jpg,content structure rewrite requires separate portfolio/page implementation approval; file import is approved independently
rewrite_embedded_media_url,page_embedded_media_url,page,13012,accessories,Accessories,https://coveinterior.com/wp-content/uploads/2025/02/Mubkhar-black-300x300.jpg,https://coveinterior.com/wp-content/uploads/2025/02/Mubkhar-black.jpg,/media/wordpress-migration/2025/02/Mubkhar-black.jpg,Mubkhar-black.jpg,content structure rewrite requires separate portfolio/page implementation approval; file import is approved independently
rewrite_embedded_media_url,page_embedded_media_url,page,17144,all-brass-products,All Brass Products,https://coveinterior.com/wp-content/uploads/2025/02/Mubkhar-black-800x800.jpg,https://coveinterior.com/wp-content/uploads/2025/02/Mubkhar-black.jpg,/media/wordpress-migration/2025/02/Mubkhar-black.jpg,Mubkhar-black.jpg,content structure rewrite requires separate portfolio/page implementation approval; file import is approved independently
rewrite_embedded_media_url,page_embedded_media_url,page,13012,accessories,Accessories,https://coveinterior.com/wp-content/uploads/2025/02/Mubkhar-black-800x800.jpg,https://coveinterior.com/wp-content/uploads/2025/02/Mubkhar-black.jpg,/media/wordpress-migration/2025/02/Mubkhar-black.jpg,Mubkhar-black.jpg,content structure rewrite requires separate portfolio/page implementation approval; file import is approved independently
rewrite_embedded_media_url,page_embedded_media_url,page,17144,all-brass-products,All Brass Products,https://coveinterior.com/wp-content/uploads/2025/02/Mubkhar-black-768x768.jpg,https://coveinterior.com/wp-content/uploads/2025/02/Mubkhar-black.jpg,/media/wordpress-migration/2025/02/Mubkhar-black.jpg,Mubkhar-black.jpg,content structure rewrite requires separate portfolio/page implementation approval; file import is approved independently
rewrite_embedded_media_url,page_embedded_media_url,page,13012,accessories,Accessories,https://coveinterior.com/wp-content/uploads/2025/02/Mubkhar-black-768x768.jpg,https://coveinterior.com/wp-content/uploads/2025/02/Mubkhar-black.jpg,/media/wordpress-migration/2025/02/Mubkhar-black.jpg,Mubkhar-black.jpg,content structure rewrite requires separate portfolio/page implementation approval; file import is approved independently
rewrite_embedded_media_url,page_embedded_media_url,page,17144,all-brass-products,All Brass Products,https://coveinterior.com/wp-content/uploads/2025/02/Mubkhar-black-1536x1536.jpg,https://coveinterior.com/wp-content/uploads/2025/02/Mubkhar-black.jpg,/media/wordpress-migration/2025/02/Mubkhar-black.jpg,Mubkhar-black.jpg,content structure rewrite requires separate portfolio/page implementation approval; file import is approved independently
rewrite_embedded_media_url,page_embedded_media_url,page,13012,accessories,Accessories,https://coveinterior.com/wp-content/uploads/2025/02/Mubkhar-black-1536x1536.jpg,https://coveinterior.com/wp-content/uploads/2025/02/Mubkhar-black.jpg,/media/wordpress-migration/2025/02/Mubkhar-black.jpg,Mubkhar-black.jpg,content structure rewrite requires separate portfolio/page implementation approval; file import is approved independently
rewrite_embedded_media_url,page_embedded_media_url,page,17144,all-brass-products,All Brass Products,https://coveinterior.com/wp-content/uploads/2025/02/Mubkhar-black-2048x2048.jpg,https://coveinterior.com/wp-content/uploads/2025/02/Mubkhar-black.jpg,/media/wordpress-migration/2025/02/Mubkhar-black.jpg,Mubkhar-black.jpg,content structure rewrite requires separate portfolio/page implementation approval; file import is approved independently
rewrite_embedded_media_url,page_embedded_media_url,page,13012,accessories,Accessories,https://coveinterior.com/wp-content/uploads/2025/02/Mubkhar-black-2048x2048.jpg,https://coveinterior.com/wp-content/uploads/2025/02/Mubkhar-black.jpg,/media/wordpress-migration/2025/02/Mubkhar-black.jpg,Mubkhar-black.jpg,content structure rewrite requires separate portfolio/page implementation approval; file import is approved independently
rewrite_embedded_media_url,page_embedded_media_url,page,17144,all-brass-products,All Brass Products,https://coveinterior.com/wp-content/uploads/2025/02/Mubkhar-beige-430x430.jpg,https://coveinterior.com/wp-content/uploads/2025/02/Mubkhar-beige.jpg,/media/wordpress-migration/2025/02/Mubkhar-beige.jpg,Mubkhar-beige.jpg,content structure rewrite requires separate portfolio/page implementation approval; file import is approved independently
rewrite_embedded_media_url,page_embedded_media_url,page,13012,accessories,Accessories,https://coveinterior.com/wp-content/uploads/2025/02/Mubkhar-beige-430x430.jpg,https://coveinterior.com/wp-content/uploads/2025/02/Mubkhar-beige.jpg,/media/wordpress-migration/2025/02/Mubkhar-beige.jpg,Mubkhar-beige.jpg,content structure rewrite requires separate portfolio/page implementation approval; file import is approved independently
rewrite_embedded_media_url,page_embedded_media_url,page,17144,all-brass-products,All Brass Products,https://coveinterior.com/wp-content/uploads/2025/02/Mubkhar-beige-150x150.jpg,https://coveinterior.com/wp-content/uploads/2025/02/Mubkhar-beige.jpg,/media/wordpress-migration/2025/02/Mubkhar-beige.jpg,Mubkhar-beige.jpg,content structure rewrite requires separate portfolio/page implementation approval; file import is approved independently
rewrite_embedded_media_url,page_embedded_media_url,page,13012,accessories,Accessories,https://coveinterior.com/wp-content/uploads/2025/02/Mubkhar-beige-150x150.jpg,https://coveinterior.com/wp-content/uploads/2025/02/Mubkhar-beige.jpg,/media/wordpress-migration/2025/02/Mubkhar-beige.jpg,Mubkhar-beige.jpg,content structure rewrite requires separate portfolio/page implementation approval; file import is approved independently
rewrite_embedded_media_url,page_embedded_media_url,page,17144,all-brass-products,All Brass Products,https://coveinterior.com/wp-content/uploads/2025/02/Mubkhar-beige-700x700.jpg,https://coveinterior.com/wp-content/uploads/2025/02/Mubkhar-beige.jpg,/media/wordpress-migration/2025/02/Mubkhar-beige.jpg,Mubkhar-beige.jpg,content structure rewrite requires separate portfolio/page implementation approval; file import is approved independently
rewrite_embedded_media_url,page_embedded_media_url,page,13012,accessories,Accessories,https://coveinterior.com/wp-content/uploads/2025/02/Mubkhar-beige-700x700.jpg,https://coveinterior.com/wp-content/uploads/2025/02/Mubkhar-beige.jpg,/media/wordpress-migration/2025/02/Mubkhar-beige.jpg,Mubkhar-beige.jpg,content structure rewrite requires separate portfolio/page implementation approval; file import is approved independently
rewrite_embedded_media_url,page_embedded_media_url,page,17144,all-brass-products,All Brass Products,https://coveinterior.com/wp-content/uploads/2025/02/Mubkhar-beige-300x300.jpg,https://coveinterior.com/wp-content/uploads/2025/02/Mubkhar-beige.jpg,/media/wordpress-migration/2025/02/Mubkhar-beige.jpg,Mubkhar-beige.jpg,content structure rewrite requires separate portfolio/page implementation approval; file import is approved independently
rewrite_embedded_media_url,page_embedded_media_url,page,13012,accessories,Accessories,https://coveinterior.com/wp-content/uploads/2025/02/Mubkhar-beige-300x300.jpg,https://coveinterior.com/wp-content/uploads/2025/02/Mubkhar-beige.jpg,/media/wordpress-migration/2025/02/Mubkhar-beige.jpg,Mubkhar-beige.jpg,content structure rewrite requires separate portfolio/page implementation approval; file import is approved independently
rewrite_embedded_media_url,page_embedded_media_url,page,17144,all-brass-products,All Brass Products,https://coveinterior.com/wp-content/uploads/2025/02/Mubkhar-beige-800x800.jpg,https://coveinterior.com/wp-content/uploads/2025/02/Mubkhar-beige.jpg,/media/wordpress-migration/2025/02/Mubkhar-beige.jpg,Mubkhar-beige.jpg,content structure rewrite requires separate portfolio/page implementation approval; file import is approved independently
rewrite_embedded_media_url,page_embedded_media_url,page,13012,accessories,Accessories,https://coveinterior.com/wp-content/uploads/2025/02/Mubkhar-beige-800x800.jpg,https://coveinterior.com/wp-content/uploads/2025/02/Mubkhar-beige.jpg,/media/wordpress-migration/2025/02/Mubkhar-beige.jpg,Mubkhar-beige.jpg,content structure rewrite requires separate portfolio/page implementation approval; file import is approved independently
rewrite_embedded_media_url,page_embedded_media_url,page,17144,all-brass-products,All Brass Products,https://coveinterior.com/wp-content/uploads/2025/02/Mubkhar-beige-768x768.jpg,https://coveinterior.com/wp-content/uploads/2025/02/Mubkhar-beige.jpg,/media/wordpress-migration/2025/02/Mubkhar-beige.jpg,Mubkhar-beige.jpg,content structure rewrite requires separate portfolio/page implementation approval; file import is approved independently
rewrite_embedded_media_url,page_embedded_media_url,page,13012,accessories,Accessories,https://coveinterior.com/wp-content/uploads/2025/02/Mubkhar-beige-768x768.jpg,https://coveinterior.com/wp-content/uploads/2025/02/Mubkhar-beige.jpg,/media/wordpress-migration/2025/02/Mubkhar-beige.jpg,Mubkhar-beige.jpg,content structure rewrite requires separate portfolio/page implementation approval; file import is approved independently
rewrite_embedded_media_url,page_embedded_media_url,page,17144,all-brass-products,All Brass Products,https://coveinterior.com/wp-content/uploads/2025/02/Mubkhar-beige-1536x1536.jpg,https://coveinterior.com/wp-content/uploads/2025/02/Mubkhar-beige.jpg,/media/wordpress-migration/2025/02/Mubkhar-beige.jpg,Mubkhar-beige.jpg,content structure rewrite requires separate portfolio/page implementation approval; file import is approved independently
rewrite_embedded_media_url,page_embedded_media_url,page,13012,accessories,Accessories,https://coveinterior.com/wp-content/uploads/2025/02/Mubkhar-beige-1536x1536.jpg,https://coveinterior.com/wp-content/uploads/2025/02/Mubkhar-beige.jpg,/media/wordpress-migration/2025/02/Mubkhar-beige.jpg,Mubkhar-beige.jpg,content structure rewrite requires separate portfolio/page implementation approval; file import is approved independently
rewrite_embedded_media_url,page_embedded_media_url,page,17144,all-brass-products,All Brass Products,https://coveinterior.com/wp-content/uploads/2025/02/Mubkhar-beige-2048x2048.jpg,https://coveinterior.com/wp-content/uploads/2025/02/Mubkhar-beige.jpg,/media/wordpress-migration/2025/02/Mubkhar-beige.jpg,Mubkhar-beige.jpg,content structure rewrite requires separate portfolio/page implementation approval; file import is approved independently
rewrite_embedded_media_url,page_embedded_media_url,page,13012,accessories,Accessories,https://coveinterior.com/wp-content/uploads/2025/02/Mubkhar-beige-2048x2048.jpg,https://coveinterior.com/wp-content/uploads/2025/02/Mubkhar-beige.jpg,/media/wordpress-migration/2025/02/Mubkhar-beige.jpg,Mubkhar-beige.jpg,content structure rewrite requires separate portfolio/page implementation approval; file import is approved independently
rewrite_embedded_media_url,page_embedded_media_url,page,17144,all-brass-products,All Brass Products,https://coveinterior.com/wp-content/uploads/2023/12/tissue-box-beige-430x392.jpg,https://coveinterior.com/wp-content/uploads/2023/12/tissue-box-beige.jpg,/media/wordpress-migration/2023/12/tissue-box-beige.jpg,tissue-box-beige.jpg,content structure rewrite requires separate portfolio/page implementation approval; file import is approved independently
rewrite_embedded_media_url,page_embedded_media_url,page,13012,accessories,Accessories,https://coveinterior.com/wp-content/uploads/2023/12/tissue-box-beige-430x392.jpg,https://coveinterior.com/wp-content/uploads/2023/12/tissue-box-beige.jpg,/media/wordpress-migration/2023/12/tissue-box-beige.jpg,tissue-box-beige.jpg,content structure rewrite requires separate portfolio/page implementation approval; file import is approved independently
rewrite_embedded_media_url,page_embedded_media_url,page,17144,all-brass-products,All Brass Products,https://coveinterior.com/wp-content/uploads/2023/12/tissue-box-beige-150x137.jpg,https://coveinterior.com/wp-content/uploads/2023/12/tissue-box-beige.jpg,/media/wordpress-migration/2023/12/tissue-box-beige.jpg,tissue-box-beige.jpg,content structure rewrite requires separate portfolio/page implementation approval; file import is approved independently
rewrite_embedded_media_url,page_embedded_media_url,page,13012,accessories,Accessories,https://coveinterior.com/wp-content/uploads/2023/12/tissue-box-beige-150x137.jpg,https://coveinterior.com/wp-content/uploads/2023/12/tissue-box-beige.jpg,/media/wordpress-migration/2023/12/tissue-box-beige.jpg,tissue-box-beige.jpg,content structure rewrite requires separate portfolio/page implementation approval; file import is approved independently
rewrite_embedded_media_url,page_embedded_media_url,page,17144,all-brass-products,All Brass Products,https://coveinterior.com/wp-content/uploads/2023/12/tissue-box-beige-700x638.jpg,https://coveinterior.com/wp-content/uploads/2023/12/tissue-box-beige.jpg,/media/wordpress-migration/2023/12/tissue-box-beige.jpg,tissue-box-beige.jpg,content structure rewrite requires separate portfolio/page implementation approval; file import is approved independently
rewrite_embedded_media_url,page_embedded_media_url,page,13012,accessories,Accessories,https://coveinterior.com/wp-content/uploads/2023/12/tissue-box-beige-700x638.jpg,https://coveinterior.com/wp-content/uploads/2023/12/tissue-box-beige.jpg,/media/wordpress-migration/2023/12/tissue-box-beige.jpg,tissue-box-beige.jpg,content structure rewrite requires separate portfolio/page implementation approval; file import is approved independently
rewrite_embedded_media_url,page_embedded_media_url,page,17144,all-brass-products,All Brass Products,https://coveinterior.com/wp-content/uploads/2023/12/tissue-box-beige-329x300.jpg,https://coveinterior.com/wp-content/uploads/2023/12/tissue-box-beige.jpg,/media/wordpress-migration/2023/12/tissue-box-beige.jpg,tissue-box-beige.jpg,content structure rewrite requires separate portfolio/page implementation approval; file import is approved independently
rewrite_embedded_media_url,page_embedded_media_url,page,13012,accessories,Accessories,https://coveinterior.com/wp-content/uploads/2023/12/tissue-box-beige-329x300.jpg,https://coveinterior.com/wp-content/uploads/2023/12/tissue-box-beige.jpg,/media/wordpress-migration/2023/12/tissue-box-beige.jpg,tissue-box-beige.jpg,content structure rewrite requires separate portfolio/page implementation approval; file import is approved independently
rewrite_embedded_media_url,page_embedded_media_url,page,17144,all-brass-products,All Brass Products,https://coveinterior.com/wp-content/uploads/2023/12/tissue-box-beige-878x800.jpg,https://coveinterior.com/wp-content/uploads/2023/12/tissue-box-beige.jpg,/media/wordpress-migration/2023/12/tissue-box-beige.jpg,tissue-box-beige.jpg,content structure rewrite requires separate portfolio/page implementation approval; file import is approved independently
rewrite_embedded_media_url,page_embedded_media_url,page,13012,accessories,Accessories,https://coveinterior.com/wp-content/uploads/2023/12/tissue-box-beige-878x800.jpg,https://coveinterior.com/wp-content/uploads/2023/12/tissue-box-beige.jpg,/media/wordpress-migration/2023/12/tissue-box-beige.jpg,tissue-box-beige.jpg,content structure rewrite requires separate portfolio/page implementation approval; file import is approved independently
rewrite_embedded_media_url,page_embedded_media_url,page,17144,all-brass-products,All Brass Products,https://coveinterior.com/wp-content/uploads/2023/12/tissue-box-beige-768x699.jpg,https://coveinterior.com/wp-content/uploads/2023/12/tissue-box-beige.jpg,/media/wordpress-migration/2023/12/tissue-box-beige.jpg,tissue-box-beige.jpg,content structure rewrite requires separate portfolio/page implementation approval; file import is approved independently
rewrite_embedded_media_url,page_embedded_media_url,page,13012,accessories,Accessories,https://coveinterior.com/wp-content/uploads/2023/12/tissue-box-beige-768x699.jpg,https://coveinterior.com/wp-content/uploads/2023/12/tissue-box-beige.jpg,/media/wordpress-migration/2023/12/tissue-box-beige.jpg,tissue-box-beige.jpg,content structure rewrite requires separate portfolio/page implementation approval; file import is approved independently
rewrite_embedded_media_url,page_embedded_media_url,page,17144,all-brass-products,All Brass Products,https://coveinterior.com/wp-content/uploads/2023/12/tissue-box-beige-1536x1399.jpg,https://coveinterior.com/wp-content/uploads/2023/12/tissue-box-beige.jpg,/media/wordpress-migration/2023/12/tissue-box-beige.jpg,tissue-box-beige.jpg,content structure rewrite requires separate portfolio/page implementation approval; file import is approved independently
rewrite_embedded_media_url,page_embedded_media_url,page,13012,accessories,Accessories,https://coveinterior.com/wp-content/uploads/2023/12/tissue-box-beige-1536x1399.jpg,https://coveinterior.com/wp-content/uploads/2023/12/tissue-box-beige.jpg,/media/wordpress-migration/2023/12/tissue-box-beige.jpg,tissue-box-beige.jpg,content structure rewrite requires separate portfolio/page implementation approval; file import is approved independently
rewrite_embedded_media_url,page_embedded_media_url,page,17144,all-brass-products,All Brass Products,https://coveinterior.com/wp-content/uploads/2023/12/tissue-box-beige-2048x1865.jpg,https://coveinterior.com/wp-content/uploads/2023/12/tissue-box-beige.jpg,/media/wordpress-migration/2023/12/tissue-box-beige.jpg,tissue-box-beige.jpg,content structure rewrite requires separate portfolio/page implementation approval; file import is approved independently
rewrite_embedded_media_url,page_embedded_media_url,page,13012,accessories,Accessories,https://coveinterior.com/wp-content/uploads/2023/12/tissue-box-beige-2048x1865.jpg,https://coveinterior.com/wp-content/uploads/2023/12/tissue-box-beige.jpg,/media/wordpress-migration/2023/12/tissue-box-beige.jpg,tissue-box-beige.jpg,content structure rewrite requires separate portfolio/page implementation approval; file import is approved independently
rewrite_embedded_media_url,page_embedded_media_url,page,17144,all-brass-products,All Brass Products,https://coveinterior.com/wp-content/uploads/2023/12/tissue-box-beige-860x783.jpg,https://coveinterior.com/wp-content/uploads/2023/12/tissue-box-beige.jpg,/media/wordpress-migration/2023/12/tissue-box-beige.jpg,tissue-box-beige.jpg,content structure rewrite requires separate portfolio/page implementation approval; file import is approved independently
rewrite_embedded_media_url,page_embedded_media_url,page,13012,accessories,Accessories,https://coveinterior.com/wp-content/uploads/2023/12/tissue-box-beige-860x783.jpg,https://coveinterior.com/wp-content/uploads/2023/12/tissue-box-beige.jpg,/media/wordpress-migration/2023/12/tissue-box-beige.jpg,tissue-box-beige.jpg,content structure rewrite requires separate portfolio/page implementation approval; file import is approved independently
rewrite_embedded_media_url,page_embedded_media_url,page,17144,all-brass-products,All Brass Products,https://coveinterior.com/wp-content/uploads/2023/12/tissue-box-black-430x392.jpg,https://coveinterior.com/wp-content/uploads/2023/12/tissue-box-black.jpg,/media/wordpress-migration/2023/12/tissue-box-black.jpg,tissue-box-black.jpg,content structure rewrite requires separate portfolio/page implementation approval; file import is approved independently
rewrite_embedded_media_url,page_embedded_media_url,page,13012,accessories,Accessories,https://coveinterior.com/wp-content/uploads/2023/12/tissue-box-black-430x392.jpg,https://coveinterior.com/wp-content/uploads/2023/12/tissue-box-black.jpg,/media/wordpress-migration/2023/12/tissue-box-black.jpg,tissue-box-black.jpg,content structure rewrite requires separate portfolio/page implementation approval; file import is approved independently
rewrite_embedded_media_url,page_embedded_media_url,page,17144,all-brass-products,All Brass Products,https://coveinterior.com/wp-content/uploads/2023/12/tissue-box-black-150x137.jpg,https://coveinterior.com/wp-content/uploads/2023/12/tissue-box-black.jpg,/media/wordpress-migration/2023/12/tissue-box-black.jpg,tissue-box-black.jpg,content structure rewrite requires separate portfolio/page implementation approval; file import is approved independently
rewrite_embedded_media_url,page_embedded_media_url,page,13012,accessories,Accessories,https://coveinterior.com/wp-content/uploads/2023/12/tissue-box-black-150x137.jpg,https://coveinterior.com/wp-content/uploads/2023/12/tissue-box-black.jpg,/media/wordpress-migration/2023/12/tissue-box-black.jpg,tissue-box-black.jpg,content structure rewrite requires separate portfolio/page implementation approval; file import is approved independently
rewrite_embedded_media_url,page_embedded_media_url,page,17144,all-brass-products,All Brass Products,https://coveinterior.com/wp-content/uploads/2023/12/tissue-box-black-700x638.jpg,https://coveinterior.com/wp-content/uploads/2023/12/tissue-box-black.jpg,/media/wordpress-migration/2023/12/tissue-box-black.jpg,tissue-box-black.jpg,content structure rewrite requires separate portfolio/page implementation approval; file import is approved independently
rewrite_embedded_media_url,page_embedded_media_url,page,13012,accessories,Accessories,https://coveinterior.com/wp-content/uploads/2023/12/tissue-box-black-700x638.jpg,https://coveinterior.com/wp-content/uploads/2023/12/tissue-box-black.jpg,/media/wordpress-migration/2023/12/tissue-box-black.jpg,tissue-box-black.jpg,content structure rewrite requires separate portfolio/page implementation approval; file import is approved independently
rewrite_embedded_media_url,page_embedded_media_url,page,17144,all-brass-products,All Brass Products,https://coveinterior.com/wp-content/uploads/2023/12/tissue-box-black-329x300.jpg,https://coveinterior.com/wp-content/uploads/2023/12/tissue-box-black.jpg,/media/wordpress-migration/2023/12/tissue-box-black.jpg,tissue-box-black.jpg,content structure rewrite requires separate portfolio/page implementation approval; file import is approved independently
rewrite_embedded_media_url,page_embedded_media_url,page,13012,accessories,Accessories,https://coveinterior.com/wp-content/uploads/2023/12/tissue-box-black-329x300.jpg,https://coveinterior.com/wp-content/uploads/2023/12/tissue-box-black.jpg,/media/wordpress-migration/2023/12/tissue-box-black.jpg,tissue-box-black.jpg,content structure rewrite requires separate portfolio/page implementation approval; file import is approved independently
rewrite_embedded_media_url,page_embedded_media_url,page,17144,all-brass-products,All Brass Products,https://coveinterior.com/wp-content/uploads/2023/12/tissue-box-black-878x800.jpg,https://coveinterior.com/wp-content/uploads/2023/12/tissue-box-black.jpg,/media/wordpress-migration/2023/12/tissue-box-black.jpg,tissue-box-black.jpg,content structure rewrite requires separate portfolio/page implementation approval; file import is approved independently
rewrite_embedded_media_url,page_embedded_media_url,page,13012,accessories,Accessories,https://coveinterior.com/wp-content/uploads/2023/12/tissue-box-black-878x800.jpg,https://coveinterior.com/wp-content/uploads/2023/12/tissue-box-black.jpg,/media/wordpress-migration/2023/12/tissue-box-black.jpg,tissue-box-black.jpg,content structure rewrite requires separate portfolio/page implementation approval; file import is approved independently
rewrite_embedded_media_url,page_embedded_media_url,page,17144,all-brass-products,All Brass Products,https://coveinterior.com/wp-content/uploads/2023/12/tissue-box-black-768x699.jpg,https://coveinterior.com/wp-content/uploads/2023/12/tissue-box-black.jpg,/media/wordpress-migration/2023/12/tissue-box-black.jpg,tissue-box-black.jpg,content structure rewrite requires separate portfolio/page implementation approval; file import is approved independently
rewrite_embedded_media_url,page_embedded_media_url,page,13012,accessories,Accessories,https://coveinterior.com/wp-content/uploads/2023/12/tissue-box-black-768x699.jpg,https://coveinterior.com/wp-content/uploads/2023/12/tissue-box-black.jpg,/media/wordpress-migration/2023/12/tissue-box-black.jpg,tissue-box-black.jpg,content structure rewrite requires separate portfolio/page implementation approval; file import is approved independently
rewrite_embedded_media_url,page_embedded_media_url,page,17144,all-brass-products,All Brass Products,https://coveinterior.com/wp-content/uploads/2023/12/tissue-box-black-1536x1399.jpg,https://coveinterior.com/wp-content/uploads/2023/12/tissue-box-black.jpg,/media/wordpress-migration/2023/12/tissue-box-black.jpg,tissue-box-black.jpg,content structure rewrite requires separate portfolio/page implementation approval; file import is approved independently
rewrite_embedded_media_url,page_embedded_media_url,page,13012,accessories,Accessories,https://coveinterior.com/wp-content/uploads/2023/12/tissue-box-black-1536x1399.jpg,https://coveinterior.com/wp-content/uploads/2023/12/tissue-box-black.jpg,/media/wordpress-migration/2023/12/tissue-box-black.jpg,tissue-box-black.jpg,content structure rewrite requires separate portfolio/page implementation approval; file import is approved independently
rewrite_embedded_media_url,page_embedded_media_url,page,17144,all-brass-products,All Brass Products,https://coveinterior.com/wp-content/uploads/2023/12/tissue-box-black-2048x1865.jpg,https://coveinterior.com/wp-content/uploads/2023/12/tissue-box-black.jpg,/media/wordpress-migration/2023/12/tissue-box-black.jpg,tissue-box-black.jpg,content structure rewrite requires separate portfolio/page implementation approval; file import is approved independently
rewrite_embedded_media_url,page_embedded_media_url,page,13012,accessories,Accessories,https://coveinterior.com/wp-content/uploads/2023/12/tissue-box-black-2048x1865.jpg,https://coveinterior.com/wp-content/uploads/2023/12/tissue-box-black.jpg,/media/wordpress-migration/2023/12/tissue-box-black.jpg,tissue-box-black.jpg,content structure rewrite requires separate portfolio/page implementation approval; file import is approved independently
rewrite_embedded_media_url,page_embedded_media_url,page,17144,all-brass-products,All Brass Products,https://coveinterior.com/wp-content/uploads/2023/12/tissue-box-black-860x783.jpg,https://coveinterior.com/wp-content/uploads/2023/12/tissue-box-black.jpg,/media/wordpress-migration/2023/12/tissue-box-black.jpg,tissue-box-black.jpg,content structure rewrite requires separate portfolio/page implementation approval; file import is approved independently
rewrite_embedded_media_url,page_embedded_media_url,page,13012,accessories,Accessories,https://coveinterior.com/wp-content/uploads/2023/12/tissue-box-black-860x783.jpg,https://coveinterior.com/wp-content/uploads/2023/12/tissue-box-black.jpg,/media/wordpress-migration/2023/12/tissue-box-black.jpg,tissue-box-black.jpg,content structure rewrite requires separate portfolio/page implementation approval; file import is approved independently
rewrite_embedded_media_url,page_embedded_media_url,page,17144,all-brass-products,All Brass Products,https://coveinterior.com/wp-content/uploads/2023/12/tissue-box-Bronze-430x392.jpg,https://coveinterior.com/wp-content/uploads/2023/12/tissue-box-Bronze.jpg,/media/wordpress-migration/2023/12/tissue-box-Bronze.jpg,tissue-box-Bronze.jpg,content structure rewrite requires separate portfolio/page implementation approval; file import is approved independently
rewrite_embedded_media_url,page_embedded_media_url,page,13012,accessories,Accessories,https://coveinterior.com/wp-content/uploads/2023/12/tissue-box-Bronze-430x392.jpg,https://coveinterior.com/wp-content/uploads/2023/12/tissue-box-Bronze.jpg,/media/wordpress-migration/2023/12/tissue-box-Bronze.jpg,tissue-box-Bronze.jpg,content structure rewrite requires separate portfolio/page implementation approval; file import is approved independently
rewrite_embedded_media_url,page_embedded_media_url,page,17144,all-brass-products,All Brass Products,https://coveinterior.com/wp-content/uploads/2023/12/tissue-box-Bronze-150x137.jpg,https://coveinterior.com/wp-content/uploads/2023/12/tissue-box-Bronze.jpg,/media/wordpress-migration/2023/12/tissue-box-Bronze.jpg,tissue-box-Bronze.jpg,content structure rewrite requires separate portfolio/page implementation approval; file import is approved independently
rewrite_embedded_media_url,page_embedded_media_url,page,13012,accessories,Accessories,https://coveinterior.com/wp-content/uploads/2023/12/tissue-box-Bronze-150x137.jpg,https://coveinterior.com/wp-content/uploads/2023/12/tissue-box-Bronze.jpg,/media/wordpress-migration/2023/12/tissue-box-Bronze.jpg,tissue-box-Bronze.jpg,content structure rewrite requires separate portfolio/page implementation approval; file import is approved independently
rewrite_embedded_media_url,page_embedded_media_url,page,17144,all-brass-products,All Brass Products,https://coveinterior.com/wp-content/uploads/2023/12/tissue-box-Bronze-700x638.jpg,https://coveinterior.com/wp-content/uploads/2023/12/tissue-box-Bronze.jpg,/media/wordpress-migration/2023/12/tissue-box-Bronze.jpg,tissue-box-Bronze.jpg,content structure rewrite requires separate portfolio/page implementation approval; file import is approved independently
rewrite_embedded_media_url,page_embedded_media_url,page,13012,accessories,Accessories,https://coveinterior.com/wp-content/uploads/2023/12/tissue-box-Bronze-700x638.jpg,https://coveinterior.com/wp-content/uploads/2023/12/tissue-box-Bronze.jpg,/media/wordpress-migration/2023/12/tissue-box-Bronze.jpg,tissue-box-Bronze.jpg,content structure rewrite requires separate portfolio/page implementation approval; file import is approved independently
rewrite_embedded_media_url,page_embedded_media_url,page,17144,all-brass-products,All Brass Products,https://coveinterior.com/wp-content/uploads/2023/12/tissue-box-Bronze-329x300.jpg,https://coveinterior.com/wp-content/uploads/2023/12/tissue-box-Bronze.jpg,/media/wordpress-migration/2023/12/tissue-box-Bronze.jpg,tissue-box-Bronze.jpg,content structure rewrite requires separate portfolio/page implementation approval; file import is approved independently
rewrite_embedded_media_url,page_embedded_media_url,page,13012,accessories,Accessories,https://coveinterior.com/wp-content/uploads/2023/12/tissue-box-Bronze-329x300.jpg,https://coveinterior.com/wp-content/uploads/2023/12/tissue-box-Bronze.jpg,/media/wordpress-migration/2023/12/tissue-box-Bronze.jpg,tissue-box-Bronze.jpg,content structure rewrite requires separate portfolio/page implementation approval; file import is approved independently
rewrite_embedded_media_url,page_embedded_media_url,page,17144,all-brass-products,All Brass Products,https://coveinterior.com/wp-content/uploads/2023/12/tissue-box-Bronze-878x800.jpg,https://coveinterior.com/wp-content/uploads/2023/12/tissue-box-Bronze.jpg,/media/wordpress-migration/2023/12/tissue-box-Bronze.jpg,tissue-box-Bronze.jpg,content structure rewrite requires separate portfolio/page implementation approval; file import is approved independently
rewrite_embedded_media_url,page_embedded_media_url,page,13012,accessories,Accessories,https://coveinterior.com/wp-content/uploads/2023/12/tissue-box-Bronze-878x800.jpg,https://coveinterior.com/wp-content/uploads/2023/12/tissue-box-Bronze.jpg,/media/wordpress-migration/2023/12/tissue-box-Bronze.jpg,tissue-box-Bronze.jpg,content structure rewrite requires separate portfolio/page implementation approval; file import is approved independently
rewrite_embedded_media_url,page_embedded_media_url,page,17144,all-brass-products,All Brass Products,https://coveinterior.com/wp-content/uploads/2023/12/tissue-box-Bronze-768x699.jpg,https://coveinterior.com/wp-content/uploads/2023/12/tissue-box-Bronze.jpg,/media/wordpress-migration/2023/12/tissue-box-Bronze.jpg,tissue-box-Bronze.jpg,content structure rewrite requires separate portfolio/page implementation approval; file import is approved independently
rewrite_embedded_media_url,page_embedded_media_url,page,13012,accessories,Accessories,https://coveinterior.com/wp-content/uploads/2023/12/tissue-box-Bronze-768x699.jpg,https://coveinterior.com/wp-content/uploads/2023/12/tissue-box-Bronze.jpg,/media/wordpress-migration/2023/12/tissue-box-Bronze.jpg,tissue-box-Bronze.jpg,content structure rewrite requires separate portfolio/page implementation approval; file import is approved independently
rewrite_embedded_media_url,page_embedded_media_url,page,17144,all-brass-products,All Brass Products,https://coveinterior.com/wp-content/uploads/2023/12/tissue-box-Bronze-1536x1399.jpg,https://coveinterior.com/wp-content/uploads/2023/12/tissue-box-Bronze.jpg,/media/wordpress-migration/2023/12/tissue-box-Bronze.jpg,tissue-box-Bronze.jpg,content structure rewrite requires separate portfolio/page implementation approval; file import is approved independently
rewrite_embedded_media_url,page_embedded_media_url,page,13012,accessories,Accessories,https://coveinterior.com/wp-content/uploads/2023/12/tissue-box-Bronze-1536x1399.jpg,https://coveinterior.com/wp-content/uploads/2023/12/tissue-box-Bronze.jpg,/media/wordpress-migration/2023/12/tissue-box-Bronze.jpg,tissue-box-Bronze.jpg,content structure rewrite requires separate portfolio/page implementation approval; file import is approved independently
rewrite_embedded_media_url,page_embedded_media_url,page,17144,all-brass-products,All Brass Products,https://coveinterior.com/wp-content/uploads/2023/12/tissue-box-Bronze-2048x1865.jpg,https://coveinterior.com/wp-content/uploads/2023/12/tissue-box-Bronze.jpg,/media/wordpress-migration/2023/12/tissue-box-Bronze.jpg,tissue-box-Bronze.jpg,content structure rewrite requires separate portfolio/page implementation approval; file import is approved independently
rewrite_embedded_media_url,page_embedded_media_url,page,13012,accessories,Accessories,https://coveinterior.com/wp-content/uploads/2023/12/tissue-box-Bronze-2048x1865.jpg,https://coveinterior.com/wp-content/uploads/2023/12/tissue-box-Bronze.jpg,/media/wordpress-migration/2023/12/tissue-box-Bronze.jpg,tissue-box-Bronze.jpg,content structure rewrite requires separate portfolio/page implementation approval; file import is approved independently
rewrite_embedded_media_url,page_embedded_media_url,page,17144,all-brass-products,All Brass Products,https://coveinterior.com/wp-content/uploads/2023/12/tissue-box-Bronze-860x783.jpg,https://coveinterior.com/wp-content/uploads/2023/12/tissue-box-Bronze.jpg,/media/wordpress-migration/2023/12/tissue-box-Bronze.jpg,tissue-box-Bronze.jpg,content structure rewrite requires separate portfolio/page implementation approval; file import is approved independently
rewrite_embedded_media_url,page_embedded_media_url,page,13012,accessories,Accessories,https://coveinterior.com/wp-content/uploads/2023/12/tissue-box-Bronze-860x783.jpg,https://coveinterior.com/wp-content/uploads/2023/12/tissue-box-Bronze.jpg,/media/wordpress-migration/2023/12/tissue-box-Bronze.jpg,tissue-box-Bronze.jpg,content structure rewrite requires separate portfolio/page implementation approval; file import is approved independently
rewrite_embedded_media_url,page_embedded_media_url,page,17144,all-brass-products,All Brass Products,https://coveinterior.com/wp-content/uploads/2025/02/trash-bin-black-1-zoom-430x430.png,https://coveinterior.com/wp-content/uploads/2025/02/trash-bin-black-1-zoom.png,/media/wordpress-migration/2025/02/trash-bin-black-1-zoom.png,trash-bin-black-1-zoom.png,content structure rewrite requires separate portfolio/page implementation approval; file import is approved independently
rewrite_embedded_media_url,page_embedded_media_url,page,13012,accessories,Accessories,https://coveinterior.com/wp-content/uploads/2025/02/trash-bin-black-1-zoom-430x430.png,https://coveinterior.com/wp-content/uploads/2025/02/trash-bin-black-1-zoom.png,/media/wordpress-migration/2025/02/trash-bin-black-1-zoom.png,trash-bin-black-1-zoom.png,content structure rewrite requires separate portfolio/page implementation approval; file import is approved independently
rewrite_embedded_media_url,page_embedded_media_url,page,17144,all-brass-products,All Brass Products,https://coveinterior.com/wp-content/uploads/2025/02/trash-bin-black-1-zoom-150x150.png,https://coveinterior.com/wp-content/uploads/2025/02/trash-bin-black-1-zoom.png,/media/wordpress-migration/2025/02/trash-bin-black-1-zoom.png,trash-bin-black-1-zoom.png,content structure rewrite requires separate portfolio/page implementation approval; file import is approved independently
rewrite_embedded_media_url,page_embedded_media_url,page,13012,accessories,Accessories,https://coveinterior.com/wp-content/uploads/2025/02/trash-bin-black-1-zoom-150x150.png,https://coveinterior.com/wp-content/uploads/2025/02/trash-bin-black-1-zoom.png,/media/wordpress-migration/2025/02/trash-bin-black-1-zoom.png,trash-bin-black-1-zoom.png,content structure rewrite requires separate portfolio/page implementation approval; file import is approved independently
rewrite_embedded_media_url,page_embedded_media_url,page,17144,all-brass-products,All Brass Products,https://coveinterior.com/wp-content/uploads/2025/02/trash-bin-black-1-zoom-700x700.png,https://coveinterior.com/wp-content/uploads/2025/02/trash-bin-black-1-zoom.png,/media/wordpress-migration/2025/02/trash-bin-black-1-zoom.png,trash-bin-black-1-zoom.png,content structure rewrite requires separate portfolio/page implementation approval; file import is approved independently
rewrite_embedded_media_url,page_embedded_media_url,page,13012,accessories,Accessories,https://coveinterior.com/wp-content/uploads/2025/02/trash-bin-black-1-zoom-700x700.png,https://coveinterior.com/wp-content/uploads/2025/02/trash-bin-black-1-zoom.png,/media/wordpress-migration/2025/02/trash-bin-black-1-zoom.png,trash-bin-black-1-zoom.png,content structure rewrite requires separate portfolio/page implementation approval; file import is approved independently
rewrite_embedded_media_url,page_embedded_media_url,page,17144,all-brass-products,All Brass Products,https://coveinterior.com/wp-content/uploads/2025/02/trash-bin-black-1-zoom-300x300.png,https://coveinterior.com/wp-content/uploads/2025/02/trash-bin-black-1-zoom.png,/media/wordpress-migration/2025/02/trash-bin-black-1-zoom.png,trash-bin-black-1-zoom.png,content structure rewrite requires separate portfolio/page implementation approval; file import is approved independently
rewrite_embedded_media_url,page_embedded_media_url,page,13012,accessories,Accessories,https://coveinterior.com/wp-content/uploads/2025/02/trash-bin-black-1-zoom-300x300.png,https://coveinterior.com/wp-content/uploads/2025/02/trash-bin-black-1-zoom.png,/media/wordpress-migration/2025/02/trash-bin-black-1-zoom.png,trash-bin-black-1-zoom.png,content structure rewrite requires separate portfolio/page implementation approval; file import is approved independently
rewrite_embedded_media_url,page_embedded_media_url,page,17144,all-brass-products,All Brass Products,https://coveinterior.com/wp-content/uploads/2025/02/trash-bin-black-1-zoom-800x800.png,https://coveinterior.com/wp-content/uploads/2025/02/trash-bin-black-1-zoom.png,/media/wordpress-migration/2025/02/trash-bin-black-1-zoom.png,trash-bin-black-1-zoom.png,content structure rewrite requires separate portfolio/page implementation approval; file import is approved independently
rewrite_embedded_media_url,page_embedded_media_url,page,13012,accessories,Accessories,https://coveinterior.com/wp-content/uploads/2025/02/trash-bin-black-1-zoom-800x800.png,https://coveinterior.com/wp-content/uploads/2025/02/trash-bin-black-1-zoom.png,/media/wordpress-migration/2025/02/trash-bin-black-1-zoom.png,trash-bin-black-1-zoom.png,content structure rewrite requires separate portfolio/page implementation approval; file import is approved independently
rewrite_embedded_media_url,page_embedded_media_url,page,17144,all-brass-products,All Brass Products,https://coveinterior.com/wp-content/uploads/2025/02/trash-bin-black-1-zoom-768x768.png,https://coveinterior.com/wp-content/uploads/2025/02/trash-bin-black-1-zoom.png,/media/wordpress-migration/2025/02/trash-bin-black-1-zoom.png,trash-bin-black-1-zoom.png,content structure rewrite requires separate portfolio/page implementation approval; file import is approved independently
rewrite_embedded_media_url,page_embedded_media_url,page,13012,accessories,Accessories,https://coveinterior.com/wp-content/uploads/2025/02/trash-bin-black-1-zoom-768x768.png,https://coveinterior.com/wp-content/uploads/2025/02/trash-bin-black-1-zoom.png,/media/wordpress-migration/2025/02/trash-bin-black-1-zoom.png,trash-bin-black-1-zoom.png,content structure rewrite requires separate portfolio/page implementation approval; file import is approved independently
rewrite_embedded_media_url,page_embedded_media_url,page,17144,all-brass-products,All Brass Products,https://coveinterior.com/wp-content/uploads/2025/02/trash-bin-black-1-zoom.png,https://coveinterior.com/wp-content/uploads/2025/02/trash-bin-black-1-zoom.png,/media/wordpress-migration/2025/02/trash-bin-black-1-zoom.png,trash-bin-black-1-zoom.png,content structure rewrite requires separate portfolio/page implementation approval; file import is approved independently
rewrite_embedded_media_url,page_embedded_media_url,page,13012,accessories,Accessories,https://coveinterior.com/wp-content/uploads/2025/02/trash-bin-black-1-zoom.png,https://coveinterior.com/wp-content/uploads/2025/02/trash-bin-black-1-zoom.png,/media/wordpress-migration/2025/02/trash-bin-black-1-zoom.png,trash-bin-black-1-zoom.png,content structure rewrite requires separate portfolio/page implementation approval; file import is approved independently
rewrite_embedded_media_url,page_embedded_media_url,page,17144,all-brass-products,All Brass Products,https://coveinterior.com/wp-content/uploads/2025/02/trash-bin-bronze-1-zoom-430x430.png,https://coveinterior.com/wp-content/uploads/2025/02/trash-bin-bronze-1-zoom.png,/media/wordpress-migration/2025/02/trash-bin-bronze-1-zoom.png,trash-bin-bronze-1-zoom.png,content structure rewrite requires separate portfolio/page implementation approval; file import is approved independently
rewrite_embedded_media_url,page_embedded_media_url,page,13012,accessories,Accessories,https://coveinterior.com/wp-content/uploads/2025/02/trash-bin-bronze-1-zoom-430x430.png,https://coveinterior.com/wp-content/uploads/2025/02/trash-bin-bronze-1-zoom.png,/media/wordpress-migration/2025/02/trash-bin-bronze-1-zoom.png,trash-bin-bronze-1-zoom.png,content structure rewrite requires separate portfolio/page implementation approval; file import is approved independently
rewrite_embedded_media_url,page_embedded_media_url,page,17144,all-brass-products,All Brass Products,https://coveinterior.com/wp-content/uploads/2025/02/trash-bin-bronze-1-zoom-150x150.png,https://coveinterior.com/wp-content/uploads/2025/02/trash-bin-bronze-1-zoom.png,/media/wordpress-migration/2025/02/trash-bin-bronze-1-zoom.png,trash-bin-bronze-1-zoom.png,content structure rewrite requires separate portfolio/page implementation approval; file import is approved independently
rewrite_embedded_media_url,page_embedded_media_url,page,13012,accessories,Accessories,https://coveinterior.com/wp-content/uploads/2025/02/trash-bin-bronze-1-zoom-150x150.png,https://coveinterior.com/wp-content/uploads/2025/02/trash-bin-bronze-1-zoom.png,/media/wordpress-migration/2025/02/trash-bin-bronze-1-zoom.png,trash-bin-bronze-1-zoom.png,content structure rewrite requires separate portfolio/page implementation approval; file import is approved independently
rewrite_embedded_media_url,page_embedded_media_url,page,17144,all-brass-products,All Brass Products,https://coveinterior.com/wp-content/uploads/2025/02/trash-bin-bronze-1-zoom-700x700.png,https://coveinterior.com/wp-content/uploads/2025/02/trash-bin-bronze-1-zoom.png,/media/wordpress-migration/2025/02/trash-bin-bronze-1-zoom.png,trash-bin-bronze-1-zoom.png,content structure rewrite requires separate portfolio/page implementation approval; file import is approved independently
rewrite_embedded_media_url,page_embedded_media_url,page,13012,accessories,Accessories,https://coveinterior.com/wp-content/uploads/2025/02/trash-bin-bronze-1-zoom-700x700.png,https://coveinterior.com/wp-content/uploads/2025/02/trash-bin-bronze-1-zoom.png,/media/wordpress-migration/2025/02/trash-bin-bronze-1-zoom.png,trash-bin-bronze-1-zoom.png,content structure rewrite requires separate portfolio/page implementation approval; file import is approved independently
rewrite_embedded_media_url,page_embedded_media_url,page,17144,all-brass-products,All Brass Products,https://coveinterior.com/wp-content/uploads/2025/02/trash-bin-bronze-1-zoom-300x300.png,https://coveinterior.com/wp-content/uploads/2025/02/trash-bin-bronze-1-zoom.png,/media/wordpress-migration/2025/02/trash-bin-bronze-1-zoom.png,trash-bin-bronze-1-zoom.png,content structure rewrite requires separate portfolio/page implementation approval; file import is approved independently
rewrite_embedded_media_url,page_embedded_media_url,page,13012,accessories,Accessories,https://coveinterior.com/wp-content/uploads/2025/02/trash-bin-bronze-1-zoom-300x300.png,https://coveinterior.com/wp-content/uploads/2025/02/trash-bin-bronze-1-zoom.png,/media/wordpress-migration/2025/02/trash-bin-bronze-1-zoom.png,trash-bin-bronze-1-zoom.png,content structure rewrite requires separate portfolio/page implementation approval; file import is approved independently
rewrite_embedded_media_url,page_embedded_media_url,page,17144,all-brass-products,All Brass Products,https://coveinterior.com/wp-content/uploads/2025/02/trash-bin-bronze-1-zoom-800x800.png,https://coveinterior.com/wp-content/uploads/2025/02/trash-bin-bronze-1-zoom.png,/media/wordpress-migration/2025/02/trash-bin-bronze-1-zoom.png,trash-bin-bronze-1-zoom.png,content structure rewrite requires separate portfolio/page implementation approval; file import is approved independently
rewrite_embedded_media_url,page_embedded_media_url,page,13012,accessories,Accessories,https://coveinterior.com/wp-content/uploads/2025/02/trash-bin-bronze-1-zoom-800x800.png,https://coveinterior.com/wp-content/uploads/2025/02/trash-bin-bronze-1-zoom.png,/media/wordpress-migration/2025/02/trash-bin-bronze-1-zoom.png,trash-bin-bronze-1-zoom.png,content structure rewrite requires separate portfolio/page implementation approval; file import is approved independently
rewrite_embedded_media_url,page_embedded_media_url,page,17144,all-brass-products,All Brass Products,https://coveinterior.com/wp-content/uploads/2025/02/trash-bin-bronze-1-zoom-768x768.png,https://coveinterior.com/wp-content/uploads/2025/02/trash-bin-bronze-1-zoom.png,/media/wordpress-migration/2025/02/trash-bin-bronze-1-zoom.png,trash-bin-bronze-1-zoom.png,content structure rewrite requires separate portfolio/page implementation approval; file import is approved independently
rewrite_embedded_media_url,page_embedded_media_url,page,13012,accessories,Accessories,https://coveinterior.com/wp-content/uploads/2025/02/trash-bin-bronze-1-zoom-768x768.png,https://coveinterior.com/wp-content/uploads/2025/02/trash-bin-bronze-1-zoom.png,/media/wordpress-migration/2025/02/trash-bin-bronze-1-zoom.png,trash-bin-bronze-1-zoom.png,content structure rewrite requires separate portfolio/page implementation approval; file import is approved independently
rewrite_embedded_media_url,page_embedded_media_url,page,17144,all-brass-products,All Brass Products,https://coveinterior.com/wp-content/uploads/2025/02/trash-bin-bronze-1-zoom.png,https://coveinterior.com/wp-content/uploads/2025/02/trash-bin-bronze-1-zoom.png,/media/wordpress-migration/2025/02/trash-bin-bronze-1-zoom.png,trash-bin-bronze-1-zoom.png,content structure rewrite requires separate portfolio/page implementation approval; file import is approved independently
rewrite_embedded_media_url,page_embedded_media_url,page,13012,accessories,Accessories,https://coveinterior.com/wp-content/uploads/2025/02/trash-bin-bronze-1-zoom.png,https://coveinterior.com/wp-content/uploads/2025/02/trash-bin-bronze-1-zoom.png,/media/wordpress-migration/2025/02/trash-bin-bronze-1-zoom.png,trash-bin-bronze-1-zoom.png,content structure rewrite requires separate portfolio/page implementation approval; file import is approved independently
rewrite_embedded_media_url,page_embedded_media_url,page,17144,all-brass-products,All Brass Products,https://coveinterior.com/wp-content/uploads/2025/02/trash-bin-beige-1-zoom-430x430.png,https://coveinterior.com/wp-content/uploads/2025/02/trash-bin-beige-1-zoom.png,/media/wordpress-migration/2025/02/trash-bin-beige-1-zoom.png,trash-bin-beige-1-zoom.png,content structure rewrite requires separate portfolio/page implementation approval; file import is approved independently
rewrite_embedded_media_url,page_embedded_media_url,page,13012,accessories,Accessories,https://coveinterior.com/wp-content/uploads/2025/02/trash-bin-beige-1-zoom-430x430.png,https://coveinterior.com/wp-content/uploads/2025/02/trash-bin-beige-1-zoom.png,/media/wordpress-migration/2025/02/trash-bin-beige-1-zoom.png,trash-bin-beige-1-zoom.png,content structure rewrite requires separate portfolio/page implementation approval; file import is approved independently
rewrite_embedded_media_url,cms_block_embedded_media_url,cms_block,88,about-brand,About brand,https://coveinterior.com/wp-content/uploads/2025/02/trash-bin-beige-1-zoom-430x430.png,https://coveinterior.com/wp-content/uploads/2025/02/trash-bin-beige-1-zoom.png,/media/wordpress-migration/2025/02/trash-bin-beige-1-zoom.png,trash-bin-beige-1-zoom.png,content structure rewrite requires separate portfolio/page implementation approval; file import is approved independently
rewrite_embedded_media_url,page_embedded_media_url,page,17144,all-brass-products,All Brass Products,https://coveinterior.com/wp-content/uploads/2025/02/trash-bin-beige-1-zoom-150x150.png,https://coveinterior.com/wp-content/uploads/2025/02/trash-bin-beige-1-zoom.png,/media/wordpress-migration/2025/02/trash-bin-beige-1-zoom.png,trash-bin-beige-1-zoom.png,content structure rewrite requires separate portfolio/page implementation approval; file import is approved independently
rewrite_embedded_media_url,page_embedded_media_url,page,13012,accessories,Accessories,https://coveinterior.com/wp-content/uploads/2025/02/trash-bin-beige-1-zoom-150x150.png,https://coveinterior.com/wp-content/uploads/2025/02/trash-bin-beige-1-zoom.png,/media/wordpress-migration/2025/02/trash-bin-beige-1-zoom.png,trash-bin-beige-1-zoom.png,content structure rewrite requires separate portfolio/page implementation approval; file import is approved independently
rewrite_embedded_media_url,cms_block_embedded_media_url,cms_block,88,about-brand,About brand,https://coveinterior.com/wp-content/uploads/2025/02/trash-bin-beige-1-zoom-150x150.png,https://coveinterior.com/wp-content/uploads/2025/02/trash-bin-beige-1-zoom.png,/media/wordpress-migration/2025/02/trash-bin-beige-1-zoom.png,trash-bin-beige-1-zoom.png,content structure rewrite requires separate portfolio/page implementation approval; file import is approved independently
rewrite_embedded_media_url,page_embedded_media_url,page,17144,all-brass-products,All Brass Products,https://coveinterior.com/wp-content/uploads/2025/02/trash-bin-beige-1-zoom-700x700.png,https://coveinterior.com/wp-content/uploads/2025/02/trash-bin-beige-1-zoom.png,/media/wordpress-migration/2025/02/trash-bin-beige-1-zoom.png,trash-bin-beige-1-zoom.png,content structure rewrite requires separate portfolio/page implementation approval; file import is approved independently
rewrite_embedded_media_url,page_embedded_media_url,page,13012,accessories,Accessories,https://coveinterior.com/wp-content/uploads/2025/02/trash-bin-beige-1-zoom-700x700.png,https://coveinterior.com/wp-content/uploads/2025/02/trash-bin-beige-1-zoom.png,/media/wordpress-migration/2025/02/trash-bin-beige-1-zoom.png,trash-bin-beige-1-zoom.png,content structure rewrite requires separate portfolio/page implementation approval; file import is approved independently
rewrite_embedded_media_url,cms_block_embedded_media_url,cms_block,88,about-brand,About brand,https://coveinterior.com/wp-content/uploads/2025/02/trash-bin-beige-1-zoom-700x700.png,https://coveinterior.com/wp-content/uploads/2025/02/trash-bin-beige-1-zoom.png,/media/wordpress-migration/2025/02/trash-bin-beige-1-zoom.png,trash-bin-beige-1-zoom.png,content structure rewrite requires separate portfolio/page implementation approval; file import is approved independently
rewrite_embedded_media_url,page_embedded_media_url,page,17144,all-brass-products,All Brass Products,https://coveinterior.com/wp-content/uploads/2025/02/trash-bin-beige-1-zoom-300x300.png,https://coveinterior.com/wp-content/uploads/2025/02/trash-bin-beige-1-zoom.png,/media/wordpress-migration/2025/02/trash-bin-beige-1-zoom.png,trash-bin-beige-1-zoom.png,content structure rewrite requires separate portfolio/page implementation approval; file import is approved independently
rewrite_embedded_media_url,page_embedded_media_url,page,13012,accessories,Accessories,https://coveinterior.com/wp-content/uploads/2025/02/trash-bin-beige-1-zoom-300x300.png,https://coveinterior.com/wp-content/uploads/2025/02/trash-bin-beige-1-zoom.png,/media/wordpress-migration/2025/02/trash-bin-beige-1-zoom.png,trash-bin-beige-1-zoom.png,content structure rewrite requires separate portfolio/page implementation approval; file import is approved independently
rewrite_embedded_media_url,cms_block_embedded_media_url,cms_block,88,about-brand,About brand,https://coveinterior.com/wp-content/uploads/2025/02/trash-bin-beige-1-zoom-300x300.png,https://coveinterior.com/wp-content/uploads/2025/02/trash-bin-beige-1-zoom.png,/media/wordpress-migration/2025/02/trash-bin-beige-1-zoom.png,trash-bin-beige-1-zoom.png,content structure rewrite requires separate portfolio/page implementation approval; file import is approved independently
rewrite_embedded_media_url,page_embedded_media_url,page,17144,all-brass-products,All Brass Products,https://coveinterior.com/wp-content/uploads/2025/02/trash-bin-beige-1-zoom-800x800.png,https://coveinterior.com/wp-content/uploads/2025/02/trash-bin-beige-1-zoom.png,/media/wordpress-migration/2025/02/trash-bin-beige-1-zoom.png,trash-bin-beige-1-zoom.png,content structure rewrite requires separate portfolio/page implementation approval; file import is approved independently
rewrite_embedded_media_url,page_embedded_media_url,page,13012,accessories,Accessories,https://coveinterior.com/wp-content/uploads/2025/02/trash-bin-beige-1-zoom-800x800.png,https://coveinterior.com/wp-content/uploads/2025/02/trash-bin-beige-1-zoom.png,/media/wordpress-migration/2025/02/trash-bin-beige-1-zoom.png,trash-bin-beige-1-zoom.png,content structure rewrite requires separate portfolio/page implementation approval; file import is approved independently
rewrite_embedded_media_url,cms_block_embedded_media_url,cms_block,88,about-brand,About brand,https://coveinterior.com/wp-content/uploads/2025/02/trash-bin-beige-1-zoom-800x800.png,https://coveinterior.com/wp-content/uploads/2025/02/trash-bin-beige-1-zoom.png,/media/wordpress-migration/2025/02/trash-bin-beige-1-zoom.png,trash-bin-beige-1-zoom.png,content structure rewrite requires separate portfolio/page implementation approval; file import is approved independently
rewrite_embedded_media_url,page_embedded_media_url,page,17144,all-brass-products,All Brass Products,https://coveinterior.com/wp-content/uploads/2025/02/trash-bin-beige-1-zoom-768x768.png,https://coveinterior.com/wp-content/uploads/2025/02/trash-bin-beige-1-zoom.png,/media/wordpress-migration/2025/02/trash-bin-beige-1-zoom.png,trash-bin-beige-1-zoom.png,content structure rewrite requires separate portfolio/page implementation approval; file import is approved independently
rewrite_embedded_media_url,page_embedded_media_url,page,13012,accessories,Accessories,https://coveinterior.com/wp-content/uploads/2025/02/trash-bin-beige-1-zoom-768x768.png,https://coveinterior.com/wp-content/uploads/2025/02/trash-bin-beige-1-zoom.png,/media/wordpress-migration/2025/02/trash-bin-beige-1-zoom.png,trash-bin-beige-1-zoom.png,content structure rewrite requires separate portfolio/page implementation approval; file import is approved independently
rewrite_embedded_media_url,cms_block_embedded_media_url,cms_block,88,about-brand,About brand,https://coveinterior.com/wp-content/uploads/2025/02/trash-bin-beige-1-zoom-768x768.png,https://coveinterior.com/wp-content/uploads/2025/02/trash-bin-beige-1-zoom.png,/media/wordpress-migration/2025/02/trash-bin-beige-1-zoom.png,trash-bin-beige-1-zoom.png,content structure rewrite requires separate portfolio/page implementation approval; file import is approved independently
rewrite_embedded_media_url,page_embedded_media_url,page,17144,all-brass-products,All Brass Products,https://coveinterior.com/wp-content/uploads/2025/02/trash-bin-beige-1-zoom.png,https://coveinterior.com/wp-content/uploads/2025/02/trash-bin-beige-1-zoom.png,/media/wordpress-migration/2025/02/trash-bin-beige-1-zoom.png,trash-bin-beige-1-zoom.png,content structure rewrite requires separate portfolio/page implementation approval; file import is approved independently
rewrite_embedded_media_url,page_embedded_media_url,page,13012,accessories,Accessories,https://coveinterior.com/wp-content/uploads/2025/02/trash-bin-beige-1-zoom.png,https://coveinterior.com/wp-content/uploads/2025/02/trash-bin-beige-1-zoom.png,/media/wordpress-migration/2025/02/trash-bin-beige-1-zoom.png,trash-bin-beige-1-zoom.png,content structure rewrite requires separate portfolio/page implementation approval; file import is approved independently
rewrite_embedded_media_url,cms_block_embedded_media_url,cms_block,88,about-brand,About brand,https://coveinterior.com/wp-content/uploads/2025/02/trash-bin-beige-1-zoom.png,https://coveinterior.com/wp-content/uploads/2025/02/trash-bin-beige-1-zoom.png,/media/wordpress-migration/2025/02/trash-bin-beige-1-zoom.png,trash-bin-beige-1-zoom.png,content structure rewrite requires separate portfolio/page implementation approval; file import is approved independently
rewrite_embedded_media_url,page_embedded_media_url,page,17144,all-brass-products,All Brass Products,https://coveinterior.com/wp-content/uploads/2023/08/tray-430x392.jpg,https://coveinterior.com/wp-content/uploads/2023/08/tray.jpg,/media/wordpress-migration/2023/08/tray.jpg,tray.jpg,content structure rewrite requires separate portfolio/page implementation approval; file import is approved independently
rewrite_embedded_media_url,page_embedded_media_url,page,13012,accessories,Accessories,https://coveinterior.com/wp-content/uploads/2023/08/tray-430x392.jpg,https://coveinterior.com/wp-content/uploads/2023/08/tray.jpg,/media/wordpress-migration/2023/08/tray.jpg,tray.jpg,content structure rewrite requires separate portfolio/page implementation approval; file import is approved independently
rewrite_embedded_media_url,page_embedded_media_url,page,17144,all-brass-products,All Brass Products,https://coveinterior.com/wp-content/uploads/2023/08/tray-150x137.jpg,https://coveinterior.com/wp-content/uploads/2023/08/tray.jpg,/media/wordpress-migration/2023/08/tray.jpg,tray.jpg,content structure rewrite requires separate portfolio/page implementation approval; file import is approved independently
rewrite_embedded_media_url,page_embedded_media_url,page,13012,accessories,Accessories,https://coveinterior.com/wp-content/uploads/2023/08/tray-150x137.jpg,https://coveinterior.com/wp-content/uploads/2023/08/tray.jpg,/media/wordpress-migration/2023/08/tray.jpg,tray.jpg,content structure rewrite requires separate portfolio/page implementation approval; file import is approved independently
rewrite_embedded_media_url,page_embedded_media_url,page,17144,all-brass-products,All Brass Products,https://coveinterior.com/wp-content/uploads/2023/08/tray-700x638.jpg,https://coveinterior.com/wp-content/uploads/2023/08/tray.jpg,/media/wordpress-migration/2023/08/tray.jpg,tray.jpg,content structure rewrite requires separate portfolio/page implementation approval; file import is approved independently
rewrite_embedded_media_url,page_embedded_media_url,page,13012,accessories,Accessories,https://coveinterior.com/wp-content/uploads/2023/08/tray-700x638.jpg,https://coveinterior.com/wp-content/uploads/2023/08/tray.jpg,/media/wordpress-migration/2023/08/tray.jpg,tray.jpg,content structure rewrite requires separate portfolio/page implementation approval; file import is approved independently
rewrite_embedded_media_url,page_embedded_media_url,page,17144,all-brass-products,All Brass Products,https://coveinterior.com/wp-content/uploads/2023/08/tray-329x300.jpg,https://coveinterior.com/wp-content/uploads/2023/08/tray.jpg,/media/wordpress-migration/2023/08/tray.jpg,tray.jpg,content structure rewrite requires separate portfolio/page implementation approval; file import is approved independently
rewrite_embedded_media_url,page_embedded_media_url,page,13012,accessories,Accessories,https://coveinterior.com/wp-content/uploads/2023/08/tray-329x300.jpg,https://coveinterior.com/wp-content/uploads/2023/08/tray.jpg,/media/wordpress-migration/2023/08/tray.jpg,tray.jpg,content structure rewrite requires separate portfolio/page implementation approval; file import is approved independently
rewrite_embedded_media_url,page_embedded_media_url,page,17144,all-brass-products,All Brass Products,https://coveinterior.com/wp-content/uploads/2023/08/tray-878x800.jpg,https://coveinterior.com/wp-content/uploads/2023/08/tray.jpg,/media/wordpress-migration/2023/08/tray.jpg,tray.jpg,content structure rewrite requires separate portfolio/page implementation approval; file import is approved independently
rewrite_embedded_media_url,page_embedded_media_url,page,13012,accessories,Accessories,https://coveinterior.com/wp-content/uploads/2023/08/tray-878x800.jpg,https://coveinterior.com/wp-content/uploads/2023/08/tray.jpg,/media/wordpress-migration/2023/08/tray.jpg,tray.jpg,content structure rewrite requires separate portfolio/page implementation approval; file import is approved independently
rewrite_embedded_media_url,page_embedded_media_url,page,17144,all-brass-products,All Brass Products,https://coveinterior.com/wp-content/uploads/2023/08/tray-768x699.jpg,https://coveinterior.com/wp-content/uploads/2023/08/tray.jpg,/media/wordpress-migration/2023/08/tray.jpg,tray.jpg,content structure rewrite requires separate portfolio/page implementation approval; file import is approved independently
rewrite_embedded_media_url,page_embedded_media_url,page,13012,accessories,Accessories,https://coveinterior.com/wp-content/uploads/2023/08/tray-768x699.jpg,https://coveinterior.com/wp-content/uploads/2023/08/tray.jpg,/media/wordpress-migration/2023/08/tray.jpg,tray.jpg,content structure rewrite requires separate portfolio/page implementation approval; file import is approved independently
rewrite_embedded_media_url,page_embedded_media_url,page,17144,all-brass-products,All Brass Products,https://coveinterior.com/wp-content/uploads/2023/08/tray-1536x1399.jpg,https://coveinterior.com/wp-content/uploads/2023/08/tray.jpg,/media/wordpress-migration/2023/08/tray.jpg,tray.jpg,content structure rewrite requires separate portfolio/page implementation approval; file import is approved independently
rewrite_embedded_media_url,page_embedded_media_url,page,13012,accessories,Accessories,https://coveinterior.com/wp-content/uploads/2023/08/tray-1536x1399.jpg,https://coveinterior.com/wp-content/uploads/2023/08/tray.jpg,/media/wordpress-migration/2023/08/tray.jpg,tray.jpg,content structure rewrite requires separate portfolio/page implementation approval; file import is approved independently
rewrite_embedded_media_url,page_embedded_media_url,page,17144,all-brass-products,All Brass Products,https://coveinterior.com/wp-content/uploads/2023/08/tray-2048x1865.jpg,https://coveinterior.com/wp-content/uploads/2023/08/tray.jpg,/media/wordpress-migration/2023/08/tray.jpg,tray.jpg,content structure rewrite requires separate portfolio/page implementation approval; file import is approved independently
rewrite_embedded_media_url,page_embedded_media_url,page,13012,accessories,Accessories,https://coveinterior.com/wp-content/uploads/2023/08/tray-2048x1865.jpg,https://coveinterior.com/wp-content/uploads/2023/08/tray.jpg,/media/wordpress-migration/2023/08/tray.jpg,tray.jpg,content structure rewrite requires separate portfolio/page implementation approval; file import is approved independently
rewrite_embedded_media_url,page_embedded_media_url,page,17144,all-brass-products,All Brass Products,https://coveinterior.com/wp-content/uploads/2023/08/tray-860x783.jpg,https://coveinterior.com/wp-content/uploads/2023/08/tray.jpg,/media/wordpress-migration/2023/08/tray.jpg,tray.jpg,content structure rewrite requires separate portfolio/page implementation approval; file import is approved independently
rewrite_embedded_media_url,page_embedded_media_url,page,13012,accessories,Accessories,https://coveinterior.com/wp-content/uploads/2023/08/tray-860x783.jpg,https://coveinterior.com/wp-content/uploads/2023/08/tray.jpg,/media/wordpress-migration/2023/08/tray.jpg,tray.jpg,content structure rewrite requires separate portfolio/page implementation approval; file import is approved independently
rewrite_embedded_media_url,page_embedded_media_url,page,17135,brass-furniture-full,Brass Furniture Full,https://coveinterior.com/wp-content/uploads/2023/02/coffee-tables-1-2-1080x501.jpg,https://coveinterior.com/wp-content/uploads/2023/02/coffee-tables-1-2.jpg,/media/wordpress-migration/2023/02/coffee-tables-1-2.jpg,coffee-tables-1-2.jpg,content structure rewrite requires separate portfolio/page implementation approval; file import is approved independently
rewrite_embedded_media_url,page_embedded_media_url,page,7442,brass-furniture,Brass furniture,https://coveinterior.com/wp-content/uploads/2023/02/coffee-tables-1-2-1080x501.jpg,https://coveinterior.com/wp-content/uploads/2023/02/coffee-tables-1-2.jpg,/media/wordpress-migration/2023/02/coffee-tables-1-2.jpg,coffee-tables-1-2.jpg,content structure rewrite requires separate portfolio/page implementation approval; file import is approved independently
rewrite_embedded_media_url,page_embedded_media_url,page,17135,brass-furniture-full,Brass Furniture Full,https://coveinterior.com/wp-content/uploads/2023/12/roshina-Boxes-1080x501.jpg,https://coveinterior.com/wp-content/uploads/2023/12/roshina-Boxes.jpg,/media/wordpress-migration/2023/12/roshina-Boxes.jpg,roshina-Boxes.jpg,content structure rewrite requires separate portfolio/page implementation approval; file import is approved independently
rewrite_embedded_media_url,page_embedded_media_url,page,7442,brass-furniture,Brass furniture,https://coveinterior.com/wp-content/uploads/2023/12/roshina-Boxes-1080x501.jpg,https://coveinterior.com/wp-content/uploads/2023/12/roshina-Boxes.jpg,/media/wordpress-migration/2023/12/roshina-Boxes.jpg,roshina-Boxes.jpg,content structure rewrite requires separate portfolio/page implementation approval; file import is approved independently
rewrite_embedded_media_url,page_embedded_media_url,page,17135,brass-furniture-full,Brass Furniture Full,https://coveinterior.com/wp-content/uploads/2023/12/accessories-1-en-1080x501.jpg,https://coveinterior.com/wp-content/uploads/2023/12/accessories-1-en.jpg,/media/wordpress-migration/2023/12/accessories-1-en.jpg,accessories-1-en.jpg,content structure rewrite requires separate portfolio/page implementation approval; file import is approved independently
rewrite_embedded_media_url,page_embedded_media_url,page,7442,brass-furniture,Brass furniture,https://coveinterior.com/wp-content/uploads/2023/12/accessories-1-en-1080x501.jpg,https://coveinterior.com/wp-content/uploads/2023/12/accessories-1-en.jpg,/media/wordpress-migration/2023/12/accessories-1-en.jpg,accessories-1-en.jpg,content structure rewrite requires separate portfolio/page implementation approval; file import is approved independently
rewrite_embedded_media_url,page_embedded_media_url,page,12788,roshina-3-box,Roshina 3 box,https://coveinterior.com/wp-content/uploads/2023/07/Roshina-3-Camel-1-430x430.jpg,https://coveinterior.com/wp-content/uploads/2023/07/Roshina-3-Camel-1.jpg,/media/wordpress-migration/2023/07/Roshina-3-Camel-1.jpg,Roshina-3-Camel-1.jpg,content structure rewrite requires separate portfolio/page implementation approval; file import is approved independently
rewrite_embedded_media_url,page_embedded_media_url,page,12788,roshina-3-box,Roshina 3 box,https://coveinterior.com/wp-content/uploads/2023/07/Roshina-3-Camel-1-150x150.jpg,https://coveinterior.com/wp-content/uploads/2023/07/Roshina-3-Camel-1.jpg,/media/wordpress-migration/2023/07/Roshina-3-Camel-1.jpg,Roshina-3-Camel-1.jpg,content structure rewrite requires separate portfolio/page implementation approval; file import is approved independently
rewrite_embedded_media_url,page_embedded_media_url,page,12788,roshina-3-box,Roshina 3 box,https://coveinterior.com/wp-content/uploads/2023/07/Roshina-3-Camel-1-700x700.jpg,https://coveinterior.com/wp-content/uploads/2023/07/Roshina-3-Camel-1.jpg,/media/wordpress-migration/2023/07/Roshina-3-Camel-1.jpg,Roshina-3-Camel-1.jpg,content structure rewrite requires separate portfolio/page implementation approval; file import is approved independently
rewrite_embedded_media_url,page_embedded_media_url,page,12788,roshina-3-box,Roshina 3 box,https://coveinterior.com/wp-content/uploads/2023/07/Roshina-3-Camel-1-300x300.jpg,https://coveinterior.com/wp-content/uploads/2023/07/Roshina-3-Camel-1.jpg,/media/wordpress-migration/2023/07/Roshina-3-Camel-1.jpg,Roshina-3-Camel-1.jpg,content structure rewrite requires separate portfolio/page implementation approval; file import is approved independently
rewrite_embedded_media_url,page_embedded_media_url,page,12788,roshina-3-box,Roshina 3 box,https://coveinterior.com/wp-content/uploads/2023/07/Roshina-3-Camel-1-800x800.jpg,https://coveinterior.com/wp-content/uploads/2023/07/Roshina-3-Camel-1.jpg,/media/wordpress-migration/2023/07/Roshina-3-Camel-1.jpg,Roshina-3-Camel-1.jpg,content structure rewrite requires separate portfolio/page implementation approval; file import is approved independently
rewrite_embedded_media_url,page_embedded_media_url,page,12788,roshina-3-box,Roshina 3 box,https://coveinterior.com/wp-content/uploads/2023/07/Roshina-3-Camel-1-768x768.jpg,https://coveinterior.com/wp-content/uploads/2023/07/Roshina-3-Camel-1.jpg,/media/wordpress-migration/2023/07/Roshina-3-Camel-1.jpg,Roshina-3-Camel-1.jpg,content structure rewrite requires separate portfolio/page implementation approval; file import is approved independently
rewrite_embedded_media_url,page_embedded_media_url,page,12788,roshina-3-box,Roshina 3 box,https://coveinterior.com/wp-content/uploads/2023/07/Roshina-3-Camel-1-860x860.jpg,https://coveinterior.com/wp-content/uploads/2023/07/Roshina-3-Camel-1.jpg,/media/wordpress-migration/2023/07/Roshina-3-Camel-1.jpg,Roshina-3-Camel-1.jpg,content structure rewrite requires separate portfolio/page implementation approval; file import is approved independently
rewrite_embedded_media_url,page_embedded_media_url,page,12788,roshina-3-box,Roshina 3 box,https://coveinterior.com/wp-content/uploads/2023/07/Roshina-3-Camel-1.jpg,https://coveinterior.com/wp-content/uploads/2023/07/Roshina-3-Camel-1.jpg,/media/wordpress-migration/2023/07/Roshina-3-Camel-1.jpg,Roshina-3-Camel-1.jpg,content structure rewrite requires separate portfolio/page implementation approval; file import is approved independently
rewrite_embedded_media_url,page_embedded_media_url,page,12788,roshina-3-box,Roshina 3 box,https://coveinterior.com/wp-content/uploads/2023/07/Roshina-3-Light-blue-1-430x430.jpg,https://coveinterior.com/wp-content/uploads/2023/07/Roshina-3-Light-blue-1.jpg,/media/wordpress-migration/2023/07/Roshina-3-Light-blue-1.jpg,Roshina-3-Light-blue-1.jpg,content structure rewrite requires separate portfolio/page implementation approval; file import is approved independently
rewrite_embedded_media_url,page_embedded_media_url,page,12788,roshina-3-box,Roshina 3 box,https://coveinterior.com/wp-content/uploads/2023/07/Roshina-3-Light-blue-1-150x150.jpg,https://coveinterior.com/wp-content/uploads/2023/07/Roshina-3-Light-blue-1.jpg,/media/wordpress-migration/2023/07/Roshina-3-Light-blue-1.jpg,Roshina-3-Light-blue-1.jpg,content structure rewrite requires separate portfolio/page implementation approval; file import is approved independently
rewrite_embedded_media_url,page_embedded_media_url,page,12788,roshina-3-box,Roshina 3 box,https://coveinterior.com/wp-content/uploads/2023/07/Roshina-3-Light-blue-1-700x700.jpg,https://coveinterior.com/wp-content/uploads/2023/07/Roshina-3-Light-blue-1.jpg,/media/wordpress-migration/2023/07/Roshina-3-Light-blue-1.jpg,Roshina-3-Light-blue-1.jpg,content structure rewrite requires separate portfolio/page implementation approval; file import is approved independently
rewrite_embedded_media_url,page_embedded_media_url,page,12788,roshina-3-box,Roshina 3 box,https://coveinterior.com/wp-content/uploads/2023/07/Roshina-3-Light-blue-1-300x300.jpg,https://coveinterior.com/wp-content/uploads/2023/07/Roshina-3-Light-blue-1.jpg,/media/wordpress-migration/2023/07/Roshina-3-Light-blue-1.jpg,Roshina-3-Light-blue-1.jpg,content structure rewrite requires separate portfolio/page implementation approval; file import is approved independently
rewrite_embedded_media_url,page_embedded_media_url,page,12788,roshina-3-box,Roshina 3 box,https://coveinterior.com/wp-content/uploads/2023/07/Roshina-3-Light-blue-1-800x800.jpg,https://coveinterior.com/wp-content/uploads/2023/07/Roshina-3-Light-blue-1.jpg,/media/wordpress-migration/2023/07/Roshina-3-Light-blue-1.jpg,Roshina-3-Light-blue-1.jpg,content structure rewrite requires separate portfolio/page implementation approval; file import is approved independently
rewrite_embedded_media_url,page_embedded_media_url,page,12788,roshina-3-box,Roshina 3 box,https://coveinterior.com/wp-content/uploads/2023/07/Roshina-3-Light-blue-1-768x768.jpg,https://coveinterior.com/wp-content/uploads/2023/07/Roshina-3-Light-blue-1.jpg,/media/wordpress-migration/2023/07/Roshina-3-Light-blue-1.jpg,Roshina-3-Light-blue-1.jpg,content structure rewrite requires separate portfolio/page implementation approval; file import is approved independently
rewrite_embedded_media_url,page_embedded_media_url,page,12788,roshina-3-box,Roshina 3 box,https://coveinterior.com/wp-content/uploads/2023/07/Roshina-3-Light-blue-1-860x860.jpg,https://coveinterior.com/wp-content/uploads/2023/07/Roshina-3-Light-blue-1.jpg,/media/wordpress-migration/2023/07/Roshina-3-Light-blue-1.jpg,Roshina-3-Light-blue-1.jpg,content structure rewrite requires separate portfolio/page implementation approval; file import is approved independently
rewrite_embedded_media_url,page_embedded_media_url,page,12788,roshina-3-box,Roshina 3 box,https://coveinterior.com/wp-content/uploads/2023/07/Roshina-3-Light-blue-1.jpg,https://coveinterior.com/wp-content/uploads/2023/07/Roshina-3-Light-blue-1.jpg,/media/wordpress-migration/2023/07/Roshina-3-Light-blue-1.jpg,Roshina-3-Light-blue-1.jpg,content structure rewrite requires separate portfolio/page implementation approval; file import is approved independently
rewrite_embedded_media_url,page_embedded_media_url,page,12788,roshina-3-box,Roshina 3 box,https://coveinterior.com/wp-content/uploads/2023/07/Roshina-3-Maroon-1-430x430.jpg,https://coveinterior.com/wp-content/uploads/2023/07/Roshina-3-Maroon-1.jpg,/media/wordpress-migration/2023/07/Roshina-3-Maroon-1.jpg,Roshina-3-Maroon-1.jpg,content structure rewrite requires separate portfolio/page implementation approval; file import is approved independently
rewrite_embedded_media_url,page_embedded_media_url,page,12788,roshina-3-box,Roshina 3 box,https://coveinterior.com/wp-content/uploads/2023/07/Roshina-3-Maroon-1-150x150.jpg,https://coveinterior.com/wp-content/uploads/2023/07/Roshina-3-Maroon-1.jpg,/media/wordpress-migration/2023/07/Roshina-3-Maroon-1.jpg,Roshina-3-Maroon-1.jpg,content structure rewrite requires separate portfolio/page implementation approval; file import is approved independently
rewrite_embedded_media_url,page_embedded_media_url,page,12788,roshina-3-box,Roshina 3 box,https://coveinterior.com/wp-content/uploads/2023/07/Roshina-3-Maroon-1-700x700.jpg,https://coveinterior.com/wp-content/uploads/2023/07/Roshina-3-Maroon-1.jpg,/media/wordpress-migration/2023/07/Roshina-3-Maroon-1.jpg,Roshina-3-Maroon-1.jpg,content structure rewrite requires separate portfolio/page implementation approval; file import is approved independently
rewrite_embedded_media_url,page_embedded_media_url,page,12788,roshina-3-box,Roshina 3 box,https://coveinterior.com/wp-content/uploads/2023/07/Roshina-3-Maroon-1-300x300.jpg,https://coveinterior.com/wp-content/uploads/2023/07/Roshina-3-Maroon-1.jpg,/media/wordpress-migration/2023/07/Roshina-3-Maroon-1.jpg,Roshina-3-Maroon-1.jpg,content structure rewrite requires separate portfolio/page implementation approval; file import is approved independently
rewrite_embedded_media_url,page_embedded_media_url,page,12788,roshina-3-box,Roshina 3 box,https://coveinterior.com/wp-content/uploads/2023/07/Roshina-3-Maroon-1-800x800.jpg,https://coveinterior.com/wp-content/uploads/2023/07/Roshina-3-Maroon-1.jpg,/media/wordpress-migration/2023/07/Roshina-3-Maroon-1.jpg,Roshina-3-Maroon-1.jpg,content structure rewrite requires separate portfolio/page implementation approval; file import is approved independently
rewrite_embedded_media_url,page_embedded_media_url,page,12788,roshina-3-box,Roshina 3 box,https://coveinterior.com/wp-content/uploads/2023/07/Roshina-3-Maroon-1-768x768.jpg,https://coveinterior.com/wp-content/uploads/2023/07/Roshina-3-Maroon-1.jpg,/media/wordpress-migration/2023/07/Roshina-3-Maroon-1.jpg,Roshina-3-Maroon-1.jpg,content structure rewrite requires separate portfolio/page implementation approval; file import is approved independently
rewrite_embedded_media_url,page_embedded_media_url,page,12788,roshina-3-box,Roshina 3 box,https://coveinterior.com/wp-content/uploads/2023/07/Roshina-3-Maroon-1-860x860.jpg,https://coveinterior.com/wp-content/uploads/2023/07/Roshina-3-Maroon-1.jpg,/media/wordpress-migration/2023/07/Roshina-3-Maroon-1.jpg,Roshina-3-Maroon-1.jpg,content structure rewrite requires separate portfolio/page implementation approval; file import is approved independently
rewrite_embedded_media_url,page_embedded_media_url,page,12788,roshina-3-box,Roshina 3 box,https://coveinterior.com/wp-content/uploads/2023/07/Roshina-3-Maroon-1.jpg,https://coveinterior.com/wp-content/uploads/2023/07/Roshina-3-Maroon-1.jpg,/media/wordpress-migration/2023/07/Roshina-3-Maroon-1.jpg,Roshina-3-Maroon-1.jpg,content structure rewrite requires separate portfolio/page implementation approval; file import is approved independently
rewrite_embedded_media_url,page_embedded_media_url,page,9032,events,Events,https://coveinterior.com/wp-content/uploads/2022/07/Special-Invitation-From-Hasan-Abul-Company--800x800.jpg,https://coveinterior.com/wp-content/uploads/2022/07/Special-Invitation-From-Hasan-Abul-Company-.jpg,/media/wordpress-migration/2022/07/Special-Invitation-From-Hasan-Abul-Company-.jpg,Special-Invitation-From-Hasan-Abul-Company-.jpg,content structure rewrite requires separate portfolio/page implementation approval; file import is approved independently
rewrite_embedded_media_url,page_embedded_media_url,page,9032,events,Events,https://coveinterior.com/wp-content/uploads/2022/07/Special-Invitation-From-Hasan-Abul-Company--430x430.jpg,https://coveinterior.com/wp-content/uploads/2022/07/Special-Invitation-From-Hasan-Abul-Company-.jpg,/media/wordpress-migration/2022/07/Special-Invitation-From-Hasan-Abul-Company-.jpg,Special-Invitation-From-Hasan-Abul-Company-.jpg,content structure rewrite requires separate portfolio/page implementation approval; file import is approved independently
rewrite_embedded_media_url,page_embedded_media_url,page,9032,events,Events,https://coveinterior.com/wp-content/uploads/2022/07/Special-Invitation-From-Hasan-Abul-Company--150x150.jpg,https://coveinterior.com/wp-content/uploads/2022/07/Special-Invitation-From-Hasan-Abul-Company-.jpg,/media/wordpress-migration/2022/07/Special-Invitation-From-Hasan-Abul-Company-.jpg,Special-Invitation-From-Hasan-Abul-Company-.jpg,content structure rewrite requires separate portfolio/page implementation approval; file import is approved independently
rewrite_embedded_media_url,page_embedded_media_url,page,9032,events,Events,https://coveinterior.com/wp-content/uploads/2022/07/Special-Invitation-From-Hasan-Abul-Company--700x700.jpg,https://coveinterior.com/wp-content/uploads/2022/07/Special-Invitation-From-Hasan-Abul-Company-.jpg,/media/wordpress-migration/2022/07/Special-Invitation-From-Hasan-Abul-Company-.jpg,Special-Invitation-From-Hasan-Abul-Company-.jpg,content structure rewrite requires separate portfolio/page implementation approval; file import is approved independently
rewrite_embedded_media_url,page_embedded_media_url,page,9032,events,Events,https://coveinterior.com/wp-content/uploads/2022/07/Special-Invitation-From-Hasan-Abul-Company--300x300.jpg,https://coveinterior.com/wp-content/uploads/2022/07/Special-Invitation-From-Hasan-Abul-Company-.jpg,/media/wordpress-migration/2022/07/Special-Invitation-From-Hasan-Abul-Company-.jpg,Special-Invitation-From-Hasan-Abul-Company-.jpg,content structure rewrite requires separate portfolio/page implementation approval; file import is approved independently
rewrite_embedded_media_url,page_embedded_media_url,page,9032,events,Events,https://coveinterior.com/wp-content/uploads/2022/07/Special-Invitation-From-Hasan-Abul-Company--768x768.jpg,https://coveinterior.com/wp-content/uploads/2022/07/Special-Invitation-From-Hasan-Abul-Company-.jpg,/media/wordpress-migration/2022/07/Special-Invitation-From-Hasan-Abul-Company-.jpg,Special-Invitation-From-Hasan-Abul-Company-.jpg,content structure rewrite requires separate portfolio/page implementation approval; file import is approved independently
rewrite_embedded_media_url,page_embedded_media_url,page,9032,events,Events,https://coveinterior.com/wp-content/uploads/2022/07/Special-Invitation-From-Hasan-Abul-Company--860x860.jpg,https://coveinterior.com/wp-content/uploads/2022/07/Special-Invitation-From-Hasan-Abul-Company-.jpg,/media/wordpress-migration/2022/07/Special-Invitation-From-Hasan-Abul-Company-.jpg,Special-Invitation-From-Hasan-Abul-Company-.jpg,content structure rewrite requires separate portfolio/page implementation approval; file import is approved independently
rewrite_embedded_media_url,page_embedded_media_url,page,9032,events,Events,https://coveinterior.com/wp-content/uploads/2022/07/Special-Invitation-From-Hasan-Abul-Company-.jpg,https://coveinterior.com/wp-content/uploads/2022/07/Special-Invitation-From-Hasan-Abul-Company-.jpg,/media/wordpress-migration/2022/07/Special-Invitation-From-Hasan-Abul-Company-.jpg,Special-Invitation-From-Hasan-Abul-Company-.jpg,content structure rewrite requires separate portfolio/page implementation approval; file import is approved independently
rewrite_embedded_media_url,page_embedded_media_url,page,9032,events,Events,https://coveinterior.com/wp-content/uploads/2022/07/Engineers-Without-Borders-Forum--800x800.jpg,https://coveinterior.com/wp-content/uploads/2022/07/Engineers-Without-Borders-Forum-.jpg,/media/wordpress-migration/2022/07/Engineers-Without-Borders-Forum-.jpg,Engineers-Without-Borders-Forum-.jpg,content structure rewrite requires separate portfolio/page implementation approval; file import is approved independently
rewrite_embedded_media_url,page_embedded_media_url,page,9032,events,Events,https://coveinterior.com/wp-content/uploads/2022/07/Engineers-Without-Borders-Forum--430x430.jpg,https://coveinterior.com/wp-content/uploads/2022/07/Engineers-Without-Borders-Forum-.jpg,/media/wordpress-migration/2022/07/Engineers-Without-Borders-Forum-.jpg,Engineers-Without-Borders-Forum-.jpg,content structure rewrite requires separate portfolio/page implementation approval; file import is approved independently
rewrite_embedded_media_url,page_embedded_media_url,page,9032,events,Events,https://coveinterior.com/wp-content/uploads/2022/07/Engineers-Without-Borders-Forum--150x150.jpg,https://coveinterior.com/wp-content/uploads/2022/07/Engineers-Without-Borders-Forum-.jpg,/media/wordpress-migration/2022/07/Engineers-Without-Borders-Forum-.jpg,Engineers-Without-Borders-Forum-.jpg,content structure rewrite requires separate portfolio/page implementation approval; file import is approved independently
rewrite_embedded_media_url,page_embedded_media_url,page,9032,events,Events,https://coveinterior.com/wp-content/uploads/2022/07/Engineers-Without-Borders-Forum--700x700.jpg,https://coveinterior.com/wp-content/uploads/2022/07/Engineers-Without-Borders-Forum-.jpg,/media/wordpress-migration/2022/07/Engineers-Without-Borders-Forum-.jpg,Engineers-Without-Borders-Forum-.jpg,content structure rewrite requires separate portfolio/page implementation approval; file import is approved independently
rewrite_embedded_media_url,page_embedded_media_url,page,9032,events,Events,https://coveinterior.com/wp-content/uploads/2022/07/Engineers-Without-Borders-Forum--300x300.jpg,https://coveinterior.com/wp-content/uploads/2022/07/Engineers-Without-Borders-Forum-.jpg,/media/wordpress-migration/2022/07/Engineers-Without-Borders-Forum-.jpg,Engineers-Without-Borders-Forum-.jpg,content structure rewrite requires separate portfolio/page implementation approval; file import is approved independently
rewrite_embedded_media_url,page_embedded_media_url,page,9032,events,Events,https://coveinterior.com/wp-content/uploads/2022/07/Engineers-Without-Borders-Forum--768x768.jpg,https://coveinterior.com/wp-content/uploads/2022/07/Engineers-Without-Borders-Forum-.jpg,/media/wordpress-migration/2022/07/Engineers-Without-Borders-Forum-.jpg,Engineers-Without-Borders-Forum-.jpg,content structure rewrite requires separate portfolio/page implementation approval; file import is approved independently
rewrite_embedded_media_url,page_embedded_media_url,page,9032,events,Events,https://coveinterior.com/wp-content/uploads/2022/07/Engineers-Without-Borders-Forum--860x860.jpg,https://coveinterior.com/wp-content/uploads/2022/07/Engineers-Without-Borders-Forum-.jpg,/media/wordpress-migration/2022/07/Engineers-Without-Borders-Forum-.jpg,Engineers-Without-Borders-Forum-.jpg,content structure rewrite requires separate portfolio/page implementation approval; file import is approved independently
rewrite_embedded_media_url,page_embedded_media_url,page,9032,events,Events,https://coveinterior.com/wp-content/uploads/2022/07/Engineers-Without-Borders-Forum-.jpg,https://coveinterior.com/wp-content/uploads/2022/07/Engineers-Without-Borders-Forum-.jpg,/media/wordpress-migration/2022/07/Engineers-Without-Borders-Forum-.jpg,Engineers-Without-Borders-Forum-.jpg,content structure rewrite requires separate portfolio/page implementation approval; file import is approved independently
rewrite_embedded_media_url,page_embedded_media_url,page,9032,events,Events,https://coveinterior.com/wp-content/uploads/2022/07/Alawatan-TV-Interview-1-2-800x800.jpg,https://coveinterior.com/wp-content/uploads/2022/07/Alawatan-TV-Interview-1-2.jpg,/media/wordpress-migration/2022/07/Alawatan-TV-Interview-1-2.jpg,Alawatan-TV-Interview-1-2.jpg,content structure rewrite requires separate portfolio/page implementation approval; file import is approved independently
rewrite_embedded_media_url,page_embedded_media_url,page,9032,events,Events,https://coveinterior.com/wp-content/uploads/2022/07/Alawatan-TV-Interview-1-2-430x430.jpg,https://coveinterior.com/wp-content/uploads/2022/07/Alawatan-TV-Interview-1-2.jpg,/media/wordpress-migration/2022/07/Alawatan-TV-Interview-1-2.jpg,Alawatan-TV-Interview-1-2.jpg,content structure rewrite requires separate portfolio/page implementation approval; file import is approved independently
rewrite_embedded_media_url,page_embedded_media_url,page,9032,events,Events,https://coveinterior.com/wp-content/uploads/2022/07/Alawatan-TV-Interview-1-2-150x150.jpg,https://coveinterior.com/wp-content/uploads/2022/07/Alawatan-TV-Interview-1-2.jpg,/media/wordpress-migration/2022/07/Alawatan-TV-Interview-1-2.jpg,Alawatan-TV-Interview-1-2.jpg,content structure rewrite requires separate portfolio/page implementation approval; file import is approved independently
rewrite_embedded_media_url,page_embedded_media_url,page,9032,events,Events,https://coveinterior.com/wp-content/uploads/2022/07/Alawatan-TV-Interview-1-2-700x700.jpg,https://coveinterior.com/wp-content/uploads/2022/07/Alawatan-TV-Interview-1-2.jpg,/media/wordpress-migration/2022/07/Alawatan-TV-Interview-1-2.jpg,Alawatan-TV-Interview-1-2.jpg,content structure rewrite requires separate portfolio/page implementation approval; file import is approved independently
rewrite_embedded_media_url,page_embedded_media_url,page,9032,events,Events,https://coveinterior.com/wp-content/uploads/2022/07/Alawatan-TV-Interview-1-2-300x300.jpg,https://coveinterior.com/wp-content/uploads/2022/07/Alawatan-TV-Interview-1-2.jpg,/media/wordpress-migration/2022/07/Alawatan-TV-Interview-1-2.jpg,Alawatan-TV-Interview-1-2.jpg,content structure rewrite requires separate portfolio/page implementation approval; file import is approved independently
rewrite_embedded_media_url,page_embedded_media_url,page,9032,events,Events,https://coveinterior.com/wp-content/uploads/2022/07/Alawatan-TV-Interview-1-2-768x768.jpg,https://coveinterior.com/wp-content/uploads/2022/07/Alawatan-TV-Interview-1-2.jpg,/media/wordpress-migration/2022/07/Alawatan-TV-Interview-1-2.jpg,Alawatan-TV-Interview-1-2.jpg,content structure rewrite requires separate portfolio/page implementation approval; file import is approved independently
rewrite_embedded_media_url,page_embedded_media_url,page,9032,events,Events,https://coveinterior.com/wp-content/uploads/2022/07/Alawatan-TV-Interview-1-2-860x860.jpg,https://coveinterior.com/wp-content/uploads/2022/07/Alawatan-TV-Interview-1-2.jpg,/media/wordpress-migration/2022/07/Alawatan-TV-Interview-1-2.jpg,Alawatan-TV-Interview-1-2.jpg,content structure rewrite requires separate portfolio/page implementation approval; file import is approved independently
rewrite_embedded_media_url,page_embedded_media_url,page,9032,events,Events,https://coveinterior.com/wp-content/uploads/2022/07/Alawatan-TV-Interview-1-2.jpg,https://coveinterior.com/wp-content/uploads/2022/07/Alawatan-TV-Interview-1-2.jpg,/media/wordpress-migration/2022/07/Alawatan-TV-Interview-1-2.jpg,Alawatan-TV-Interview-1-2.jpg,content structure rewrite requires separate portfolio/page implementation approval; file import is approved independently
rewrite_embedded_media_url,page_embedded_media_url,page,9032,events,Events,https://coveinterior.com/wp-content/uploads/2022/07/Visitors-1-800x800.jpg,https://coveinterior.com/wp-content/uploads/2022/07/Visitors-1.jpg,/media/wordpress-migration/2022/07/Visitors-1.jpg,Visitors-1.jpg,content structure rewrite requires separate portfolio/page implementation approval; file import is approved independently
rewrite_embedded_media_url,page_embedded_media_url,page,9032,events,Events,https://coveinterior.com/wp-content/uploads/2022/07/Visitors-1-430x430.jpg,https://coveinterior.com/wp-content/uploads/2022/07/Visitors-1.jpg,/media/wordpress-migration/2022/07/Visitors-1.jpg,Visitors-1.jpg,content structure rewrite requires separate portfolio/page implementation approval; file import is approved independently
rewrite_embedded_media_url,page_embedded_media_url,page,9032,events,Events,https://coveinterior.com/wp-content/uploads/2022/07/Visitors-1-150x150.jpg,https://coveinterior.com/wp-content/uploads/2022/07/Visitors-1.jpg,/media/wordpress-migration/2022/07/Visitors-1.jpg,Visitors-1.jpg,content structure rewrite requires separate portfolio/page implementation approval; file import is approved independently
rewrite_embedded_media_url,page_embedded_media_url,page,9032,events,Events,https://coveinterior.com/wp-content/uploads/2022/07/Visitors-1-700x700.jpg,https://coveinterior.com/wp-content/uploads/2022/07/Visitors-1.jpg,/media/wordpress-migration/2022/07/Visitors-1.jpg,Visitors-1.jpg,content structure rewrite requires separate portfolio/page implementation approval; file import is approved independently
rewrite_embedded_media_url,page_embedded_media_url,page,9032,events,Events,https://coveinterior.com/wp-content/uploads/2022/07/Visitors-1-300x300.jpg,https://coveinterior.com/wp-content/uploads/2022/07/Visitors-1.jpg,/media/wordpress-migration/2022/07/Visitors-1.jpg,Visitors-1.jpg,content structure rewrite requires separate portfolio/page implementation approval; file import is approved independently
rewrite_embedded_media_url,page_embedded_media_url,page,9032,events,Events,https://coveinterior.com/wp-content/uploads/2022/07/Visitors-1-768x768.jpg,https://coveinterior.com/wp-content/uploads/2022/07/Visitors-1.jpg,/media/wordpress-migration/2022/07/Visitors-1.jpg,Visitors-1.jpg,content structure rewrite requires separate portfolio/page implementation approval; file import is approved independently
rewrite_embedded_media_url,page_embedded_media_url,page,9032,events,Events,https://coveinterior.com/wp-content/uploads/2022/07/Visitors-1-860x860.jpg,https://coveinterior.com/wp-content/uploads/2022/07/Visitors-1.jpg,/media/wordpress-migration/2022/07/Visitors-1.jpg,Visitors-1.jpg,content structure rewrite requires separate portfolio/page implementation approval; file import is approved independently
rewrite_embedded_media_url,page_embedded_media_url,page,9032,events,Events,https://coveinterior.com/wp-content/uploads/2022/07/Visitors-1.jpg,https://coveinterior.com/wp-content/uploads/2022/07/Visitors-1.jpg,/media/wordpress-migration/2022/07/Visitors-1.jpg,Visitors-1.jpg,content structure rewrite requires separate portfolio/page implementation approval; file import is approved independently
rewrite_embedded_media_url,page_embedded_media_url,page,9032,events,Events,https://coveinterior.com/wp-content/uploads/2022/07/Italy-Meeting-800x800.jpg,https://coveinterior.com/wp-content/uploads/2022/07/Italy-Meeting.jpg,/media/wordpress-migration/2022/07/Italy-Meeting.jpg,Italy-Meeting.jpg,content structure rewrite requires separate portfolio/page implementation approval; file import is approved independently
rewrite_embedded_media_url,page_embedded_media_url,page,9032,events,Events,https://coveinterior.com/wp-content/uploads/2022/07/Italy-Meeting-430x430.jpg,https://coveinterior.com/wp-content/uploads/2022/07/Italy-Meeting.jpg,/media/wordpress-migration/2022/07/Italy-Meeting.jpg,Italy-Meeting.jpg,content structure rewrite requires separate portfolio/page implementation approval; file import is approved independently
rewrite_embedded_media_url,page_embedded_media_url,page,9032,events,Events,https://coveinterior.com/wp-content/uploads/2022/07/Italy-Meeting-150x150.jpg,https://coveinterior.com/wp-content/uploads/2022/07/Italy-Meeting.jpg,/media/wordpress-migration/2022/07/Italy-Meeting.jpg,Italy-Meeting.jpg,content structure rewrite requires separate portfolio/page implementation approval; file import is approved independently
rewrite_embedded_media_url,page_embedded_media_url,page,9032,events,Events,https://coveinterior.com/wp-content/uploads/2022/07/Italy-Meeting-700x700.jpg,https://coveinterior.com/wp-content/uploads/2022/07/Italy-Meeting.jpg,/media/wordpress-migration/2022/07/Italy-Meeting.jpg,Italy-Meeting.jpg,content structure rewrite requires separate portfolio/page implementation approval; file import is approved independently
rewrite_embedded_media_url,page_embedded_media_url,page,9032,events,Events,https://coveinterior.com/wp-content/uploads/2022/07/Italy-Meeting-300x300.jpg,https://coveinterior.com/wp-content/uploads/2022/07/Italy-Meeting.jpg,/media/wordpress-migration/2022/07/Italy-Meeting.jpg,Italy-Meeting.jpg,content structure rewrite requires separate portfolio/page implementation approval; file import is approved independently
rewrite_embedded_media_url,page_embedded_media_url,page,9032,events,Events,https://coveinterior.com/wp-content/uploads/2022/07/Italy-Meeting-768x768.jpg,https://coveinterior.com/wp-content/uploads/2022/07/Italy-Meeting.jpg,/media/wordpress-migration/2022/07/Italy-Meeting.jpg,Italy-Meeting.jpg,content structure rewrite requires separate portfolio/page implementation approval; file import is approved independently
rewrite_embedded_media_url,page_embedded_media_url,page,9032,events,Events,https://coveinterior.com/wp-content/uploads/2022/07/Italy-Meeting-860x860.jpg,https://coveinterior.com/wp-content/uploads/2022/07/Italy-Meeting.jpg,/media/wordpress-migration/2022/07/Italy-Meeting.jpg,Italy-Meeting.jpg,content structure rewrite requires separate portfolio/page implementation approval; file import is approved independently
rewrite_embedded_media_url,page_embedded_media_url,page,9032,events,Events,https://coveinterior.com/wp-content/uploads/2022/07/Italy-Meeting.jpg,https://coveinterior.com/wp-content/uploads/2022/07/Italy-Meeting.jpg,/media/wordpress-migration/2022/07/Italy-Meeting.jpg,Italy-Meeting.jpg,content structure rewrite requires separate portfolio/page implementation approval; file import is approved independently
rewrite_embedded_media_url,page_embedded_media_url,page,9032,events,Events,https://coveinterior.com/wp-content/uploads/2022/07/Conference-in-Kuwait-2-800x800.jpg,https://coveinterior.com/wp-content/uploads/2022/07/Conference-in-Kuwait-2.jpg,/media/wordpress-migration/2022/07/Conference-in-Kuwait-2.jpg,Conference-in-Kuwait-2.jpg,content structure rewrite requires separate portfolio/page implementation approval; file import is approved independently
rewrite_embedded_media_url,page_embedded_media_url,page,9032,events,Events,https://coveinterior.com/wp-content/uploads/2022/07/Conference-in-Kuwait-2-430x430.jpg,https://coveinterior.com/wp-content/uploads/2022/07/Conference-in-Kuwait-2.jpg,/media/wordpress-migration/2022/07/Conference-in-Kuwait-2.jpg,Conference-in-Kuwait-2.jpg,content structure rewrite requires separate portfolio/page implementation approval; file import is approved independently
rewrite_embedded_media_url,page_embedded_media_url,page,9032,events,Events,https://coveinterior.com/wp-content/uploads/2022/07/Conference-in-Kuwait-2-150x150.jpg,https://coveinterior.com/wp-content/uploads/2022/07/Conference-in-Kuwait-2.jpg,/media/wordpress-migration/2022/07/Conference-in-Kuwait-2.jpg,Conference-in-Kuwait-2.jpg,content structure rewrite requires separate portfolio/page implementation approval; file import is approved independently
rewrite_embedded_media_url,page_embedded_media_url,page,9032,events,Events,https://coveinterior.com/wp-content/uploads/2022/07/Conference-in-Kuwait-2-700x700.jpg,https://coveinterior.com/wp-content/uploads/2022/07/Conference-in-Kuwait-2.jpg,/media/wordpress-migration/2022/07/Conference-in-Kuwait-2.jpg,Conference-in-Kuwait-2.jpg,content structure rewrite requires separate portfolio/page implementation approval; file import is approved independently
rewrite_embedded_media_url,page_embedded_media_url,page,9032,events,Events,https://coveinterior.com/wp-content/uploads/2022/07/Conference-in-Kuwait-2-300x300.jpg,https://coveinterior.com/wp-content/uploads/2022/07/Conference-in-Kuwait-2.jpg,/media/wordpress-migration/2022/07/Conference-in-Kuwait-2.jpg,Conference-in-Kuwait-2.jpg,content structure rewrite requires separate portfolio/page implementation approval; file import is approved independently
rewrite_embedded_media_url,page_embedded_media_url,page,9032,events,Events,https://coveinterior.com/wp-content/uploads/2022/07/Conference-in-Kuwait-2-768x768.jpg,https://coveinterior.com/wp-content/uploads/2022/07/Conference-in-Kuwait-2.jpg,/media/wordpress-migration/2022/07/Conference-in-Kuwait-2.jpg,Conference-in-Kuwait-2.jpg,content structure rewrite requires separate portfolio/page implementation approval; file import is approved independently
rewrite_embedded_media_url,page_embedded_media_url,page,9032,events,Events,https://coveinterior.com/wp-content/uploads/2022/07/Conference-in-Kuwait-2-860x860.jpg,https://coveinterior.com/wp-content/uploads/2022/07/Conference-in-Kuwait-2.jpg,/media/wordpress-migration/2022/07/Conference-in-Kuwait-2.jpg,Conference-in-Kuwait-2.jpg,content structure rewrite requires separate portfolio/page implementation approval; file import is approved independently
rewrite_embedded_media_url,page_embedded_media_url,page,9032,events,Events,https://coveinterior.com/wp-content/uploads/2022/07/Conference-in-Kuwait-2.jpg,https://coveinterior.com/wp-content/uploads/2022/07/Conference-in-Kuwait-2.jpg,/media/wordpress-migration/2022/07/Conference-in-Kuwait-2.jpg,Conference-in-Kuwait-2.jpg,content structure rewrite requires separate portfolio/page implementation approval; file import is approved independently
rewrite_embedded_media_url,page_embedded_media_url,page,7736,cp,Company portfolio,https://coveinterior.com/wp-content/uploads/2017/06/7-1161x800.jpg,https://coveinterior.com/wp-content/uploads/2017/06/7.jpg,/media/wordpress-migration/2017/06/7.jpg,7.jpg,content structure rewrite requires separate portfolio/page implementation approval; file import is approved independently
rewrite_embedded_media_url,portfolio_embedded_media_url,portfolio,366,bedrooms,Bedrooms,https://coveinterior.com/wp-content/uploads/2017/06/7-1161x800.jpg,https://coveinterior.com/wp-content/uploads/2017/06/7.jpg,/media/wordpress-migration/2017/06/7.jpg,7.jpg,content structure rewrite requires separate portfolio/page implementation approval; file import is approved independently
rewrite_embedded_media_url,page_embedded_media_url,page,7736,cp,Company portfolio,https://coveinterior.com/wp-content/uploads/2017/06/7-430x296.jpg,https://coveinterior.com/wp-content/uploads/2017/06/7.jpg,/media/wordpress-migration/2017/06/7.jpg,7.jpg,content structure rewrite requires separate portfolio/page implementation approval; file import is approved independently
rewrite_embedded_media_url,portfolio_embedded_media_url,portfolio,366,bedrooms,Bedrooms,https://coveinterior.com/wp-content/uploads/2017/06/7-430x296.jpg,https://coveinterior.com/wp-content/uploads/2017/06/7.jpg,/media/wordpress-migration/2017/06/7.jpg,7.jpg,content structure rewrite requires separate portfolio/page implementation approval; file import is approved independently
rewrite_embedded_media_url,page_embedded_media_url,page,7736,cp,Company portfolio,https://coveinterior.com/wp-content/uploads/2017/06/7-150x103.jpg,https://coveinterior.com/wp-content/uploads/2017/06/7.jpg,/media/wordpress-migration/2017/06/7.jpg,7.jpg,content structure rewrite requires separate portfolio/page implementation approval; file import is approved independently
rewrite_embedded_media_url,portfolio_embedded_media_url,portfolio,366,bedrooms,Bedrooms,https://coveinterior.com/wp-content/uploads/2017/06/7-150x103.jpg,https://coveinterior.com/wp-content/uploads/2017/06/7.jpg,/media/wordpress-migration/2017/06/7.jpg,7.jpg,content structure rewrite requires separate portfolio/page implementation approval; file import is approved independently
rewrite_embedded_media_url,page_embedded_media_url,page,7736,cp,Company portfolio,https://coveinterior.com/wp-content/uploads/2017/06/7-700x482.jpg,https://coveinterior.com/wp-content/uploads/2017/06/7.jpg,/media/wordpress-migration/2017/06/7.jpg,7.jpg,content structure rewrite requires separate portfolio/page implementation approval; file import is approved independently
rewrite_embedded_media_url,portfolio_embedded_media_url,portfolio,366,bedrooms,Bedrooms,https://coveinterior.com/wp-content/uploads/2017/06/7-700x482.jpg,https://coveinterior.com/wp-content/uploads/2017/06/7.jpg,/media/wordpress-migration/2017/06/7.jpg,7.jpg,content structure rewrite requires separate portfolio/page implementation approval; file import is approved independently
rewrite_embedded_media_url,page_embedded_media_url,page,7736,cp,Company portfolio,https://coveinterior.com/wp-content/uploads/2017/06/7-400x276.jpg,https://coveinterior.com/wp-content/uploads/2017/06/7.jpg,/media/wordpress-migration/2017/06/7.jpg,7.jpg,content structure rewrite requires separate portfolio/page implementation approval; file import is approved independently
rewrite_embedded_media_url,portfolio_embedded_media_url,portfolio,366,bedrooms,Bedrooms,https://coveinterior.com/wp-content/uploads/2017/06/7-400x276.jpg,https://coveinterior.com/wp-content/uploads/2017/06/7.jpg,/media/wordpress-migration/2017/06/7.jpg,7.jpg,content structure rewrite requires separate portfolio/page implementation approval; file import is approved independently
rewrite_embedded_media_url,page_embedded_media_url,page,7736,cp,Company portfolio,https://coveinterior.com/wp-content/uploads/2017/06/7-768x529.jpg,https://coveinterior.com/wp-content/uploads/2017/06/7.jpg,/media/wordpress-migration/2017/06/7.jpg,7.jpg,content structure rewrite requires separate portfolio/page implementation approval; file import is approved independently
rewrite_embedded_media_url,portfolio_embedded_media_url,portfolio,366,bedrooms,Bedrooms,https://coveinterior.com/wp-content/uploads/2017/06/7-768x529.jpg,https://coveinterior.com/wp-content/uploads/2017/06/7.jpg,/media/wordpress-migration/2017/06/7.jpg,7.jpg,content structure rewrite requires separate portfolio/page implementation approval; file import is approved independently
rewrite_embedded_media_url,page_embedded_media_url,page,7736,cp,Company portfolio,https://coveinterior.com/wp-content/uploads/2017/06/7-1536x1058.jpg,https://coveinterior.com/wp-content/uploads/2017/06/7.jpg,/media/wordpress-migration/2017/06/7.jpg,7.jpg,content structure rewrite requires separate portfolio/page implementation approval; file import is approved independently
rewrite_embedded_media_url,portfolio_embedded_media_url,portfolio,366,bedrooms,Bedrooms,https://coveinterior.com/wp-content/uploads/2017/06/7-1536x1058.jpg,https://coveinterior.com/wp-content/uploads/2017/06/7.jpg,/media/wordpress-migration/2017/06/7.jpg,7.jpg,content structure rewrite requires separate portfolio/page implementation approval; file import is approved independently
rewrite_embedded_media_url,page_embedded_media_url,page,7736,cp,Company portfolio,https://coveinterior.com/wp-content/uploads/2017/06/7-860x593.jpg,https://coveinterior.com/wp-content/uploads/2017/06/7.jpg,/media/wordpress-migration/2017/06/7.jpg,7.jpg,content structure rewrite requires separate portfolio/page implementation approval; file import is approved independently
rewrite_embedded_media_url,portfolio_embedded_media_url,portfolio,366,bedrooms,Bedrooms,https://coveinterior.com/wp-content/uploads/2017/06/7-860x593.jpg,https://coveinterior.com/wp-content/uploads/2017/06/7.jpg,/media/wordpress-migration/2017/06/7.jpg,7.jpg,content structure rewrite requires separate portfolio/page implementation approval; file import is approved independently
rewrite_embedded_media_url,page_embedded_media_url,page,7736,cp,Company portfolio,https://coveinterior.com/wp-content/uploads/2017/06/7.jpg,https://coveinterior.com/wp-content/uploads/2017/06/7.jpg,/media/wordpress-migration/2017/06/7.jpg,7.jpg,content structure rewrite requires separate portfolio/page implementation approval; file import is approved independently
rewrite_embedded_media_url,portfolio_embedded_media_url,portfolio,366,bedrooms,Bedrooms,https://coveinterior.com/wp-content/uploads/2017/06/7.jpg,https://coveinterior.com/wp-content/uploads/2017/06/7.jpg,/media/wordpress-migration/2017/06/7.jpg,7.jpg,content structure rewrite requires separate portfolio/page implementation approval; file import is approved independently
rewrite_embedded_media_url,page_embedded_media_url,page,7736,cp,Company portfolio,https://coveinterior.com/wp-content/uploads/2022/07/3-1-1161x800.jpg,https://coveinterior.com/wp-content/uploads/2022/07/3-1.jpg,/media/wordpress-migration/2022/07/3-1.jpg,3-1.jpg,content structure rewrite requires separate portfolio/page implementation approval; file import is approved independently
rewrite_embedded_media_url,portfolio_embedded_media_url,portfolio,7768,hall-living,Hall &#038; Living,https://coveinterior.com/wp-content/uploads/2022/07/3-1-1161x800.jpg,https://coveinterior.com/wp-content/uploads/2022/07/3-1.jpg,/media/wordpress-migration/2022/07/3-1.jpg,3-1.jpg,content structure rewrite requires separate portfolio/page implementation approval; file import is approved independently
rewrite_embedded_media_url,page_embedded_media_url,page,7736,cp,Company portfolio,https://coveinterior.com/wp-content/uploads/2022/07/3-1-430x296.jpg,https://coveinterior.com/wp-content/uploads/2022/07/3-1.jpg,/media/wordpress-migration/2022/07/3-1.jpg,3-1.jpg,content structure rewrite requires separate portfolio/page implementation approval; file import is approved independently
rewrite_embedded_media_url,portfolio_embedded_media_url,portfolio,7768,hall-living,Hall &#038; Living,https://coveinterior.com/wp-content/uploads/2022/07/3-1-430x296.jpg,https://coveinterior.com/wp-content/uploads/2022/07/3-1.jpg,/media/wordpress-migration/2022/07/3-1.jpg,3-1.jpg,content structure rewrite requires separate portfolio/page implementation approval; file import is approved independently
rewrite_embedded_media_url,page_embedded_media_url,page,7736,cp,Company portfolio,https://coveinterior.com/wp-content/uploads/2022/07/3-1-150x103.jpg,https://coveinterior.com/wp-content/uploads/2022/07/3-1.jpg,/media/wordpress-migration/2022/07/3-1.jpg,3-1.jpg,content structure rewrite requires separate portfolio/page implementation approval; file import is approved independently
rewrite_embedded_media_url,portfolio_embedded_media_url,portfolio,7768,hall-living,Hall &#038; Living,https://coveinterior.com/wp-content/uploads/2022/07/3-1-150x103.jpg,https://coveinterior.com/wp-content/uploads/2022/07/3-1.jpg,/media/wordpress-migration/2022/07/3-1.jpg,3-1.jpg,content structure rewrite requires separate portfolio/page implementation approval; file import is approved independently
rewrite_embedded_media_url,page_embedded_media_url,page,7736,cp,Company portfolio,https://coveinterior.com/wp-content/uploads/2022/07/3-1-700x482.jpg,https://coveinterior.com/wp-content/uploads/2022/07/3-1.jpg,/media/wordpress-migration/2022/07/3-1.jpg,3-1.jpg,content structure rewrite requires separate portfolio/page implementation approval; file import is approved independently
rewrite_embedded_media_url,portfolio_embedded_media_url,portfolio,7768,hall-living,Hall &#038; Living,https://coveinterior.com/wp-content/uploads/2022/07/3-1-700x482.jpg,https://coveinterior.com/wp-content/uploads/2022/07/3-1.jpg,/media/wordpress-migration/2022/07/3-1.jpg,3-1.jpg,content structure rewrite requires separate portfolio/page implementation approval; file import is approved independently
rewrite_embedded_media_url,page_embedded_media_url,page,7736,cp,Company portfolio,https://coveinterior.com/wp-content/uploads/2022/07/3-1-400x276.jpg,https://coveinterior.com/wp-content/uploads/2022/07/3-1.jpg,/media/wordpress-migration/2022/07/3-1.jpg,3-1.jpg,content structure rewrite requires separate portfolio/page implementation approval; file import is approved independently
rewrite_embedded_media_url,portfolio_embedded_media_url,portfolio,7768,hall-living,Hall &#038; Living,https://coveinterior.com/wp-content/uploads/2022/07/3-1-400x276.jpg,https://coveinterior.com/wp-content/uploads/2022/07/3-1.jpg,/media/wordpress-migration/2022/07/3-1.jpg,3-1.jpg,content structure rewrite requires separate portfolio/page implementation approval; file import is approved independently
rewrite_embedded_media_url,page_embedded_media_url,page,7736,cp,Company portfolio,https://coveinterior.com/wp-content/uploads/2022/07/3-1-768x529.jpg,https://coveinterior.com/wp-content/uploads/2022/07/3-1.jpg,/media/wordpress-migration/2022/07/3-1.jpg,3-1.jpg,content structure rewrite requires separate portfolio/page implementation approval; file import is approved independently
rewrite_embedded_media_url,portfolio_embedded_media_url,portfolio,7768,hall-living,Hall &#038; Living,https://coveinterior.com/wp-content/uploads/2022/07/3-1-768x529.jpg,https://coveinterior.com/wp-content/uploads/2022/07/3-1.jpg,/media/wordpress-migration/2022/07/3-1.jpg,3-1.jpg,content structure rewrite requires separate portfolio/page implementation approval; file import is approved independently
rewrite_embedded_media_url,page_embedded_media_url,page,7736,cp,Company portfolio,https://coveinterior.com/wp-content/uploads/2022/07/3-1-1536x1058.jpg,https://coveinterior.com/wp-content/uploads/2022/07/3-1.jpg,/media/wordpress-migration/2022/07/3-1.jpg,3-1.jpg,content structure rewrite requires separate portfolio/page implementation approval; file import is approved independently
rewrite_embedded_media_url,portfolio_embedded_media_url,portfolio,7768,hall-living,Hall &#038; Living,https://coveinterior.com/wp-content/uploads/2022/07/3-1-1536x1058.jpg,https://coveinterior.com/wp-content/uploads/2022/07/3-1.jpg,/media/wordpress-migration/2022/07/3-1.jpg,3-1.jpg,content structure rewrite requires separate portfolio/page implementation approval; file import is approved independently
rewrite_embedded_media_url,page_embedded_media_url,page,7736,cp,Company portfolio,https://coveinterior.com/wp-content/uploads/2022/07/3-1-860x593.jpg,https://coveinterior.com/wp-content/uploads/2022/07/3-1.jpg,/media/wordpress-migration/2022/07/3-1.jpg,3-1.jpg,content structure rewrite requires separate portfolio/page implementation approval; file import is approved independently
rewrite_embedded_media_url,portfolio_embedded_media_url,portfolio,7768,hall-living,Hall &#038; Living,https://coveinterior.com/wp-content/uploads/2022/07/3-1-860x593.jpg,https://coveinterior.com/wp-content/uploads/2022/07/3-1.jpg,/media/wordpress-migration/2022/07/3-1.jpg,3-1.jpg,content structure rewrite requires separate portfolio/page implementation approval; file import is approved independently
rewrite_embedded_media_url,page_embedded_media_url,page,7736,cp,Company portfolio,https://coveinterior.com/wp-content/uploads/2022/07/3-1.jpg,https://coveinterior.com/wp-content/uploads/2022/07/3-1.jpg,/media/wordpress-migration/2022/07/3-1.jpg,3-1.jpg,content structure rewrite requires separate portfolio/page implementation approval; file import is approved independently
rewrite_embedded_media_url,portfolio_embedded_media_url,portfolio,7768,hall-living,Hall &#038; Living,https://coveinterior.com/wp-content/uploads/2022/07/3-1.jpg,https://coveinterior.com/wp-content/uploads/2022/07/3-1.jpg,/media/wordpress-migration/2022/07/3-1.jpg,3-1.jpg,content structure rewrite requires separate portfolio/page implementation approval; file import is approved independently
rewrite_embedded_media_url,page_embedded_media_url,page,7736,cp,Company portfolio,https://coveinterior.com/wp-content/uploads/2022/07/8-1161x800.png,https://coveinterior.com/wp-content/uploads/2022/07/8.png,/media/wordpress-migration/2022/07/8.png,8.png,content structure rewrite requires separate portfolio/page implementation approval; file import is approved independently
rewrite_embedded_media_url,portfolio_embedded_media_url,portfolio,7916,dining-rooms,Dining Rooms,https://coveinterior.com/wp-content/uploads/2022/07/8-1161x800.png,https://coveinterior.com/wp-content/uploads/2022/07/8.png,/media/wordpress-migration/2022/07/8.png,8.png,content structure rewrite requires separate portfolio/page implementation approval; file import is approved independently
rewrite_embedded_media_url,page_embedded_media_url,page,7736,cp,Company portfolio,https://coveinterior.com/wp-content/uploads/2022/07/8-430x296.png,https://coveinterior.com/wp-content/uploads/2022/07/8.png,/media/wordpress-migration/2022/07/8.png,8.png,content structure rewrite requires separate portfolio/page implementation approval; file import is approved independently
rewrite_embedded_media_url,portfolio_embedded_media_url,portfolio,7916,dining-rooms,Dining Rooms,https://coveinterior.com/wp-content/uploads/2022/07/8-430x296.png,https://coveinterior.com/wp-content/uploads/2022/07/8.png,/media/wordpress-migration/2022/07/8.png,8.png,content structure rewrite requires separate portfolio/page implementation approval; file import is approved independently
rewrite_embedded_media_url,page_embedded_media_url,page,7736,cp,Company portfolio,https://coveinterior.com/wp-content/uploads/2022/07/8-150x103.png,https://coveinterior.com/wp-content/uploads/2022/07/8.png,/media/wordpress-migration/2022/07/8.png,8.png,content structure rewrite requires separate portfolio/page implementation approval; file import is approved independently
rewrite_embedded_media_url,portfolio_embedded_media_url,portfolio,7916,dining-rooms,Dining Rooms,https://coveinterior.com/wp-content/uploads/2022/07/8-150x103.png,https://coveinterior.com/wp-content/uploads/2022/07/8.png,/media/wordpress-migration/2022/07/8.png,8.png,content structure rewrite requires separate portfolio/page implementation approval; file import is approved independently
rewrite_embedded_media_url,page_embedded_media_url,page,7736,cp,Company portfolio,https://coveinterior.com/wp-content/uploads/2022/07/8-700x482.png,https://coveinterior.com/wp-content/uploads/2022/07/8.png,/media/wordpress-migration/2022/07/8.png,8.png,content structure rewrite requires separate portfolio/page implementation approval; file import is approved independently
rewrite_embedded_media_url,portfolio_embedded_media_url,portfolio,7916,dining-rooms,Dining Rooms,https://coveinterior.com/wp-content/uploads/2022/07/8-700x482.png,https://coveinterior.com/wp-content/uploads/2022/07/8.png,/media/wordpress-migration/2022/07/8.png,8.png,content structure rewrite requires separate portfolio/page implementation approval; file import is approved independently
rewrite_embedded_media_url,page_embedded_media_url,page,7736,cp,Company portfolio,https://coveinterior.com/wp-content/uploads/2022/07/8-400x276.png,https://coveinterior.com/wp-content/uploads/2022/07/8.png,/media/wordpress-migration/2022/07/8.png,8.png,content structure rewrite requires separate portfolio/page implementation approval; file import is approved independently
rewrite_embedded_media_url,portfolio_embedded_media_url,portfolio,7916,dining-rooms,Dining Rooms,https://coveinterior.com/wp-content/uploads/2022/07/8-400x276.png,https://coveinterior.com/wp-content/uploads/2022/07/8.png,/media/wordpress-migration/2022/07/8.png,8.png,content structure rewrite requires separate portfolio/page implementation approval; file import is approved independently
rewrite_embedded_media_url,page_embedded_media_url,page,7736,cp,Company portfolio,https://coveinterior.com/wp-content/uploads/2022/07/8-768x529.png,https://coveinterior.com/wp-content/uploads/2022/07/8.png,/media/wordpress-migration/2022/07/8.png,8.png,content structure rewrite requires separate portfolio/page implementation approval; file import is approved independently
rewrite_embedded_media_url,portfolio_embedded_media_url,portfolio,7916,dining-rooms,Dining Rooms,https://coveinterior.com/wp-content/uploads/2022/07/8-768x529.png,https://coveinterior.com/wp-content/uploads/2022/07/8.png,/media/wordpress-migration/2022/07/8.png,8.png,content structure rewrite requires separate portfolio/page implementation approval; file import is approved independently
rewrite_embedded_media_url,page_embedded_media_url,page,7736,cp,Company portfolio,https://coveinterior.com/wp-content/uploads/2022/07/8-1536x1058.png,https://coveinterior.com/wp-content/uploads/2022/07/8.png,/media/wordpress-migration/2022/07/8.png,8.png,content structure rewrite requires separate portfolio/page implementation approval; file import is approved independently
rewrite_embedded_media_url,portfolio_embedded_media_url,portfolio,7916,dining-rooms,Dining Rooms,https://coveinterior.com/wp-content/uploads/2022/07/8-1536x1058.png,https://coveinterior.com/wp-content/uploads/2022/07/8.png,/media/wordpress-migration/2022/07/8.png,8.png,content structure rewrite requires separate portfolio/page implementation approval; file import is approved independently
rewrite_embedded_media_url,page_embedded_media_url,page,7736,cp,Company portfolio,https://coveinterior.com/wp-content/uploads/2022/07/8-860x593.png,https://coveinterior.com/wp-content/uploads/2022/07/8.png,/media/wordpress-migration/2022/07/8.png,8.png,content structure rewrite requires separate portfolio/page implementation approval; file import is approved independently
rewrite_embedded_media_url,portfolio_embedded_media_url,portfolio,7916,dining-rooms,Dining Rooms,https://coveinterior.com/wp-content/uploads/2022/07/8-860x593.png,https://coveinterior.com/wp-content/uploads/2022/07/8.png,/media/wordpress-migration/2022/07/8.png,8.png,content structure rewrite requires separate portfolio/page implementation approval; file import is approved independently
rewrite_embedded_media_url,page_embedded_media_url,page,7736,cp,Company portfolio,https://coveinterior.com/wp-content/uploads/2022/07/8.png,https://coveinterior.com/wp-content/uploads/2022/07/8.png,/media/wordpress-migration/2022/07/8.png,8.png,content structure rewrite requires separate portfolio/page implementation approval; file import is approved independently
rewrite_embedded_media_url,portfolio_embedded_media_url,portfolio,7916,dining-rooms,Dining Rooms,https://coveinterior.com/wp-content/uploads/2022/07/8.png,https://coveinterior.com/wp-content/uploads/2022/07/8.png,/media/wordpress-migration/2022/07/8.png,8.png,content structure rewrite requires separate portfolio/page implementation approval; file import is approved independently
rewrite_embedded_media_url,page_embedded_media_url,page,7736,cp,Company portfolio,https://coveinterior.com/wp-content/uploads/2022/07/5-1161x800.jpg,https://coveinterior.com/wp-content/uploads/2022/07/5.jpg,/media/wordpress-migration/2022/07/5.jpg,5.jpg,content structure rewrite requires separate portfolio/page implementation approval; file import is approved independently
rewrite_embedded_media_url,portfolio_embedded_media_url,portfolio,7924,swimming-pools,Swimming Pools,https://coveinterior.com/wp-content/uploads/2022/07/5-1161x800.jpg,https://coveinterior.com/wp-content/uploads/2022/07/5.jpg,/media/wordpress-migration/2022/07/5.jpg,5.jpg,content structure rewrite requires separate portfolio/page implementation approval; file import is approved independently
rewrite_embedded_media_url,page_embedded_media_url,page,7736,cp,Company portfolio,https://coveinterior.com/wp-content/uploads/2022/07/5-430x296.jpg,https://coveinterior.com/wp-content/uploads/2022/07/5.jpg,/media/wordpress-migration/2022/07/5.jpg,5.jpg,content structure rewrite requires separate portfolio/page implementation approval; file import is approved independently
rewrite_embedded_media_url,portfolio_embedded_media_url,portfolio,7924,swimming-pools,Swimming Pools,https://coveinterior.com/wp-content/uploads/2022/07/5-430x296.jpg,https://coveinterior.com/wp-content/uploads/2022/07/5.jpg,/media/wordpress-migration/2022/07/5.jpg,5.jpg,content structure rewrite requires separate portfolio/page implementation approval; file import is approved independently
rewrite_embedded_media_url,page_embedded_media_url,page,7736,cp,Company portfolio,https://coveinterior.com/wp-content/uploads/2022/07/5-150x103.jpg,https://coveinterior.com/wp-content/uploads/2022/07/5.jpg,/media/wordpress-migration/2022/07/5.jpg,5.jpg,content structure rewrite requires separate portfolio/page implementation approval; file import is approved independently
rewrite_embedded_media_url,portfolio_embedded_media_url,portfolio,7924,swimming-pools,Swimming Pools,https://coveinterior.com/wp-content/uploads/2022/07/5-150x103.jpg,https://coveinterior.com/wp-content/uploads/2022/07/5.jpg,/media/wordpress-migration/2022/07/5.jpg,5.jpg,content structure rewrite requires separate portfolio/page implementation approval; file import is approved independently
rewrite_embedded_media_url,page_embedded_media_url,page,7736,cp,Company portfolio,https://coveinterior.com/wp-content/uploads/2022/07/5-700x482.jpg,https://coveinterior.com/wp-content/uploads/2022/07/5.jpg,/media/wordpress-migration/2022/07/5.jpg,5.jpg,content structure rewrite requires separate portfolio/page implementation approval; file import is approved independently
rewrite_embedded_media_url,portfolio_embedded_media_url,portfolio,7924,swimming-pools,Swimming Pools,https://coveinterior.com/wp-content/uploads/2022/07/5-700x482.jpg,https://coveinterior.com/wp-content/uploads/2022/07/5.jpg,/media/wordpress-migration/2022/07/5.jpg,5.jpg,content structure rewrite requires separate portfolio/page implementation approval; file import is approved independently
rewrite_embedded_media_url,page_embedded_media_url,page,7736,cp,Company portfolio,https://coveinterior.com/wp-content/uploads/2022/07/5-400x276.jpg,https://coveinterior.com/wp-content/uploads/2022/07/5.jpg,/media/wordpress-migration/2022/07/5.jpg,5.jpg,content structure rewrite requires separate portfolio/page implementation approval; file import is approved independently
rewrite_embedded_media_url,portfolio_embedded_media_url,portfolio,7924,swimming-pools,Swimming Pools,https://coveinterior.com/wp-content/uploads/2022/07/5-400x276.jpg,https://coveinterior.com/wp-content/uploads/2022/07/5.jpg,/media/wordpress-migration/2022/07/5.jpg,5.jpg,content structure rewrite requires separate portfolio/page implementation approval; file import is approved independently
rewrite_embedded_media_url,page_embedded_media_url,page,7736,cp,Company portfolio,https://coveinterior.com/wp-content/uploads/2022/07/5-768x529.jpg,https://coveinterior.com/wp-content/uploads/2022/07/5.jpg,/media/wordpress-migration/2022/07/5.jpg,5.jpg,content structure rewrite requires separate portfolio/page implementation approval; file import is approved independently
rewrite_embedded_media_url,portfolio_embedded_media_url,portfolio,7924,swimming-pools,Swimming Pools,https://coveinterior.com/wp-content/uploads/2022/07/5-768x529.jpg,https://coveinterior.com/wp-content/uploads/2022/07/5.jpg,/media/wordpress-migration/2022/07/5.jpg,5.jpg,content structure rewrite requires separate portfolio/page implementation approval; file import is approved independently
rewrite_embedded_media_url,page_embedded_media_url,page,7736,cp,Company portfolio,https://coveinterior.com/wp-content/uploads/2022/07/5-1536x1058.jpg,https://coveinterior.com/wp-content/uploads/2022/07/5.jpg,/media/wordpress-migration/2022/07/5.jpg,5.jpg,content structure rewrite requires separate portfolio/page implementation approval; file import is approved independently
rewrite_embedded_media_url,portfolio_embedded_media_url,portfolio,7924,swimming-pools,Swimming Pools,https://coveinterior.com/wp-content/uploads/2022/07/5-1536x1058.jpg,https://coveinterior.com/wp-content/uploads/2022/07/5.jpg,/media/wordpress-migration/2022/07/5.jpg,5.jpg,content structure rewrite requires separate portfolio/page implementation approval; file import is approved independently
rewrite_embedded_media_url,page_embedded_media_url,page,7736,cp,Company portfolio,https://coveinterior.com/wp-content/uploads/2022/07/5-860x593.jpg,https://coveinterior.com/wp-content/uploads/2022/07/5.jpg,/media/wordpress-migration/2022/07/5.jpg,5.jpg,content structure rewrite requires separate portfolio/page implementation approval; file import is approved independently
rewrite_embedded_media_url,portfolio_embedded_media_url,portfolio,7924,swimming-pools,Swimming Pools,https://coveinterior.com/wp-content/uploads/2022/07/5-860x593.jpg,https://coveinterior.com/wp-content/uploads/2022/07/5.jpg,/media/wordpress-migration/2022/07/5.jpg,5.jpg,content structure rewrite requires separate portfolio/page implementation approval; file import is approved independently
rewrite_embedded_media_url,page_embedded_media_url,page,7736,cp,Company portfolio,https://coveinterior.com/wp-content/uploads/2022/07/5.jpg,https://coveinterior.com/wp-content/uploads/2022/07/5.jpg,/media/wordpress-migration/2022/07/5.jpg,5.jpg,content structure rewrite requires separate portfolio/page implementation approval; file import is approved independently
rewrite_embedded_media_url,portfolio_embedded_media_url,portfolio,7924,swimming-pools,Swimming Pools,https://coveinterior.com/wp-content/uploads/2022/07/5.jpg,https://coveinterior.com/wp-content/uploads/2022/07/5.jpg,/media/wordpress-migration/2022/07/5.jpg,5.jpg,content structure rewrite requires separate portfolio/page implementation approval; file import is approved independently
rewrite_embedded_media_url,page_embedded_media_url,page,7736,cp,Company portfolio,https://coveinterior.com/wp-content/uploads/2022/07/18-1161x800.jpg,https://coveinterior.com/wp-content/uploads/2022/07/18.jpg,/media/wordpress-migration/2022/07/18.jpg,18.jpg,content structure rewrite requires separate portfolio/page implementation approval; file import is approved independently
rewrite_embedded_media_url,portfolio_embedded_media_url,portfolio,7938,toilette-bathroom,Toilette – Bathroom,https://coveinterior.com/wp-content/uploads/2022/07/18-1161x800.jpg,https://coveinterior.com/wp-content/uploads/2022/07/18.jpg,/media/wordpress-migration/2022/07/18.jpg,18.jpg,content structure rewrite requires separate portfolio/page implementation approval; file import is approved independently
rewrite_embedded_media_url,page_embedded_media_url,page,7736,cp,Company portfolio,https://coveinterior.com/wp-content/uploads/2022/07/18-430x296.jpg,https://coveinterior.com/wp-content/uploads/2022/07/18.jpg,/media/wordpress-migration/2022/07/18.jpg,18.jpg,content structure rewrite requires separate portfolio/page implementation approval; file import is approved independently
rewrite_embedded_media_url,portfolio_embedded_media_url,portfolio,7938,toilette-bathroom,Toilette – Bathroom,https://coveinterior.com/wp-content/uploads/2022/07/18-430x296.jpg,https://coveinterior.com/wp-content/uploads/2022/07/18.jpg,/media/wordpress-migration/2022/07/18.jpg,18.jpg,content structure rewrite requires separate portfolio/page implementation approval; file import is approved independently
rewrite_embedded_media_url,page_embedded_media_url,page,7736,cp,Company portfolio,https://coveinterior.com/wp-content/uploads/2022/07/18-150x103.jpg,https://coveinterior.com/wp-content/uploads/2022/07/18.jpg,/media/wordpress-migration/2022/07/18.jpg,18.jpg,content structure rewrite requires separate portfolio/page implementation approval; file import is approved independently
rewrite_embedded_media_url,portfolio_embedded_media_url,portfolio,7938,toilette-bathroom,Toilette – Bathroom,https://coveinterior.com/wp-content/uploads/2022/07/18-150x103.jpg,https://coveinterior.com/wp-content/uploads/2022/07/18.jpg,/media/wordpress-migration/2022/07/18.jpg,18.jpg,content structure rewrite requires separate portfolio/page implementation approval; file import is approved independently
rewrite_embedded_media_url,page_embedded_media_url,page,7736,cp,Company portfolio,https://coveinterior.com/wp-content/uploads/2022/07/18-700x482.jpg,https://coveinterior.com/wp-content/uploads/2022/07/18.jpg,/media/wordpress-migration/2022/07/18.jpg,18.jpg,content structure rewrite requires separate portfolio/page implementation approval; file import is approved independently
rewrite_embedded_media_url,portfolio_embedded_media_url,portfolio,7938,toilette-bathroom,Toilette – Bathroom,https://coveinterior.com/wp-content/uploads/2022/07/18-700x482.jpg,https://coveinterior.com/wp-content/uploads/2022/07/18.jpg,/media/wordpress-migration/2022/07/18.jpg,18.jpg,content structure rewrite requires separate portfolio/page implementation approval; file import is approved independently
rewrite_embedded_media_url,page_embedded_media_url,page,7736,cp,Company portfolio,https://coveinterior.com/wp-content/uploads/2022/07/18-400x276.jpg,https://coveinterior.com/wp-content/uploads/2022/07/18.jpg,/media/wordpress-migration/2022/07/18.jpg,18.jpg,content structure rewrite requires separate portfolio/page implementation approval; file import is approved independently
rewrite_embedded_media_url,portfolio_embedded_media_url,portfolio,7938,toilette-bathroom,Toilette – Bathroom,https://coveinterior.com/wp-content/uploads/2022/07/18-400x276.jpg,https://coveinterior.com/wp-content/uploads/2022/07/18.jpg,/media/wordpress-migration/2022/07/18.jpg,18.jpg,content structure rewrite requires separate portfolio/page implementation approval; file import is approved independently
rewrite_embedded_media_url,page_embedded_media_url,page,7736,cp,Company portfolio,https://coveinterior.com/wp-content/uploads/2022/07/18-768x529.jpg,https://coveinterior.com/wp-content/uploads/2022/07/18.jpg,/media/wordpress-migration/2022/07/18.jpg,18.jpg,content structure rewrite requires separate portfolio/page implementation approval; file import is approved independently
rewrite_embedded_media_url,portfolio_embedded_media_url,portfolio,7938,toilette-bathroom,Toilette – Bathroom,https://coveinterior.com/wp-content/uploads/2022/07/18-768x529.jpg,https://coveinterior.com/wp-content/uploads/2022/07/18.jpg,/media/wordpress-migration/2022/07/18.jpg,18.jpg,content structure rewrite requires separate portfolio/page implementation approval; file import is approved independently
rewrite_embedded_media_url,page_embedded_media_url,page,7736,cp,Company portfolio,https://coveinterior.com/wp-content/uploads/2022/07/18-1536x1058.jpg,https://coveinterior.com/wp-content/uploads/2022/07/18.jpg,/media/wordpress-migration/2022/07/18.jpg,18.jpg,content structure rewrite requires separate portfolio/page implementation approval; file import is approved independently
rewrite_embedded_media_url,portfolio_embedded_media_url,portfolio,7938,toilette-bathroom,Toilette – Bathroom,https://coveinterior.com/wp-content/uploads/2022/07/18-1536x1058.jpg,https://coveinterior.com/wp-content/uploads/2022/07/18.jpg,/media/wordpress-migration/2022/07/18.jpg,18.jpg,content structure rewrite requires separate portfolio/page implementation approval; file import is approved independently
rewrite_embedded_media_url,page_embedded_media_url,page,7736,cp,Company portfolio,https://coveinterior.com/wp-content/uploads/2022/07/18-860x593.jpg,https://coveinterior.com/wp-content/uploads/2022/07/18.jpg,/media/wordpress-migration/2022/07/18.jpg,18.jpg,content structure rewrite requires separate portfolio/page implementation approval; file import is approved independently
rewrite_embedded_media_url,portfolio_embedded_media_url,portfolio,7938,toilette-bathroom,Toilette – Bathroom,https://coveinterior.com/wp-content/uploads/2022/07/18-860x593.jpg,https://coveinterior.com/wp-content/uploads/2022/07/18.jpg,/media/wordpress-migration/2022/07/18.jpg,18.jpg,content structure rewrite requires separate portfolio/page implementation approval; file import is approved independently
rewrite_embedded_media_url,page_embedded_media_url,page,7736,cp,Company portfolio,https://coveinterior.com/wp-content/uploads/2022/07/18.jpg,https://coveinterior.com/wp-content/uploads/2022/07/18.jpg,/media/wordpress-migration/2022/07/18.jpg,18.jpg,content structure rewrite requires separate portfolio/page implementation approval; file import is approved independently
rewrite_embedded_media_url,portfolio_embedded_media_url,portfolio,7938,toilette-bathroom,Toilette – Bathroom,https://coveinterior.com/wp-content/uploads/2022/07/18.jpg,https://coveinterior.com/wp-content/uploads/2022/07/18.jpg,/media/wordpress-migration/2022/07/18.jpg,18.jpg,content structure rewrite requires separate portfolio/page implementation approval; file import is approved independently
rewrite_embedded_media_url,page_embedded_media_url,page,7736,cp,Company portfolio,https://coveinterior.com/wp-content/uploads/2022/07/20-1161x800.jpg,https://coveinterior.com/wp-content/uploads/2022/07/20.jpg,/media/wordpress-migration/2022/07/20.jpg,20.jpg,content structure rewrite requires separate portfolio/page implementation approval; file import is approved independently
rewrite_embedded_media_url,portfolio_embedded_media_url,portfolio,7953,commercial-shops,Commercial Shops,https://coveinterior.com/wp-content/uploads/2022/07/20-1161x800.jpg,https://coveinterior.com/wp-content/uploads/2022/07/20.jpg,/media/wordpress-migration/2022/07/20.jpg,20.jpg,content structure rewrite requires separate portfolio/page implementation approval; file import is approved independently
rewrite_embedded_media_url,page_embedded_media_url,page,7736,cp,Company portfolio,https://coveinterior.com/wp-content/uploads/2022/07/20-430x296.jpg,https://coveinterior.com/wp-content/uploads/2022/07/20.jpg,/media/wordpress-migration/2022/07/20.jpg,20.jpg,content structure rewrite requires separate portfolio/page implementation approval; file import is approved independently
rewrite_embedded_media_url,portfolio_embedded_media_url,portfolio,7953,commercial-shops,Commercial Shops,https://coveinterior.com/wp-content/uploads/2022/07/20-430x296.jpg,https://coveinterior.com/wp-content/uploads/2022/07/20.jpg,/media/wordpress-migration/2022/07/20.jpg,20.jpg,content structure rewrite requires separate portfolio/page implementation approval; file import is approved independently
rewrite_embedded_media_url,page_embedded_media_url,page,7736,cp,Company portfolio,https://coveinterior.com/wp-content/uploads/2022/07/20-150x103.jpg,https://coveinterior.com/wp-content/uploads/2022/07/20.jpg,/media/wordpress-migration/2022/07/20.jpg,20.jpg,content structure rewrite requires separate portfolio/page implementation approval; file import is approved independently
rewrite_embedded_media_url,portfolio_embedded_media_url,portfolio,7953,commercial-shops,Commercial Shops,https://coveinterior.com/wp-content/uploads/2022/07/20-150x103.jpg,https://coveinterior.com/wp-content/uploads/2022/07/20.jpg,/media/wordpress-migration/2022/07/20.jpg,20.jpg,content structure rewrite requires separate portfolio/page implementation approval; file import is approved independently
rewrite_embedded_media_url,page_embedded_media_url,page,7736,cp,Company portfolio,https://coveinterior.com/wp-content/uploads/2022/07/20-700x482.jpg,https://coveinterior.com/wp-content/uploads/2022/07/20.jpg,/media/wordpress-migration/2022/07/20.jpg,20.jpg,content structure rewrite requires separate portfolio/page implementation approval; file import is approved independently
rewrite_embedded_media_url,portfolio_embedded_media_url,portfolio,7953,commercial-shops,Commercial Shops,https://coveinterior.com/wp-content/uploads/2022/07/20-700x482.jpg,https://coveinterior.com/wp-content/uploads/2022/07/20.jpg,/media/wordpress-migration/2022/07/20.jpg,20.jpg,content structure rewrite requires separate portfolio/page implementation approval; file import is approved independently
rewrite_embedded_media_url,page_embedded_media_url,page,7736,cp,Company portfolio,https://coveinterior.com/wp-content/uploads/2022/07/20-400x276.jpg,https://coveinterior.com/wp-content/uploads/2022/07/20.jpg,/media/wordpress-migration/2022/07/20.jpg,20.jpg,content structure rewrite requires separate portfolio/page implementation approval; file import is approved independently
rewrite_embedded_media_url,portfolio_embedded_media_url,portfolio,7953,commercial-shops,Commercial Shops,https://coveinterior.com/wp-content/uploads/2022/07/20-400x276.jpg,https://coveinterior.com/wp-content/uploads/2022/07/20.jpg,/media/wordpress-migration/2022/07/20.jpg,20.jpg,content structure rewrite requires separate portfolio/page implementation approval; file import is approved independently
rewrite_embedded_media_url,page_embedded_media_url,page,7736,cp,Company portfolio,https://coveinterior.com/wp-content/uploads/2022/07/20-768x529.jpg,https://coveinterior.com/wp-content/uploads/2022/07/20.jpg,/media/wordpress-migration/2022/07/20.jpg,20.jpg,content structure rewrite requires separate portfolio/page implementation approval; file import is approved independently
rewrite_embedded_media_url,portfolio_embedded_media_url,portfolio,7953,commercial-shops,Commercial Shops,https://coveinterior.com/wp-content/uploads/2022/07/20-768x529.jpg,https://coveinterior.com/wp-content/uploads/2022/07/20.jpg,/media/wordpress-migration/2022/07/20.jpg,20.jpg,content structure rewrite requires separate portfolio/page implementation approval; file import is approved independently
rewrite_embedded_media_url,page_embedded_media_url,page,7736,cp,Company portfolio,https://coveinterior.com/wp-content/uploads/2022/07/20-1536x1058.jpg,https://coveinterior.com/wp-content/uploads/2022/07/20.jpg,/media/wordpress-migration/2022/07/20.jpg,20.jpg,content structure rewrite requires separate portfolio/page implementation approval; file import is approved independently
rewrite_embedded_media_url,portfolio_embedded_media_url,portfolio,7953,commercial-shops,Commercial Shops,https://coveinterior.com/wp-content/uploads/2022/07/20-1536x1058.jpg,https://coveinterior.com/wp-content/uploads/2022/07/20.jpg,/media/wordpress-migration/2022/07/20.jpg,20.jpg,content structure rewrite requires separate portfolio/page implementation approval; file import is approved independently
rewrite_embedded_media_url,page_embedded_media_url,page,7736,cp,Company portfolio,https://coveinterior.com/wp-content/uploads/2022/07/20-860x593.jpg,https://coveinterior.com/wp-content/uploads/2022/07/20.jpg,/media/wordpress-migration/2022/07/20.jpg,20.jpg,content structure rewrite requires separate portfolio/page implementation approval; file import is approved independently
rewrite_embedded_media_url,portfolio_embedded_media_url,portfolio,7953,commercial-shops,Commercial Shops,https://coveinterior.com/wp-content/uploads/2022/07/20-860x593.jpg,https://coveinterior.com/wp-content/uploads/2022/07/20.jpg,/media/wordpress-migration/2022/07/20.jpg,20.jpg,content structure rewrite requires separate portfolio/page implementation approval; file import is approved independently
rewrite_embedded_media_url,page_embedded_media_url,page,7736,cp,Company portfolio,https://coveinterior.com/wp-content/uploads/2022/07/20.jpg,https://coveinterior.com/wp-content/uploads/2022/07/20.jpg,/media/wordpress-migration/2022/07/20.jpg,20.jpg,content structure rewrite requires separate portfolio/page implementation approval; file import is approved independently
rewrite_embedded_media_url,portfolio_embedded_media_url,portfolio,7953,commercial-shops,Commercial Shops,https://coveinterior.com/wp-content/uploads/2022/07/20.jpg,https://coveinterior.com/wp-content/uploads/2022/07/20.jpg,/media/wordpress-migration/2022/07/20.jpg,20.jpg,content structure rewrite requires separate portfolio/page implementation approval; file import is approved independently
rewrite_embedded_media_url,page_embedded_media_url,page,7736,cp,Company portfolio,https://coveinterior.com/wp-content/uploads/2022/07/main-2-1-308x308.jpg,https://coveinterior.com/wp-content/uploads/2022/07/main-2-1.jpg,/media/wordpress-migration/2022/07/main-2-1.jpg,main-2-1.jpg,content structure rewrite requires separate portfolio/page implementation approval; file import is approved independently
rewrite_embedded_media_url,page_embedded_media_url,page,7736,cp,Company portfolio,https://coveinterior.com/wp-content/uploads/2022/07/main-2-1.jpg,https://coveinterior.com/wp-content/uploads/2022/07/main-2-1.jpg,/media/wordpress-migration/2022/07/main-2-1.jpg,main-2-1.jpg,content structure rewrite requires separate portfolio/page implementation approval; file import is approved independently
rewrite_embedded_media_url,page_embedded_media_url,page,7736,cp,Company portfolio,https://coveinterior.com/wp-content/uploads/2022/07/IMG_0245-308x308.jpg,https://coveinterior.com/wp-content/uploads/2022/07/IMG_0245.jpg,/media/wordpress-migration/2022/07/IMG_0245.jpg,IMG_0245.jpg,content structure rewrite requires separate portfolio/page implementation approval; file import is approved independently
rewrite_embedded_media_url,page_embedded_media_url,page,7736,cp,Company portfolio,https://coveinterior.com/wp-content/uploads/2022/07/IMG_0245.jpg,https://coveinterior.com/wp-content/uploads/2022/07/IMG_0245.jpg,/media/wordpress-migration/2022/07/IMG_0245.jpg,IMG_0245.jpg,content structure rewrite requires separate portfolio/page implementation approval; file import is approved independently
rewrite_embedded_media_url,portfolio_embedded_media_url,portfolio,8867,project-2,Private Villa 1,https://coveinterior.com/wp-content/uploads/2022/07/IMG_0245.jpg,https://coveinterior.com/wp-content/uploads/2022/07/IMG_0245.jpg,/media/wordpress-migration/2022/07/IMG_0245.jpg,IMG_0245.jpg,content structure rewrite requires separate portfolio/page implementation approval; file import is approved independently
rewrite_embedded_media_url,page_embedded_media_url,page,7736,cp,Company portfolio,https://coveinterior.com/wp-content/uploads/2022/07/main-1-1-308x308.jpg,https://coveinterior.com/wp-content/uploads/2022/07/main-1-1.jpg,/media/wordpress-migration/2022/07/main-1-1.jpg,main-1-1.jpg,content structure rewrite requires separate portfolio/page implementation approval; file import is approved independently
rewrite_embedded_media_url,page_embedded_media_url,page,7736,cp,Company portfolio,https://coveinterior.com/wp-content/uploads/2022/07/main-1-1.jpg,https://coveinterior.com/wp-content/uploads/2022/07/main-1-1.jpg,/media/wordpress-migration/2022/07/main-1-1.jpg,main-1-1.jpg,content structure rewrite requires separate portfolio/page implementation approval; file import is approved independently
rewrite_embedded_media_url,page_embedded_media_url,page,7736,cp,Company portfolio,https://coveinterior.com/wp-content/uploads/2022/11/ASK4690-websize-1-308x308.jpg,https://coveinterior.com/wp-content/uploads/2022/11/ASK4690-websize-1.jpg,/media/wordpress-migration/2022/11/ASK4690-websize-1.jpg,ASK4690-websize-1.jpg,content structure rewrite requires separate portfolio/page implementation approval; file import is approved independently
rewrite_embedded_media_url,page_embedded_media_url,page,7736,cp,Company portfolio,https://coveinterior.com/wp-content/uploads/2022/11/ASK4690-websize-1.jpg,https://coveinterior.com/wp-content/uploads/2022/11/ASK4690-websize-1.jpg,/media/wordpress-migration/2022/11/ASK4690-websize-1.jpg,ASK4690-websize-1.jpg,content structure rewrite requires separate portfolio/page implementation approval; file import is approved independently
rewrite_embedded_media_url,portfolio_embedded_media_url,portfolio,10244,project-3-2,Private Villa 3,https://coveinterior.com/wp-content/uploads/2022/11/ASK4690-websize-1.jpg,https://coveinterior.com/wp-content/uploads/2022/11/ASK4690-websize-1.jpg,/media/wordpress-migration/2022/11/ASK4690-websize-1.jpg,ASK4690-websize-1.jpg,content structure rewrite requires separate portfolio/page implementation approval; file import is approved independently
rewrite_embedded_media_url,page_embedded_media_url,page,7736,cp,Company portfolio,https://coveinterior.com/wp-content/uploads/2024/06/DSF3306-websize-308x308.jpg,https://coveinterior.com/wp-content/uploads/2024/06/DSF3306-websize.jpg,/media/wordpress-migration/2024/06/DSF3306-websize.jpg,DSF3306-websize.jpg,content structure rewrite requires separate portfolio/page implementation approval; file import is approved independently
rewrite_embedded_media_url,page_embedded_media_url,page,7736,cp,Company portfolio,https://coveinterior.com/wp-content/uploads/2024/06/DSF3306-websize.jpg,https://coveinterior.com/wp-content/uploads/2024/06/DSF3306-websize.jpg,/media/wordpress-migration/2024/06/DSF3306-websize.jpg,DSF3306-websize.jpg,content structure rewrite requires separate portfolio/page implementation approval; file import is approved independently
rewrite_embedded_media_url,portfolio_embedded_media_url,portfolio,15948,private-villa-4,Private Villa 4,https://coveinterior.com/wp-content/uploads/2024/06/DSF3306-websize.jpg,https://coveinterior.com/wp-content/uploads/2024/06/DSF3306-websize.jpg,/media/wordpress-migration/2024/06/DSF3306-websize.jpg,DSF3306-websize.jpg,content structure rewrite requires separate portfolio/page implementation approval; file import is approved independently
rewrite_embedded_media_url,page_embedded_media_url,page,7736,cp,Company portfolio,https://coveinterior.com/wp-content/uploads/2022/07/1-800x800.png,https://coveinterior.com/wp-content/uploads/2022/07/1.png,/media/wordpress-migration/2022/07/1.png,1.png,content structure rewrite requires separate portfolio/page implementation approval; file import is approved independently
rewrite_embedded_media_url,page_embedded_media_url,page,7736,cp,Company portfolio,https://coveinterior.com/wp-content/uploads/2022/07/1-430x430.png,https://coveinterior.com/wp-content/uploads/2022/07/1.png,/media/wordpress-migration/2022/07/1.png,1.png,content structure rewrite requires separate portfolio/page implementation approval; file import is approved independently
rewrite_embedded_media_url,page_embedded_media_url,page,7736,cp,Company portfolio,https://coveinterior.com/wp-content/uploads/2022/07/1-150x150.png,https://coveinterior.com/wp-content/uploads/2022/07/1.png,/media/wordpress-migration/2022/07/1.png,1.png,content structure rewrite requires separate portfolio/page implementation approval; file import is approved independently
rewrite_embedded_media_url,page_embedded_media_url,page,7736,cp,Company portfolio,https://coveinterior.com/wp-content/uploads/2022/07/1-700x700.png,https://coveinterior.com/wp-content/uploads/2022/07/1.png,/media/wordpress-migration/2022/07/1.png,1.png,content structure rewrite requires separate portfolio/page implementation approval; file import is approved independently
rewrite_embedded_media_url,page_embedded_media_url,page,7736,cp,Company portfolio,https://coveinterior.com/wp-content/uploads/2022/07/1-300x300.png,https://coveinterior.com/wp-content/uploads/2022/07/1.png,/media/wordpress-migration/2022/07/1.png,1.png,content structure rewrite requires separate portfolio/page implementation approval; file import is approved independently
rewrite_embedded_media_url,page_embedded_media_url,page,7736,cp,Company portfolio,https://coveinterior.com/wp-content/uploads/2022/07/1-768x768.png,https://coveinterior.com/wp-content/uploads/2022/07/1.png,/media/wordpress-migration/2022/07/1.png,1.png,content structure rewrite requires separate portfolio/page implementation approval; file import is approved independently
rewrite_embedded_media_url,page_embedded_media_url,page,7736,cp,Company portfolio,https://coveinterior.com/wp-content/uploads/2022/07/1-860x860.png,https://coveinterior.com/wp-content/uploads/2022/07/1.png,/media/wordpress-migration/2022/07/1.png,1.png,content structure rewrite requires separate portfolio/page implementation approval; file import is approved independently
rewrite_embedded_media_url,page_embedded_media_url,page,7736,cp,Company portfolio,https://coveinterior.com/wp-content/uploads/2022/07/1.png,https://coveinterior.com/wp-content/uploads/2022/07/1.png,/media/wordpress-migration/2022/07/1.png,1.png,content structure rewrite requires separate portfolio/page implementation approval; file import is approved independently
rewrite_embedded_media_url,page_embedded_media_url,page,9842,thank-you,thank you,"<div class=""wpb-content-wrapper""><p>[vc_row full_width=&#8221;stretch_row_content_no_spaces&#8221; full_height=&#8221;yes&#8221; css=&#8221;.vc_custom_1661959594673{background-image: url(https://coveinterior.com/wp-content/uploads/2022/08/BG-1024&#215;576-1.png?id=9830) !important;background-position: center !important;background-repeat: no-repeat !important;background-size: cover !important;}&#8221; woodmart_css_id=&#8221;630f7d8d6794f&#8221; responsive_spacing=&#8221;eyJwYXJhbV90eXBlIjoid29vZG1hcnRfcmVzcG9uc2l2ZV9zcGFjaW5nIiwic2VsZWN0b3JfaWQiOiI2MzBmN2Q4ZDY3OTRmIiwic2hvcnRjb2RlIjoidmNfcm93IiwiZGF0YSI6eyJ0YWJsZXQiOnt9LCJtb2JpbGUiOnt9fX0=&#8221; mobile_bg_img_hidden=&#8221;no&#8221; tablet_bg_img_hidden=&#8221;no&#8221; woodmart_parallax=&#8221;0&#8243; woodmart_gradient_switch=&#8221;no&#8221; woodmart_box_shadow=&#8221;no&#8221; wd_z_index=&#8221;no&#8221; woodmart_disable_overflow=&#8221;0&#8243; row_reverse_mobile=&#8221;0&#8243; row_reverse_tablet=&#8221;0&#8243;][vc_column width=&#8221;1/3&#8243;][/vc_column][vc_column width=&#8221;1/3&#8243; woodmart_css_id=&#8221;62bd76c1c01e7&#8243; parallax_scroll=&#8221;no&#8221; woodmart_sticky_column=&#8221;false&#8221; wd_collapsible_content_switcher=&#8221;no&#8221; wd_column_role_offcanvas_desktop=&#8221;no&#8221; wd_column_role_offcanvas_tablet=&#8221;no&#8221; wd_column_role_offcanvas_mobile=&#8221;no&#8221; wd_column_role_content_desktop=&#8221;no&#8221; wd_column_role_content_tablet=&#8221;no&#8221; wd_column_role_content_mobile=&#8221;no&#8221; mobile_bg_img_hidden=&#8221;no&#8221; tablet_bg_img_hidden=&#8221;no&#8221; woodmart_parallax=&#8221;0&#8243; woodmart_box_shadow=&#8221;yes&#8221; wd_box_shadow=&#8221;eyJkZXZpY2VzIjp7ImRlc2t0b3AiOnsiaG9yaXpvbnRhbCI6IjAiLCJ2ZXJ0aWNhbCI6IjAiLCJibHVyIjoiOSIsInNwcmVhZCI6IjAiLCJjb2xvciI6InJnYmEoMCwgMCwgMCwgLjE1KSJ9fX0=&#8221; responsive_spacing=&#8221;eyJwYXJhbV90eXBlIjoid29vZG1hcnRfcmVzcG9uc2l2ZV9zcGFjaW5nIiwic2VsZWN0b3JfaWQiOiI2MmJkNzZjMWMwMWU3Iiwic2hvcnRjb2RlIjoidmNfY29sdW1uIiwiZGF0YSI6eyJ0YWJsZXQiOnt9LCJtb2JpbGUiOnt9fX0=&#8221; mobile_reset_margin=&#8221;no&#8221; tablet_reset_margin=&#8221;no&#8221; wd_z_index=&#8221;no&#8221;][vc_single_image image=&#8221;7051&#8243; img_size=&#8221;full&#8221; alignment=&#8221;center&#8221; parallax_scroll=&#8221;no&#8221; woodmart_inline=&#8221;no&#8221;][vc_empty_space woodmart_hide_large=&#8221;0&#8243; woodmart_hide_medium=&#8221;0&#8243; woodmart_hide_small=&#8221;0&#8243;][vc_custom_heading text=&#8221;Thank you for your purchase&#8221; font_container=&#8221;tag:h2|text_align:center|color:%23ffffff&#8221; google_fonts=&#8221;font_family:Montserrat%3Aregular%2C700|font_style:400%20regular%3A400%3Anormal&#8221;][vc_empty_space woodmart_hide_large=&#8221;0&#8243; woodmart_hide_medium=&#8221;0&#8243; woodmart_hide_small=&#8221;0&#8243;][vc_row_inner][vc_column_inner][vc_btn title=&#8221;Back to shop&#8221; color=&#8221;white&#8221; align=&#8221;center&#8221; link=&#8221;url:https%3A%2F%2Fcoveinterior.com%2Fcove-furniture%2F|title:Brass%20furniture&#8221;][/vc_column_inner][/vc_row_inner][vc_empty_space woodmart_hide_large=&#8221;0&#8243; woodmart_hide_medium=&#8221;0&#8243; woodmart_hide_small=&#8221;0&#8243;][/vc_column][vc_column width=&#8221;1/3&#8243;][/vc_column][/vc_row][vc_row][vc_column][/vc_column][/vc_row]</p>
</div>
<p>[vc_row full_width=&#8221;stretch_row_content_no_spaces&#8221; full_height=&#8221;yes&#8221; css=&#8221;.vc_custom_1661959594673{background-image: url(https://coveinterior.com/wp-content/uploads/2022/08/BG-1024&#215;576-1.png?id=9830) !important;background-position: center !important;background-repeat: no-repeat !important;background-size: cover !important;}&#8221; woodmart_css_id=&#8221;630f7d8d6794f&#8221; responsive_spacing=&#8221;eyJwYXJhbV90eXBlIjoid29vZG1hcnRfcmVzcG9uc2l2ZV9zcGFjaW5nIiwic2VsZWN0b3JfaWQiOiI2MzBmN2Q4ZDY3OTRmIiwic2hvcnRjb2RlIjoidmNfcm93IiwiZGF0YSI6eyJ0YWJsZXQiOnt9LCJtb2JpbGUiOnt9fX0=&#8221; mobile_bg_img_hidden=&#8221;no&#8221; tablet_bg_img_hidden=&#8221;no&#8221; woodmart_parallax=&#8221;0&#8243; woodmart_gradient_switch=&#8221;no&#8221; woodmart_box_shadow=&#8221;no&#8221; wd_z_index=&#8221;no&#8221;</p>


{""rs_blank_template"":"""",""rs_page_bg_color"":"""",""slide_template_v7"":"""",""footnotes"":""""}",https://coveinterior.com/wp-content/uploads/2022/08/BG-1024&,/media/wordpress-migration/2022/08/BG-1024&,BG-1024&,content structure rewrite requires separate portfolio/page implementation approval; file import is approved independently
rewrite_embedded_media_url,page_embedded_media_url,page,9842,thank-you,thank you,https://coveinterior.com/wp-content/uploads/2022/08/BG-1024&,https://coveinterior.com/wp-content/uploads/2022/08/BG-1024&,/media/wordpress-migration/2022/08/BG-1024&,BG-1024&,content structure rewrite requires separate portfolio/page implementation approval; file import is approved independently
rewrite_embedded_media_url,page_embedded_media_url,page,7041,coming-soon,coming soon,https://coveinterior.com/wp-content/uploads/2022/08/BG-1024&,https://coveinterior.com/wp-content/uploads/2022/08/BG-1024&,/media/wordpress-migration/2022/08/BG-1024&,BG-1024&,content structure rewrite requires separate portfolio/page implementation approval; file import is approved independently
rewrite_embedded_media_url,page_embedded_media_url,page,7041,coming-soon,coming soon,"<div class=""wpb-content-wrapper""><p>[vc_row full_width=&#8221;stretch_row_content_no_spaces&#8221; full_height=&#8221;yes&#8221; css=&#8221;.vc_custom_1661948593177{background-image: url(https://coveinterior.com/wp-content/uploads/2022/08/BG-1024&#215;576-1.png?id=9830) !important;background-position: center !important;background-repeat: no-repeat !important;background-size: cover !important;}&#8221; woodmart_css_id=&#8221;630f52749ecab&#8221; responsive_spacing=&#8221;eyJwYXJhbV90eXBlIjoid29vZG1hcnRfcmVzcG9uc2l2ZV9zcGFjaW5nIiwic2VsZWN0b3JfaWQiOiI2MzBmNTI3NDllY2FiIiwic2hvcnRjb2RlIjoidmNfcm93IiwiZGF0YSI6eyJ0YWJsZXQiOnt9LCJtb2JpbGUiOnt9fX0=&#8221; mobile_bg_img_hidden=&#8221;no&#8221; tablet_bg_img_hidden=&#8221;no&#8221; woodmart_parallax=&#8221;0&#8243; woodmart_gradient_switch=&#8221;no&#8221; woodmart_box_shadow=&#8221;no&#8221; wd_z_index=&#8221;no&#8221; woodmart_disable_overflow=&#8221;0&#8243; row_reverse_mobile=&#8221;0&#8243; row_reverse_tablet=&#8221;0&#8243;][vc_column width=&#8221;1/3&#8243;][/vc_column][vc_column width=&#8221;1/3&#8243; woodmart_css_id=&#8221;62bd76c1c01e7&#8243; parallax_scroll=&#8221;no&#8221; woodmart_sticky_column=&#8221;false&#8221; wd_collapsible_content_switcher=&#8221;no&#8221; wd_column_role_offcanvas_desktop=&#8221;no&#8221; wd_column_role_offcanvas_tablet=&#8221;no&#8221; wd_column_role_offcanvas_mobile=&#8221;no&#8221; wd_column_role_content_desktop=&#8221;no&#8221; wd_column_role_content_tablet=&#8221;no&#8221; wd_column_role_content_mobile=&#8221;no&#8221; mobile_bg_img_hidden=&#8221;no&#8221; tablet_bg_img_hidden=&#8221;no&#8221; woodmart_parallax=&#8221;0&#8243; woodmart_box_shadow=&#8221;yes&#8221; wd_box_shadow=&#8221;eyJkZXZpY2VzIjp7ImRlc2t0b3AiOnsiaG9yaXpvbnRhbCI6IjAiLCJ2ZXJ0aWNhbCI6IjAiLCJibHVyIjoiOSIsInNwcmVhZCI6IjAiLCJjb2xvciI6InJnYmEoMCwgMCwgMCwgLjE1KSJ9fX0=&#8221; responsive_spacing=&#8221;eyJwYXJhbV90eXBlIjoid29vZG1hcnRfcmVzcG9uc2l2ZV9zcGFjaW5nIiwic2VsZWN0b3JfaWQiOiI2MmJkNzZjMWMwMWU3Iiwic2hvcnRjb2RlIjoidmNfY29sdW1uIiwiZGF0YSI6eyJ0YWJsZXQiOnt9LCJtb2JpbGUiOnt9fX0=&#8221; mobile_reset_margin=&#8221;no&#8221; tablet_reset_margin=&#8221;no&#8221; wd_z_index=&#8221;no&#8221;][vc_single_image image=&#8221;7051&#8243; img_size=&#8221;full&#8221; alignment=&#8221;center&#8221; parallax_scroll=&#8221;no&#8221; woodmart_inline=&#8221;no&#8221;][vc_empty_space woodmart_hide_large=&#8221;0&#8243; woodmart_hide_medium=&#8221;0&#8243; woodmart_hide_small=&#8221;0&#8243;][vc_custom_heading text=&#8221;جاري عمل تطوير للموقع وسيكون جاهز للطلب في خلال اسبوع&#8221; font_container=&#8221;tag:h2|text_align:center|color:%23ffffff&#8221; google_fonts=&#8221;font_family:Montserrat%3Aregular%2C700|font_style:400%20regular%3A400%3Anormal&#8221;][vc_empty_space woodmart_hide_large=&#8221;0&#8243; woodmart_hide_medium=&#8221;0&#8243; woodmart_hide_small=&#8221;0&#8243;][vc_column_text woodmart_inline=&#8221;no&#8221; text_larger=&#8221;no&#8221;]</p>
<h4 style=""text-align: center;""><span style=""color: #ffffff;"">The site is being developed and will be ready for order within a week</span></h4>
<p>[/vc_column_text][vc_row_inner][vc_column_inner][vc_btn title=&#8221;تواصل معنا&#8221; style=&#8221;3d&#8221; align=&#8221;center&#8221; link=&#8221;url:mailto%3Acove%40coveinterior.com|target:_blank&#8221;][/vc_column_inner][/vc_row_inner][vc_empty_space woodmart_hide_large=&#8221;0&#8243; woodmart_hide_medium=&#8221;0&#8243; woodmart_hide_small=&#8221;0&#8243;][/vc_column][vc_column width=&#8221;1/3&#8243;][/vc_column][/vc_row][vc_row][vc_column][/vc_column][/vc_row]</p>
</div>
<p>[vc_row full_width=&#8221;stretch_row_content_no_spaces&#8221; full_height=&#8221;yes&#8221; css=&#8221;.vc_custom_1661948593177{background-image: url(https://coveinterior.com/wp-content/uploads/2022/08/BG-1024&#215;576-1.png?id=9830) !important;background-position: center !important;background-repeat: no-repeat !important;background-size: cover !important;}&#8221; woodmart_css_id=&#8221;630f52749ecab&#8221; responsive_spacing=&#8221;eyJwYXJhbV90eXBlIjoid29vZG1hcnRfcmVzcG9uc2l2ZV9zcGFjaW5nIiwic2VsZWN0b3JfaWQiOiI2MzBmNTI3NDllY2FiIiwic2hvcnRjb2RlIjoidmNfcm93IiwiZGF0YSI6eyJ0YWJsZXQiOnt9LCJtb2JpbGUiOnt9fX0=&#8221; mobile_bg_img_hidden=&#8221;no&#8221; tablet_bg_img_hidden=&#8221;no&#8221; woodmart_parallax=&#8221;0&#8243; woodmart_gradient_switch=&#8221;no&#8221; woodmart_box_shadow=&#8221;no&#8221; wd_z_index=&#8221;no&#8221;</p>


{""rs_blank_template"":"""",""rs_page_bg_color"":"""",""slide_template_v7"":"""",""footnotes"":""""}",https://coveinterior.com/wp-content/uploads/2022/08/BG-1024&,/media/wordpress-migration/2022/08/BG-1024&,BG-1024&,content structure rewrite requires separate portfolio/page implementation approval; file import is approved independently
rewrite_embedded_media_url,page_embedded_media_url,page,5212,about-us,About us,"<div class=""wpb-content-wrapper""><p>[vc_row full_width=&#8221;stretch_row&#8221; woodmart_bg_position=&#8221;right-top&#8221; css=&#8221;.vc_custom_1660211104824{background-image: url(https://coveinterior.com/wp-content/uploads/2022/06/arch-plan-8.png?id=7044) !important;background-position: 0 0 !important;background-repeat: no-repeat !important;}&#8221; mobile_bg_img_hidden=&#8221;no&#8221; tablet_bg_img_hidden=&#8221;no&#8221; woodmart_parallax=&#8221;0&#8243; woodmart_gradient_switch=&#8221;no&#8221; row_reverse_mobile=&#8221;0&#8243; row_reverse_tablet=&#8221;0&#8243; woodmart_disable_overflow=&#8221;0&#8243; wd_z_index=&#8221;no&#8221; woodmart_css_id=&#8221;62f4cf8fa1aa9&#8243; responsive_spacing=&#8221;eyJwYXJhbV90eXBlIjoid29vZG1hcnRfcmVzcG9uc2l2ZV9zcGFjaW5nIiwic2VsZWN0b3JfaWQiOiI2MmY0Y2Y4ZmExYWE5Iiwic2hvcnRjb2RlIjoidmNfcm93IiwiZGF0YSI6eyJ0YWJsZXQiOnt9LCJtb2JpbGUiOnt9fX0=&#8221; woodmart_box_shadow=&#8221;no&#8221;][vc_column css=&#8221;.vc_custom_1656831451592{margin-bottom: 40px !important;padding-top: 0px !important;}&#8221; mobile_bg_img_hidden=&#8221;no&#8221; tablet_bg_img_hidden=&#8221;no&#8221; woodmart_parallax=&#8221;0&#8243; woodmart_sticky_column=&#8221;false&#8221; parallax_scroll=&#8221;no&#8221; mobile_reset_margin=&#8221;no&#8221; tablet_reset_margin=&#8221;no&#8221; offset=&#8221;vc_col-xs-12&#8243; wd_z_index=&#8221;no&#8221; woodmart_css_id=&#8221;62c13da81d1ff&#8221; responsive_spacing=&#8221;eyJwYXJhbV90eXBlIjoid29vZG1hcnRfcmVzcG9uc2l2ZV9zcGFjaW5nIiwic2VsZWN0b3JfaWQiOiI2MmMxM2RhODFkMWZmIiwic2hvcnRjb2RlIjoidmNfY29sdW1uIiwiZGF0YSI6eyJ0YWJsZXQiOnt9LCJtb2JpbGUiOnt9fX0=&#8221; wd_collapsible_content_switcher=&#8221;no&#8221; wd_column_role_offcanvas_desktop=&#8221;no&#8221; wd_column_role_offcanvas_tablet=&#8221;no&#8221; wd_column_role_offcanvas_mobile=&#8221;no&#8221; wd_column_role_content_desktop=&#8221;no&#8221; wd_column_role_content_tablet=&#8221;no&#8221; wd_column_role_content_mobile=&#8221;no&#8221; woodmart_box_shadow=&#8221;no&#8221;][vc_custom_heading text=&#8221;Introduction&#8221; font_container=&#8221;tag:h4|font_size:16|text_align:left|color:%239d7d39&#8243; use_theme_fonts=&#8221;yes&#8221;]		<div id=""wd-62e103e12fefb"" class=""wd-text-block wd-wpb reset-last-child wd-rs-62e103e12fefb text-left wd-font-weight-400 wd-fontsize-s font-primary "">
			<p>Life, in general, is based on different functions which overlap with each other, making all need each other, and this leads to the continuity of the life cycle, its beauty, its development, and progress.<br />
We find the treatment in medicine, lines in engineering, numbers in mathematics, minerals in geology, and functions in management; Such are the colors of life. Life is a blend of colors, All of it in one box at &#8220;Cove Interior Design.”.</p>
		</div>
		[/vc_column][/vc_row][vc_row full_width=&#8221;stretch_row&#8221; content_placement=&#8221;middle&#8221; mobile_bg_img_hidden=&#8221;no&#8221; tablet_bg_img_hidden=&#8221;no&#8221; woodmart_parallax=&#8221;1&#8243; woodmart_gradient_switch=&#8221;no&#8221; row_reverse_mobile=&#8221;0&#8243; row_reverse_tablet=&#8221;0&#8243; woodmart_disable_overflow=&#8221;0&#8243; wd_z_index=&#8221;no&#8221; woodmart_css_id=&#8221;62f4cfa5c5f26&#8243; responsive_spacing=&#8221;eyJwYXJhbV90eXBlIjoid29vZG1hcnRfcmVzcG9uc2l2ZV9zcGFjaW5nIiwic2VsZWN0b3JfaWQiOiI2MmY0Y2ZhNWM1ZjI2Iiwic2hvcnRjb2RlIjoidmNfcm93IiwiZGF0YSI6eyJ0YWJsZXQiOnt9LCJtb2JpbGUiOnt9fX0=&#8221; woodmart_box_shadow=&#8221;no&#8221;][vc_column css=&#8221;.vc_custom_1656831451592{margin-bottom: 40px !important;padding-top: 0px !important;}&#8221; mobile_bg_img_hidden=&#8221;no&#8221; tablet_bg_img_hidden=&#8221;no&#8221; woodmart_parallax=&#8221;0&#8243; woodmart_sticky_column=&#8221;false&#8221; parallax_scroll=&#8221;no&#8221; mobile_reset_margin=&#8221;no&#8221; tablet_reset_margin=&#8221;no&#8221; offset=&#8221;vc_col-xs-12&#8243; wd_z_index=&#8221;no&#8221; woodmart_css_id=&#8221;62c13da81d1ff&#8221; responsive_spacing=&#8221;eyJwYXJhbV90eXBlIjoid29vZG1hcnRfcmVzcG9uc2l2ZV9zcGFjaW5nIiwic2VsZWN0b3JfaWQiOiI2MmMxM2RhODFkMWZmIiwic2hvcnRjb2RlIjoidmNfY29sdW1uIiwiZGF0YSI6eyJ0YWJsZXQiOnt9LCJtb2JpbGUiOnt9fX0=&#8221; wd_collapsible_content_switcher=&#8221;no&#8221; wd_column_role_offcanvas_desktop=&#8221;no&#8221; wd_column_role_offcanvas_tablet=&#8221;no&#8221; wd_column_role_offcanvas_mobile=&#8221;no&#8221; wd_column_role_content_desktop=&#8221;no&#8221; wd_column_role_content_tablet=&#8221;no&#8221; wd_column_role_content_mobile=&#8221;no&#8221; woodmart_box_shadow=&#8221;no&#8221;][vc_custom_heading text=&#8221;About Cove&#8221; font_container=&#8221;tag:h4|font_size:16|text_align:left|color:%239d7d39&#8243; use_theme_fonts=&#8221;yes&#8221;]		<div id=""wd-62e104917a46e"" class=""wd-text-block wd-wpb reset-last-child wd-rs-62e104917a46e text-left wd-font-weight-400 wd-fontsize-s font-primary "">
			<p>Cove’s mark was created through high efficient work in which the dream became a reality. Cove was established by Kuwaiti designer in 2007, and he aspire to be one of the best interior and exterior design organization in the area.</p>
		</div>
		[/vc_column][/vc_row][vc_row full_width=&#8221;stretch_row&#8221; content_placement=&#8221;middle&#8221; mobile_bg_img_hidden=&#8221;no&#8221; tablet_bg_img_hidden=&#8221;no&#8221; woodmart_parallax=&#8221;1&#8243; woodmart_gradient_switch=&#8221;no&#8221; row_reverse_mobile=&#8221;0&#8243; row_reverse_tablet=&#8221;0&#8243; woodmart_disable_overflow=&#8221;0&#8243; wd_z_index=&#8221;no&#8221; woodmart_css_id=&#8221;62f4cfb1a6b4b&#8221; responsive_spacing=&#8221;eyJwYXJhbV90eXBlIjoid29vZG1hcnRfcmVzcG9uc2l2ZV9zcGFjaW5nIiwic2VsZWN0b3JfaWQiOiI2MmY0Y2ZiMWE2YjRiIiwic2hvcnRjb2RlIjoidmNfcm93IiwiZGF0YSI6eyJ0YWJsZXQiOnt9LCJtb2JpbGUiOnt9fX0=&#8221; woodmart_box_shadow=&#8221;no&#8221;][vc_column css=&#8221;.vc_custom_1656831451592{margin-bottom: 40px !important;padding-top: 0px !important;}&#8221; mobile_bg_img_hidden=&#8221;no&#8221; tablet_bg_img_hidden=&#8221;no&#8221; woodmart_parallax=&#8221;0&#8243; woodmart_sticky_column=&#8221;false&#8221; parallax_scroll=&#8221;no&#8221; mobile_reset_margin=&#8221;no&#8221; tablet_reset_margin=&#8221;no&#8221; offset=&#8221;vc_col-xs-12&#8243; wd_z_index=&#8221;no&#8221; woodmart_css_id=&#8221;62c13da81d1ff&#8221; responsive_spacing=&#8221;eyJwYXJhbV90eXBlIjoid29vZG1hcnRfcmVzcG9uc2l2ZV9zcGFjaW5nIiwic2VsZWN0b3JfaWQiOiI2MmMxM2RhODFkMWZmIiwic2hvcnRjb2RlIjoidmNfY29sdW1uIiwiZGF0YSI6eyJ0YWJsZXQiOnt9LCJtb2JpbGUiOnt9fX0=&#8221; wd_collapsible_content_switcher=&#8221;no&#8221; wd_column_role_offcanvas_desktop=&#8221;no&#8221; wd_column_role_offcanvas_tablet=&#8221;no&#8221; wd_column_role_offcanvas_mobile=&#8221;no&#8221; wd_column_role_content_desktop=&#8221;no&#8221; wd_column_role_content_tablet=&#8221;no&#8221; wd_column_role_content_mobile=&#8221;no&#8221; woodmart_box_shadow=&#8221;no&#8221;][vc_custom_heading text=&#8221;Our Incentive&#8221; font_container=&#8221;tag:h4|font_size:18|text_align:left|color:%239d7d39&#8243; use_theme_fonts=&#8221;yes&#8221;]		<div id=""wd-62e105ff1439f"" class=""wd-text-block wd-wpb reset-last-child wd-rs-62e105ff1439f text-left wd-font-weight-400 wd-fontsize-s font-primary "">
			<p>Our incentive is to make all customers satisfied and happy by giving them the perfect atmosphere for their own place.</p>
		</div>
		[/vc_column][/vc_row][vc_row full_width=&#8221;stretch_row&#8221; content_placement=&#8221;middle&#8221; mobile_bg_img_hidden=&#8221;no&#8221; tablet_bg_img_hidden=&#8221;no&#8221; woodmart_parallax=&#8221;1&#8243; woodmart_gradient_switch=&#8221;no&#8221; row_reverse_mobile=&#8221;0&#8243; row_reverse_tablet=&#8221;0&#8243; woodmart_disable_overflow=&#8221;0&#8243; wd_z_index=&#8221;no&#8221; woodmart_css_id=&#8221;62f4cff8154e5&#8243; responsive_spacing=&#8221;eyJwYXJhbV90eXBlIjoid29vZG1hcnRfcmVzcG9uc2l2ZV9zcGFjaW5nIiwic2VsZWN0b3JfaWQiOiI2MmY0Y2ZmODE1NGU1Iiwic2hvcnRjb2RlIjoidmNfcm93IiwiZGF0YSI6eyJ0YWJsZXQiOnt9LCJtb2JpbGUiOnt9fX0=&#8221; woodmart_box_shadow=&#8221;no&#8221;][vc_column css=&#8221;.vc_custom_1660211318462{padding-top: 0px !important;}&#8221; mobile_bg_img_hidden=&#8221;no&#8221; tablet_bg_img_hidden=&#8221;no&#8221; woodmart_parallax=&#8221;0&#8243; woodmart_sticky_column=&#8221;false&#8221; parallax_scroll=&#8221;no&#8221; mobile_reset_margin=&#8221;no&#8221; tablet_reset_margin=&#8221;no&#8221; offset=&#8221;vc_col-xs-12&#8243; wd_z_index=&#8221;no&#8221; woodmart_css_id=&#8221;62f4d04938b86&#8243; responsive_spacing=&#8221;eyJwYXJhbV90eXBlIjoid29vZG1hcnRfcmVzcG9uc2l2ZV9zcGFjaW5nIiwic2VsZWN0b3JfaWQiOiI2MmY0ZDA0OTM4Yjg2Iiwic2hvcnRjb2RlIjoidmNfY29sdW1uIiwiZGF0YSI6eyJ0YWJsZXQiOnt9LCJtb2JpbGUiOnt9fX0=&#8221; wd_collapsible_content_switcher=&#8221;no&#8221; wd_column_role_offcanvas_desktop=&#8221;no&#8221; wd_column_role_offcanvas_tablet=&#8221;no&#8221; wd_column_role_offcanvas_mobile=&#8221;no&#8221; wd_column_role_content_desktop=&#8221;no&#8221; wd_column_role_content_tablet=&#8221;no&#8221; wd_column_role_content_mobile=&#8221;no&#8221; woodmart_box_shadow=&#8221;no&#8221;][vc_custom_heading text=&#8221;Our Skills&#8221; font_container=&#8221;tag:h4|font_size:16|text_align:left|color:%239d7d39&#8243; use_theme_fonts=&#8221;yes&#8221;]		<div id=""wd-633e8513302d0"" class=""wd-text-block wd-wpb reset-last-child wd-rs-633e8513302d0 text-left wd-font-weight-400 wd-fontsize-s font-primary "">
			<p>Spacing Management.<br />
Providing furniture layout with full 2D &amp; 3D details.<br />
Supervise projects and follow up on the progress.<br />
Create solutions for any problems that happened on the site and giving the right decision.<br />
A weekly report showing results of work schedule.</p>
		</div>
		[/vc_column][/vc_row][vc_row full_width=&#8221;stretch_row&#8221; content_placement=&#8221;middle&#8221; woodmart_css_id=&#8221;62f4d1167879a&#8221; responsive_spacing=&#8221;eyJwYXJhbV90eXBlIjoid29vZG1hcnRfcmVzcG9uc2l2ZV9zcGFjaW5nIiwic2VsZWN0b3JfaWQiOiI2MmY0ZDExNjc4NzlhIiwic2hvcnRjb2RlIjoidmNfcm93IiwiZGF0YSI6eyJ0YWJsZXQiOnt9LCJtb2JpbGUiOnt9fX0=&#8221; mobile_bg_img_hidden=&#8221;no&#8221; tablet_bg_img_hidden=&#8221;no&#8221; woodmart_parallax=&#8221;0&#8243; woodmart_gradient_switch=&#8221;no&#8221; woodmart_box_shadow=&#8221;no&#8221; wd_z_index=&#8221;no&#8221; woodmart_disable_overflow=&#8221;0&#8243; row_reverse_mobile=&#8221;0&#8243; row_reverse_tablet=&#8221;0&#8243;][vc_column][vc_raw_html]JTNDdmlkZW8lMjB3aWR0aCUzRCUyMjEwMCUyNSUyMiUyMGF1dG9wbGF5JTNEJTIyJTIyJTIwbXV0ZWQlM0QlMjIlMjIlMjBjb250cm9scyUzRCUyMiUyMiUyMGxvb3AlM0QlMjIlMjIlMjBzdHlsZSUzRCUyMiUyMCUyMGJveC1zaGFkb3clM0ElMjAycHglMjAycHglMjA1cHglMjAlMjMyYTJjMmYlM0IlMjAlMjAlMjIlM0UlMjAlMjAlM0MlMjEtLSUyMGJvcmRlciUzQSUyMDRweCUyMCUzQiUyMCUyMCUyMCUyMGJvcmRlci1yYWRpdXMlM0ElMjA0JTI1JTNCJTIwLS0lM0UlMEElMjAlMjAlMjAlMjAlMjAlMjAlMjAlMjAlMjAlMjAlMjAlMjAlMjAlMjAlM0Nzb3VyY2UlMjBzcmMlM0QlMjJodHRwcyUzQSUyRiUyRmNvdmVpbnRlcmlvci5jb20lMkZ3cC1jb250ZW50JTJGdXBsb2FkcyUyRjIwMjIlMkYwNyUyRnZpZGVvLm1wNCUyMiUyMHR5cGUlM0QlMjJ2aWRlbyUyRm1wNCUyMiUyMCUyMiUzRCUyMiUyMiUzRSUwQSUyMCUyMCUyMCUyMCUyMCUyMCUyMCUyMCUyMCUyMCUyMCUyMCUyMCUyMFlvdXIlMjBicm93c2VyJTIwZG9lcyUyMG5vdCUyMHN1cHBvcnQlMjBIVE1MNSUyMHZpZGVvLiUwQSUyMCUyMCUyMCUyMCUyMCUyMCUyMCUyMCUyMCUyMCUyMCUyMCUzQyUyRnZpZGVvJTNF[/vc_raw_html][/vc_column][/vc_row]</p>
</div>
<p>[vc_row full_width=&#8221;stretch_row&#8221; woodmart_bg_position=&#8221;right-top&#8221; css=&#8221;.vc_custom_1660211104824{background-image: url(https://coveinterior.com/wp-content/uploads/2022/06/arch-plan-8.png?id=7044) !important;background-position: 0 0 !important;background-repeat: no-repeat !important;}&#8221; mobile_bg_img_hidden=&#8221;no&#8221; tablet_bg_img_hidden=&#8221;no&#8221; woodmart_parallax=&#8221;0&#8243; woodmart_gradient_switch=&#8221;no&#8221; row_reverse_mobile=&#8221;0&#8243; row_reverse_tablet=&#8221;0&#8243; woodmart_disable_overflow=&#8221;0&#8243; wd_z_index=&#8221;no&#8221; woodmart_css_id=&#8221;62f4cf8fa1aa9&#8243;</p>


{""rs_blank_template"":"""",""rs_page_bg_color"":"""",""slide_template_v7"":"""",""footnotes"":""""}",https://coveinterior.com/wp-content/uploads/2022/06/arch-plan-8.png,/media/wordpress-migration/2022/06/arch-plan-8.png,arch-plan-8.png,content structure rewrite requires separate portfolio/page implementation approval; file import is approved independently
rewrite_embedded_media_url,page_embedded_media_url,page,5212,about-us,About us,https://coveinterior.com/wp-content/uploads/2022/06/arch-plan-8.png,https://coveinterior.com/wp-content/uploads/2022/06/arch-plan-8.png,/media/wordpress-migration/2022/06/arch-plan-8.png,arch-plan-8.png,content structure rewrite requires separate portfolio/page implementation approval; file import is approved independently
rewrite_embedded_media_url,page_embedded_media_url,page,1066,home,Home,https://coveinterior.com/wp-content/uploads/2023/10/slide-1.jpg,https://coveinterior.com/wp-content/uploads/2023/10/slide-1.jpg,/media/wordpress-migration/2023/10/slide-1.jpg,slide-1.jpg,content structure rewrite requires separate portfolio/page implementation approval; file import is approved independently
rewrite_embedded_media_url,page_embedded_media_url,page,1066,home,Home,https://coveinterior.com/wp-content/uploads/2023/10/slide-3.jpg,https://coveinterior.com/wp-content/uploads/2023/10/slide-3.jpg,/media/wordpress-migration/2023/10/slide-3.jpg,slide-3.jpg,content structure rewrite requires separate portfolio/page implementation approval; file import is approved independently
rewrite_embedded_media_url,page_embedded_media_url,page,1066,home,Home,https://coveinterior.com/wp-content/uploads/2023/10/slide-4.jpg,https://coveinterior.com/wp-content/uploads/2023/10/slide-4.jpg,/media/wordpress-migration/2023/10/slide-4.jpg,slide-4.jpg,content structure rewrite requires separate portfolio/page implementation approval; file import is approved independently
rewrite_embedded_media_url,page_embedded_media_url,page,1066,home,Home,https://coveinterior.com/wp-content/uploads/2022/07/cove-furniture.jpg,https://coveinterior.com/wp-content/uploads/2022/07/cove-furniture.jpg,/media/wordpress-migration/2022/07/cove-furniture.jpg,cove-furniture.jpg,content structure rewrite requires separate portfolio/page implementation approval; file import is approved independently
rewrite_embedded_media_url,page_embedded_media_url,page,1066,home,Home,https://coveinterior.com/wp-content/uploads/2022/07/company-profile.jpg,https://coveinterior.com/wp-content/uploads/2022/07/company-profile.jpg,/media/wordpress-migration/2022/07/company-profile.jpg,company-profile.jpg,content structure rewrite requires separate portfolio/page implementation approval; file import is approved independently
rewrite_embedded_media_url,page_embedded_media_url,page,1066,home,Home,https://coveinterior.com/wp-content/uploads/2022/07/clients-services.jpg,https://coveinterior.com/wp-content/uploads/2022/07/clients-services.jpg,/media/wordpress-migration/2022/07/clients-services.jpg,clients-services.jpg,content structure rewrite requires separate portfolio/page implementation approval; file import is approved independently
rewrite_embedded_media_url,page_embedded_media_url,page,1066,home,Home,https://coveinterior.com/wp-content/uploads/2022/07/about-cove-1.jpg,https://coveinterior.com/wp-content/uploads/2022/07/about-cove-1.jpg,/media/wordpress-migration/2022/07/about-cove-1.jpg,about-cove-1.jpg,content structure rewrite requires separate portfolio/page implementation approval; file import is approved independently
rewrite_embedded_media_url,page_embedded_media_url,page,1066,home,Home,https://coveinterior.com/wp-content/uploads/2022/07/cove-events.jpg,https://coveinterior.com/wp-content/uploads/2022/07/cove-events.jpg,/media/wordpress-migration/2022/07/cove-events.jpg,cove-events.jpg,content structure rewrite requires separate portfolio/page implementation approval; file import is approved independently
rewrite_embedded_media_url,page_embedded_media_url,page,1066,home,Home,https://coveinterior.com/wp-content/uploads/2022/07/communicate-with-cove.jpg,https://coveinterior.com/wp-content/uploads/2022/07/communicate-with-cove.jpg,/media/wordpress-migration/2022/07/communicate-with-cove.jpg,communicate-with-cove.jpg,content structure rewrite requires separate portfolio/page implementation approval; file import is approved independently
set_portfolio_featured_image,portfolio_featured_image,portfolio,15948,private-villa-4,Private Villa 4,https://coveinterior.com/wp-content/uploads/2024/06/DSF3306-websize.jpg,https://coveinterior.com/wp-content/uploads/2024/06/DSF3306-websize.jpg,/media/wordpress-migration/2024/06/DSF3306-websize.jpg,DSF3306-websize.jpg,content structure rewrite requires separate portfolio/page implementation approval; file import is approved independently
rewrite_embedded_media_url,portfolio_embedded_media_url,portfolio,15948,private-villa-4,Private Villa 4,https://coveinterior.com/wp-content/uploads/2024/06/DSF3203-websize.jpg,https://coveinterior.com/wp-content/uploads/2024/06/DSF3203-websize.jpg,/media/wordpress-migration/2024/06/DSF3203-websize.jpg,DSF3203-websize.jpg,content structure rewrite requires separate portfolio/page implementation approval; file import is approved independently
rewrite_embedded_media_url,portfolio_embedded_media_url,portfolio,15948,private-villa-4,Private Villa 4,https://coveinterior.com/wp-content/uploads/2024/06/DSF3203-websize-430x430.jpg,https://coveinterior.com/wp-content/uploads/2024/06/DSF3203-websize.jpg,/media/wordpress-migration/2024/06/DSF3203-websize.jpg,DSF3203-websize.jpg,content structure rewrite requires separate portfolio/page implementation approval; file import is approved independently
rewrite_embedded_media_url,portfolio_embedded_media_url,portfolio,15948,private-villa-4,Private Villa 4,https://coveinterior.com/wp-content/uploads/2024/06/DSF3203-websize-150x150.jpg,https://coveinterior.com/wp-content/uploads/2024/06/DSF3203-websize.jpg,/media/wordpress-migration/2024/06/DSF3203-websize.jpg,DSF3203-websize.jpg,content structure rewrite requires separate portfolio/page implementation approval; file import is approved independently
rewrite_embedded_media_url,portfolio_embedded_media_url,portfolio,15948,private-villa-4,Private Villa 4,https://coveinterior.com/wp-content/uploads/2024/06/DSF3203-websize-700x700.jpg,https://coveinterior.com/wp-content/uploads/2024/06/DSF3203-websize.jpg,/media/wordpress-migration/2024/06/DSF3203-websize.jpg,DSF3203-websize.jpg,content structure rewrite requires separate portfolio/page implementation approval; file import is approved independently
rewrite_embedded_media_url,portfolio_embedded_media_url,portfolio,15948,private-villa-4,Private Villa 4,https://coveinterior.com/wp-content/uploads/2024/06/DSF3203-websize-300x300.jpg,https://coveinterior.com/wp-content/uploads/2024/06/DSF3203-websize.jpg,/media/wordpress-migration/2024/06/DSF3203-websize.jpg,DSF3203-websize.jpg,content structure rewrite requires separate portfolio/page implementation approval; file import is approved independently
rewrite_embedded_media_url,portfolio_embedded_media_url,portfolio,15948,private-villa-4,Private Villa 4,https://coveinterior.com/wp-content/uploads/2024/06/DSF3203-websize-800x800.jpg,https://coveinterior.com/wp-content/uploads/2024/06/DSF3203-websize.jpg,/media/wordpress-migration/2024/06/DSF3203-websize.jpg,DSF3203-websize.jpg,content structure rewrite requires separate portfolio/page implementation approval; file import is approved independently
rewrite_embedded_media_url,portfolio_embedded_media_url,portfolio,15948,private-villa-4,Private Villa 4,https://coveinterior.com/wp-content/uploads/2024/06/DSF3203-websize-768x768.jpg,https://coveinterior.com/wp-content/uploads/2024/06/DSF3203-websize.jpg,/media/wordpress-migration/2024/06/DSF3203-websize.jpg,DSF3203-websize.jpg,content structure rewrite requires separate portfolio/page implementation approval; file import is approved independently
rewrite_embedded_media_url,portfolio_embedded_media_url,portfolio,15948,private-villa-4,Private Villa 4,https://coveinterior.com/wp-content/uploads/2024/06/DSF3205-websize.jpg,https://coveinterior.com/wp-content/uploads/2024/06/DSF3205-websize.jpg,/media/wordpress-migration/2024/06/DSF3205-websize.jpg,DSF3205-websize.jpg,content structure rewrite requires separate portfolio/page implementation approval; file import is approved independently
rewrite_embedded_media_url,portfolio_embedded_media_url,portfolio,15948,private-villa-4,Private Villa 4,https://coveinterior.com/wp-content/uploads/2024/06/DSF3205-websize-430x430.jpg,https://coveinterior.com/wp-content/uploads/2024/06/DSF3205-websize.jpg,/media/wordpress-migration/2024/06/DSF3205-websize.jpg,DSF3205-websize.jpg,content structure rewrite requires separate portfolio/page implementation approval; file import is approved independently
rewrite_embedded_media_url,portfolio_embedded_media_url,portfolio,15948,private-villa-4,Private Villa 4,https://coveinterior.com/wp-content/uploads/2024/06/DSF3205-websize-150x150.jpg,https://coveinterior.com/wp-content/uploads/2024/06/DSF3205-websize.jpg,/media/wordpress-migration/2024/06/DSF3205-websize.jpg,DSF3205-websize.jpg,content structure rewrite requires separate portfolio/page implementation approval; file import is approved independently
rewrite_embedded_media_url,portfolio_embedded_media_url,portfolio,15948,private-villa-4,Private Villa 4,https://coveinterior.com/wp-content/uploads/2024/06/DSF3205-websize-700x700.jpg,https://coveinterior.com/wp-content/uploads/2024/06/DSF3205-websize.jpg,/media/wordpress-migration/2024/06/DSF3205-websize.jpg,DSF3205-websize.jpg,content structure rewrite requires separate portfolio/page implementation approval; file import is approved independently
rewrite_embedded_media_url,portfolio_embedded_media_url,portfolio,15948,private-villa-4,Private Villa 4,https://coveinterior.com/wp-content/uploads/2024/06/DSF3205-websize-300x300.jpg,https://coveinterior.com/wp-content/uploads/2024/06/DSF3205-websize.jpg,/media/wordpress-migration/2024/06/DSF3205-websize.jpg,DSF3205-websize.jpg,content structure rewrite requires separate portfolio/page implementation approval; file import is approved independently
rewrite_embedded_media_url,portfolio_embedded_media_url,portfolio,15948,private-villa-4,Private Villa 4,https://coveinterior.com/wp-content/uploads/2024/06/DSF3205-websize-800x800.jpg,https://coveinterior.com/wp-content/uploads/2024/06/DSF3205-websize.jpg,/media/wordpress-migration/2024/06/DSF3205-websize.jpg,DSF3205-websize.jpg,content structure rewrite requires separate portfolio/page implementation approval; file import is approved independently
rewrite_embedded_media_url,portfolio_embedded_media_url,portfolio,15948,private-villa-4,Private Villa 4,https://coveinterior.com/wp-content/uploads/2024/06/DSF3205-websize-768x768.jpg,https://coveinterior.com/wp-content/uploads/2024/06/DSF3205-websize.jpg,/media/wordpress-migration/2024/06/DSF3205-websize.jpg,DSF3205-websize.jpg,content structure rewrite requires separate portfolio/page implementation approval; file import is approved independently
rewrite_embedded_media_url,portfolio_embedded_media_url,portfolio,15948,private-villa-4,Private Villa 4,https://coveinterior.com/wp-content/uploads/2024/06/DSF3206-websize.jpg,https://coveinterior.com/wp-content/uploads/2024/06/DSF3206-websize.jpg,/media/wordpress-migration/2024/06/DSF3206-websize.jpg,DSF3206-websize.jpg,content structure rewrite requires separate portfolio/page implementation approval; file import is approved independently
rewrite_embedded_media_url,portfolio_embedded_media_url,portfolio,15948,private-villa-4,Private Villa 4,https://coveinterior.com/wp-content/uploads/2024/06/DSF3206-websize-430x430.jpg,https://coveinterior.com/wp-content/uploads/2024/06/DSF3206-websize.jpg,/media/wordpress-migration/2024/06/DSF3206-websize.jpg,DSF3206-websize.jpg,content structure rewrite requires separate portfolio/page implementation approval; file import is approved independently
rewrite_embedded_media_url,portfolio_embedded_media_url,portfolio,15948,private-villa-4,Private Villa 4,https://coveinterior.com/wp-content/uploads/2024/06/DSF3206-websize-150x150.jpg,https://coveinterior.com/wp-content/uploads/2024/06/DSF3206-websize.jpg,/media/wordpress-migration/2024/06/DSF3206-websize.jpg,DSF3206-websize.jpg,content structure rewrite requires separate portfolio/page implementation approval; file import is approved independently
rewrite_embedded_media_url,portfolio_embedded_media_url,portfolio,15948,private-villa-4,Private Villa 4,https://coveinterior.com/wp-content/uploads/2024/06/DSF3206-websize-700x700.jpg,https://coveinterior.com/wp-content/uploads/2024/06/DSF3206-websize.jpg,/media/wordpress-migration/2024/06/DSF3206-websize.jpg,DSF3206-websize.jpg,content structure rewrite requires separate portfolio/page implementation approval; file import is approved independently
rewrite_embedded_media_url,portfolio_embedded_media_url,portfolio,15948,private-villa-4,Private Villa 4,https://coveinterior.com/wp-content/uploads/2024/06/DSF3206-websize-300x300.jpg,https://coveinterior.com/wp-content/uploads/2024/06/DSF3206-websize.jpg,/media/wordpress-migration/2024/06/DSF3206-websize.jpg,DSF3206-websize.jpg,content structure rewrite requires separate portfolio/page implementation approval; file import is approved independently
rewrite_embedded_media_url,portfolio_embedded_media_url,portfolio,15948,private-villa-4,Private Villa 4,https://coveinterior.com/wp-content/uploads/2024/06/DSF3206-websize-800x800.jpg,https://coveinterior.com/wp-content/uploads/2024/06/DSF3206-websize.jpg,/media/wordpress-migration/2024/06/DSF3206-websize.jpg,DSF3206-websize.jpg,content structure rewrite requires separate portfolio/page implementation approval; file import is approved independently
rewrite_embedded_media_url,portfolio_embedded_media_url,portfolio,15948,private-villa-4,Private Villa 4,https://coveinterior.com/wp-content/uploads/2024/06/DSF3206-websize-768x768.jpg,https://coveinterior.com/wp-content/uploads/2024/06/DSF3206-websize.jpg,/media/wordpress-migration/2024/06/DSF3206-websize.jpg,DSF3206-websize.jpg,content structure rewrite requires separate portfolio/page implementation approval; file import is approved independently
rewrite_embedded_media_url,portfolio_embedded_media_url,portfolio,15948,private-villa-4,Private Villa 4,https://coveinterior.com/wp-content/uploads/2024/06/DSF3208-websize.jpg,https://coveinterior.com/wp-content/uploads/2024/06/DSF3208-websize.jpg,/media/wordpress-migration/2024/06/DSF3208-websize.jpg,DSF3208-websize.jpg,content structure rewrite requires separate portfolio/page implementation approval; file import is approved independently
rewrite_embedded_media_url,portfolio_embedded_media_url,portfolio,15948,private-villa-4,Private Villa 4,https://coveinterior.com/wp-content/uploads/2024/06/DSF3208-websize-430x430.jpg,https://coveinterior.com/wp-content/uploads/2024/06/DSF3208-websize.jpg,/media/wordpress-migration/2024/06/DSF3208-websize.jpg,DSF3208-websize.jpg,content structure rewrite requires separate portfolio/page implementation approval; file import is approved independently
rewrite_embedded_media_url,portfolio_embedded_media_url,portfolio,15948,private-villa-4,Private Villa 4,https://coveinterior.com/wp-content/uploads/2024/06/DSF3208-websize-150x150.jpg,https://coveinterior.com/wp-content/uploads/2024/06/DSF3208-websize.jpg,/media/wordpress-migration/2024/06/DSF3208-websize.jpg,DSF3208-websize.jpg,content structure rewrite requires separate portfolio/page implementation approval; file import is approved independently
rewrite_embedded_media_url,portfolio_embedded_media_url,portfolio,15948,private-villa-4,Private Villa 4,https://coveinterior.com/wp-content/uploads/2024/06/DSF3208-websize-700x700.jpg,https://coveinterior.com/wp-content/uploads/2024/06/DSF3208-websize.jpg,/media/wordpress-migration/2024/06/DSF3208-websize.jpg,DSF3208-websize.jpg,content structure rewrite requires separate portfolio/page implementation approval; file import is approved independently
rewrite_embedded_media_url,portfolio_embedded_media_url,portfolio,15948,private-villa-4,Private Villa 4,https://coveinterior.com/wp-content/uploads/2024/06/DSF3208-websize-300x300.jpg,https://coveinterior.com/wp-content/uploads/2024/06/DSF3208-websize.jpg,/media/wordpress-migration/2024/06/DSF3208-websize.jpg,DSF3208-websize.jpg,content structure rewrite requires separate portfolio/page implementation approval; file import is approved independently
rewrite_embedded_media_url,portfolio_embedded_media_url,portfolio,15948,private-villa-4,Private Villa 4,https://coveinterior.com/wp-content/uploads/2024/06/DSF3208-websize-800x800.jpg,https://coveinterior.com/wp-content/uploads/2024/06/DSF3208-websize.jpg,/media/wordpress-migration/2024/06/DSF3208-websize.jpg,DSF3208-websize.jpg,content structure rewrite requires separate portfolio/page implementation approval; file import is approved independently
rewrite_embedded_media_url,portfolio_embedded_media_url,portfolio,15948,private-villa-4,Private Villa 4,https://coveinterior.com/wp-content/uploads/2024/06/DSF3208-websize-768x768.jpg,https://coveinterior.com/wp-content/uploads/2024/06/DSF3208-websize.jpg,/media/wordpress-migration/2024/06/DSF3208-websize.jpg,DSF3208-websize.jpg,content structure rewrite requires separate portfolio/page implementation approval; file import is approved independently
rewrite_embedded_media_url,portfolio_embedded_media_url,portfolio,15948,private-villa-4,Private Villa 4,https://coveinterior.com/wp-content/uploads/2024/06/DSF3223-websize.jpg,https://coveinterior.com/wp-content/uploads/2024/06/DSF3223-websize.jpg,/media/wordpress-migration/2024/06/DSF3223-websize.jpg,DSF3223-websize.jpg,content structure rewrite requires separate portfolio/page implementation approval; file import is approved independently
rewrite_embedded_media_url,portfolio_embedded_media_url,portfolio,15948,private-villa-4,Private Villa 4,https://coveinterior.com/wp-content/uploads/2024/06/DSF3223-websize-430x430.jpg,https://coveinterior.com/wp-content/uploads/2024/06/DSF3223-websize.jpg,/media/wordpress-migration/2024/06/DSF3223-websize.jpg,DSF3223-websize.jpg,content structure rewrite requires separate portfolio/page implementation approval; file import is approved independently
rewrite_embedded_media_url,portfolio_embedded_media_url,portfolio,15948,private-villa-4,Private Villa 4,https://coveinterior.com/wp-content/uploads/2024/06/DSF3223-websize-150x150.jpg,https://coveinterior.com/wp-content/uploads/2024/06/DSF3223-websize.jpg,/media/wordpress-migration/2024/06/DSF3223-websize.jpg,DSF3223-websize.jpg,content structure rewrite requires separate portfolio/page implementation approval; file import is approved independently
rewrite_embedded_media_url,portfolio_embedded_media_url,portfolio,15948,private-villa-4,Private Villa 4,https://coveinterior.com/wp-content/uploads/2024/06/DSF3223-websize-700x700.jpg,https://coveinterior.com/wp-content/uploads/2024/06/DSF3223-websize.jpg,/media/wordpress-migration/2024/06/DSF3223-websize.jpg,DSF3223-websize.jpg,content structure rewrite requires separate portfolio/page implementation approval; file import is approved independently
rewrite_embedded_media_url,portfolio_embedded_media_url,portfolio,15948,private-villa-4,Private Villa 4,https://coveinterior.com/wp-content/uploads/2024/06/DSF3223-websize-300x300.jpg,https://coveinterior.com/wp-content/uploads/2024/06/DSF3223-websize.jpg,/media/wordpress-migration/2024/06/DSF3223-websize.jpg,DSF3223-websize.jpg,content structure rewrite requires separate portfolio/page implementation approval; file import is approved independently
rewrite_embedded_media_url,portfolio_embedded_media_url,portfolio,15948,private-villa-4,Private Villa 4,https://coveinterior.com/wp-content/uploads/2024/06/DSF3223-websize-800x800.jpg,https://coveinterior.com/wp-content/uploads/2024/06/DSF3223-websize.jpg,/media/wordpress-migration/2024/06/DSF3223-websize.jpg,DSF3223-websize.jpg,content structure rewrite requires separate portfolio/page implementation approval; file import is approved independently
rewrite_embedded_media_url,portfolio_embedded_media_url,portfolio,15948,private-villa-4,Private Villa 4,https://coveinterior.com/wp-content/uploads/2024/06/DSF3223-websize-768x768.jpg,https://coveinterior.com/wp-content/uploads/2024/06/DSF3223-websize.jpg,/media/wordpress-migration/2024/06/DSF3223-websize.jpg,DSF3223-websize.jpg,content structure rewrite requires separate portfolio/page implementation approval; file import is approved independently
rewrite_embedded_media_url,portfolio_embedded_media_url,portfolio,15948,private-villa-4,Private Villa 4,https://coveinterior.com/wp-content/uploads/2024/06/DSF3226-websize.jpg,https://coveinterior.com/wp-content/uploads/2024/06/DSF3226-websize.jpg,/media/wordpress-migration/2024/06/DSF3226-websize.jpg,DSF3226-websize.jpg,content structure rewrite requires separate portfolio/page implementation approval; file import is approved independently
rewrite_embedded_media_url,portfolio_embedded_media_url,portfolio,15948,private-villa-4,Private Villa 4,https://coveinterior.com/wp-content/uploads/2024/06/DSF3226-websize-430x430.jpg,https://coveinterior.com/wp-content/uploads/2024/06/DSF3226-websize.jpg,/media/wordpress-migration/2024/06/DSF3226-websize.jpg,DSF3226-websize.jpg,content structure rewrite requires separate portfolio/page implementation approval; file import is approved independently
rewrite_embedded_media_url,portfolio_embedded_media_url,portfolio,15948,private-villa-4,Private Villa 4,https://coveinterior.com/wp-content/uploads/2024/06/DSF3226-websize-150x150.jpg,https://coveinterior.com/wp-content/uploads/2024/06/DSF3226-websize.jpg,/media/wordpress-migration/2024/06/DSF3226-websize.jpg,DSF3226-websize.jpg,content structure rewrite requires separate portfolio/page implementation approval; file import is approved independently
rewrite_embedded_media_url,portfolio_embedded_media_url,portfolio,15948,private-villa-4,Private Villa 4,https://coveinterior.com/wp-content/uploads/2024/06/DSF3226-websize-700x700.jpg,https://coveinterior.com/wp-content/uploads/2024/06/DSF3226-websize.jpg,/media/wordpress-migration/2024/06/DSF3226-websize.jpg,DSF3226-websize.jpg,content structure rewrite requires separate portfolio/page implementation approval; file import is approved independently
rewrite_embedded_media_url,portfolio_embedded_media_url,portfolio,15948,private-villa-4,Private Villa 4,https://coveinterior.com/wp-content/uploads/2024/06/DSF3226-websize-300x300.jpg,https://coveinterior.com/wp-content/uploads/2024/06/DSF3226-websize.jpg,/media/wordpress-migration/2024/06/DSF3226-websize.jpg,DSF3226-websize.jpg,content structure rewrite requires separate portfolio/page implementation approval; file import is approved independently
rewrite_embedded_media_url,portfolio_embedded_media_url,portfolio,15948,private-villa-4,Private Villa 4,https://coveinterior.com/wp-content/uploads/2024/06/DSF3226-websize-800x800.jpg,https://coveinterior.com/wp-content/uploads/2024/06/DSF3226-websize.jpg,/media/wordpress-migration/2024/06/DSF3226-websize.jpg,DSF3226-websize.jpg,content structure rewrite requires separate portfolio/page implementation approval; file import is approved independently
rewrite_embedded_media_url,portfolio_embedded_media_url,portfolio,15948,private-villa-4,Private Villa 4,https://coveinterior.com/wp-content/uploads/2024/06/DSF3226-websize-768x768.jpg,https://coveinterior.com/wp-content/uploads/2024/06/DSF3226-websize.jpg,/media/wordpress-migration/2024/06/DSF3226-websize.jpg,DSF3226-websize.jpg,content structure rewrite requires separate portfolio/page implementation approval; file import is approved independently
rewrite_embedded_media_url,portfolio_embedded_media_url,portfolio,15948,private-villa-4,Private Villa 4,https://coveinterior.com/wp-content/uploads/2024/06/DSF3228-websize.jpg,https://coveinterior.com/wp-content/uploads/2024/06/DSF3228-websize.jpg,/media/wordpress-migration/2024/06/DSF3228-websize.jpg,DSF3228-websize.jpg,content structure rewrite requires separate portfolio/page implementation approval; file import is approved independently
rewrite_embedded_media_url,portfolio_embedded_media_url,portfolio,15948,private-villa-4,Private Villa 4,https://coveinterior.com/wp-content/uploads/2024/06/DSF3228-websize-430x430.jpg,https://coveinterior.com/wp-content/uploads/2024/06/DSF3228-websize.jpg,/media/wordpress-migration/2024/06/DSF3228-websize.jpg,DSF3228-websize.jpg,content structure rewrite requires separate portfolio/page implementation approval; file import is approved independently
rewrite_embedded_media_url,portfolio_embedded_media_url,portfolio,15948,private-villa-4,Private Villa 4,https://coveinterior.com/wp-content/uploads/2024/06/DSF3228-websize-150x150.jpg,https://coveinterior.com/wp-content/uploads/2024/06/DSF3228-websize.jpg,/media/wordpress-migration/2024/06/DSF3228-websize.jpg,DSF3228-websize.jpg,content structure rewrite requires separate portfolio/page implementation approval; file import is approved independently
rewrite_embedded_media_url,portfolio_embedded_media_url,portfolio,15948,private-villa-4,Private Villa 4,https://coveinterior.com/wp-content/uploads/2024/06/DSF3228-websize-700x700.jpg,https://coveinterior.com/wp-content/uploads/2024/06/DSF3228-websize.jpg,/media/wordpress-migration/2024/06/DSF3228-websize.jpg,DSF3228-websize.jpg,content structure rewrite requires separate portfolio/page implementation approval; file import is approved independently
rewrite_embedded_media_url,portfolio_embedded_media_url,portfolio,15948,private-villa-4,Private Villa 4,https://coveinterior.com/wp-content/uploads/2024/06/DSF3228-websize-300x300.jpg,https://coveinterior.com/wp-content/uploads/2024/06/DSF3228-websize.jpg,/media/wordpress-migration/2024/06/DSF3228-websize.jpg,DSF3228-websize.jpg,content structure rewrite requires separate portfolio/page implementation approval; file import is approved independently
rewrite_embedded_media_url,portfolio_embedded_media_url,portfolio,15948,private-villa-4,Private Villa 4,https://coveinterior.com/wp-content/uploads/2024/06/DSF3228-websize-800x800.jpg,https://coveinterior.com/wp-content/uploads/2024/06/DSF3228-websize.jpg,/media/wordpress-migration/2024/06/DSF3228-websize.jpg,DSF3228-websize.jpg,content structure rewrite requires separate portfolio/page implementation approval; file import is approved independently
rewrite_embedded_media_url,portfolio_embedded_media_url,portfolio,15948,private-villa-4,Private Villa 4,https://coveinterior.com/wp-content/uploads/2024/06/DSF3228-websize-768x768.jpg,https://coveinterior.com/wp-content/uploads/2024/06/DSF3228-websize.jpg,/media/wordpress-migration/2024/06/DSF3228-websize.jpg,DSF3228-websize.jpg,content structure rewrite requires separate portfolio/page implementation approval; file import is approved independently
rewrite_embedded_media_url,portfolio_embedded_media_url,portfolio,15948,private-villa-4,Private Villa 4,https://coveinterior.com/wp-content/uploads/2024/06/DSF3232-websize.jpg,https://coveinterior.com/wp-content/uploads/2024/06/DSF3232-websize.jpg,/media/wordpress-migration/2024/06/DSF3232-websize.jpg,DSF3232-websize.jpg,content structure rewrite requires separate portfolio/page implementation approval; file import is approved independently
rewrite_embedded_media_url,portfolio_embedded_media_url,portfolio,15948,private-villa-4,Private Villa 4,https://coveinterior.com/wp-content/uploads/2024/06/DSF3232-websize-430x430.jpg,https://coveinterior.com/wp-content/uploads/2024/06/DSF3232-websize.jpg,/media/wordpress-migration/2024/06/DSF3232-websize.jpg,DSF3232-websize.jpg,content structure rewrite requires separate portfolio/page implementation approval; file import is approved independently
rewrite_embedded_media_url,portfolio_embedded_media_url,portfolio,15948,private-villa-4,Private Villa 4,https://coveinterior.com/wp-content/uploads/2024/06/DSF3232-websize-150x150.jpg,https://coveinterior.com/wp-content/uploads/2024/06/DSF3232-websize.jpg,/media/wordpress-migration/2024/06/DSF3232-websize.jpg,DSF3232-websize.jpg,content structure rewrite requires separate portfolio/page implementation approval; file import is approved independently
rewrite_embedded_media_url,portfolio_embedded_media_url,portfolio,15948,private-villa-4,Private Villa 4,https://coveinterior.com/wp-content/uploads/2024/06/DSF3232-websize-700x700.jpg,https://coveinterior.com/wp-content/uploads/2024/06/DSF3232-websize.jpg,/media/wordpress-migration/2024/06/DSF3232-websize.jpg,DSF3232-websize.jpg,content structure rewrite requires separate portfolio/page implementation approval; file import is approved independently
rewrite_embedded_media_url,portfolio_embedded_media_url,portfolio,15948,private-villa-4,Private Villa 4,https://coveinterior.com/wp-content/uploads/2024/06/DSF3232-websize-300x300.jpg,https://coveinterior.com/wp-content/uploads/2024/06/DSF3232-websize.jpg,/media/wordpress-migration/2024/06/DSF3232-websize.jpg,DSF3232-websize.jpg,content structure rewrite requires separate portfolio/page implementation approval; file import is approved independently
rewrite_embedded_media_url,portfolio_embedded_media_url,portfolio,15948,private-villa-4,Private Villa 4,https://coveinterior.com/wp-content/uploads/2024/06/DSF3232-websize-800x800.jpg,https://coveinterior.com/wp-content/uploads/2024/06/DSF3232-websize.jpg,/media/wordpress-migration/2024/06/DSF3232-websize.jpg,DSF3232-websize.jpg,content structure rewrite requires separate portfolio/page implementation approval; file import is approved independently
rewrite_embedded_media_url,portfolio_embedded_media_url,portfolio,15948,private-villa-4,Private Villa 4,https://coveinterior.com/wp-content/uploads/2024/06/DSF3232-websize-768x768.jpg,https://coveinterior.com/wp-content/uploads/2024/06/DSF3232-websize.jpg,/media/wordpress-migration/2024/06/DSF3232-websize.jpg,DSF3232-websize.jpg,content structure rewrite requires separate portfolio/page implementation approval; file import is approved independently
rewrite_embedded_media_url,portfolio_embedded_media_url,portfolio,15948,private-villa-4,Private Villa 4,https://coveinterior.com/wp-content/uploads/2024/06/DSF3235-websize.jpg,https://coveinterior.com/wp-content/uploads/2024/06/DSF3235-websize.jpg,/media/wordpress-migration/2024/06/DSF3235-websize.jpg,DSF3235-websize.jpg,content structure rewrite requires separate portfolio/page implementation approval; file import is approved independently
rewrite_embedded_media_url,portfolio_embedded_media_url,portfolio,15948,private-villa-4,Private Villa 4,https://coveinterior.com/wp-content/uploads/2024/06/DSF3235-websize-430x430.jpg,https://coveinterior.com/wp-content/uploads/2024/06/DSF3235-websize.jpg,/media/wordpress-migration/2024/06/DSF3235-websize.jpg,DSF3235-websize.jpg,content structure rewrite requires separate portfolio/page implementation approval; file import is approved independently
rewrite_embedded_media_url,portfolio_embedded_media_url,portfolio,15948,private-villa-4,Private Villa 4,https://coveinterior.com/wp-content/uploads/2024/06/DSF3235-websize-150x150.jpg,https://coveinterior.com/wp-content/uploads/2024/06/DSF3235-websize.jpg,/media/wordpress-migration/2024/06/DSF3235-websize.jpg,DSF3235-websize.jpg,content structure rewrite requires separate portfolio/page implementation approval; file import is approved independently
rewrite_embedded_media_url,portfolio_embedded_media_url,portfolio,15948,private-villa-4,Private Villa 4,https://coveinterior.com/wp-content/uploads/2024/06/DSF3235-websize-700x700.jpg,https://coveinterior.com/wp-content/uploads/2024/06/DSF3235-websize.jpg,/media/wordpress-migration/2024/06/DSF3235-websize.jpg,DSF3235-websize.jpg,content structure rewrite requires separate portfolio/page implementation approval; file import is approved independently
rewrite_embedded_media_url,portfolio_embedded_media_url,portfolio,15948,private-villa-4,Private Villa 4,https://coveinterior.com/wp-content/uploads/2024/06/DSF3235-websize-300x300.jpg,https://coveinterior.com/wp-content/uploads/2024/06/DSF3235-websize.jpg,/media/wordpress-migration/2024/06/DSF3235-websize.jpg,DSF3235-websize.jpg,content structure rewrite requires separate portfolio/page implementation approval; file import is approved independently
rewrite_embedded_media_url,portfolio_embedded_media_url,portfolio,15948,private-villa-4,Private Villa 4,https://coveinterior.com/wp-content/uploads/2024/06/DSF3235-websize-800x800.jpg,https://coveinterior.com/wp-content/uploads/2024/06/DSF3235-websize.jpg,/media/wordpress-migration/2024/06/DSF3235-websize.jpg,DSF3235-websize.jpg,content structure rewrite requires separate portfolio/page implementation approval; file import is approved independently
rewrite_embedded_media_url,portfolio_embedded_media_url,portfolio,15948,private-villa-4,Private Villa 4,https://coveinterior.com/wp-content/uploads/2024/06/DSF3235-websize-768x768.jpg,https://coveinterior.com/wp-content/uploads/2024/06/DSF3235-websize.jpg,/media/wordpress-migration/2024/06/DSF3235-websize.jpg,DSF3235-websize.jpg,content structure rewrite requires separate portfolio/page implementation approval; file import is approved independently
rewrite_embedded_media_url,portfolio_embedded_media_url,portfolio,15948,private-villa-4,Private Villa 4,https://coveinterior.com/wp-content/uploads/2024/06/DSF3240-websize.jpg,https://coveinterior.com/wp-content/uploads/2024/06/DSF3240-websize.jpg,/media/wordpress-migration/2024/06/DSF3240-websize.jpg,DSF3240-websize.jpg,content structure rewrite requires separate portfolio/page implementation approval; file import is approved independently
rewrite_embedded_media_url,portfolio_embedded_media_url,portfolio,15948,private-villa-4,Private Villa 4,https://coveinterior.com/wp-content/uploads/2024/06/DSF3240-websize-430x430.jpg,https://coveinterior.com/wp-content/uploads/2024/06/DSF3240-websize.jpg,/media/wordpress-migration/2024/06/DSF3240-websize.jpg,DSF3240-websize.jpg,content structure rewrite requires separate portfolio/page implementation approval; file import is approved independently
rewrite_embedded_media_url,portfolio_embedded_media_url,portfolio,15948,private-villa-4,Private Villa 4,https://coveinterior.com/wp-content/uploads/2024/06/DSF3240-websize-150x150.jpg,https://coveinterior.com/wp-content/uploads/2024/06/DSF3240-websize.jpg,/media/wordpress-migration/2024/06/DSF3240-websize.jpg,DSF3240-websize.jpg,content structure rewrite requires separate portfolio/page implementation approval; file import is approved independently
rewrite_embedded_media_url,portfolio_embedded_media_url,portfolio,15948,private-villa-4,Private Villa 4,https://coveinterior.com/wp-content/uploads/2024/06/DSF3240-websize-700x700.jpg,https://coveinterior.com/wp-content/uploads/2024/06/DSF3240-websize.jpg,/media/wordpress-migration/2024/06/DSF3240-websize.jpg,DSF3240-websize.jpg,content structure rewrite requires separate portfolio/page implementation approval; file import is approved independently
rewrite_embedded_media_url,portfolio_embedded_media_url,portfolio,15948,private-villa-4,Private Villa 4,https://coveinterior.com/wp-content/uploads/2024/06/DSF3240-websize-300x300.jpg,https://coveinterior.com/wp-content/uploads/2024/06/DSF3240-websize.jpg,/media/wordpress-migration/2024/06/DSF3240-websize.jpg,DSF3240-websize.jpg,content structure rewrite requires separate portfolio/page implementation approval; file import is approved independently
rewrite_embedded_media_url,portfolio_embedded_media_url,portfolio,15948,private-villa-4,Private Villa 4,https://coveinterior.com/wp-content/uploads/2024/06/DSF3240-websize-800x800.jpg,https://coveinterior.com/wp-content/uploads/2024/06/DSF3240-websize.jpg,/media/wordpress-migration/2024/06/DSF3240-websize.jpg,DSF3240-websize.jpg,content structure rewrite requires separate portfolio/page implementation approval; file import is approved independently
rewrite_embedded_media_url,portfolio_embedded_media_url,portfolio,15948,private-villa-4,Private Villa 4,https://coveinterior.com/wp-content/uploads/2024/06/DSF3240-websize-768x768.jpg,https://coveinterior.com/wp-content/uploads/2024/06/DSF3240-websize.jpg,/media/wordpress-migration/2024/06/DSF3240-websize.jpg,DSF3240-websize.jpg,content structure rewrite requires separate portfolio/page implementation approval; file import is approved independently
rewrite_embedded_media_url,portfolio_embedded_media_url,portfolio,15948,private-villa-4,Private Villa 4,https://coveinterior.com/wp-content/uploads/2024/06/DSF3249-websize.jpg,https://coveinterior.com/wp-content/uploads/2024/06/DSF3249-websize.jpg,/media/wordpress-migration/2024/06/DSF3249-websize.jpg,DSF3249-websize.jpg,content structure rewrite requires separate portfolio/page implementation approval; file import is approved independently
rewrite_embedded_media_url,portfolio_embedded_media_url,portfolio,15948,private-villa-4,Private Villa 4,https://coveinterior.com/wp-content/uploads/2024/06/DSF3249-websize-430x430.jpg,https://coveinterior.com/wp-content/uploads/2024/06/DSF3249-websize.jpg,/media/wordpress-migration/2024/06/DSF3249-websize.jpg,DSF3249-websize.jpg,content structure rewrite requires separate portfolio/page implementation approval; file import is approved independently
rewrite_embedded_media_url,portfolio_embedded_media_url,portfolio,15948,private-villa-4,Private Villa 4,https://coveinterior.com/wp-content/uploads/2024/06/DSF3249-websize-150x150.jpg,https://coveinterior.com/wp-content/uploads/2024/06/DSF3249-websize.jpg,/media/wordpress-migration/2024/06/DSF3249-websize.jpg,DSF3249-websize.jpg,content structure rewrite requires separate portfolio/page implementation approval; file import is approved independently
rewrite_embedded_media_url,portfolio_embedded_media_url,portfolio,15948,private-villa-4,Private Villa 4,https://coveinterior.com/wp-content/uploads/2024/06/DSF3249-websize-700x700.jpg,https://coveinterior.com/wp-content/uploads/2024/06/DSF3249-websize.jpg,/media/wordpress-migration/2024/06/DSF3249-websize.jpg,DSF3249-websize.jpg,content structure rewrite requires separate portfolio/page implementation approval; file import is approved independently
rewrite_embedded_media_url,portfolio_embedded_media_url,portfolio,15948,private-villa-4,Private Villa 4,https://coveinterior.com/wp-content/uploads/2024/06/DSF3249-websize-300x300.jpg,https://coveinterior.com/wp-content/uploads/2024/06/DSF3249-websize.jpg,/media/wordpress-migration/2024/06/DSF3249-websize.jpg,DSF3249-websize.jpg,content structure rewrite requires separate portfolio/page implementation approval; file import is approved independently
rewrite_embedded_media_url,portfolio_embedded_media_url,portfolio,15948,private-villa-4,Private Villa 4,https://coveinterior.com/wp-content/uploads/2024/06/DSF3249-websize-800x800.jpg,https://coveinterior.com/wp-content/uploads/2024/06/DSF3249-websize.jpg,/media/wordpress-migration/2024/06/DSF3249-websize.jpg,DSF3249-websize.jpg,content structure rewrite requires separate portfolio/page implementation approval; file import is approved independently
rewrite_embedded_media_url,portfolio_embedded_media_url,portfolio,15948,private-villa-4,Private Villa 4,https://coveinterior.com/wp-content/uploads/2024/06/DSF3249-websize-768x768.jpg,https://coveinterior.com/wp-content/uploads/2024/06/DSF3249-websize.jpg,/media/wordpress-migration/2024/06/DSF3249-websize.jpg,DSF3249-websize.jpg,content structure rewrite requires separate portfolio/page implementation approval; file import is approved independently
rewrite_embedded_media_url,portfolio_embedded_media_url,portfolio,15948,private-villa-4,Private Villa 4,https://coveinterior.com/wp-content/uploads/2024/06/DSF3253-websize.jpg,https://coveinterior.com/wp-content/uploads/2024/06/DSF3253-websize.jpg,/media/wordpress-migration/2024/06/DSF3253-websize.jpg,DSF3253-websize.jpg,content structure rewrite requires separate portfolio/page implementation approval; file import is approved independently
rewrite_embedded_media_url,portfolio_embedded_media_url,portfolio,15948,private-villa-4,Private Villa 4,https://coveinterior.com/wp-content/uploads/2024/06/DSF3253-websize-430x430.jpg,https://coveinterior.com/wp-content/uploads/2024/06/DSF3253-websize.jpg,/media/wordpress-migration/2024/06/DSF3253-websize.jpg,DSF3253-websize.jpg,content structure rewrite requires separate portfolio/page implementation approval; file import is approved independently
rewrite_embedded_media_url,portfolio_embedded_media_url,portfolio,15948,private-villa-4,Private Villa 4,https://coveinterior.com/wp-content/uploads/2024/06/DSF3253-websize-150x150.jpg,https://coveinterior.com/wp-content/uploads/2024/06/DSF3253-websize.jpg,/media/wordpress-migration/2024/06/DSF3253-websize.jpg,DSF3253-websize.jpg,content structure rewrite requires separate portfolio/page implementation approval; file import is approved independently
rewrite_embedded_media_url,portfolio_embedded_media_url,portfolio,15948,private-villa-4,Private Villa 4,https://coveinterior.com/wp-content/uploads/2024/06/DSF3253-websize-700x700.jpg,https://coveinterior.com/wp-content/uploads/2024/06/DSF3253-websize.jpg,/media/wordpress-migration/2024/06/DSF3253-websize.jpg,DSF3253-websize.jpg,content structure rewrite requires separate portfolio/page implementation approval; file import is approved independently
rewrite_embedded_media_url,portfolio_embedded_media_url,portfolio,15948,private-villa-4,Private Villa 4,https://coveinterior.com/wp-content/uploads/2024/06/DSF3253-websize-300x300.jpg,https://coveinterior.com/wp-content/uploads/2024/06/DSF3253-websize.jpg,/media/wordpress-migration/2024/06/DSF3253-websize.jpg,DSF3253-websize.jpg,content structure rewrite requires separate portfolio/page implementation approval; file import is approved independently
rewrite_embedded_media_url,portfolio_embedded_media_url,portfolio,15948,private-villa-4,Private Villa 4,https://coveinterior.com/wp-content/uploads/2024/06/DSF3253-websize-800x800.jpg,https://coveinterior.com/wp-content/uploads/2024/06/DSF3253-websize.jpg,/media/wordpress-migration/2024/06/DSF3253-websize.jpg,DSF3253-websize.jpg,content structure rewrite requires separate portfolio/page implementation approval; file import is approved independently
rewrite_embedded_media_url,portfolio_embedded_media_url,portfolio,15948,private-villa-4,Private Villa 4,https://coveinterior.com/wp-content/uploads/2024/06/DSF3253-websize-768x768.jpg,https://coveinterior.com/wp-content/uploads/2024/06/DSF3253-websize.jpg,/media/wordpress-migration/2024/06/DSF3253-websize.jpg,DSF3253-websize.jpg,content structure rewrite requires separate portfolio/page implementation approval; file import is approved independently
rewrite_embedded_media_url,portfolio_embedded_media_url,portfolio,15948,private-villa-4,Private Villa 4,https://coveinterior.com/wp-content/uploads/2024/06/DSF3254-websize.jpg,https://coveinterior.com/wp-content/uploads/2024/06/DSF3254-websize.jpg,/media/wordpress-migration/2024/06/DSF3254-websize.jpg,DSF3254-websize.jpg,content structure rewrite requires separate portfolio/page implementation approval; file import is approved independently
rewrite_embedded_media_url,portfolio_embedded_media_url,portfolio,15948,private-villa-4,Private Villa 4,https://coveinterior.com/wp-content/uploads/2024/06/DSF3254-websize-430x430.jpg,https://coveinterior.com/wp-content/uploads/2024/06/DSF3254-websize.jpg,/media/wordpress-migration/2024/06/DSF3254-websize.jpg,DSF3254-websize.jpg,content structure rewrite requires separate portfolio/page implementation approval; file import is approved independently
rewrite_embedded_media_url,portfolio_embedded_media_url,portfolio,15948,private-villa-4,Private Villa 4,https://coveinterior.com/wp-content/uploads/2024/06/DSF3254-websize-150x150.jpg,https://coveinterior.com/wp-content/uploads/2024/06/DSF3254-websize.jpg,/media/wordpress-migration/2024/06/DSF3254-websize.jpg,DSF3254-websize.jpg,content structure rewrite requires separate portfolio/page implementation approval; file import is approved independently
rewrite_embedded_media_url,portfolio_embedded_media_url,portfolio,15948,private-villa-4,Private Villa 4,https://coveinterior.com/wp-content/uploads/2024/06/DSF3254-websize-700x700.jpg,https://coveinterior.com/wp-content/uploads/2024/06/DSF3254-websize.jpg,/media/wordpress-migration/2024/06/DSF3254-websize.jpg,DSF3254-websize.jpg,content structure rewrite requires separate portfolio/page implementation approval; file import is approved independently
rewrite_embedded_media_url,portfolio_embedded_media_url,portfolio,15948,private-villa-4,Private Villa 4,https://coveinterior.com/wp-content/uploads/2024/06/DSF3254-websize-300x300.jpg,https://coveinterior.com/wp-content/uploads/2024/06/DSF3254-websize.jpg,/media/wordpress-migration/2024/06/DSF3254-websize.jpg,DSF3254-websize.jpg,content structure rewrite requires separate portfolio/page implementation approval; file import is approved independently
rewrite_embedded_media_url,portfolio_embedded_media_url,portfolio,15948,private-villa-4,Private Villa 4,https://coveinterior.com/wp-content/uploads/2024/06/DSF3254-websize-800x800.jpg,https://coveinterior.com/wp-content/uploads/2024/06/DSF3254-websize.jpg,/media/wordpress-migration/2024/06/DSF3254-websize.jpg,DSF3254-websize.jpg,content structure rewrite requires separate portfolio/page implementation approval; file import is approved independently
rewrite_embedded_media_url,portfolio_embedded_media_url,portfolio,15948,private-villa-4,Private Villa 4,https://coveinterior.com/wp-content/uploads/2024/06/DSF3254-websize-768x768.jpg,https://coveinterior.com/wp-content/uploads/2024/06/DSF3254-websize.jpg,/media/wordpress-migration/2024/06/DSF3254-websize.jpg,DSF3254-websize.jpg,content structure rewrite requires separate portfolio/page implementation approval; file import is approved independently
rewrite_embedded_media_url,portfolio_embedded_media_url,portfolio,15948,private-villa-4,Private Villa 4,https://coveinterior.com/wp-content/uploads/2024/06/DSF3255-websize.jpg,https://coveinterior.com/wp-content/uploads/2024/06/DSF3255-websize.jpg,/media/wordpress-migration/2024/06/DSF3255-websize.jpg,DSF3255-websize.jpg,content structure rewrite requires separate portfolio/page implementation approval; file import is approved independently
rewrite_embedded_media_url,portfolio_embedded_media_url,portfolio,15948,private-villa-4,Private Villa 4,https://coveinterior.com/wp-content/uploads/2024/06/DSF3255-websize-430x430.jpg,https://coveinterior.com/wp-content/uploads/2024/06/DSF3255-websize.jpg,/media/wordpress-migration/2024/06/DSF3255-websize.jpg,DSF3255-websize.jpg,content structure rewrite requires separate portfolio/page implementation approval; file import is approved independently
rewrite_embedded_media_url,portfolio_embedded_media_url,portfolio,15948,private-villa-4,Private Villa 4,https://coveinterior.com/wp-content/uploads/2024/06/DSF3255-websize-150x150.jpg,https://coveinterior.com/wp-content/uploads/2024/06/DSF3255-websize.jpg,/media/wordpress-migration/2024/06/DSF3255-websize.jpg,DSF3255-websize.jpg,content structure rewrite requires separate portfolio/page implementation approval; file import is approved independently
rewrite_embedded_media_url,portfolio_embedded_media_url,portfolio,15948,private-villa-4,Private Villa 4,https://coveinterior.com/wp-content/uploads/2024/06/DSF3255-websize-700x700.jpg,https://coveinterior.com/wp-content/uploads/2024/06/DSF3255-websize.jpg,/media/wordpress-migration/2024/06/DSF3255-websize.jpg,DSF3255-websize.jpg,content structure rewrite requires separate portfolio/page implementation approval; file import is approved independently
rewrite_embedded_media_url,portfolio_embedded_media_url,portfolio,15948,private-villa-4,Private Villa 4,https://coveinterior.com/wp-content/uploads/2024/06/DSF3256-websize.jpg,https://coveinterior.com/wp-content/uploads/2024/06/DSF3256-websize.jpg,/media/wordpress-migration/2024/06/DSF3256-websize.jpg,DSF3256-websize.jpg,content structure rewrite requires separate portfolio/page implementation approval; file import is approved independently
rewrite_embedded_media_url,portfolio_embedded_media_url,portfolio,15948,private-villa-4,Private Villa 4,https://coveinterior.com/wp-content/uploads/2024/06/DSF3256-websize-430x430.jpg,https://coveinterior.com/wp-content/uploads/2024/06/DSF3256-websize.jpg,/media/wordpress-migration/2024/06/DSF3256-websize.jpg,DSF3256-websize.jpg,content structure rewrite requires separate portfolio/page implementation approval; file import is approved independently
rewrite_embedded_media_url,portfolio_embedded_media_url,portfolio,15948,private-villa-4,Private Villa 4,https://coveinterior.com/wp-content/uploads/2024/06/DSF3256-websize-150x150.jpg,https://coveinterior.com/wp-content/uploads/2024/06/DSF3256-websize.jpg,/media/wordpress-migration/2024/06/DSF3256-websize.jpg,DSF3256-websize.jpg,content structure rewrite requires separate portfolio/page implementation approval; file import is approved independently
rewrite_embedded_media_url,portfolio_embedded_media_url,portfolio,15948,private-villa-4,Private Villa 4,https://coveinterior.com/wp-content/uploads/2024/06/DSF3256-websize-700x700.jpg,https://coveinterior.com/wp-content/uploads/2024/06/DSF3256-websize.jpg,/media/wordpress-migration/2024/06/DSF3256-websize.jpg,DSF3256-websize.jpg,content structure rewrite requires separate portfolio/page implementation approval; file import is approved independently
rewrite_embedded_media_url,portfolio_embedded_media_url,portfolio,15948,private-villa-4,Private Villa 4,https://coveinterior.com/wp-content/uploads/2024/06/DSF3256-websize-300x300.jpg,https://coveinterior.com/wp-content/uploads/2024/06/DSF3256-websize.jpg,/media/wordpress-migration/2024/06/DSF3256-websize.jpg,DSF3256-websize.jpg,content structure rewrite requires separate portfolio/page implementation approval; file import is approved independently
rewrite_embedded_media_url,portfolio_embedded_media_url,portfolio,15948,private-villa-4,Private Villa 4,https://coveinterior.com/wp-content/uploads/2024/06/DSF3256-websize-800x800.jpg,https://coveinterior.com/wp-content/uploads/2024/06/DSF3256-websize.jpg,/media/wordpress-migration/2024/06/DSF3256-websize.jpg,DSF3256-websize.jpg,content structure rewrite requires separate portfolio/page implementation approval; file import is approved independently
rewrite_embedded_media_url,portfolio_embedded_media_url,portfolio,15948,private-villa-4,Private Villa 4,https://coveinterior.com/wp-content/uploads/2024/06/DSF3256-websize-768x768.jpg,https://coveinterior.com/wp-content/uploads/2024/06/DSF3256-websize.jpg,/media/wordpress-migration/2024/06/DSF3256-websize.jpg,DSF3256-websize.jpg,content structure rewrite requires separate portfolio/page implementation approval; file import is approved independently
rewrite_embedded_media_url,portfolio_embedded_media_url,portfolio,15948,private-villa-4,Private Villa 4,https://coveinterior.com/wp-content/uploads/2024/06/DSF3263-websize.jpg,https://coveinterior.com/wp-content/uploads/2024/06/DSF3263-websize.jpg,/media/wordpress-migration/2024/06/DSF3263-websize.jpg,DSF3263-websize.jpg,content structure rewrite requires separate portfolio/page implementation approval; file import is approved independently
rewrite_embedded_media_url,portfolio_embedded_media_url,portfolio,15948,private-villa-4,Private Villa 4,https://coveinterior.com/wp-content/uploads/2024/06/DSF3263-websize-430x430.jpg,https://coveinterior.com/wp-content/uploads/2024/06/DSF3263-websize.jpg,/media/wordpress-migration/2024/06/DSF3263-websize.jpg,DSF3263-websize.jpg,content structure rewrite requires separate portfolio/page implementation approval; file import is approved independently
rewrite_embedded_media_url,portfolio_embedded_media_url,portfolio,15948,private-villa-4,Private Villa 4,https://coveinterior.com/wp-content/uploads/2024/06/DSF3263-websize-150x150.jpg,https://coveinterior.com/wp-content/uploads/2024/06/DSF3263-websize.jpg,/media/wordpress-migration/2024/06/DSF3263-websize.jpg,DSF3263-websize.jpg,content structure rewrite requires separate portfolio/page implementation approval; file import is approved independently
rewrite_embedded_media_url,portfolio_embedded_media_url,portfolio,15948,private-villa-4,Private Villa 4,https://coveinterior.com/wp-content/uploads/2024/06/DSF3263-websize-700x700.jpg,https://coveinterior.com/wp-content/uploads/2024/06/DSF3263-websize.jpg,/media/wordpress-migration/2024/06/DSF3263-websize.jpg,DSF3263-websize.jpg,content structure rewrite requires separate portfolio/page implementation approval; file import is approved independently
rewrite_embedded_media_url,portfolio_embedded_media_url,portfolio,15948,private-villa-4,Private Villa 4,https://coveinterior.com/wp-content/uploads/2024/06/DSF3263-websize-300x300.jpg,https://coveinterior.com/wp-content/uploads/2024/06/DSF3263-websize.jpg,/media/wordpress-migration/2024/06/DSF3263-websize.jpg,DSF3263-websize.jpg,content structure rewrite requires separate portfolio/page implementation approval; file import is approved independently
rewrite_embedded_media_url,portfolio_embedded_media_url,portfolio,15948,private-villa-4,Private Villa 4,https://coveinterior.com/wp-content/uploads/2024/06/DSF3263-websize-800x800.jpg,https://coveinterior.com/wp-content/uploads/2024/06/DSF3263-websize.jpg,/media/wordpress-migration/2024/06/DSF3263-websize.jpg,DSF3263-websize.jpg,content structure rewrite requires separate portfolio/page implementation approval; file import is approved independently
rewrite_embedded_media_url,portfolio_embedded_media_url,portfolio,15948,private-villa-4,Private Villa 4,https://coveinterior.com/wp-content/uploads/2024/06/DSF3263-websize-768x768.jpg,https://coveinterior.com/wp-content/uploads/2024/06/DSF3263-websize.jpg,/media/wordpress-migration/2024/06/DSF3263-websize.jpg,DSF3263-websize.jpg,content structure rewrite requires separate portfolio/page implementation approval; file import is approved independently
rewrite_embedded_media_url,portfolio_embedded_media_url,portfolio,15948,private-villa-4,Private Villa 4,https://coveinterior.com/wp-content/uploads/2024/06/DSF3268-websize.jpg,https://coveinterior.com/wp-content/uploads/2024/06/DSF3268-websize.jpg,/media/wordpress-migration/2024/06/DSF3268-websize.jpg,DSF3268-websize.jpg,content structure rewrite requires separate portfolio/page implementation approval; file import is approved independently
rewrite_embedded_media_url,portfolio_embedded_media_url,portfolio,15948,private-villa-4,Private Villa 4,https://coveinterior.com/wp-content/uploads/2024/06/DSF3268-websize-430x430.jpg,https://coveinterior.com/wp-content/uploads/2024/06/DSF3268-websize.jpg,/media/wordpress-migration/2024/06/DSF3268-websize.jpg,DSF3268-websize.jpg,content structure rewrite requires separate portfolio/page implementation approval; file import is approved independently
rewrite_embedded_media_url,portfolio_embedded_media_url,portfolio,15948,private-villa-4,Private Villa 4,https://coveinterior.com/wp-content/uploads/2024/06/DSF3268-websize-150x150.jpg,https://coveinterior.com/wp-content/uploads/2024/06/DSF3268-websize.jpg,/media/wordpress-migration/2024/06/DSF3268-websize.jpg,DSF3268-websize.jpg,content structure rewrite requires separate portfolio/page implementation approval; file import is approved independently
rewrite_embedded_media_url,portfolio_embedded_media_url,portfolio,15948,private-villa-4,Private Villa 4,https://coveinterior.com/wp-content/uploads/2024/06/DSF3268-websize-700x700.jpg,https://coveinterior.com/wp-content/uploads/2024/06/DSF3268-websize.jpg,/media/wordpress-migration/2024/06/DSF3268-websize.jpg,DSF3268-websize.jpg,content structure rewrite requires separate portfolio/page implementation approval; file import is approved independently
rewrite_embedded_media_url,portfolio_embedded_media_url,portfolio,15948,private-villa-4,Private Villa 4,https://coveinterior.com/wp-content/uploads/2024/06/DSF3268-websize-300x300.jpg,https://coveinterior.com/wp-content/uploads/2024/06/DSF3268-websize.jpg,/media/wordpress-migration/2024/06/DSF3268-websize.jpg,DSF3268-websize.jpg,content structure rewrite requires separate portfolio/page implementation approval; file import is approved independently
rewrite_embedded_media_url,portfolio_embedded_media_url,portfolio,15948,private-villa-4,Private Villa 4,https://coveinterior.com/wp-content/uploads/2024/06/DSF3268-websize-800x800.jpg,https://coveinterior.com/wp-content/uploads/2024/06/DSF3268-websize.jpg,/media/wordpress-migration/2024/06/DSF3268-websize.jpg,DSF3268-websize.jpg,content structure rewrite requires separate portfolio/page implementation approval; file import is approved independently
rewrite_embedded_media_url,portfolio_embedded_media_url,portfolio,15948,private-villa-4,Private Villa 4,https://coveinterior.com/wp-content/uploads/2024/06/DSF3268-websize-768x768.jpg,https://coveinterior.com/wp-content/uploads/2024/06/DSF3268-websize.jpg,/media/wordpress-migration/2024/06/DSF3268-websize.jpg,DSF3268-websize.jpg,content structure rewrite requires separate portfolio/page implementation approval; file import is approved independently
rewrite_embedded_media_url,portfolio_embedded_media_url,portfolio,15948,private-villa-4,Private Villa 4,https://coveinterior.com/wp-content/uploads/2024/06/DSF3270-websize.jpg,https://coveinterior.com/wp-content/uploads/2024/06/DSF3270-websize.jpg,/media/wordpress-migration/2024/06/DSF3270-websize.jpg,DSF3270-websize.jpg,content structure rewrite requires separate portfolio/page implementation approval; file import is approved independently
rewrite_embedded_media_url,portfolio_embedded_media_url,portfolio,15948,private-villa-4,Private Villa 4,https://coveinterior.com/wp-content/uploads/2024/06/DSF3270-websize-430x430.jpg,https://coveinterior.com/wp-content/uploads/2024/06/DSF3270-websize.jpg,/media/wordpress-migration/2024/06/DSF3270-websize.jpg,DSF3270-websize.jpg,content structure rewrite requires separate portfolio/page implementation approval; file import is approved independently
rewrite_embedded_media_url,portfolio_embedded_media_url,portfolio,15948,private-villa-4,Private Villa 4,https://coveinterior.com/wp-content/uploads/2024/06/DSF3270-websize-150x150.jpg,https://coveinterior.com/wp-content/uploads/2024/06/DSF3270-websize.jpg,/media/wordpress-migration/2024/06/DSF3270-websize.jpg,DSF3270-websize.jpg,content structure rewrite requires separate portfolio/page implementation approval; file import is approved independently
rewrite_embedded_media_url,portfolio_embedded_media_url,portfolio,15948,private-villa-4,Private Villa 4,https://coveinterior.com/wp-content/uploads/2024/06/DSF3270-websize-700x700.jpg,https://coveinterior.com/wp-content/uploads/2024/06/DSF3270-websize.jpg,/media/wordpress-migration/2024/06/DSF3270-websize.jpg,DSF3270-websize.jpg,content structure rewrite requires separate portfolio/page implementation approval; file import is approved independently
rewrite_embedded_media_url,portfolio_embedded_media_url,portfolio,15948,private-villa-4,Private Villa 4,https://coveinterior.com/wp-content/uploads/2024/06/DSF3270-websize-300x300.jpg,https://coveinterior.com/wp-content/uploads/2024/06/DSF3270-websize.jpg,/media/wordpress-migration/2024/06/DSF3270-websize.jpg,DSF3270-websize.jpg,content structure rewrite requires separate portfolio/page implementation approval; file import is approved independently
rewrite_embedded_media_url,portfolio_embedded_media_url,portfolio,15948,private-villa-4,Private Villa 4,https://coveinterior.com/wp-content/uploads/2024/06/DSF3270-websize-800x800.jpg,https://coveinterior.com/wp-content/uploads/2024/06/DSF3270-websize.jpg,/media/wordpress-migration/2024/06/DSF3270-websize.jpg,DSF3270-websize.jpg,content structure rewrite requires separate portfolio/page implementation approval; file import is approved independently
rewrite_embedded_media_url,portfolio_embedded_media_url,portfolio,15948,private-villa-4,Private Villa 4,https://coveinterior.com/wp-content/uploads/2024/06/DSF3270-websize-768x768.jpg,https://coveinterior.com/wp-content/uploads/2024/06/DSF3270-websize.jpg,/media/wordpress-migration/2024/06/DSF3270-websize.jpg,DSF3270-websize.jpg,content structure rewrite requires separate portfolio/page implementation approval; file import is approved independently
rewrite_embedded_media_url,portfolio_embedded_media_url,portfolio,15948,private-villa-4,Private Villa 4,https://coveinterior.com/wp-content/uploads/2024/06/DSF3271-websize.jpg,https://coveinterior.com/wp-content/uploads/2024/06/DSF3271-websize.jpg,/media/wordpress-migration/2024/06/DSF3271-websize.jpg,DSF3271-websize.jpg,content structure rewrite requires separate portfolio/page implementation approval; file import is approved independently
rewrite_embedded_media_url,portfolio_embedded_media_url,portfolio,15948,private-villa-4,Private Villa 4,https://coveinterior.com/wp-content/uploads/2024/06/DSF3271-websize-430x430.jpg,https://coveinterior.com/wp-content/uploads/2024/06/DSF3271-websize.jpg,/media/wordpress-migration/2024/06/DSF3271-websize.jpg,DSF3271-websize.jpg,content structure rewrite requires separate portfolio/page implementation approval; file import is approved independently
rewrite_embedded_media_url,portfolio_embedded_media_url,portfolio,15948,private-villa-4,Private Villa 4,https://coveinterior.com/wp-content/uploads/2024/06/DSF3271-websize-150x150.jpg,https://coveinterior.com/wp-content/uploads/2024/06/DSF3271-websize.jpg,/media/wordpress-migration/2024/06/DSF3271-websize.jpg,DSF3271-websize.jpg,content structure rewrite requires separate portfolio/page implementation approval; file import is approved independently
rewrite_embedded_media_url,portfolio_embedded_media_url,portfolio,15948,private-villa-4,Private Villa 4,https://coveinterior.com/wp-content/uploads/2024/06/DSF3271-websize-700x700.jpg,https://coveinterior.com/wp-content/uploads/2024/06/DSF3271-websize.jpg,/media/wordpress-migration/2024/06/DSF3271-websize.jpg,DSF3271-websize.jpg,content structure rewrite requires separate portfolio/page implementation approval; file import is approved independently
rewrite_embedded_media_url,portfolio_embedded_media_url,portfolio,15948,private-villa-4,Private Villa 4,https://coveinterior.com/wp-content/uploads/2024/06/DSF3271-websize-300x300.jpg,https://coveinterior.com/wp-content/uploads/2024/06/DSF3271-websize.jpg,/media/wordpress-migration/2024/06/DSF3271-websize.jpg,DSF3271-websize.jpg,content structure rewrite requires separate portfolio/page implementation approval; file import is approved independently
rewrite_embedded_media_url,portfolio_embedded_media_url,portfolio,15948,private-villa-4,Private Villa 4,https://coveinterior.com/wp-content/uploads/2024/06/DSF3271-websize-800x800.jpg,https://coveinterior.com/wp-content/uploads/2024/06/DSF3271-websize.jpg,/media/wordpress-migration/2024/06/DSF3271-websize.jpg,DSF3271-websize.jpg,content structure rewrite requires separate portfolio/page implementation approval; file import is approved independently
rewrite_embedded_media_url,portfolio_embedded_media_url,portfolio,15948,private-villa-4,Private Villa 4,https://coveinterior.com/wp-content/uploads/2024/06/DSF3271-websize-768x768.jpg,https://coveinterior.com/wp-content/uploads/2024/06/DSF3271-websize.jpg,/media/wordpress-migration/2024/06/DSF3271-websize.jpg,DSF3271-websize.jpg,content structure rewrite requires separate portfolio/page implementation approval; file import is approved independently
rewrite_embedded_media_url,portfolio_embedded_media_url,portfolio,15948,private-villa-4,Private Villa 4,https://coveinterior.com/wp-content/uploads/2024/06/DSF3273-websize.jpg,https://coveinterior.com/wp-content/uploads/2024/06/DSF3273-websize.jpg,/media/wordpress-migration/2024/06/DSF3273-websize.jpg,DSF3273-websize.jpg,content structure rewrite requires separate portfolio/page implementation approval; file import is approved independently
rewrite_embedded_media_url,portfolio_embedded_media_url,portfolio,15948,private-villa-4,Private Villa 4,https://coveinterior.com/wp-content/uploads/2024/06/DSF3273-websize-430x430.jpg,https://coveinterior.com/wp-content/uploads/2024/06/DSF3273-websize.jpg,/media/wordpress-migration/2024/06/DSF3273-websize.jpg,DSF3273-websize.jpg,content structure rewrite requires separate portfolio/page implementation approval; file import is approved independently
rewrite_embedded_media_url,portfolio_embedded_media_url,portfolio,15948,private-villa-4,Private Villa 4,https://coveinterior.com/wp-content/uploads/2024/06/DSF3273-websize-150x150.jpg,https://coveinterior.com/wp-content/uploads/2024/06/DSF3273-websize.jpg,/media/wordpress-migration/2024/06/DSF3273-websize.jpg,DSF3273-websize.jpg,content structure rewrite requires separate portfolio/page implementation approval; file import is approved independently
rewrite_embedded_media_url,portfolio_embedded_media_url,portfolio,15948,private-villa-4,Private Villa 4,https://coveinterior.com/wp-content/uploads/2024/06/DSF3273-websize-700x700.jpg,https://coveinterior.com/wp-content/uploads/2024/06/DSF3273-websize.jpg,/media/wordpress-migration/2024/06/DSF3273-websize.jpg,DSF3273-websize.jpg,content structure rewrite requires separate portfolio/page implementation approval; file import is approved independently
rewrite_embedded_media_url,portfolio_embedded_media_url,portfolio,15948,private-villa-4,Private Villa 4,https://coveinterior.com/wp-content/uploads/2024/06/DSF3273-websize-300x300.jpg,https://coveinterior.com/wp-content/uploads/2024/06/DSF3273-websize.jpg,/media/wordpress-migration/2024/06/DSF3273-websize.jpg,DSF3273-websize.jpg,content structure rewrite requires separate portfolio/page implementation approval; file import is approved independently
rewrite_embedded_media_url,portfolio_embedded_media_url,portfolio,15948,private-villa-4,Private Villa 4,https://coveinterior.com/wp-content/uploads/2024/06/DSF3273-websize-800x800.jpg,https://coveinterior.com/wp-content/uploads/2024/06/DSF3273-websize.jpg,/media/wordpress-migration/2024/06/DSF3273-websize.jpg,DSF3273-websize.jpg,content structure rewrite requires separate portfolio/page implementation approval; file import is approved independently
rewrite_embedded_media_url,portfolio_embedded_media_url,portfolio,15948,private-villa-4,Private Villa 4,https://coveinterior.com/wp-content/uploads/2024/06/DSF3273-websize-768x768.jpg,https://coveinterior.com/wp-content/uploads/2024/06/DSF3273-websize.jpg,/media/wordpress-migration/2024/06/DSF3273-websize.jpg,DSF3273-websize.jpg,content structure rewrite requires separate portfolio/page implementation approval; file import is approved independently
rewrite_embedded_media_url,portfolio_embedded_media_url,portfolio,15948,private-villa-4,Private Villa 4,https://coveinterior.com/wp-content/uploads/2024/06/DSF3277-websize.jpg,https://coveinterior.com/wp-content/uploads/2024/06/DSF3277-websize.jpg,/media/wordpress-migration/2024/06/DSF3277-websize.jpg,DSF3277-websize.jpg,content structure rewrite requires separate portfolio/page implementation approval; file import is approved independently
rewrite_embedded_media_url,portfolio_embedded_media_url,portfolio,15948,private-villa-4,Private Villa 4,https://coveinterior.com/wp-content/uploads/2024/06/DSF3277-websize-430x430.jpg,https://coveinterior.com/wp-content/uploads/2024/06/DSF3277-websize.jpg,/media/wordpress-migration/2024/06/DSF3277-websize.jpg,DSF3277-websize.jpg,content structure rewrite requires separate portfolio/page implementation approval; file import is approved independently
rewrite_embedded_media_url,portfolio_embedded_media_url,portfolio,15948,private-villa-4,Private Villa 4,https://coveinterior.com/wp-content/uploads/2024/06/DSF3277-websize-150x150.jpg,https://coveinterior.com/wp-content/uploads/2024/06/DSF3277-websize.jpg,/media/wordpress-migration/2024/06/DSF3277-websize.jpg,DSF3277-websize.jpg,content structure rewrite requires separate portfolio/page implementation approval; file import is approved independently
rewrite_embedded_media_url,portfolio_embedded_media_url,portfolio,15948,private-villa-4,Private Villa 4,https://coveinterior.com/wp-content/uploads/2024/06/DSF3277-websize-700x700.jpg,https://coveinterior.com/wp-content/uploads/2024/06/DSF3277-websize.jpg,/media/wordpress-migration/2024/06/DSF3277-websize.jpg,DSF3277-websize.jpg,content structure rewrite requires separate portfolio/page implementation approval; file import is approved independently
rewrite_embedded_media_url,portfolio_embedded_media_url,portfolio,15948,private-villa-4,Private Villa 4,https://coveinterior.com/wp-content/uploads/2024/06/DSF3277-websize-300x300.jpg,https://coveinterior.com/wp-content/uploads/2024/06/DSF3277-websize.jpg,/media/wordpress-migration/2024/06/DSF3277-websize.jpg,DSF3277-websize.jpg,content structure rewrite requires separate portfolio/page implementation approval; file import is approved independently
rewrite_embedded_media_url,portfolio_embedded_media_url,portfolio,15948,private-villa-4,Private Villa 4,https://coveinterior.com/wp-content/uploads/2024/06/DSF3277-websize-800x800.jpg,https://coveinterior.com/wp-content/uploads/2024/06/DSF3277-websize.jpg,/media/wordpress-migration/2024/06/DSF3277-websize.jpg,DSF3277-websize.jpg,content structure rewrite requires separate portfolio/page implementation approval; file import is approved independently
rewrite_embedded_media_url,portfolio_embedded_media_url,portfolio,15948,private-villa-4,Private Villa 4,https://coveinterior.com/wp-content/uploads/2024/06/DSF3277-websize-768x768.jpg,https://coveinterior.com/wp-content/uploads/2024/06/DSF3277-websize.jpg,/media/wordpress-migration/2024/06/DSF3277-websize.jpg,DSF3277-websize.jpg,content structure rewrite requires separate portfolio/page implementation approval; file import is approved independently
rewrite_embedded_media_url,portfolio_embedded_media_url,portfolio,15948,private-villa-4,Private Villa 4,https://coveinterior.com/wp-content/uploads/2024/06/DSF3285-websize.jpg,https://coveinterior.com/wp-content/uploads/2024/06/DSF3285-websize.jpg,/media/wordpress-migration/2024/06/DSF3285-websize.jpg,DSF3285-websize.jpg,content structure rewrite requires separate portfolio/page implementation approval; file import is approved independently
rewrite_embedded_media_url,portfolio_embedded_media_url,portfolio,15948,private-villa-4,Private Villa 4,https://coveinterior.com/wp-content/uploads/2024/06/DSF3285-websize-430x430.jpg,https://coveinterior.com/wp-content/uploads/2024/06/DSF3285-websize.jpg,/media/wordpress-migration/2024/06/DSF3285-websize.jpg,DSF3285-websize.jpg,content structure rewrite requires separate portfolio/page implementation approval; file import is approved independently
rewrite_embedded_media_url,portfolio_embedded_media_url,portfolio,15948,private-villa-4,Private Villa 4,https://coveinterior.com/wp-content/uploads/2024/06/DSF3285-websize-150x150.jpg,https://coveinterior.com/wp-content/uploads/2024/06/DSF3285-websize.jpg,/media/wordpress-migration/2024/06/DSF3285-websize.jpg,DSF3285-websize.jpg,content structure rewrite requires separate portfolio/page implementation approval; file import is approved independently
rewrite_embedded_media_url,portfolio_embedded_media_url,portfolio,15948,private-villa-4,Private Villa 4,https://coveinterior.com/wp-content/uploads/2024/06/DSF3285-websize-700x700.jpg,https://coveinterior.com/wp-content/uploads/2024/06/DSF3285-websize.jpg,/media/wordpress-migration/2024/06/DSF3285-websize.jpg,DSF3285-websize.jpg,content structure rewrite requires separate portfolio/page implementation approval; file import is approved independently
rewrite_embedded_media_url,portfolio_embedded_media_url,portfolio,15948,private-villa-4,Private Villa 4,https://coveinterior.com/wp-content/uploads/2024/06/DSF3285-websize-300x300.jpg,https://coveinterior.com/wp-content/uploads/2024/06/DSF3285-websize.jpg,/media/wordpress-migration/2024/06/DSF3285-websize.jpg,DSF3285-websize.jpg,content structure rewrite requires separate portfolio/page implementation approval; file import is approved independently
rewrite_embedded_media_url,portfolio_embedded_media_url,portfolio,15948,private-villa-4,Private Villa 4,https://coveinterior.com/wp-content/uploads/2024/06/DSF3285-websize-800x800.jpg,https://coveinterior.com/wp-content/uploads/2024/06/DSF3285-websize.jpg,/media/wordpress-migration/2024/06/DSF3285-websize.jpg,DSF3285-websize.jpg,content structure rewrite requires separate portfolio/page implementation approval; file import is approved independently
rewrite_embedded_media_url,portfolio_embedded_media_url,portfolio,15948,private-villa-4,Private Villa 4,https://coveinterior.com/wp-content/uploads/2024/06/DSF3285-websize-768x768.jpg,https://coveinterior.com/wp-content/uploads/2024/06/DSF3285-websize.jpg,/media/wordpress-migration/2024/06/DSF3285-websize.jpg,DSF3285-websize.jpg,content structure rewrite requires separate portfolio/page implementation approval; file import is approved independently
rewrite_embedded_media_url,portfolio_embedded_media_url,portfolio,15948,private-villa-4,Private Villa 4,https://coveinterior.com/wp-content/uploads/2024/06/DSF3299-websize.jpg,https://coveinterior.com/wp-content/uploads/2024/06/DSF3299-websize.jpg,/media/wordpress-migration/2024/06/DSF3299-websize.jpg,DSF3299-websize.jpg,content structure rewrite requires separate portfolio/page implementation approval; file import is approved independently
rewrite_embedded_media_url,portfolio_embedded_media_url,portfolio,15948,private-villa-4,Private Villa 4,https://coveinterior.com/wp-content/uploads/2024/06/DSF3299-websize-430x430.jpg,https://coveinterior.com/wp-content/uploads/2024/06/DSF3299-websize.jpg,/media/wordpress-migration/2024/06/DSF3299-websize.jpg,DSF3299-websize.jpg,content structure rewrite requires separate portfolio/page implementation approval; file import is approved independently
rewrite_embedded_media_url,portfolio_embedded_media_url,portfolio,15948,private-villa-4,Private Villa 4,https://coveinterior.com/wp-content/uploads/2024/06/DSF3299-websize-150x150.jpg,https://coveinterior.com/wp-content/uploads/2024/06/DSF3299-websize.jpg,/media/wordpress-migration/2024/06/DSF3299-websize.jpg,DSF3299-websize.jpg,content structure rewrite requires separate portfolio/page implementation approval; file import is approved independently
rewrite_embedded_media_url,portfolio_embedded_media_url,portfolio,15948,private-villa-4,Private Villa 4,https://coveinterior.com/wp-content/uploads/2024/06/DSF3299-websize-700x700.jpg,https://coveinterior.com/wp-content/uploads/2024/06/DSF3299-websize.jpg,/media/wordpress-migration/2024/06/DSF3299-websize.jpg,DSF3299-websize.jpg,content structure rewrite requires separate portfolio/page implementation approval; file import is approved independently
rewrite_embedded_media_url,portfolio_embedded_media_url,portfolio,15948,private-villa-4,Private Villa 4,https://coveinterior.com/wp-content/uploads/2024/06/DSF3299-websize-300x300.jpg,https://coveinterior.com/wp-content/uploads/2024/06/DSF3299-websize.jpg,/media/wordpress-migration/2024/06/DSF3299-websize.jpg,DSF3299-websize.jpg,content structure rewrite requires separate portfolio/page implementation approval; file import is approved independently
rewrite_embedded_media_url,portfolio_embedded_media_url,portfolio,15948,private-villa-4,Private Villa 4,https://coveinterior.com/wp-content/uploads/2024/06/DSF3299-websize-800x800.jpg,https://coveinterior.com/wp-content/uploads/2024/06/DSF3299-websize.jpg,/media/wordpress-migration/2024/06/DSF3299-websize.jpg,DSF3299-websize.jpg,content structure rewrite requires separate portfolio/page implementation approval; file import is approved independently
rewrite_embedded_media_url,portfolio_embedded_media_url,portfolio,15948,private-villa-4,Private Villa 4,https://coveinterior.com/wp-content/uploads/2024/06/DSF3299-websize-768x768.jpg,https://coveinterior.com/wp-content/uploads/2024/06/DSF3299-websize.jpg,/media/wordpress-migration/2024/06/DSF3299-websize.jpg,DSF3299-websize.jpg,content structure rewrite requires separate portfolio/page implementation approval; file import is approved independently
rewrite_embedded_media_url,portfolio_embedded_media_url,portfolio,15948,private-villa-4,Private Villa 4,https://coveinterior.com/wp-content/uploads/2024/06/DSF3305-websize.jpg,https://coveinterior.com/wp-content/uploads/2024/06/DSF3305-websize.jpg,/media/wordpress-migration/2024/06/DSF3305-websize.jpg,DSF3305-websize.jpg,content structure rewrite requires separate portfolio/page implementation approval; file import is approved independently
rewrite_embedded_media_url,portfolio_embedded_media_url,portfolio,15948,private-villa-4,Private Villa 4,https://coveinterior.com/wp-content/uploads/2024/06/DSF3305-websize-430x430.jpg,https://coveinterior.com/wp-content/uploads/2024/06/DSF3305-websize.jpg,/media/wordpress-migration/2024/06/DSF3305-websize.jpg,DSF3305-websize.jpg,content structure rewrite requires separate portfolio/page implementation approval; file import is approved independently
rewrite_embedded_media_url,portfolio_embedded_media_url,portfolio,15948,private-villa-4,Private Villa 4,https://coveinterior.com/wp-content/uploads/2024/06/DSF3305-websize-150x150.jpg,https://coveinterior.com/wp-content/uploads/2024/06/DSF3305-websize.jpg,/media/wordpress-migration/2024/06/DSF3305-websize.jpg,DSF3305-websize.jpg,content structure rewrite requires separate portfolio/page implementation approval; file import is approved independently
rewrite_embedded_media_url,portfolio_embedded_media_url,portfolio,15948,private-villa-4,Private Villa 4,https://coveinterior.com/wp-content/uploads/2024/06/DSF3305-websize-700x700.jpg,https://coveinterior.com/wp-content/uploads/2024/06/DSF3305-websize.jpg,/media/wordpress-migration/2024/06/DSF3305-websize.jpg,DSF3305-websize.jpg,content structure rewrite requires separate portfolio/page implementation approval; file import is approved independently
rewrite_embedded_media_url,portfolio_embedded_media_url,portfolio,15948,private-villa-4,Private Villa 4,https://coveinterior.com/wp-content/uploads/2024/06/DSF3305-websize-300x300.jpg,https://coveinterior.com/wp-content/uploads/2024/06/DSF3305-websize.jpg,/media/wordpress-migration/2024/06/DSF3305-websize.jpg,DSF3305-websize.jpg,content structure rewrite requires separate portfolio/page implementation approval; file import is approved independently
rewrite_embedded_media_url,portfolio_embedded_media_url,portfolio,15948,private-villa-4,Private Villa 4,https://coveinterior.com/wp-content/uploads/2024/06/DSF3305-websize-800x800.jpg,https://coveinterior.com/wp-content/uploads/2024/06/DSF3305-websize.jpg,/media/wordpress-migration/2024/06/DSF3305-websize.jpg,DSF3305-websize.jpg,content structure rewrite requires separate portfolio/page implementation approval; file import is approved independently
rewrite_embedded_media_url,portfolio_embedded_media_url,portfolio,15948,private-villa-4,Private Villa 4,https://coveinterior.com/wp-content/uploads/2024/06/DSF3305-websize-768x768.jpg,https://coveinterior.com/wp-content/uploads/2024/06/DSF3305-websize.jpg,/media/wordpress-migration/2024/06/DSF3305-websize.jpg,DSF3305-websize.jpg,content structure rewrite requires separate portfolio/page implementation approval; file import is approved independently
rewrite_embedded_media_url,portfolio_embedded_media_url,portfolio,15948,private-villa-4,Private Villa 4,https://coveinterior.com/wp-content/uploads/2024/06/DSF3306-websize-430x430.jpg,https://coveinterior.com/wp-content/uploads/2024/06/DSF3306-websize.jpg,/media/wordpress-migration/2024/06/DSF3306-websize.jpg,DSF3306-websize.jpg,content structure rewrite requires separate portfolio/page implementation approval; file import is approved independently
rewrite_embedded_media_url,portfolio_embedded_media_url,portfolio,15948,private-villa-4,Private Villa 4,https://coveinterior.com/wp-content/uploads/2024/06/DSF3306-websize-150x150.jpg,https://coveinterior.com/wp-content/uploads/2024/06/DSF3306-websize.jpg,/media/wordpress-migration/2024/06/DSF3306-websize.jpg,DSF3306-websize.jpg,content structure rewrite requires separate portfolio/page implementation approval; file import is approved independently
rewrite_embedded_media_url,portfolio_embedded_media_url,portfolio,15948,private-villa-4,Private Villa 4,https://coveinterior.com/wp-content/uploads/2024/06/DSF3306-websize-700x700.jpg,https://coveinterior.com/wp-content/uploads/2024/06/DSF3306-websize.jpg,/media/wordpress-migration/2024/06/DSF3306-websize.jpg,DSF3306-websize.jpg,content structure rewrite requires separate portfolio/page implementation approval; file import is approved independently
rewrite_embedded_media_url,portfolio_embedded_media_url,portfolio,15948,private-villa-4,Private Villa 4,https://coveinterior.com/wp-content/uploads/2024/06/DSF3306-websize-300x300.jpg,https://coveinterior.com/wp-content/uploads/2024/06/DSF3306-websize.jpg,/media/wordpress-migration/2024/06/DSF3306-websize.jpg,DSF3306-websize.jpg,content structure rewrite requires separate portfolio/page implementation approval; file import is approved independently
rewrite_embedded_media_url,portfolio_embedded_media_url,portfolio,15948,private-villa-4,Private Villa 4,https://coveinterior.com/wp-content/uploads/2024/06/DSF3306-websize-800x800.jpg,https://coveinterior.com/wp-content/uploads/2024/06/DSF3306-websize.jpg,/media/wordpress-migration/2024/06/DSF3306-websize.jpg,DSF3306-websize.jpg,content structure rewrite requires separate portfolio/page implementation approval; file import is approved independently
rewrite_embedded_media_url,portfolio_embedded_media_url,portfolio,15948,private-villa-4,Private Villa 4,https://coveinterior.com/wp-content/uploads/2024/06/DSF3306-websize-768x768.jpg,https://coveinterior.com/wp-content/uploads/2024/06/DSF3306-websize.jpg,/media/wordpress-migration/2024/06/DSF3306-websize.jpg,DSF3306-websize.jpg,content structure rewrite requires separate portfolio/page implementation approval; file import is approved independently
rewrite_embedded_media_url,portfolio_embedded_media_url,portfolio,15948,private-villa-4,Private Villa 4,https://coveinterior.com/wp-content/uploads/2024/06/DSF3315-websize.jpg,https://coveinterior.com/wp-content/uploads/2024/06/DSF3315-websize.jpg,/media/wordpress-migration/2024/06/DSF3315-websize.jpg,DSF3315-websize.jpg,content structure rewrite requires separate portfolio/page implementation approval; file import is approved independently
rewrite_embedded_media_url,portfolio_embedded_media_url,portfolio,15948,private-villa-4,Private Villa 4,https://coveinterior.com/wp-content/uploads/2024/06/DSF3315-websize-430x430.jpg,https://coveinterior.com/wp-content/uploads/2024/06/DSF3315-websize.jpg,/media/wordpress-migration/2024/06/DSF3315-websize.jpg,DSF3315-websize.jpg,content structure rewrite requires separate portfolio/page implementation approval; file import is approved independently
rewrite_embedded_media_url,portfolio_embedded_media_url,portfolio,15948,private-villa-4,Private Villa 4,https://coveinterior.com/wp-content/uploads/2024/06/DSF3315-websize-150x150.jpg,https://coveinterior.com/wp-content/uploads/2024/06/DSF3315-websize.jpg,/media/wordpress-migration/2024/06/DSF3315-websize.jpg,DSF3315-websize.jpg,content structure rewrite requires separate portfolio/page implementation approval; file import is approved independently
rewrite_embedded_media_url,portfolio_embedded_media_url,portfolio,15948,private-villa-4,Private Villa 4,https://coveinterior.com/wp-content/uploads/2024/06/DSF3315-websize-700x700.jpg,https://coveinterior.com/wp-content/uploads/2024/06/DSF3315-websize.jpg,/media/wordpress-migration/2024/06/DSF3315-websize.jpg,DSF3315-websize.jpg,content structure rewrite requires separate portfolio/page implementation approval; file import is approved independently
rewrite_embedded_media_url,portfolio_embedded_media_url,portfolio,15948,private-villa-4,Private Villa 4,https://coveinterior.com/wp-content/uploads/2024/06/DSF3315-websize-300x300.jpg,https://coveinterior.com/wp-content/uploads/2024/06/DSF3315-websize.jpg,/media/wordpress-migration/2024/06/DSF3315-websize.jpg,DSF3315-websize.jpg,content structure rewrite requires separate portfolio/page implementation approval; file import is approved independently
rewrite_embedded_media_url,portfolio_embedded_media_url,portfolio,15948,private-villa-4,Private Villa 4,https://coveinterior.com/wp-content/uploads/2024/06/DSF3315-websize-800x800.jpg,https://coveinterior.com/wp-content/uploads/2024/06/DSF3315-websize.jpg,/media/wordpress-migration/2024/06/DSF3315-websize.jpg,DSF3315-websize.jpg,content structure rewrite requires separate portfolio/page implementation approval; file import is approved independently
rewrite_embedded_media_url,portfolio_embedded_media_url,portfolio,15948,private-villa-4,Private Villa 4,https://coveinterior.com/wp-content/uploads/2024/06/DSF3315-websize-768x768.jpg,https://coveinterior.com/wp-content/uploads/2024/06/DSF3315-websize.jpg,/media/wordpress-migration/2024/06/DSF3315-websize.jpg,DSF3315-websize.jpg,content structure rewrite requires separate portfolio/page implementation approval; file import is approved independently
rewrite_embedded_media_url,portfolio_embedded_media_url,portfolio,15948,private-villa-4,Private Villa 4,https://coveinterior.com/wp-content/uploads/2024/06/DSF3317-websize.jpg,https://coveinterior.com/wp-content/uploads/2024/06/DSF3317-websize.jpg,/media/wordpress-migration/2024/06/DSF3317-websize.jpg,DSF3317-websize.jpg,content structure rewrite requires separate portfolio/page implementation approval; file import is approved independently
rewrite_embedded_media_url,portfolio_embedded_media_url,portfolio,15948,private-villa-4,Private Villa 4,https://coveinterior.com/wp-content/uploads/2024/06/DSF3317-websize-430x430.jpg,https://coveinterior.com/wp-content/uploads/2024/06/DSF3317-websize.jpg,/media/wordpress-migration/2024/06/DSF3317-websize.jpg,DSF3317-websize.jpg,content structure rewrite requires separate portfolio/page implementation approval; file import is approved independently
rewrite_embedded_media_url,portfolio_embedded_media_url,portfolio,15948,private-villa-4,Private Villa 4,https://coveinterior.com/wp-content/uploads/2024/06/DSF3317-websize-150x150.jpg,https://coveinterior.com/wp-content/uploads/2024/06/DSF3317-websize.jpg,/media/wordpress-migration/2024/06/DSF3317-websize.jpg,DSF3317-websize.jpg,content structure rewrite requires separate portfolio/page implementation approval; file import is approved independently
rewrite_embedded_media_url,portfolio_embedded_media_url,portfolio,15948,private-villa-4,Private Villa 4,https://coveinterior.com/wp-content/uploads/2024/06/DSF3317-websize-700x700.jpg,https://coveinterior.com/wp-content/uploads/2024/06/DSF3317-websize.jpg,/media/wordpress-migration/2024/06/DSF3317-websize.jpg,DSF3317-websize.jpg,content structure rewrite requires separate portfolio/page implementation approval; file import is approved independently
rewrite_embedded_media_url,portfolio_embedded_media_url,portfolio,15948,private-villa-4,Private Villa 4,https://coveinterior.com/wp-content/uploads/2024/06/DSF3317-websize-300x300.jpg,https://coveinterior.com/wp-content/uploads/2024/06/DSF3317-websize.jpg,/media/wordpress-migration/2024/06/DSF3317-websize.jpg,DSF3317-websize.jpg,content structure rewrite requires separate portfolio/page implementation approval; file import is approved independently
rewrite_embedded_media_url,portfolio_embedded_media_url,portfolio,15948,private-villa-4,Private Villa 4,https://coveinterior.com/wp-content/uploads/2024/06/DSF3317-websize-800x800.jpg,https://coveinterior.com/wp-content/uploads/2024/06/DSF3317-websize.jpg,/media/wordpress-migration/2024/06/DSF3317-websize.jpg,DSF3317-websize.jpg,content structure rewrite requires separate portfolio/page implementation approval; file import is approved independently
rewrite_embedded_media_url,portfolio_embedded_media_url,portfolio,15948,private-villa-4,Private Villa 4,https://coveinterior.com/wp-content/uploads/2024/06/DSF3317-websize-768x768.jpg,https://coveinterior.com/wp-content/uploads/2024/06/DSF3317-websize.jpg,/media/wordpress-migration/2024/06/DSF3317-websize.jpg,DSF3317-websize.jpg,content structure rewrite requires separate portfolio/page implementation approval; file import is approved independently
rewrite_embedded_media_url,portfolio_embedded_media_url,portfolio,15948,private-villa-4,Private Villa 4,https://coveinterior.com/wp-content/uploads/2024/06/DSF3318-websize.jpg,https://coveinterior.com/wp-content/uploads/2024/06/DSF3318-websize.jpg,/media/wordpress-migration/2024/06/DSF3318-websize.jpg,DSF3318-websize.jpg,content structure rewrite requires separate portfolio/page implementation approval; file import is approved independently
rewrite_embedded_media_url,portfolio_embedded_media_url,portfolio,15948,private-villa-4,Private Villa 4,https://coveinterior.com/wp-content/uploads/2024/06/DSF3318-websize-430x430.jpg,https://coveinterior.com/wp-content/uploads/2024/06/DSF3318-websize.jpg,/media/wordpress-migration/2024/06/DSF3318-websize.jpg,DSF3318-websize.jpg,content structure rewrite requires separate portfolio/page implementation approval; file import is approved independently
rewrite_embedded_media_url,portfolio_embedded_media_url,portfolio,15948,private-villa-4,Private Villa 4,https://coveinterior.com/wp-content/uploads/2024/06/DSF3318-websize-150x150.jpg,https://coveinterior.com/wp-content/uploads/2024/06/DSF3318-websize.jpg,/media/wordpress-migration/2024/06/DSF3318-websize.jpg,DSF3318-websize.jpg,content structure rewrite requires separate portfolio/page implementation approval; file import is approved independently
rewrite_embedded_media_url,portfolio_embedded_media_url,portfolio,15948,private-villa-4,Private Villa 4,https://coveinterior.com/wp-content/uploads/2024/06/DSF3318-websize-700x700.jpg,https://coveinterior.com/wp-content/uploads/2024/06/DSF3318-websize.jpg,/media/wordpress-migration/2024/06/DSF3318-websize.jpg,DSF3318-websize.jpg,content structure rewrite requires separate portfolio/page implementation approval; file import is approved independently
rewrite_embedded_media_url,portfolio_embedded_media_url,portfolio,15948,private-villa-4,Private Villa 4,https://coveinterior.com/wp-content/uploads/2024/06/DSF3318-websize-300x300.jpg,https://coveinterior.com/wp-content/uploads/2024/06/DSF3318-websize.jpg,/media/wordpress-migration/2024/06/DSF3318-websize.jpg,DSF3318-websize.jpg,content structure rewrite requires separate portfolio/page implementation approval; file import is approved independently
rewrite_embedded_media_url,portfolio_embedded_media_url,portfolio,15948,private-villa-4,Private Villa 4,https://coveinterior.com/wp-content/uploads/2024/06/DSF3318-websize-800x800.jpg,https://coveinterior.com/wp-content/uploads/2024/06/DSF3318-websize.jpg,/media/wordpress-migration/2024/06/DSF3318-websize.jpg,DSF3318-websize.jpg,content structure rewrite requires separate portfolio/page implementation approval; file import is approved independently
rewrite_embedded_media_url,portfolio_embedded_media_url,portfolio,15948,private-villa-4,Private Villa 4,https://coveinterior.com/wp-content/uploads/2024/06/DSF3318-websize-768x768.jpg,https://coveinterior.com/wp-content/uploads/2024/06/DSF3318-websize.jpg,/media/wordpress-migration/2024/06/DSF3318-websize.jpg,DSF3318-websize.jpg,content structure rewrite requires separate portfolio/page implementation approval; file import is approved independently
rewrite_embedded_media_url,portfolio_embedded_media_url,portfolio,15948,private-villa-4,Private Villa 4,https://coveinterior.com/wp-content/uploads/2024/06/DSF3327-websize.jpg,https://coveinterior.com/wp-content/uploads/2024/06/DSF3327-websize.jpg,/media/wordpress-migration/2024/06/DSF3327-websize.jpg,DSF3327-websize.jpg,content structure rewrite requires separate portfolio/page implementation approval; file import is approved independently
rewrite_embedded_media_url,portfolio_embedded_media_url,portfolio,15948,private-villa-4,Private Villa 4,https://coveinterior.com/wp-content/uploads/2024/06/DSF3327-websize-430x430.jpg,https://coveinterior.com/wp-content/uploads/2024/06/DSF3327-websize.jpg,/media/wordpress-migration/2024/06/DSF3327-websize.jpg,DSF3327-websize.jpg,content structure rewrite requires separate portfolio/page implementation approval; file import is approved independently
rewrite_embedded_media_url,portfolio_embedded_media_url,portfolio,15948,private-villa-4,Private Villa 4,https://coveinterior.com/wp-content/uploads/2024/06/DSF3327-websize-150x150.jpg,https://coveinterior.com/wp-content/uploads/2024/06/DSF3327-websize.jpg,/media/wordpress-migration/2024/06/DSF3327-websize.jpg,DSF3327-websize.jpg,content structure rewrite requires separate portfolio/page implementation approval; file import is approved independently
rewrite_embedded_media_url,portfolio_embedded_media_url,portfolio,15948,private-villa-4,Private Villa 4,https://coveinterior.com/wp-content/uploads/2024/06/DSF3327-websize-700x700.jpg,https://coveinterior.com/wp-content/uploads/2024/06/DSF3327-websize.jpg,/media/wordpress-migration/2024/06/DSF3327-websize.jpg,DSF3327-websize.jpg,content structure rewrite requires separate portfolio/page implementation approval; file import is approved independently
rewrite_embedded_media_url,portfolio_embedded_media_url,portfolio,15948,private-villa-4,Private Villa 4,https://coveinterior.com/wp-content/uploads/2024/06/DSF3327-websize-300x300.jpg,https://coveinterior.com/wp-content/uploads/2024/06/DSF3327-websize.jpg,/media/wordpress-migration/2024/06/DSF3327-websize.jpg,DSF3327-websize.jpg,content structure rewrite requires separate portfolio/page implementation approval; file import is approved independently
rewrite_embedded_media_url,portfolio_embedded_media_url,portfolio,15948,private-villa-4,Private Villa 4,https://coveinterior.com/wp-content/uploads/2024/06/DSF3327-websize-800x800.jpg,https://coveinterior.com/wp-content/uploads/2024/06/DSF3327-websize.jpg,/media/wordpress-migration/2024/06/DSF3327-websize.jpg,DSF3327-websize.jpg,content structure rewrite requires separate portfolio/page implementation approval; file import is approved independently
rewrite_embedded_media_url,portfolio_embedded_media_url,portfolio,15948,private-villa-4,Private Villa 4,https://coveinterior.com/wp-content/uploads/2024/06/DSF3327-websize-768x768.jpg,https://coveinterior.com/wp-content/uploads/2024/06/DSF3327-websize.jpg,/media/wordpress-migration/2024/06/DSF3327-websize.jpg,DSF3327-websize.jpg,content structure rewrite requires separate portfolio/page implementation approval; file import is approved independently
rewrite_embedded_media_url,portfolio_embedded_media_url,portfolio,15948,private-villa-4,Private Villa 4,https://coveinterior.com/wp-content/uploads/2024/06/DSF3329-websize.jpg,https://coveinterior.com/wp-content/uploads/2024/06/DSF3329-websize.jpg,/media/wordpress-migration/2024/06/DSF3329-websize.jpg,DSF3329-websize.jpg,content structure rewrite requires separate portfolio/page implementation approval; file import is approved independently
rewrite_embedded_media_url,portfolio_embedded_media_url,portfolio,15948,private-villa-4,Private Villa 4,https://coveinterior.com/wp-content/uploads/2024/06/DSF3329-websize-430x430.jpg,https://coveinterior.com/wp-content/uploads/2024/06/DSF3329-websize.jpg,/media/wordpress-migration/2024/06/DSF3329-websize.jpg,DSF3329-websize.jpg,content structure rewrite requires separate portfolio/page implementation approval; file import is approved independently
rewrite_embedded_media_url,portfolio_embedded_media_url,portfolio,15948,private-villa-4,Private Villa 4,https://coveinterior.com/wp-content/uploads/2024/06/DSF3329-websize-150x150.jpg,https://coveinterior.com/wp-content/uploads/2024/06/DSF3329-websize.jpg,/media/wordpress-migration/2024/06/DSF3329-websize.jpg,DSF3329-websize.jpg,content structure rewrite requires separate portfolio/page implementation approval; file import is approved independently
rewrite_embedded_media_url,portfolio_embedded_media_url,portfolio,15948,private-villa-4,Private Villa 4,https://coveinterior.com/wp-content/uploads/2024/06/DSF3329-websize-700x700.jpg,https://coveinterior.com/wp-content/uploads/2024/06/DSF3329-websize.jpg,/media/wordpress-migration/2024/06/DSF3329-websize.jpg,DSF3329-websize.jpg,content structure rewrite requires separate portfolio/page implementation approval; file import is approved independently
rewrite_embedded_media_url,portfolio_embedded_media_url,portfolio,15948,private-villa-4,Private Villa 4,https://coveinterior.com/wp-content/uploads/2024/06/DSF3329-websize-300x300.jpg,https://coveinterior.com/wp-content/uploads/2024/06/DSF3329-websize.jpg,/media/wordpress-migration/2024/06/DSF3329-websize.jpg,DSF3329-websize.jpg,content structure rewrite requires separate portfolio/page implementation approval; file import is approved independently
rewrite_embedded_media_url,portfolio_embedded_media_url,portfolio,15948,private-villa-4,Private Villa 4,https://coveinterior.com/wp-content/uploads/2024/06/DSF3329-websize-800x800.jpg,https://coveinterior.com/wp-content/uploads/2024/06/DSF3329-websize.jpg,/media/wordpress-migration/2024/06/DSF3329-websize.jpg,DSF3329-websize.jpg,content structure rewrite requires separate portfolio/page implementation approval; file import is approved independently
rewrite_embedded_media_url,portfolio_embedded_media_url,portfolio,15948,private-villa-4,Private Villa 4,https://coveinterior.com/wp-content/uploads/2024/06/DSF3329-websize-768x768.jpg,https://coveinterior.com/wp-content/uploads/2024/06/DSF3329-websize.jpg,/media/wordpress-migration/2024/06/DSF3329-websize.jpg,DSF3329-websize.jpg,content structure rewrite requires separate portfolio/page implementation approval; file import is approved independently
rewrite_embedded_media_url,portfolio_embedded_media_url,portfolio,15948,private-villa-4,Private Villa 4,https://coveinterior.com/wp-content/uploads/2024/06/DSF3350-websize.jpg,https://coveinterior.com/wp-content/uploads/2024/06/DSF3350-websize.jpg,/media/wordpress-migration/2024/06/DSF3350-websize.jpg,DSF3350-websize.jpg,content structure rewrite requires separate portfolio/page implementation approval; file import is approved independently
rewrite_embedded_media_url,portfolio_embedded_media_url,portfolio,15948,private-villa-4,Private Villa 4,https://coveinterior.com/wp-content/uploads/2024/06/DSF3350-websize-430x430.jpg,https://coveinterior.com/wp-content/uploads/2024/06/DSF3350-websize.jpg,/media/wordpress-migration/2024/06/DSF3350-websize.jpg,DSF3350-websize.jpg,content structure rewrite requires separate portfolio/page implementation approval; file import is approved independently
rewrite_embedded_media_url,portfolio_embedded_media_url,portfolio,15948,private-villa-4,Private Villa 4,https://coveinterior.com/wp-content/uploads/2024/06/DSF3350-websize-150x150.jpg,https://coveinterior.com/wp-content/uploads/2024/06/DSF3350-websize.jpg,/media/wordpress-migration/2024/06/DSF3350-websize.jpg,DSF3350-websize.jpg,content structure rewrite requires separate portfolio/page implementation approval; file import is approved independently
rewrite_embedded_media_url,portfolio_embedded_media_url,portfolio,15948,private-villa-4,Private Villa 4,https://coveinterior.com/wp-content/uploads/2024/06/DSF3350-websize-700x700.jpg,https://coveinterior.com/wp-content/uploads/2024/06/DSF3350-websize.jpg,/media/wordpress-migration/2024/06/DSF3350-websize.jpg,DSF3350-websize.jpg,content structure rewrite requires separate portfolio/page implementation approval; file import is approved independently
rewrite_embedded_media_url,portfolio_embedded_media_url,portfolio,15948,private-villa-4,Private Villa 4,https://coveinterior.com/wp-content/uploads/2024/06/DSF3350-websize-300x300.jpg,https://coveinterior.com/wp-content/uploads/2024/06/DSF3350-websize.jpg,/media/wordpress-migration/2024/06/DSF3350-websize.jpg,DSF3350-websize.jpg,content structure rewrite requires separate portfolio/page implementation approval; file import is approved independently
rewrite_embedded_media_url,portfolio_embedded_media_url,portfolio,15948,private-villa-4,Private Villa 4,https://coveinterior.com/wp-content/uploads/2024/06/DSF3350-websize-800x800.jpg,https://coveinterior.com/wp-content/uploads/2024/06/DSF3350-websize.jpg,/media/wordpress-migration/2024/06/DSF3350-websize.jpg,DSF3350-websize.jpg,content structure rewrite requires separate portfolio/page implementation approval; file import is approved independently
rewrite_embedded_media_url,portfolio_embedded_media_url,portfolio,15948,private-villa-4,Private Villa 4,https://coveinterior.com/wp-content/uploads/2024/06/DSF3350-websize-768x768.jpg,https://coveinterior.com/wp-content/uploads/2024/06/DSF3350-websize.jpg,/media/wordpress-migration/2024/06/DSF3350-websize.jpg,DSF3350-websize.jpg,content structure rewrite requires separate portfolio/page implementation approval; file import is approved independently
set_portfolio_featured_image,portfolio_featured_image,portfolio,10244,project-3-2,Private Villa 3,https://coveinterior.com/wp-content/uploads/2022/11/ASK4690-websize-1.jpg,https://coveinterior.com/wp-content/uploads/2022/11/ASK4690-websize-1.jpg,/media/wordpress-migration/2022/11/ASK4690-websize-1.jpg,ASK4690-websize-1.jpg,content structure rewrite requires separate portfolio/page implementation approval; file import is approved independently
rewrite_embedded_media_url,portfolio_embedded_media_url,portfolio,10244,project-3-2,Private Villa 3,https://coveinterior.com/wp-content/uploads/2022/11/ASK4690-websize-1-430x323.jpg,https://coveinterior.com/wp-content/uploads/2022/11/ASK4690-websize-1.jpg,/media/wordpress-migration/2022/11/ASK4690-websize-1.jpg,ASK4690-websize-1.jpg,content structure rewrite requires separate portfolio/page implementation approval; file import is approved independently
rewrite_embedded_media_url,portfolio_embedded_media_url,portfolio,10244,project-3-2,Private Villa 3,https://coveinterior.com/wp-content/uploads/2022/11/ASK4690-websize-1-150x113.jpg,https://coveinterior.com/wp-content/uploads/2022/11/ASK4690-websize-1.jpg,/media/wordpress-migration/2022/11/ASK4690-websize-1.jpg,ASK4690-websize-1.jpg,content structure rewrite requires separate portfolio/page implementation approval; file import is approved independently
rewrite_embedded_media_url,portfolio_embedded_media_url,portfolio,10244,project-3-2,Private Villa 3,https://coveinterior.com/wp-content/uploads/2022/11/ASK4690-websize-1-700x525.jpg,https://coveinterior.com/wp-content/uploads/2022/11/ASK4690-websize-1.jpg,/media/wordpress-migration/2022/11/ASK4690-websize-1.jpg,ASK4690-websize-1.jpg,content structure rewrite requires separate portfolio/page implementation approval; file import is approved independently
rewrite_embedded_media_url,portfolio_embedded_media_url,portfolio,10244,project-3-2,Private Villa 3,https://coveinterior.com/wp-content/uploads/2022/11/ASK4690-websize-1-400x300.jpg,https://coveinterior.com/wp-content/uploads/2022/11/ASK4690-websize-1.jpg,/media/wordpress-migration/2022/11/ASK4690-websize-1.jpg,ASK4690-websize-1.jpg,content structure rewrite requires separate portfolio/page implementation approval; file import is approved independently
rewrite_embedded_media_url,portfolio_embedded_media_url,portfolio,10244,project-3-2,Private Villa 3,https://coveinterior.com/wp-content/uploads/2022/11/ASK4690-websize-1-768x576.jpg,https://coveinterior.com/wp-content/uploads/2022/11/ASK4690-websize-1.jpg,/media/wordpress-migration/2022/11/ASK4690-websize-1.jpg,ASK4690-websize-1.jpg,content structure rewrite requires separate portfolio/page implementation approval; file import is approved independently
rewrite_embedded_media_url,portfolio_embedded_media_url,portfolio,10244,project-3-2,Private Villa 3,https://coveinterior.com/wp-content/uploads/2022/11/ASK4690-websize-1-860x645.jpg,https://coveinterior.com/wp-content/uploads/2022/11/ASK4690-websize-1.jpg,/media/wordpress-migration/2022/11/ASK4690-websize-1.jpg,ASK4690-websize-1.jpg,content structure rewrite requires separate portfolio/page implementation approval; file import is approved independently
rewrite_embedded_media_url,portfolio_embedded_media_url,portfolio,10244,project-3-2,Private Villa 3,https://coveinterior.com/wp-content/uploads/2022/11/ASK4771-websize-1.jpg,https://coveinterior.com/wp-content/uploads/2022/11/ASK4771-websize-1.jpg,/media/wordpress-migration/2022/11/ASK4771-websize-1.jpg,ASK4771-websize-1.jpg,content structure rewrite requires separate portfolio/page implementation approval; file import is approved independently
rewrite_embedded_media_url,portfolio_embedded_media_url,portfolio,10244,project-3-2,Private Villa 3,https://coveinterior.com/wp-content/uploads/2022/11/ASK4771-websize-1-430x573.jpg,https://coveinterior.com/wp-content/uploads/2022/11/ASK4771-websize-1.jpg,/media/wordpress-migration/2022/11/ASK4771-websize-1.jpg,ASK4771-websize-1.jpg,content structure rewrite requires separate portfolio/page implementation approval; file import is approved independently
rewrite_embedded_media_url,portfolio_embedded_media_url,portfolio,10244,project-3-2,Private Villa 3,https://coveinterior.com/wp-content/uploads/2022/11/ASK4771-websize-1-150x200.jpg,https://coveinterior.com/wp-content/uploads/2022/11/ASK4771-websize-1.jpg,/media/wordpress-migration/2022/11/ASK4771-websize-1.jpg,ASK4771-websize-1.jpg,content structure rewrite requires separate portfolio/page implementation approval; file import is approved independently
rewrite_embedded_media_url,portfolio_embedded_media_url,portfolio,10244,project-3-2,Private Villa 3,https://coveinterior.com/wp-content/uploads/2022/11/ASK4771-websize-1-700x933.jpg,https://coveinterior.com/wp-content/uploads/2022/11/ASK4771-websize-1.jpg,/media/wordpress-migration/2022/11/ASK4771-websize-1.jpg,ASK4771-websize-1.jpg,content structure rewrite requires separate portfolio/page implementation approval; file import is approved independently
rewrite_embedded_media_url,portfolio_embedded_media_url,portfolio,10244,project-3-2,Private Villa 3,https://coveinterior.com/wp-content/uploads/2022/11/ASK4771-websize-1-225x300.jpg,https://coveinterior.com/wp-content/uploads/2022/11/ASK4771-websize-1.jpg,/media/wordpress-migration/2022/11/ASK4771-websize-1.jpg,ASK4771-websize-1.jpg,content structure rewrite requires separate portfolio/page implementation approval; file import is approved independently
rewrite_embedded_media_url,portfolio_embedded_media_url,portfolio,10244,project-3-2,Private Villa 3,https://coveinterior.com/wp-content/uploads/2022/11/ASK4771-websize-1-600x800.jpg,https://coveinterior.com/wp-content/uploads/2022/11/ASK4771-websize-1.jpg,/media/wordpress-migration/2022/11/ASK4771-websize-1.jpg,ASK4771-websize-1.jpg,content structure rewrite requires separate portfolio/page implementation approval; file import is approved independently
rewrite_embedded_media_url,portfolio_embedded_media_url,portfolio,10244,project-3-2,Private Villa 3,https://coveinterior.com/wp-content/uploads/2022/11/ASK4771-websize-1-768x1024.jpg,https://coveinterior.com/wp-content/uploads/2022/11/ASK4771-websize-1.jpg,/media/wordpress-migration/2022/11/ASK4771-websize-1.jpg,ASK4771-websize-1.jpg,content structure rewrite requires separate portfolio/page implementation approval; file import is approved independently
rewrite_embedded_media_url,portfolio_embedded_media_url,portfolio,10244,project-3-2,Private Villa 3,https://coveinterior.com/wp-content/uploads/2022/11/ASK4771-websize-1-860x1146.jpg,https://coveinterior.com/wp-content/uploads/2022/11/ASK4771-websize-1.jpg,/media/wordpress-migration/2022/11/ASK4771-websize-1.jpg,ASK4771-websize-1.jpg,content structure rewrite requires separate portfolio/page implementation approval; file import is approved independently
rewrite_embedded_media_url,portfolio_embedded_media_url,portfolio,10244,project-3-2,Private Villa 3,https://coveinterior.com/wp-content/uploads/2022/11/ASK4767-websize-1.jpg,https://coveinterior.com/wp-content/uploads/2022/11/ASK4767-websize-1.jpg,/media/wordpress-migration/2022/11/ASK4767-websize-1.jpg,ASK4767-websize-1.jpg,content structure rewrite requires separate portfolio/page implementation approval; file import is approved independently
rewrite_embedded_media_url,portfolio_embedded_media_url,portfolio,10244,project-3-2,Private Villa 3,https://coveinterior.com/wp-content/uploads/2022/11/ASK4767-websize-1-430x573.jpg,https://coveinterior.com/wp-content/uploads/2022/11/ASK4767-websize-1.jpg,/media/wordpress-migration/2022/11/ASK4767-websize-1.jpg,ASK4767-websize-1.jpg,content structure rewrite requires separate portfolio/page implementation approval; file import is approved independently
rewrite_embedded_media_url,portfolio_embedded_media_url,portfolio,10244,project-3-2,Private Villa 3,https://coveinterior.com/wp-content/uploads/2022/11/ASK4767-websize-1-150x200.jpg,https://coveinterior.com/wp-content/uploads/2022/11/ASK4767-websize-1.jpg,/media/wordpress-migration/2022/11/ASK4767-websize-1.jpg,ASK4767-websize-1.jpg,content structure rewrite requires separate portfolio/page implementation approval; file import is approved independently
rewrite_embedded_media_url,portfolio_embedded_media_url,portfolio,10244,project-3-2,Private Villa 3,https://coveinterior.com/wp-content/uploads/2022/11/ASK4767-websize-1-700x933.jpg,https://coveinterior.com/wp-content/uploads/2022/11/ASK4767-websize-1.jpg,/media/wordpress-migration/2022/11/ASK4767-websize-1.jpg,ASK4767-websize-1.jpg,content structure rewrite requires separate portfolio/page implementation approval; file import is approved independently
rewrite_embedded_media_url,portfolio_embedded_media_url,portfolio,10244,project-3-2,Private Villa 3,https://coveinterior.com/wp-content/uploads/2022/11/ASK4767-websize-1-225x300.jpg,https://coveinterior.com/wp-content/uploads/2022/11/ASK4767-websize-1.jpg,/media/wordpress-migration/2022/11/ASK4767-websize-1.jpg,ASK4767-websize-1.jpg,content structure rewrite requires separate portfolio/page implementation approval; file import is approved independently
rewrite_embedded_media_url,portfolio_embedded_media_url,portfolio,10244,project-3-2,Private Villa 3,https://coveinterior.com/wp-content/uploads/2022/11/ASK4767-websize-1-600x800.jpg,https://coveinterior.com/wp-content/uploads/2022/11/ASK4767-websize-1.jpg,/media/wordpress-migration/2022/11/ASK4767-websize-1.jpg,ASK4767-websize-1.jpg,content structure rewrite requires separate portfolio/page implementation approval; file import is approved independently
rewrite_embedded_media_url,portfolio_embedded_media_url,portfolio,10244,project-3-2,Private Villa 3,https://coveinterior.com/wp-content/uploads/2022/11/ASK4767-websize-1-768x1024.jpg,https://coveinterior.com/wp-content/uploads/2022/11/ASK4767-websize-1.jpg,/media/wordpress-migration/2022/11/ASK4767-websize-1.jpg,ASK4767-websize-1.jpg,content structure rewrite requires separate portfolio/page implementation approval; file import is approved independently
rewrite_embedded_media_url,portfolio_embedded_media_url,portfolio,10244,project-3-2,Private Villa 3,https://coveinterior.com/wp-content/uploads/2022/11/ASK4767-websize-1-860x1146.jpg,https://coveinterior.com/wp-content/uploads/2022/11/ASK4767-websize-1.jpg,/media/wordpress-migration/2022/11/ASK4767-websize-1.jpg,ASK4767-websize-1.jpg,content structure rewrite requires separate portfolio/page implementation approval; file import is approved independently
rewrite_embedded_media_url,portfolio_embedded_media_url,portfolio,10244,project-3-2,Private Villa 3,https://coveinterior.com/wp-content/uploads/2022/11/ASK4764-websize-1.jpg,https://coveinterior.com/wp-content/uploads/2022/11/ASK4764-websize-1.jpg,/media/wordpress-migration/2022/11/ASK4764-websize-1.jpg,ASK4764-websize-1.jpg,content structure rewrite requires separate portfolio/page implementation approval; file import is approved independently
rewrite_embedded_media_url,portfolio_embedded_media_url,portfolio,10244,project-3-2,Private Villa 3,https://coveinterior.com/wp-content/uploads/2022/11/ASK4764-websize-1-430x573.jpg,https://coveinterior.com/wp-content/uploads/2022/11/ASK4764-websize-1.jpg,/media/wordpress-migration/2022/11/ASK4764-websize-1.jpg,ASK4764-websize-1.jpg,content structure rewrite requires separate portfolio/page implementation approval; file import is approved independently
rewrite_embedded_media_url,portfolio_embedded_media_url,portfolio,10244,project-3-2,Private Villa 3,https://coveinterior.com/wp-content/uploads/2022/11/ASK4764-websize-1-150x200.jpg,https://coveinterior.com/wp-content/uploads/2022/11/ASK4764-websize-1.jpg,/media/wordpress-migration/2022/11/ASK4764-websize-1.jpg,ASK4764-websize-1.jpg,content structure rewrite requires separate portfolio/page implementation approval; file import is approved independently
rewrite_embedded_media_url,portfolio_embedded_media_url,portfolio,10244,project-3-2,Private Villa 3,https://coveinterior.com/wp-content/uploads/2022/11/ASK4764-websize-1-700x933.jpg,https://coveinterior.com/wp-content/uploads/2022/11/ASK4764-websize-1.jpg,/media/wordpress-migration/2022/11/ASK4764-websize-1.jpg,ASK4764-websize-1.jpg,content structure rewrite requires separate portfolio/page implementation approval; file import is approved independently
rewrite_embedded_media_url,portfolio_embedded_media_url,portfolio,10244,project-3-2,Private Villa 3,https://coveinterior.com/wp-content/uploads/2022/11/ASK4764-websize-1-225x300.jpg,https://coveinterior.com/wp-content/uploads/2022/11/ASK4764-websize-1.jpg,/media/wordpress-migration/2022/11/ASK4764-websize-1.jpg,ASK4764-websize-1.jpg,content structure rewrite requires separate portfolio/page implementation approval; file import is approved independently
rewrite_embedded_media_url,portfolio_embedded_media_url,portfolio,10244,project-3-2,Private Villa 3,https://coveinterior.com/wp-content/uploads/2022/11/ASK4764-websize-1-600x800.jpg,https://coveinterior.com/wp-content/uploads/2022/11/ASK4764-websize-1.jpg,/media/wordpress-migration/2022/11/ASK4764-websize-1.jpg,ASK4764-websize-1.jpg,content structure rewrite requires separate portfolio/page implementation approval; file import is approved independently
rewrite_embedded_media_url,portfolio_embedded_media_url,portfolio,10244,project-3-2,Private Villa 3,https://coveinterior.com/wp-content/uploads/2022/11/ASK4764-websize-1-768x1024.jpg,https://coveinterior.com/wp-content/uploads/2022/11/ASK4764-websize-1.jpg,/media/wordpress-migration/2022/11/ASK4764-websize-1.jpg,ASK4764-websize-1.jpg,content structure rewrite requires separate portfolio/page implementation approval; file import is approved independently
rewrite_embedded_media_url,portfolio_embedded_media_url,portfolio,10244,project-3-2,Private Villa 3,https://coveinterior.com/wp-content/uploads/2022/11/ASK4764-websize-1-860x1146.jpg,https://coveinterior.com/wp-content/uploads/2022/11/ASK4764-websize-1.jpg,/media/wordpress-migration/2022/11/ASK4764-websize-1.jpg,ASK4764-websize-1.jpg,content structure rewrite requires separate portfolio/page implementation approval; file import is approved independently
rewrite_embedded_media_url,portfolio_embedded_media_url,portfolio,10244,project-3-2,Private Villa 3,https://coveinterior.com/wp-content/uploads/2022/11/ASK4762-websize-1.jpg,https://coveinterior.com/wp-content/uploads/2022/11/ASK4762-websize-1.jpg,/media/wordpress-migration/2022/11/ASK4762-websize-1.jpg,ASK4762-websize-1.jpg,content structure rewrite requires separate portfolio/page implementation approval; file import is approved independently
rewrite_embedded_media_url,portfolio_embedded_media_url,portfolio,10244,project-3-2,Private Villa 3,https://coveinterior.com/wp-content/uploads/2022/11/ASK4762-websize-1-430x573.jpg,https://coveinterior.com/wp-content/uploads/2022/11/ASK4762-websize-1.jpg,/media/wordpress-migration/2022/11/ASK4762-websize-1.jpg,ASK4762-websize-1.jpg,content structure rewrite requires separate portfolio/page implementation approval; file import is approved independently
rewrite_embedded_media_url,portfolio_embedded_media_url,portfolio,10244,project-3-2,Private Villa 3,https://coveinterior.com/wp-content/uploads/2022/11/ASK4762-websize-1-150x200.jpg,https://coveinterior.com/wp-content/uploads/2022/11/ASK4762-websize-1.jpg,/media/wordpress-migration/2022/11/ASK4762-websize-1.jpg,ASK4762-websize-1.jpg,content structure rewrite requires separate portfolio/page implementation approval; file import is approved independently
rewrite_embedded_media_url,portfolio_embedded_media_url,portfolio,10244,project-3-2,Private Villa 3,https://coveinterior.com/wp-content/uploads/2022/11/ASK4762-websize-1-700x933.jpg,https://coveinterior.com/wp-content/uploads/2022/11/ASK4762-websize-1.jpg,/media/wordpress-migration/2022/11/ASK4762-websize-1.jpg,ASK4762-websize-1.jpg,content structure rewrite requires separate portfolio/page implementation approval; file import is approved independently
rewrite_embedded_media_url,portfolio_embedded_media_url,portfolio,10244,project-3-2,Private Villa 3,https://coveinterior.com/wp-content/uploads/2022/11/ASK4762-websize-1-225x300.jpg,https://coveinterior.com/wp-content/uploads/2022/11/ASK4762-websize-1.jpg,/media/wordpress-migration/2022/11/ASK4762-websize-1.jpg,ASK4762-websize-1.jpg,content structure rewrite requires separate portfolio/page implementation approval; file import is approved independently
rewrite_embedded_media_url,portfolio_embedded_media_url,portfolio,10244,project-3-2,Private Villa 3,https://coveinterior.com/wp-content/uploads/2022/11/ASK4762-websize-1-600x800.jpg,https://coveinterior.com/wp-content/uploads/2022/11/ASK4762-websize-1.jpg,/media/wordpress-migration/2022/11/ASK4762-websize-1.jpg,ASK4762-websize-1.jpg,content structure rewrite requires separate portfolio/page implementation approval; file import is approved independently
rewrite_embedded_media_url,portfolio_embedded_media_url,portfolio,10244,project-3-2,Private Villa 3,https://coveinterior.com/wp-content/uploads/2022/11/ASK4762-websize-1-768x1024.jpg,https://coveinterior.com/wp-content/uploads/2022/11/ASK4762-websize-1.jpg,/media/wordpress-migration/2022/11/ASK4762-websize-1.jpg,ASK4762-websize-1.jpg,content structure rewrite requires separate portfolio/page implementation approval; file import is approved independently
rewrite_embedded_media_url,portfolio_embedded_media_url,portfolio,10244,project-3-2,Private Villa 3,https://coveinterior.com/wp-content/uploads/2022/11/ASK4762-websize-1-860x1146.jpg,https://coveinterior.com/wp-content/uploads/2022/11/ASK4762-websize-1.jpg,/media/wordpress-migration/2022/11/ASK4762-websize-1.jpg,ASK4762-websize-1.jpg,content structure rewrite requires separate portfolio/page implementation approval; file import is approved independently
rewrite_embedded_media_url,portfolio_embedded_media_url,portfolio,10244,project-3-2,Private Villa 3,https://coveinterior.com/wp-content/uploads/2022/11/ASK4759-websize-1.jpg,https://coveinterior.com/wp-content/uploads/2022/11/ASK4759-websize-1.jpg,/media/wordpress-migration/2022/11/ASK4759-websize-1.jpg,ASK4759-websize-1.jpg,content structure rewrite requires separate portfolio/page implementation approval; file import is approved independently
rewrite_embedded_media_url,portfolio_embedded_media_url,portfolio,10244,project-3-2,Private Villa 3,https://coveinterior.com/wp-content/uploads/2022/11/ASK4759-websize-1-430x573.jpg,https://coveinterior.com/wp-content/uploads/2022/11/ASK4759-websize-1.jpg,/media/wordpress-migration/2022/11/ASK4759-websize-1.jpg,ASK4759-websize-1.jpg,content structure rewrite requires separate portfolio/page implementation approval; file import is approved independently
rewrite_embedded_media_url,portfolio_embedded_media_url,portfolio,10244,project-3-2,Private Villa 3,https://coveinterior.com/wp-content/uploads/2022/11/ASK4759-websize-1-150x200.jpg,https://coveinterior.com/wp-content/uploads/2022/11/ASK4759-websize-1.jpg,/media/wordpress-migration/2022/11/ASK4759-websize-1.jpg,ASK4759-websize-1.jpg,content structure rewrite requires separate portfolio/page implementation approval; file import is approved independently
rewrite_embedded_media_url,portfolio_embedded_media_url,portfolio,10244,project-3-2,Private Villa 3,https://coveinterior.com/wp-content/uploads/2022/11/ASK4759-websize-1-700x933.jpg,https://coveinterior.com/wp-content/uploads/2022/11/ASK4759-websize-1.jpg,/media/wordpress-migration/2022/11/ASK4759-websize-1.jpg,ASK4759-websize-1.jpg,content structure rewrite requires separate portfolio/page implementation approval; file import is approved independently
rewrite_embedded_media_url,portfolio_embedded_media_url,portfolio,10244,project-3-2,Private Villa 3,https://coveinterior.com/wp-content/uploads/2022/11/ASK4759-websize-1-225x300.jpg,https://coveinterior.com/wp-content/uploads/2022/11/ASK4759-websize-1.jpg,/media/wordpress-migration/2022/11/ASK4759-websize-1.jpg,ASK4759-websize-1.jpg,content structure rewrite requires separate portfolio/page implementation approval; file import is approved independently
rewrite_embedded_media_url,portfolio_embedded_media_url,portfolio,10244,project-3-2,Private Villa 3,https://coveinterior.com/wp-content/uploads/2022/11/ASK4759-websize-1-600x800.jpg,https://coveinterior.com/wp-content/uploads/2022/11/ASK4759-websize-1.jpg,/media/wordpress-migration/2022/11/ASK4759-websize-1.jpg,ASK4759-websize-1.jpg,content structure rewrite requires separate portfolio/page implementation approval; file import is approved independently
rewrite_embedded_media_url,portfolio_embedded_media_url,portfolio,10244,project-3-2,Private Villa 3,https://coveinterior.com/wp-content/uploads/2022/11/ASK4759-websize-1-768x1024.jpg,https://coveinterior.com/wp-content/uploads/2022/11/ASK4759-websize-1.jpg,/media/wordpress-migration/2022/11/ASK4759-websize-1.jpg,ASK4759-websize-1.jpg,content structure rewrite requires separate portfolio/page implementation approval; file import is approved independently
rewrite_embedded_media_url,portfolio_embedded_media_url,portfolio,10244,project-3-2,Private Villa 3,https://coveinterior.com/wp-content/uploads/2022/11/ASK4759-websize-1-860x1146.jpg,https://coveinterior.com/wp-content/uploads/2022/11/ASK4759-websize-1.jpg,/media/wordpress-migration/2022/11/ASK4759-websize-1.jpg,ASK4759-websize-1.jpg,content structure rewrite requires separate portfolio/page implementation approval; file import is approved independently
rewrite_embedded_media_url,portfolio_embedded_media_url,portfolio,10244,project-3-2,Private Villa 3,https://coveinterior.com/wp-content/uploads/2022/11/ASK4758-websize-1.jpg,https://coveinterior.com/wp-content/uploads/2022/11/ASK4758-websize-1.jpg,/media/wordpress-migration/2022/11/ASK4758-websize-1.jpg,ASK4758-websize-1.jpg,content structure rewrite requires separate portfolio/page implementation approval; file import is approved independently
rewrite_embedded_media_url,portfolio_embedded_media_url,portfolio,10244,project-3-2,Private Villa 3,https://coveinterior.com/wp-content/uploads/2022/11/ASK4758-websize-1-430x573.jpg,https://coveinterior.com/wp-content/uploads/2022/11/ASK4758-websize-1.jpg,/media/wordpress-migration/2022/11/ASK4758-websize-1.jpg,ASK4758-websize-1.jpg,content structure rewrite requires separate portfolio/page implementation approval; file import is approved independently
rewrite_embedded_media_url,portfolio_embedded_media_url,portfolio,10244,project-3-2,Private Villa 3,https://coveinterior.com/wp-content/uploads/2022/11/ASK4758-websize-1-150x200.jpg,https://coveinterior.com/wp-content/uploads/2022/11/ASK4758-websize-1.jpg,/media/wordpress-migration/2022/11/ASK4758-websize-1.jpg,ASK4758-websize-1.jpg,content structure rewrite requires separate portfolio/page implementation approval; file import is approved independently
rewrite_embedded_media_url,portfolio_embedded_media_url,portfolio,10244,project-3-2,Private Villa 3,https://coveinterior.com/wp-content/uploads/2022/11/ASK4758-websize-1-700x933.jpg,https://coveinterior.com/wp-content/uploads/2022/11/ASK4758-websize-1.jpg,/media/wordpress-migration/2022/11/ASK4758-websize-1.jpg,ASK4758-websize-1.jpg,content structure rewrite requires separate portfolio/page implementation approval; file import is approved independently
rewrite_embedded_media_url,portfolio_embedded_media_url,portfolio,10244,project-3-2,Private Villa 3,https://coveinterior.com/wp-content/uploads/2022/11/ASK4758-websize-1-225x300.jpg,https://coveinterior.com/wp-content/uploads/2022/11/ASK4758-websize-1.jpg,/media/wordpress-migration/2022/11/ASK4758-websize-1.jpg,ASK4758-websize-1.jpg,content structure rewrite requires separate portfolio/page implementation approval; file import is approved independently
rewrite_embedded_media_url,portfolio_embedded_media_url,portfolio,10244,project-3-2,Private Villa 3,https://coveinterior.com/wp-content/uploads/2022/11/ASK4758-websize-1-600x800.jpg,https://coveinterior.com/wp-content/uploads/2022/11/ASK4758-websize-1.jpg,/media/wordpress-migration/2022/11/ASK4758-websize-1.jpg,ASK4758-websize-1.jpg,content structure rewrite requires separate portfolio/page implementation approval; file import is approved independently
rewrite_embedded_media_url,portfolio_embedded_media_url,portfolio,10244,project-3-2,Private Villa 3,https://coveinterior.com/wp-content/uploads/2022/11/ASK4758-websize-1-768x1024.jpg,https://coveinterior.com/wp-content/uploads/2022/11/ASK4758-websize-1.jpg,/media/wordpress-migration/2022/11/ASK4758-websize-1.jpg,ASK4758-websize-1.jpg,content structure rewrite requires separate portfolio/page implementation approval; file import is approved independently
rewrite_embedded_media_url,portfolio_embedded_media_url,portfolio,10244,project-3-2,Private Villa 3,https://coveinterior.com/wp-content/uploads/2022/11/ASK4758-websize-1-860x1146.jpg,https://coveinterior.com/wp-content/uploads/2022/11/ASK4758-websize-1.jpg,/media/wordpress-migration/2022/11/ASK4758-websize-1.jpg,ASK4758-websize-1.jpg,content structure rewrite requires separate portfolio/page implementation approval; file import is approved independently
rewrite_embedded_media_url,portfolio_embedded_media_url,portfolio,10244,project-3-2,Private Villa 3,https://coveinterior.com/wp-content/uploads/2022/11/ASK4754-websize-1.jpg,https://coveinterior.com/wp-content/uploads/2022/11/ASK4754-websize-1.jpg,/media/wordpress-migration/2022/11/ASK4754-websize-1.jpg,ASK4754-websize-1.jpg,content structure rewrite requires separate portfolio/page implementation approval; file import is approved independently
rewrite_embedded_media_url,portfolio_embedded_media_url,portfolio,10244,project-3-2,Private Villa 3,https://coveinterior.com/wp-content/uploads/2022/11/ASK4754-websize-1-430x573.jpg,https://coveinterior.com/wp-content/uploads/2022/11/ASK4754-websize-1.jpg,/media/wordpress-migration/2022/11/ASK4754-websize-1.jpg,ASK4754-websize-1.jpg,content structure rewrite requires separate portfolio/page implementation approval; file import is approved independently
rewrite_embedded_media_url,portfolio_embedded_media_url,portfolio,10244,project-3-2,Private Villa 3,https://coveinterior.com/wp-content/uploads/2022/11/ASK4754-websize-1-150x200.jpg,https://coveinterior.com/wp-content/uploads/2022/11/ASK4754-websize-1.jpg,/media/wordpress-migration/2022/11/ASK4754-websize-1.jpg,ASK4754-websize-1.jpg,content structure rewrite requires separate portfolio/page implementation approval; file import is approved independently
rewrite_embedded_media_url,portfolio_embedded_media_url,portfolio,10244,project-3-2,Private Villa 3,https://coveinterior.com/wp-content/uploads/2022/11/ASK4754-websize-1-700x933.jpg,https://coveinterior.com/wp-content/uploads/2022/11/ASK4754-websize-1.jpg,/media/wordpress-migration/2022/11/ASK4754-websize-1.jpg,ASK4754-websize-1.jpg,content structure rewrite requires separate portfolio/page implementation approval; file import is approved independently
rewrite_embedded_media_url,portfolio_embedded_media_url,portfolio,10244,project-3-2,Private Villa 3,https://coveinterior.com/wp-content/uploads/2022/11/ASK4754-websize-1-225x300.jpg,https://coveinterior.com/wp-content/uploads/2022/11/ASK4754-websize-1.jpg,/media/wordpress-migration/2022/11/ASK4754-websize-1.jpg,ASK4754-websize-1.jpg,content structure rewrite requires separate portfolio/page implementation approval; file import is approved independently
rewrite_embedded_media_url,portfolio_embedded_media_url,portfolio,10244,project-3-2,Private Villa 3,https://coveinterior.com/wp-content/uploads/2022/11/ASK4754-websize-1-600x800.jpg,https://coveinterior.com/wp-content/uploads/2022/11/ASK4754-websize-1.jpg,/media/wordpress-migration/2022/11/ASK4754-websize-1.jpg,ASK4754-websize-1.jpg,content structure rewrite requires separate portfolio/page implementation approval; file import is approved independently
rewrite_embedded_media_url,portfolio_embedded_media_url,portfolio,10244,project-3-2,Private Villa 3,https://coveinterior.com/wp-content/uploads/2022/11/ASK4754-websize-1-768x1024.jpg,https://coveinterior.com/wp-content/uploads/2022/11/ASK4754-websize-1.jpg,/media/wordpress-migration/2022/11/ASK4754-websize-1.jpg,ASK4754-websize-1.jpg,content structure rewrite requires separate portfolio/page implementation approval; file import is approved independently
rewrite_embedded_media_url,portfolio_embedded_media_url,portfolio,10244,project-3-2,Private Villa 3,https://coveinterior.com/wp-content/uploads/2022/11/ASK4754-websize-1-860x1146.jpg,https://coveinterior.com/wp-content/uploads/2022/11/ASK4754-websize-1.jpg,/media/wordpress-migration/2022/11/ASK4754-websize-1.jpg,ASK4754-websize-1.jpg,content structure rewrite requires separate portfolio/page implementation approval; file import is approved independently
rewrite_embedded_media_url,portfolio_embedded_media_url,portfolio,10244,project-3-2,Private Villa 3,https://coveinterior.com/wp-content/uploads/2022/11/ASK4753-websize-1.jpg,https://coveinterior.com/wp-content/uploads/2022/11/ASK4753-websize-1.jpg,/media/wordpress-migration/2022/11/ASK4753-websize-1.jpg,ASK4753-websize-1.jpg,content structure rewrite requires separate portfolio/page implementation approval; file import is approved independently
rewrite_embedded_media_url,portfolio_embedded_media_url,portfolio,10244,project-3-2,Private Villa 3,https://coveinterior.com/wp-content/uploads/2022/11/ASK4753-websize-1-430x573.jpg,https://coveinterior.com/wp-content/uploads/2022/11/ASK4753-websize-1.jpg,/media/wordpress-migration/2022/11/ASK4753-websize-1.jpg,ASK4753-websize-1.jpg,content structure rewrite requires separate portfolio/page implementation approval; file import is approved independently
rewrite_embedded_media_url,portfolio_embedded_media_url,portfolio,10244,project-3-2,Private Villa 3,https://coveinterior.com/wp-content/uploads/2022/11/ASK4753-websize-1-150x200.jpg,https://coveinterior.com/wp-content/uploads/2022/11/ASK4753-websize-1.jpg,/media/wordpress-migration/2022/11/ASK4753-websize-1.jpg,ASK4753-websize-1.jpg,content structure rewrite requires separate portfolio/page implementation approval; file import is approved independently
rewrite_embedded_media_url,portfolio_embedded_media_url,portfolio,10244,project-3-2,Private Villa 3,https://coveinterior.com/wp-content/uploads/2022/11/ASK4753-websize-1-700x933.jpg,https://coveinterior.com/wp-content/uploads/2022/11/ASK4753-websize-1.jpg,/media/wordpress-migration/2022/11/ASK4753-websize-1.jpg,ASK4753-websize-1.jpg,content structure rewrite requires separate portfolio/page implementation approval; file import is approved independently
rewrite_embedded_media_url,portfolio_embedded_media_url,portfolio,10244,project-3-2,Private Villa 3,https://coveinterior.com/wp-content/uploads/2022/11/ASK4753-websize-1-225x300.jpg,https://coveinterior.com/wp-content/uploads/2022/11/ASK4753-websize-1.jpg,/media/wordpress-migration/2022/11/ASK4753-websize-1.jpg,ASK4753-websize-1.jpg,content structure rewrite requires separate portfolio/page implementation approval; file import is approved independently
rewrite_embedded_media_url,portfolio_embedded_media_url,portfolio,10244,project-3-2,Private Villa 3,https://coveinterior.com/wp-content/uploads/2022/11/ASK4753-websize-1-600x800.jpg,https://coveinterior.com/wp-content/uploads/2022/11/ASK4753-websize-1.jpg,/media/wordpress-migration/2022/11/ASK4753-websize-1.jpg,ASK4753-websize-1.jpg,content structure rewrite requires separate portfolio/page implementation approval; file import is approved independently
rewrite_embedded_media_url,portfolio_embedded_media_url,portfolio,10244,project-3-2,Private Villa 3,https://coveinterior.com/wp-content/uploads/2022/11/ASK4753-websize-1-768x1024.jpg,https://coveinterior.com/wp-content/uploads/2022/11/ASK4753-websize-1.jpg,/media/wordpress-migration/2022/11/ASK4753-websize-1.jpg,ASK4753-websize-1.jpg,content structure rewrite requires separate portfolio/page implementation approval; file import is approved independently
rewrite_embedded_media_url,portfolio_embedded_media_url,portfolio,10244,project-3-2,Private Villa 3,https://coveinterior.com/wp-content/uploads/2022/11/ASK4753-websize-1-860x1146.jpg,https://coveinterior.com/wp-content/uploads/2022/11/ASK4753-websize-1.jpg,/media/wordpress-migration/2022/11/ASK4753-websize-1.jpg,ASK4753-websize-1.jpg,content structure rewrite requires separate portfolio/page implementation approval; file import is approved independently
rewrite_embedded_media_url,portfolio_embedded_media_url,portfolio,10244,project-3-2,Private Villa 3,https://coveinterior.com/wp-content/uploads/2022/11/ASK4751-websize-1.jpg,https://coveinterior.com/wp-content/uploads/2022/11/ASK4751-websize-1.jpg,/media/wordpress-migration/2022/11/ASK4751-websize-1.jpg,ASK4751-websize-1.jpg,content structure rewrite requires separate portfolio/page implementation approval; file import is approved independently
rewrite_embedded_media_url,portfolio_embedded_media_url,portfolio,10244,project-3-2,Private Villa 3,https://coveinterior.com/wp-content/uploads/2022/11/ASK4751-websize-1-430x573.jpg,https://coveinterior.com/wp-content/uploads/2022/11/ASK4751-websize-1.jpg,/media/wordpress-migration/2022/11/ASK4751-websize-1.jpg,ASK4751-websize-1.jpg,content structure rewrite requires separate portfolio/page implementation approval; file import is approved independently
rewrite_embedded_media_url,portfolio_embedded_media_url,portfolio,10244,project-3-2,Private Villa 3,https://coveinterior.com/wp-content/uploads/2022/11/ASK4751-websize-1-150x200.jpg,https://coveinterior.com/wp-content/uploads/2022/11/ASK4751-websize-1.jpg,/media/wordpress-migration/2022/11/ASK4751-websize-1.jpg,ASK4751-websize-1.jpg,content structure rewrite requires separate portfolio/page implementation approval; file import is approved independently
rewrite_embedded_media_url,portfolio_embedded_media_url,portfolio,10244,project-3-2,Private Villa 3,https://coveinterior.com/wp-content/uploads/2022/11/ASK4751-websize-1-700x933.jpg,https://coveinterior.com/wp-content/uploads/2022/11/ASK4751-websize-1.jpg,/media/wordpress-migration/2022/11/ASK4751-websize-1.jpg,ASK4751-websize-1.jpg,content structure rewrite requires separate portfolio/page implementation approval; file import is approved independently
rewrite_embedded_media_url,portfolio_embedded_media_url,portfolio,10244,project-3-2,Private Villa 3,https://coveinterior.com/wp-content/uploads/2022/11/ASK4751-websize-1-225x300.jpg,https://coveinterior.com/wp-content/uploads/2022/11/ASK4751-websize-1.jpg,/media/wordpress-migration/2022/11/ASK4751-websize-1.jpg,ASK4751-websize-1.jpg,content structure rewrite requires separate portfolio/page implementation approval; file import is approved independently
rewrite_embedded_media_url,portfolio_embedded_media_url,portfolio,10244,project-3-2,Private Villa 3,https://coveinterior.com/wp-content/uploads/2022/11/ASK4751-websize-1-600x800.jpg,https://coveinterior.com/wp-content/uploads/2022/11/ASK4751-websize-1.jpg,/media/wordpress-migration/2022/11/ASK4751-websize-1.jpg,ASK4751-websize-1.jpg,content structure rewrite requires separate portfolio/page implementation approval; file import is approved independently
rewrite_embedded_media_url,portfolio_embedded_media_url,portfolio,10244,project-3-2,Private Villa 3,https://coveinterior.com/wp-content/uploads/2022/11/ASK4751-websize-1-768x1024.jpg,https://coveinterior.com/wp-content/uploads/2022/11/ASK4751-websize-1.jpg,/media/wordpress-migration/2022/11/ASK4751-websize-1.jpg,ASK4751-websize-1.jpg,content structure rewrite requires separate portfolio/page implementation approval; file import is approved independently
rewrite_embedded_media_url,portfolio_embedded_media_url,portfolio,10244,project-3-2,Private Villa 3,https://coveinterior.com/wp-content/uploads/2022/11/ASK4751-websize-1-860x1146.jpg,https://coveinterior.com/wp-content/uploads/2022/11/ASK4751-websize-1.jpg,/media/wordpress-migration/2022/11/ASK4751-websize-1.jpg,ASK4751-websize-1.jpg,content structure rewrite requires separate portfolio/page implementation approval; file import is approved independently
rewrite_embedded_media_url,portfolio_embedded_media_url,portfolio,10244,project-3-2,Private Villa 3,https://coveinterior.com/wp-content/uploads/2022/11/ASK4749-websize-1.jpg,https://coveinterior.com/wp-content/uploads/2022/11/ASK4749-websize-1.jpg,/media/wordpress-migration/2022/11/ASK4749-websize-1.jpg,ASK4749-websize-1.jpg,content structure rewrite requires separate portfolio/page implementation approval; file import is approved independently
rewrite_embedded_media_url,portfolio_embedded_media_url,portfolio,10244,project-3-2,Private Villa 3,https://coveinterior.com/wp-content/uploads/2022/11/ASK4749-websize-1-430x573.jpg,https://coveinterior.com/wp-content/uploads/2022/11/ASK4749-websize-1.jpg,/media/wordpress-migration/2022/11/ASK4749-websize-1.jpg,ASK4749-websize-1.jpg,content structure rewrite requires separate portfolio/page implementation approval; file import is approved independently
rewrite_embedded_media_url,portfolio_embedded_media_url,portfolio,10244,project-3-2,Private Villa 3,https://coveinterior.com/wp-content/uploads/2022/11/ASK4749-websize-1-150x200.jpg,https://coveinterior.com/wp-content/uploads/2022/11/ASK4749-websize-1.jpg,/media/wordpress-migration/2022/11/ASK4749-websize-1.jpg,ASK4749-websize-1.jpg,content structure rewrite requires separate portfolio/page implementation approval; file import is approved independently
rewrite_embedded_media_url,portfolio_embedded_media_url,portfolio,10244,project-3-2,Private Villa 3,https://coveinterior.com/wp-content/uploads/2022/11/ASK4749-websize-1-700x933.jpg,https://coveinterior.com/wp-content/uploads/2022/11/ASK4749-websize-1.jpg,/media/wordpress-migration/2022/11/ASK4749-websize-1.jpg,ASK4749-websize-1.jpg,content structure rewrite requires separate portfolio/page implementation approval; file import is approved independently
rewrite_embedded_media_url,portfolio_embedded_media_url,portfolio,10244,project-3-2,Private Villa 3,https://coveinterior.com/wp-content/uploads/2022/11/ASK4749-websize-1-225x300.jpg,https://coveinterior.com/wp-content/uploads/2022/11/ASK4749-websize-1.jpg,/media/wordpress-migration/2022/11/ASK4749-websize-1.jpg,ASK4749-websize-1.jpg,content structure rewrite requires separate portfolio/page implementation approval; file import is approved independently
rewrite_embedded_media_url,portfolio_embedded_media_url,portfolio,10244,project-3-2,Private Villa 3,https://coveinterior.com/wp-content/uploads/2022/11/ASK4749-websize-1-600x800.jpg,https://coveinterior.com/wp-content/uploads/2022/11/ASK4749-websize-1.jpg,/media/wordpress-migration/2022/11/ASK4749-websize-1.jpg,ASK4749-websize-1.jpg,content structure rewrite requires separate portfolio/page implementation approval; file import is approved independently
rewrite_embedded_media_url,portfolio_embedded_media_url,portfolio,10244,project-3-2,Private Villa 3,https://coveinterior.com/wp-content/uploads/2022/11/ASK4749-websize-1-768x1024.jpg,https://coveinterior.com/wp-content/uploads/2022/11/ASK4749-websize-1.jpg,/media/wordpress-migration/2022/11/ASK4749-websize-1.jpg,ASK4749-websize-1.jpg,content structure rewrite requires separate portfolio/page implementation approval; file import is approved independently
rewrite_embedded_media_url,portfolio_embedded_media_url,portfolio,10244,project-3-2,Private Villa 3,https://coveinterior.com/wp-content/uploads/2022/11/ASK4749-websize-1-860x1146.jpg,https://coveinterior.com/wp-content/uploads/2022/11/ASK4749-websize-1.jpg,/media/wordpress-migration/2022/11/ASK4749-websize-1.jpg,ASK4749-websize-1.jpg,content structure rewrite requires separate portfolio/page implementation approval; file import is approved independently
rewrite_embedded_media_url,portfolio_embedded_media_url,portfolio,10244,project-3-2,Private Villa 3,https://coveinterior.com/wp-content/uploads/2022/11/ASK4745-websize-1.jpg,https://coveinterior.com/wp-content/uploads/2022/11/ASK4745-websize-1.jpg,/media/wordpress-migration/2022/11/ASK4745-websize-1.jpg,ASK4745-websize-1.jpg,content structure rewrite requires separate portfolio/page implementation approval; file import is approved independently
rewrite_embedded_media_url,portfolio_embedded_media_url,portfolio,10244,project-3-2,Private Villa 3,https://coveinterior.com/wp-content/uploads/2022/11/ASK4745-websize-1-430x573.jpg,https://coveinterior.com/wp-content/uploads/2022/11/ASK4745-websize-1.jpg,/media/wordpress-migration/2022/11/ASK4745-websize-1.jpg,ASK4745-websize-1.jpg,content structure rewrite requires separate portfolio/page implementation approval; file import is approved independently
rewrite_embedded_media_url,portfolio_embedded_media_url,portfolio,10244,project-3-2,Private Villa 3,https://coveinterior.com/wp-content/uploads/2022/11/ASK4745-websize-1-150x200.jpg,https://coveinterior.com/wp-content/uploads/2022/11/ASK4745-websize-1.jpg,/media/wordpress-migration/2022/11/ASK4745-websize-1.jpg,ASK4745-websize-1.jpg,content structure rewrite requires separate portfolio/page implementation approval; file import is approved independently
rewrite_embedded_media_url,portfolio_embedded_media_url,portfolio,10244,project-3-2,Private Villa 3,https://coveinterior.com/wp-content/uploads/2022/11/ASK4745-websize-1-700x933.jpg,https://coveinterior.com/wp-content/uploads/2022/11/ASK4745-websize-1.jpg,/media/wordpress-migration/2022/11/ASK4745-websize-1.jpg,ASK4745-websize-1.jpg,content structure rewrite requires separate portfolio/page implementation approval; file import is approved independently
rewrite_embedded_media_url,portfolio_embedded_media_url,portfolio,10244,project-3-2,Private Villa 3,https://coveinterior.com/wp-content/uploads/2022/11/ASK4745-websize-1-225x300.jpg,https://coveinterior.com/wp-content/uploads/2022/11/ASK4745-websize-1.jpg,/media/wordpress-migration/2022/11/ASK4745-websize-1.jpg,ASK4745-websize-1.jpg,content structure rewrite requires separate portfolio/page implementation approval; file import is approved independently
rewrite_embedded_media_url,portfolio_embedded_media_url,portfolio,10244,project-3-2,Private Villa 3,https://coveinterior.com/wp-content/uploads/2022/11/ASK4745-websize-1-600x800.jpg,https://coveinterior.com/wp-content/uploads/2022/11/ASK4745-websize-1.jpg,/media/wordpress-migration/2022/11/ASK4745-websize-1.jpg,ASK4745-websize-1.jpg,content structure rewrite requires separate portfolio/page implementation approval; file import is approved independently
rewrite_embedded_media_url,portfolio_embedded_media_url,portfolio,10244,project-3-2,Private Villa 3,https://coveinterior.com/wp-content/uploads/2022/11/ASK4745-websize-1-768x1024.jpg,https://coveinterior.com/wp-content/uploads/2022/11/ASK4745-websize-1.jpg,/media/wordpress-migration/2022/11/ASK4745-websize-1.jpg,ASK4745-websize-1.jpg,content structure rewrite requires separate portfolio/page implementation approval; file import is approved independently
rewrite_embedded_media_url,portfolio_embedded_media_url,portfolio,10244,project-3-2,Private Villa 3,https://coveinterior.com/wp-content/uploads/2022/11/ASK4745-websize-1-860x1146.jpg,https://coveinterior.com/wp-content/uploads/2022/11/ASK4745-websize-1.jpg,/media/wordpress-migration/2022/11/ASK4745-websize-1.jpg,ASK4745-websize-1.jpg,content structure rewrite requires separate portfolio/page implementation approval; file import is approved independently
rewrite_embedded_media_url,portfolio_embedded_media_url,portfolio,10244,project-3-2,Private Villa 3,https://coveinterior.com/wp-content/uploads/2022/11/ASK4744-websize-1.jpg,https://coveinterior.com/wp-content/uploads/2022/11/ASK4744-websize-1.jpg,/media/wordpress-migration/2022/11/ASK4744-websize-1.jpg,ASK4744-websize-1.jpg,content structure rewrite requires separate portfolio/page implementation approval; file import is approved independently
rewrite_embedded_media_url,portfolio_embedded_media_url,portfolio,10244,project-3-2,Private Villa 3,https://coveinterior.com/wp-content/uploads/2022/11/ASK4744-websize-1-430x573.jpg,https://coveinterior.com/wp-content/uploads/2022/11/ASK4744-websize-1.jpg,/media/wordpress-migration/2022/11/ASK4744-websize-1.jpg,ASK4744-websize-1.jpg,content structure rewrite requires separate portfolio/page implementation approval; file import is approved independently
rewrite_embedded_media_url,portfolio_embedded_media_url,portfolio,10244,project-3-2,Private Villa 3,https://coveinterior.com/wp-content/uploads/2022/11/ASK4744-websize-1-150x200.jpg,https://coveinterior.com/wp-content/uploads/2022/11/ASK4744-websize-1.jpg,/media/wordpress-migration/2022/11/ASK4744-websize-1.jpg,ASK4744-websize-1.jpg,content structure rewrite requires separate portfolio/page implementation approval; file import is approved independently
rewrite_embedded_media_url,portfolio_embedded_media_url,portfolio,10244,project-3-2,Private Villa 3,https://coveinterior.com/wp-content/uploads/2022/11/ASK4744-websize-1-700x933.jpg,https://coveinterior.com/wp-content/uploads/2022/11/ASK4744-websize-1.jpg,/media/wordpress-migration/2022/11/ASK4744-websize-1.jpg,ASK4744-websize-1.jpg,content structure rewrite requires separate portfolio/page implementation approval; file import is approved independently
rewrite_embedded_media_url,portfolio_embedded_media_url,portfolio,10244,project-3-2,Private Villa 3,https://coveinterior.com/wp-content/uploads/2022/11/ASK4744-websize-1-225x300.jpg,https://coveinterior.com/wp-content/uploads/2022/11/ASK4744-websize-1.jpg,/media/wordpress-migration/2022/11/ASK4744-websize-1.jpg,ASK4744-websize-1.jpg,content structure rewrite requires separate portfolio/page implementation approval; file import is approved independently
rewrite_embedded_media_url,portfolio_embedded_media_url,portfolio,10244,project-3-2,Private Villa 3,https://coveinterior.com/wp-content/uploads/2022/11/ASK4744-websize-1-600x800.jpg,https://coveinterior.com/wp-content/uploads/2022/11/ASK4744-websize-1.jpg,/media/wordpress-migration/2022/11/ASK4744-websize-1.jpg,ASK4744-websize-1.jpg,content structure rewrite requires separate portfolio/page implementation approval; file import is approved independently
rewrite_embedded_media_url,portfolio_embedded_media_url,portfolio,10244,project-3-2,Private Villa 3,https://coveinterior.com/wp-content/uploads/2022/11/ASK4744-websize-1-768x1024.jpg,https://coveinterior.com/wp-content/uploads/2022/11/ASK4744-websize-1.jpg,/media/wordpress-migration/2022/11/ASK4744-websize-1.jpg,ASK4744-websize-1.jpg,content structure rewrite requires separate portfolio/page implementation approval; file import is approved independently
rewrite_embedded_media_url,portfolio_embedded_media_url,portfolio,10244,project-3-2,Private Villa 3,https://coveinterior.com/wp-content/uploads/2022/11/ASK4744-websize-1-860x1146.jpg,https://coveinterior.com/wp-content/uploads/2022/11/ASK4744-websize-1.jpg,/media/wordpress-migration/2022/11/ASK4744-websize-1.jpg,ASK4744-websize-1.jpg,content structure rewrite requires separate portfolio/page implementation approval; file import is approved independently
rewrite_embedded_media_url,portfolio_embedded_media_url,portfolio,10244,project-3-2,Private Villa 3,https://coveinterior.com/wp-content/uploads/2022/11/ASK4734-websize-1.jpg,https://coveinterior.com/wp-content/uploads/2022/11/ASK4734-websize-1.jpg,/media/wordpress-migration/2022/11/ASK4734-websize-1.jpg,ASK4734-websize-1.jpg,content structure rewrite requires separate portfolio/page implementation approval; file import is approved independently
rewrite_embedded_media_url,portfolio_embedded_media_url,portfolio,10244,project-3-2,Private Villa 3,https://coveinterior.com/wp-content/uploads/2022/11/ASK4734-websize-1-430x323.jpg,https://coveinterior.com/wp-content/uploads/2022/11/ASK4734-websize-1.jpg,/media/wordpress-migration/2022/11/ASK4734-websize-1.jpg,ASK4734-websize-1.jpg,content structure rewrite requires separate portfolio/page implementation approval; file import is approved independently
rewrite_embedded_media_url,portfolio_embedded_media_url,portfolio,10244,project-3-2,Private Villa 3,https://coveinterior.com/wp-content/uploads/2022/11/ASK4734-websize-1-150x113.jpg,https://coveinterior.com/wp-content/uploads/2022/11/ASK4734-websize-1.jpg,/media/wordpress-migration/2022/11/ASK4734-websize-1.jpg,ASK4734-websize-1.jpg,content structure rewrite requires separate portfolio/page implementation approval; file import is approved independently
rewrite_embedded_media_url,portfolio_embedded_media_url,portfolio,10244,project-3-2,Private Villa 3,https://coveinterior.com/wp-content/uploads/2022/11/ASK4734-websize-1-700x525.jpg,https://coveinterior.com/wp-content/uploads/2022/11/ASK4734-websize-1.jpg,/media/wordpress-migration/2022/11/ASK4734-websize-1.jpg,ASK4734-websize-1.jpg,content structure rewrite requires separate portfolio/page implementation approval; file import is approved independently
rewrite_embedded_media_url,portfolio_embedded_media_url,portfolio,10244,project-3-2,Private Villa 3,https://coveinterior.com/wp-content/uploads/2022/11/ASK4734-websize-1-400x300.jpg,https://coveinterior.com/wp-content/uploads/2022/11/ASK4734-websize-1.jpg,/media/wordpress-migration/2022/11/ASK4734-websize-1.jpg,ASK4734-websize-1.jpg,content structure rewrite requires separate portfolio/page implementation approval; file import is approved independently
rewrite_embedded_media_url,portfolio_embedded_media_url,portfolio,10244,project-3-2,Private Villa 3,https://coveinterior.com/wp-content/uploads/2022/11/ASK4734-websize-1-768x576.jpg,https://coveinterior.com/wp-content/uploads/2022/11/ASK4734-websize-1.jpg,/media/wordpress-migration/2022/11/ASK4734-websize-1.jpg,ASK4734-websize-1.jpg,content structure rewrite requires separate portfolio/page implementation approval; file import is approved independently
rewrite_embedded_media_url,portfolio_embedded_media_url,portfolio,10244,project-3-2,Private Villa 3,https://coveinterior.com/wp-content/uploads/2022/11/ASK4734-websize-1-860x645.jpg,https://coveinterior.com/wp-content/uploads/2022/11/ASK4734-websize-1.jpg,/media/wordpress-migration/2022/11/ASK4734-websize-1.jpg,ASK4734-websize-1.jpg,content structure rewrite requires separate portfolio/page implementation approval; file import is approved independently
rewrite_embedded_media_url,portfolio_embedded_media_url,portfolio,10244,project-3-2,Private Villa 3,https://coveinterior.com/wp-content/uploads/2022/11/ASK4726-websize-1.jpg,https://coveinterior.com/wp-content/uploads/2022/11/ASK4726-websize-1.jpg,/media/wordpress-migration/2022/11/ASK4726-websize-1.jpg,ASK4726-websize-1.jpg,content structure rewrite requires separate portfolio/page implementation approval; file import is approved independently
rewrite_embedded_media_url,portfolio_embedded_media_url,portfolio,10244,project-3-2,Private Villa 3,https://coveinterior.com/wp-content/uploads/2022/11/ASK4726-websize-1-430x323.jpg,https://coveinterior.com/wp-content/uploads/2022/11/ASK4726-websize-1.jpg,/media/wordpress-migration/2022/11/ASK4726-websize-1.jpg,ASK4726-websize-1.jpg,content structure rewrite requires separate portfolio/page implementation approval; file import is approved independently
rewrite_embedded_media_url,portfolio_embedded_media_url,portfolio,10244,project-3-2,Private Villa 3,https://coveinterior.com/wp-content/uploads/2022/11/ASK4726-websize-1-150x113.jpg,https://coveinterior.com/wp-content/uploads/2022/11/ASK4726-websize-1.jpg,/media/wordpress-migration/2022/11/ASK4726-websize-1.jpg,ASK4726-websize-1.jpg,content structure rewrite requires separate portfolio/page implementation approval; file import is approved independently
rewrite_embedded_media_url,portfolio_embedded_media_url,portfolio,10244,project-3-2,Private Villa 3,https://coveinterior.com/wp-content/uploads/2022/11/ASK4726-websize-1-700x525.jpg,https://coveinterior.com/wp-content/uploads/2022/11/ASK4726-websize-1.jpg,/media/wordpress-migration/2022/11/ASK4726-websize-1.jpg,ASK4726-websize-1.jpg,content structure rewrite requires separate portfolio/page implementation approval; file import is approved independently
rewrite_embedded_media_url,portfolio_embedded_media_url,portfolio,10244,project-3-2,Private Villa 3,https://coveinterior.com/wp-content/uploads/2022/11/ASK4726-websize-1-400x300.jpg,https://coveinterior.com/wp-content/uploads/2022/11/ASK4726-websize-1.jpg,/media/wordpress-migration/2022/11/ASK4726-websize-1.jpg,ASK4726-websize-1.jpg,content structure rewrite requires separate portfolio/page implementation approval; file import is approved independently
rewrite_embedded_media_url,portfolio_embedded_media_url,portfolio,10244,project-3-2,Private Villa 3,https://coveinterior.com/wp-content/uploads/2022/11/ASK4726-websize-1-768x576.jpg,https://coveinterior.com/wp-content/uploads/2022/11/ASK4726-websize-1.jpg,/media/wordpress-migration/2022/11/ASK4726-websize-1.jpg,ASK4726-websize-1.jpg,content structure rewrite requires separate portfolio/page implementation approval; file import is approved independently
rewrite_embedded_media_url,portfolio_embedded_media_url,portfolio,10244,project-3-2,Private Villa 3,https://coveinterior.com/wp-content/uploads/2022/11/ASK4726-websize-1-860x645.jpg,https://coveinterior.com/wp-content/uploads/2022/11/ASK4726-websize-1.jpg,/media/wordpress-migration/2022/11/ASK4726-websize-1.jpg,ASK4726-websize-1.jpg,content structure rewrite requires separate portfolio/page implementation approval; file import is approved independently
rewrite_embedded_media_url,portfolio_embedded_media_url,portfolio,10244,project-3-2,Private Villa 3,https://coveinterior.com/wp-content/uploads/2022/11/ASK4723-websize-1.jpg,https://coveinterior.com/wp-content/uploads/2022/11/ASK4723-websize-1.jpg,/media/wordpress-migration/2022/11/ASK4723-websize-1.jpg,ASK4723-websize-1.jpg,content structure rewrite requires separate portfolio/page implementation approval; file import is approved independently
rewrite_embedded_media_url,portfolio_embedded_media_url,portfolio,10244,project-3-2,Private Villa 3,https://coveinterior.com/wp-content/uploads/2022/11/ASK4723-websize-1-430x323.jpg,https://coveinterior.com/wp-content/uploads/2022/11/ASK4723-websize-1.jpg,/media/wordpress-migration/2022/11/ASK4723-websize-1.jpg,ASK4723-websize-1.jpg,content structure rewrite requires separate portfolio/page implementation approval; file import is approved independently
rewrite_embedded_media_url,portfolio_embedded_media_url,portfolio,10244,project-3-2,Private Villa 3,https://coveinterior.com/wp-content/uploads/2022/11/ASK4723-websize-1-150x113.jpg,https://coveinterior.com/wp-content/uploads/2022/11/ASK4723-websize-1.jpg,/media/wordpress-migration/2022/11/ASK4723-websize-1.jpg,ASK4723-websize-1.jpg,content structure rewrite requires separate portfolio/page implementation approval; file import is approved independently
rewrite_embedded_media_url,portfolio_embedded_media_url,portfolio,10244,project-3-2,Private Villa 3,https://coveinterior.com/wp-content/uploads/2022/11/ASK4723-websize-1-700x525.jpg,https://coveinterior.com/wp-content/uploads/2022/11/ASK4723-websize-1.jpg,/media/wordpress-migration/2022/11/ASK4723-websize-1.jpg,ASK4723-websize-1.jpg,content structure rewrite requires separate portfolio/page implementation approval; file import is approved independently
rewrite_embedded_media_url,portfolio_embedded_media_url,portfolio,10244,project-3-2,Private Villa 3,https://coveinterior.com/wp-content/uploads/2022/11/ASK4723-websize-1-400x300.jpg,https://coveinterior.com/wp-content/uploads/2022/11/ASK4723-websize-1.jpg,/media/wordpress-migration/2022/11/ASK4723-websize-1.jpg,ASK4723-websize-1.jpg,content structure rewrite requires separate portfolio/page implementation approval; file import is approved independently
rewrite_embedded_media_url,portfolio_embedded_media_url,portfolio,10244,project-3-2,Private Villa 3,https://coveinterior.com/wp-content/uploads/2022/11/ASK4723-websize-1-768x576.jpg,https://coveinterior.com/wp-content/uploads/2022/11/ASK4723-websize-1.jpg,/media/wordpress-migration/2022/11/ASK4723-websize-1.jpg,ASK4723-websize-1.jpg,content structure rewrite requires separate portfolio/page implementation approval; file import is approved independently
rewrite_embedded_media_url,portfolio_embedded_media_url,portfolio,10244,project-3-2,Private Villa 3,https://coveinterior.com/wp-content/uploads/2022/11/ASK4723-websize-1-860x645.jpg,https://coveinterior.com/wp-content/uploads/2022/11/ASK4723-websize-1.jpg,/media/wordpress-migration/2022/11/ASK4723-websize-1.jpg,ASK4723-websize-1.jpg,content structure rewrite requires separate portfolio/page implementation approval; file import is approved independently
rewrite_embedded_media_url,portfolio_embedded_media_url,portfolio,10244,project-3-2,Private Villa 3,https://coveinterior.com/wp-content/uploads/2022/11/ASK4717-websize-1.jpg,https://coveinterior.com/wp-content/uploads/2022/11/ASK4717-websize-1.jpg,/media/wordpress-migration/2022/11/ASK4717-websize-1.jpg,ASK4717-websize-1.jpg,content structure rewrite requires separate portfolio/page implementation approval; file import is approved independently
rewrite_embedded_media_url,portfolio_embedded_media_url,portfolio,10244,project-3-2,Private Villa 3,https://coveinterior.com/wp-content/uploads/2022/11/ASK4717-websize-1-430x323.jpg,https://coveinterior.com/wp-content/uploads/2022/11/ASK4717-websize-1.jpg,/media/wordpress-migration/2022/11/ASK4717-websize-1.jpg,ASK4717-websize-1.jpg,content structure rewrite requires separate portfolio/page implementation approval; file import is approved independently
rewrite_embedded_media_url,portfolio_embedded_media_url,portfolio,10244,project-3-2,Private Villa 3,https://coveinterior.com/wp-content/uploads/2022/11/ASK4717-websize-1-150x113.jpg,https://coveinterior.com/wp-content/uploads/2022/11/ASK4717-websize-1.jpg,/media/wordpress-migration/2022/11/ASK4717-websize-1.jpg,ASK4717-websize-1.jpg,content structure rewrite requires separate portfolio/page implementation approval; file import is approved independently
rewrite_embedded_media_url,portfolio_embedded_media_url,portfolio,10244,project-3-2,Private Villa 3,https://coveinterior.com/wp-content/uploads/2022/11/ASK4717-websize-1-700x525.jpg,https://coveinterior.com/wp-content/uploads/2022/11/ASK4717-websize-1.jpg,/media/wordpress-migration/2022/11/ASK4717-websize-1.jpg,ASK4717-websize-1.jpg,content structure rewrite requires separate portfolio/page implementation approval; file import is approved independently
rewrite_embedded_media_url,portfolio_embedded_media_url,portfolio,10244,project-3-2,Private Villa 3,https://coveinterior.com/wp-content/uploads/2022/11/ASK4717-websize-1-400x300.jpg,https://coveinterior.com/wp-content/uploads/2022/11/ASK4717-websize-1.jpg,/media/wordpress-migration/2022/11/ASK4717-websize-1.jpg,ASK4717-websize-1.jpg,content structure rewrite requires separate portfolio/page implementation approval; file import is approved independently
rewrite_embedded_media_url,portfolio_embedded_media_url,portfolio,10244,project-3-2,Private Villa 3,https://coveinterior.com/wp-content/uploads/2022/11/ASK4717-websize-1-768x576.jpg,https://coveinterior.com/wp-content/uploads/2022/11/ASK4717-websize-1.jpg,/media/wordpress-migration/2022/11/ASK4717-websize-1.jpg,ASK4717-websize-1.jpg,content structure rewrite requires separate portfolio/page implementation approval; file import is approved independently
rewrite_embedded_media_url,portfolio_embedded_media_url,portfolio,10244,project-3-2,Private Villa 3,https://coveinterior.com/wp-content/uploads/2022/11/ASK4717-websize-1-860x645.jpg,https://coveinterior.com/wp-content/uploads/2022/11/ASK4717-websize-1.jpg,/media/wordpress-migration/2022/11/ASK4717-websize-1.jpg,ASK4717-websize-1.jpg,content structure rewrite requires separate portfolio/page implementation approval; file import is approved independently
rewrite_embedded_media_url,portfolio_embedded_media_url,portfolio,10244,project-3-2,Private Villa 3,https://coveinterior.com/wp-content/uploads/2022/11/ASK4716-websize-1.jpg,https://coveinterior.com/wp-content/uploads/2022/11/ASK4716-websize-1.jpg,/media/wordpress-migration/2022/11/ASK4716-websize-1.jpg,ASK4716-websize-1.jpg,content structure rewrite requires separate portfolio/page implementation approval; file import is approved independently
rewrite_embedded_media_url,portfolio_embedded_media_url,portfolio,10244,project-3-2,Private Villa 3,https://coveinterior.com/wp-content/uploads/2022/11/ASK4716-websize-1-430x323.jpg,https://coveinterior.com/wp-content/uploads/2022/11/ASK4716-websize-1.jpg,/media/wordpress-migration/2022/11/ASK4716-websize-1.jpg,ASK4716-websize-1.jpg,content structure rewrite requires separate portfolio/page implementation approval; file import is approved independently
rewrite_embedded_media_url,portfolio_embedded_media_url,portfolio,10244,project-3-2,Private Villa 3,https://coveinterior.com/wp-content/uploads/2022/11/ASK4716-websize-1-150x113.jpg,https://coveinterior.com/wp-content/uploads/2022/11/ASK4716-websize-1.jpg,/media/wordpress-migration/2022/11/ASK4716-websize-1.jpg,ASK4716-websize-1.jpg,content structure rewrite requires separate portfolio/page implementation approval; file import is approved independently
rewrite_embedded_media_url,portfolio_embedded_media_url,portfolio,10244,project-3-2,Private Villa 3,https://coveinterior.com/wp-content/uploads/2022/11/ASK4716-websize-1-700x525.jpg,https://coveinterior.com/wp-content/uploads/2022/11/ASK4716-websize-1.jpg,/media/wordpress-migration/2022/11/ASK4716-websize-1.jpg,ASK4716-websize-1.jpg,content structure rewrite requires separate portfolio/page implementation approval; file import is approved independently
rewrite_embedded_media_url,portfolio_embedded_media_url,portfolio,10244,project-3-2,Private Villa 3,https://coveinterior.com/wp-content/uploads/2022/11/ASK4716-websize-1-400x300.jpg,https://coveinterior.com/wp-content/uploads/2022/11/ASK4716-websize-1.jpg,/media/wordpress-migration/2022/11/ASK4716-websize-1.jpg,ASK4716-websize-1.jpg,content structure rewrite requires separate portfolio/page implementation approval; file import is approved independently
rewrite_embedded_media_url,portfolio_embedded_media_url,portfolio,10244,project-3-2,Private Villa 3,https://coveinterior.com/wp-content/uploads/2022/11/ASK4716-websize-1-768x576.jpg,https://coveinterior.com/wp-content/uploads/2022/11/ASK4716-websize-1.jpg,/media/wordpress-migration/2022/11/ASK4716-websize-1.jpg,ASK4716-websize-1.jpg,content structure rewrite requires separate portfolio/page implementation approval; file import is approved independently
rewrite_embedded_media_url,portfolio_embedded_media_url,portfolio,10244,project-3-2,Private Villa 3,https://coveinterior.com/wp-content/uploads/2022/11/ASK4716-websize-1-860x645.jpg,https://coveinterior.com/wp-content/uploads/2022/11/ASK4716-websize-1.jpg,/media/wordpress-migration/2022/11/ASK4716-websize-1.jpg,ASK4716-websize-1.jpg,content structure rewrite requires separate portfolio/page implementation approval; file import is approved independently
rewrite_embedded_media_url,portfolio_embedded_media_url,portfolio,10244,project-3-2,Private Villa 3,https://coveinterior.com/wp-content/uploads/2022/11/ASK4713-websize-1.jpg,https://coveinterior.com/wp-content/uploads/2022/11/ASK4713-websize-1.jpg,/media/wordpress-migration/2022/11/ASK4713-websize-1.jpg,ASK4713-websize-1.jpg,content structure rewrite requires separate portfolio/page implementation approval; file import is approved independently
rewrite_embedded_media_url,portfolio_embedded_media_url,portfolio,10244,project-3-2,Private Villa 3,https://coveinterior.com/wp-content/uploads/2022/11/ASK4713-websize-1-430x323.jpg,https://coveinterior.com/wp-content/uploads/2022/11/ASK4713-websize-1.jpg,/media/wordpress-migration/2022/11/ASK4713-websize-1.jpg,ASK4713-websize-1.jpg,content structure rewrite requires separate portfolio/page implementation approval; file import is approved independently
rewrite_embedded_media_url,portfolio_embedded_media_url,portfolio,10244,project-3-2,Private Villa 3,https://coveinterior.com/wp-content/uploads/2022/11/ASK4713-websize-1-150x113.jpg,https://coveinterior.com/wp-content/uploads/2022/11/ASK4713-websize-1.jpg,/media/wordpress-migration/2022/11/ASK4713-websize-1.jpg,ASK4713-websize-1.jpg,content structure rewrite requires separate portfolio/page implementation approval; file import is approved independently
rewrite_embedded_media_url,portfolio_embedded_media_url,portfolio,10244,project-3-2,Private Villa 3,https://coveinterior.com/wp-content/uploads/2022/11/ASK4713-websize-1-700x525.jpg,https://coveinterior.com/wp-content/uploads/2022/11/ASK4713-websize-1.jpg,/media/wordpress-migration/2022/11/ASK4713-websize-1.jpg,ASK4713-websize-1.jpg,content structure rewrite requires separate portfolio/page implementation approval; file import is approved independently
rewrite_embedded_media_url,portfolio_embedded_media_url,portfolio,10244,project-3-2,Private Villa 3,https://coveinterior.com/wp-content/uploads/2022/11/ASK4713-websize-1-400x300.jpg,https://coveinterior.com/wp-content/uploads/2022/11/ASK4713-websize-1.jpg,/media/wordpress-migration/2022/11/ASK4713-websize-1.jpg,ASK4713-websize-1.jpg,content structure rewrite requires separate portfolio/page implementation approval; file import is approved independently
rewrite_embedded_media_url,portfolio_embedded_media_url,portfolio,10244,project-3-2,Private Villa 3,https://coveinterior.com/wp-content/uploads/2022/11/ASK4713-websize-1-768x576.jpg,https://coveinterior.com/wp-content/uploads/2022/11/ASK4713-websize-1.jpg,/media/wordpress-migration/2022/11/ASK4713-websize-1.jpg,ASK4713-websize-1.jpg,content structure rewrite requires separate portfolio/page implementation approval; file import is approved independently
rewrite_embedded_media_url,portfolio_embedded_media_url,portfolio,10244,project-3-2,Private Villa 3,https://coveinterior.com/wp-content/uploads/2022/11/ASK4713-websize-1-860x645.jpg,https://coveinterior.com/wp-content/uploads/2022/11/ASK4713-websize-1.jpg,/media/wordpress-migration/2022/11/ASK4713-websize-1.jpg,ASK4713-websize-1.jpg,content structure rewrite requires separate portfolio/page implementation approval; file import is approved independently
rewrite_embedded_media_url,portfolio_embedded_media_url,portfolio,10244,project-3-2,Private Villa 3,https://coveinterior.com/wp-content/uploads/2022/11/ASK4708-websize-1.jpg,https://coveinterior.com/wp-content/uploads/2022/11/ASK4708-websize-1.jpg,/media/wordpress-migration/2022/11/ASK4708-websize-1.jpg,ASK4708-websize-1.jpg,content structure rewrite requires separate portfolio/page implementation approval; file import is approved independently
rewrite_embedded_media_url,portfolio_embedded_media_url,portfolio,10244,project-3-2,Private Villa 3,https://coveinterior.com/wp-content/uploads/2022/11/ASK4708-websize-1-430x323.jpg,https://coveinterior.com/wp-content/uploads/2022/11/ASK4708-websize-1.jpg,/media/wordpress-migration/2022/11/ASK4708-websize-1.jpg,ASK4708-websize-1.jpg,content structure rewrite requires separate portfolio/page implementation approval; file import is approved independently
rewrite_embedded_media_url,portfolio_embedded_media_url,portfolio,10244,project-3-2,Private Villa 3,https://coveinterior.com/wp-content/uploads/2022/11/ASK4708-websize-1-150x113.jpg,https://coveinterior.com/wp-content/uploads/2022/11/ASK4708-websize-1.jpg,/media/wordpress-migration/2022/11/ASK4708-websize-1.jpg,ASK4708-websize-1.jpg,content structure rewrite requires separate portfolio/page implementation approval; file import is approved independently
rewrite_embedded_media_url,portfolio_embedded_media_url,portfolio,10244,project-3-2,Private Villa 3,https://coveinterior.com/wp-content/uploads/2022/11/ASK4708-websize-1-700x525.jpg,https://coveinterior.com/wp-content/uploads/2022/11/ASK4708-websize-1.jpg,/media/wordpress-migration/2022/11/ASK4708-websize-1.jpg,ASK4708-websize-1.jpg,content structure rewrite requires separate portfolio/page implementation approval; file import is approved independently
rewrite_embedded_media_url,portfolio_embedded_media_url,portfolio,10244,project-3-2,Private Villa 3,https://coveinterior.com/wp-content/uploads/2022/11/ASK4708-websize-1-400x300.jpg,https://coveinterior.com/wp-content/uploads/2022/11/ASK4708-websize-1.jpg,/media/wordpress-migration/2022/11/ASK4708-websize-1.jpg,ASK4708-websize-1.jpg,content structure rewrite requires separate portfolio/page implementation approval; file import is approved independently
rewrite_embedded_media_url,portfolio_embedded_media_url,portfolio,10244,project-3-2,Private Villa 3,https://coveinterior.com/wp-content/uploads/2022/11/ASK4708-websize-1-768x576.jpg,https://coveinterior.com/wp-content/uploads/2022/11/ASK4708-websize-1.jpg,/media/wordpress-migration/2022/11/ASK4708-websize-1.jpg,ASK4708-websize-1.jpg,content structure rewrite requires separate portfolio/page implementation approval; file import is approved independently
rewrite_embedded_media_url,portfolio_embedded_media_url,portfolio,10244,project-3-2,Private Villa 3,https://coveinterior.com/wp-content/uploads/2022/11/ASK4708-websize-1-860x645.jpg,https://coveinterior.com/wp-content/uploads/2022/11/ASK4708-websize-1.jpg,/media/wordpress-migration/2022/11/ASK4708-websize-1.jpg,ASK4708-websize-1.jpg,content structure rewrite requires separate portfolio/page implementation approval; file import is approved independently
rewrite_embedded_media_url,portfolio_embedded_media_url,portfolio,10244,project-3-2,Private Villa 3,https://coveinterior.com/wp-content/uploads/2022/11/ASK4705-websize-1.jpg,https://coveinterior.com/wp-content/uploads/2022/11/ASK4705-websize-1.jpg,/media/wordpress-migration/2022/11/ASK4705-websize-1.jpg,ASK4705-websize-1.jpg,content structure rewrite requires separate portfolio/page implementation approval; file import is approved independently
rewrite_embedded_media_url,portfolio_embedded_media_url,portfolio,10244,project-3-2,Private Villa 3,https://coveinterior.com/wp-content/uploads/2022/11/ASK4705-websize-1-430x323.jpg,https://coveinterior.com/wp-content/uploads/2022/11/ASK4705-websize-1.jpg,/media/wordpress-migration/2022/11/ASK4705-websize-1.jpg,ASK4705-websize-1.jpg,content structure rewrite requires separate portfolio/page implementation approval; file import is approved independently
rewrite_embedded_media_url,portfolio_embedded_media_url,portfolio,10244,project-3-2,Private Villa 3,https://coveinterior.com/wp-content/uploads/2022/11/ASK4705-websize-1-150x113.jpg,https://coveinterior.com/wp-content/uploads/2022/11/ASK4705-websize-1.jpg,/media/wordpress-migration/2022/11/ASK4705-websize-1.jpg,ASK4705-websize-1.jpg,content structure rewrite requires separate portfolio/page implementation approval; file import is approved independently
rewrite_embedded_media_url,portfolio_embedded_media_url,portfolio,10244,project-3-2,Private Villa 3,https://coveinterior.com/wp-content/uploads/2022/11/ASK4705-websize-1-700x525.jpg,https://coveinterior.com/wp-content/uploads/2022/11/ASK4705-websize-1.jpg,/media/wordpress-migration/2022/11/ASK4705-websize-1.jpg,ASK4705-websize-1.jpg,content structure rewrite requires separate portfolio/page implementation approval; file import is approved independently
rewrite_embedded_media_url,portfolio_embedded_media_url,portfolio,10244,project-3-2,Private Villa 3,https://coveinterior.com/wp-content/uploads/2022/11/ASK4705-websize-1-400x300.jpg,https://coveinterior.com/wp-content/uploads/2022/11/ASK4705-websize-1.jpg,/media/wordpress-migration/2022/11/ASK4705-websize-1.jpg,ASK4705-websize-1.jpg,content structure rewrite requires separate portfolio/page implementation approval; file import is approved independently
rewrite_embedded_media_url,portfolio_embedded_media_url,portfolio,10244,project-3-2,Private Villa 3,https://coveinterior.com/wp-content/uploads/2022/11/ASK4705-websize-1-768x576.jpg,https://coveinterior.com/wp-content/uploads/2022/11/ASK4705-websize-1.jpg,/media/wordpress-migration/2022/11/ASK4705-websize-1.jpg,ASK4705-websize-1.jpg,content structure rewrite requires separate portfolio/page implementation approval; file import is approved independently
rewrite_embedded_media_url,portfolio_embedded_media_url,portfolio,10244,project-3-2,Private Villa 3,https://coveinterior.com/wp-content/uploads/2022/11/ASK4705-websize-1-860x645.jpg,https://coveinterior.com/wp-content/uploads/2022/11/ASK4705-websize-1.jpg,/media/wordpress-migration/2022/11/ASK4705-websize-1.jpg,ASK4705-websize-1.jpg,content structure rewrite requires separate portfolio/page implementation approval; file import is approved independently
rewrite_embedded_media_url,portfolio_embedded_media_url,portfolio,10244,project-3-2,Private Villa 3,https://coveinterior.com/wp-content/uploads/2022/11/ASK4697-websize-1.jpg,https://coveinterior.com/wp-content/uploads/2022/11/ASK4697-websize-1.jpg,/media/wordpress-migration/2022/11/ASK4697-websize-1.jpg,ASK4697-websize-1.jpg,content structure rewrite requires separate portfolio/page implementation approval; file import is approved independently
rewrite_embedded_media_url,portfolio_embedded_media_url,portfolio,10244,project-3-2,Private Villa 3,https://coveinterior.com/wp-content/uploads/2022/11/ASK4697-websize-1-430x323.jpg,https://coveinterior.com/wp-content/uploads/2022/11/ASK4697-websize-1.jpg,/media/wordpress-migration/2022/11/ASK4697-websize-1.jpg,ASK4697-websize-1.jpg,content structure rewrite requires separate portfolio/page implementation approval; file import is approved independently
rewrite_embedded_media_url,portfolio_embedded_media_url,portfolio,10244,project-3-2,Private Villa 3,https://coveinterior.com/wp-content/uploads/2022/11/ASK4697-websize-1-150x113.jpg,https://coveinterior.com/wp-content/uploads/2022/11/ASK4697-websize-1.jpg,/media/wordpress-migration/2022/11/ASK4697-websize-1.jpg,ASK4697-websize-1.jpg,content structure rewrite requires separate portfolio/page implementation approval; file import is approved independently
rewrite_embedded_media_url,portfolio_embedded_media_url,portfolio,10244,project-3-2,Private Villa 3,https://coveinterior.com/wp-content/uploads/2022/11/ASK4697-websize-1-700x525.jpg,https://coveinterior.com/wp-content/uploads/2022/11/ASK4697-websize-1.jpg,/media/wordpress-migration/2022/11/ASK4697-websize-1.jpg,ASK4697-websize-1.jpg,content structure rewrite requires separate portfolio/page implementation approval; file import is approved independently
rewrite_embedded_media_url,portfolio_embedded_media_url,portfolio,10244,project-3-2,Private Villa 3,https://coveinterior.com/wp-content/uploads/2022/11/ASK4697-websize-1-400x300.jpg,https://coveinterior.com/wp-content/uploads/2022/11/ASK4697-websize-1.jpg,/media/wordpress-migration/2022/11/ASK4697-websize-1.jpg,ASK4697-websize-1.jpg,content structure rewrite requires separate portfolio/page implementation approval; file import is approved independently
rewrite_embedded_media_url,portfolio_embedded_media_url,portfolio,10244,project-3-2,Private Villa 3,https://coveinterior.com/wp-content/uploads/2022/11/ASK4697-websize-1-768x576.jpg,https://coveinterior.com/wp-content/uploads/2022/11/ASK4697-websize-1.jpg,/media/wordpress-migration/2022/11/ASK4697-websize-1.jpg,ASK4697-websize-1.jpg,content structure rewrite requires separate portfolio/page implementation approval; file import is approved independently
rewrite_embedded_media_url,portfolio_embedded_media_url,portfolio,10244,project-3-2,Private Villa 3,https://coveinterior.com/wp-content/uploads/2022/11/ASK4697-websize-1-860x645.jpg,https://coveinterior.com/wp-content/uploads/2022/11/ASK4697-websize-1.jpg,/media/wordpress-migration/2022/11/ASK4697-websize-1.jpg,ASK4697-websize-1.jpg,content structure rewrite requires separate portfolio/page implementation approval; file import is approved independently
rewrite_embedded_media_url,portfolio_embedded_media_url,portfolio,10244,project-3-2,Private Villa 3,https://coveinterior.com/wp-content/uploads/2022/11/ASK4692-websize.jpg,https://coveinterior.com/wp-content/uploads/2022/11/ASK4692-websize.jpg,/media/wordpress-migration/2022/11/ASK4692-websize.jpg,ASK4692-websize.jpg,content structure rewrite requires separate portfolio/page implementation approval; file import is approved independently
rewrite_embedded_media_url,portfolio_embedded_media_url,portfolio,10244,project-3-2,Private Villa 3,https://coveinterior.com/wp-content/uploads/2022/11/ASK4692-websize-430x323.jpg,https://coveinterior.com/wp-content/uploads/2022/11/ASK4692-websize.jpg,/media/wordpress-migration/2022/11/ASK4692-websize.jpg,ASK4692-websize.jpg,content structure rewrite requires separate portfolio/page implementation approval; file import is approved independently
rewrite_embedded_media_url,portfolio_embedded_media_url,portfolio,10244,project-3-2,Private Villa 3,https://coveinterior.com/wp-content/uploads/2022/11/ASK4692-websize-150x113.jpg,https://coveinterior.com/wp-content/uploads/2022/11/ASK4692-websize.jpg,/media/wordpress-migration/2022/11/ASK4692-websize.jpg,ASK4692-websize.jpg,content structure rewrite requires separate portfolio/page implementation approval; file import is approved independently
rewrite_embedded_media_url,portfolio_embedded_media_url,portfolio,10244,project-3-2,Private Villa 3,https://coveinterior.com/wp-content/uploads/2022/11/ASK4692-websize-700x525.jpg,https://coveinterior.com/wp-content/uploads/2022/11/ASK4692-websize.jpg,/media/wordpress-migration/2022/11/ASK4692-websize.jpg,ASK4692-websize.jpg,content structure rewrite requires separate portfolio/page implementation approval; file import is approved independently
rewrite_embedded_media_url,portfolio_embedded_media_url,portfolio,10244,project-3-2,Private Villa 3,https://coveinterior.com/wp-content/uploads/2022/11/ASK4692-websize-400x300.jpg,https://coveinterior.com/wp-content/uploads/2022/11/ASK4692-websize.jpg,/media/wordpress-migration/2022/11/ASK4692-websize.jpg,ASK4692-websize.jpg,content structure rewrite requires separate portfolio/page implementation approval; file import is approved independently
rewrite_embedded_media_url,portfolio_embedded_media_url,portfolio,10244,project-3-2,Private Villa 3,https://coveinterior.com/wp-content/uploads/2022/11/ASK4692-websize-768x576.jpg,https://coveinterior.com/wp-content/uploads/2022/11/ASK4692-websize.jpg,/media/wordpress-migration/2022/11/ASK4692-websize.jpg,ASK4692-websize.jpg,content structure rewrite requires separate portfolio/page implementation approval; file import is approved independently
rewrite_embedded_media_url,portfolio_embedded_media_url,portfolio,10244,project-3-2,Private Villa 3,https://coveinterior.com/wp-content/uploads/2022/11/ASK4692-websize-860x645.jpg,https://coveinterior.com/wp-content/uploads/2022/11/ASK4692-websize.jpg,/media/wordpress-migration/2022/11/ASK4692-websize.jpg,ASK4692-websize.jpg,content structure rewrite requires separate portfolio/page implementation approval; file import is approved independently
set_portfolio_featured_image,portfolio_featured_image,portfolio,9110,special-invitation-from-hasan-abul-company,Special Invitation From Hasan Abul Company,https://coveinterior.com/wp-content/uploads/2022/07/Special-Invitation-From-Hasan-Abul-Company-.jpg,https://coveinterior.com/wp-content/uploads/2022/07/Special-Invitation-From-Hasan-Abul-Company-.jpg,/media/wordpress-migration/2022/07/Special-Invitation-From-Hasan-Abul-Company-.jpg,Special-Invitation-From-Hasan-Abul-Company-.jpg,content structure rewrite requires separate portfolio/page implementation approval; file import is approved independently
rewrite_embedded_media_url,portfolio_embedded_media_url,portfolio,9110,special-invitation-from-hasan-abul-company,Special Invitation From Hasan Abul Company,https://coveinterior.com/wp-content/uploads/2022/07/61.jpg,https://coveinterior.com/wp-content/uploads/2022/07/61.jpg,/media/wordpress-migration/2022/07/61.jpg,61.jpg,content structure rewrite requires separate portfolio/page implementation approval; file import is approved independently
rewrite_embedded_media_url,portfolio_embedded_media_url,portfolio,9110,special-invitation-from-hasan-abul-company,Special Invitation From Hasan Abul Company,https://coveinterior.com/wp-content/uploads/2022/07/61-430x286.jpg,https://coveinterior.com/wp-content/uploads/2022/07/61.jpg,/media/wordpress-migration/2022/07/61.jpg,61.jpg,content structure rewrite requires separate portfolio/page implementation approval; file import is approved independently
rewrite_embedded_media_url,portfolio_embedded_media_url,portfolio,9110,special-invitation-from-hasan-abul-company,Special Invitation From Hasan Abul Company,https://coveinterior.com/wp-content/uploads/2022/07/61-150x100.jpg,https://coveinterior.com/wp-content/uploads/2022/07/61.jpg,/media/wordpress-migration/2022/07/61.jpg,61.jpg,content structure rewrite requires separate portfolio/page implementation approval; file import is approved independently
rewrite_embedded_media_url,portfolio_embedded_media_url,portfolio,9110,special-invitation-from-hasan-abul-company,Special Invitation From Hasan Abul Company,https://coveinterior.com/wp-content/uploads/2022/07/61-700x466.jpg,https://coveinterior.com/wp-content/uploads/2022/07/61.jpg,/media/wordpress-migration/2022/07/61.jpg,61.jpg,content structure rewrite requires separate portfolio/page implementation approval; file import is approved independently
rewrite_embedded_media_url,portfolio_embedded_media_url,portfolio,9110,special-invitation-from-hasan-abul-company,Special Invitation From Hasan Abul Company,https://coveinterior.com/wp-content/uploads/2022/07/61-400x267.jpg,https://coveinterior.com/wp-content/uploads/2022/07/61.jpg,/media/wordpress-migration/2022/07/61.jpg,61.jpg,content structure rewrite requires separate portfolio/page implementation approval; file import is approved independently
rewrite_embedded_media_url,portfolio_embedded_media_url,portfolio,9110,special-invitation-from-hasan-abul-company,Special Invitation From Hasan Abul Company,https://coveinterior.com/wp-content/uploads/2022/07/61-1201x800.jpg,https://coveinterior.com/wp-content/uploads/2022/07/61.jpg,/media/wordpress-migration/2022/07/61.jpg,61.jpg,content structure rewrite requires separate portfolio/page implementation approval; file import is approved independently
rewrite_embedded_media_url,portfolio_embedded_media_url,portfolio,9110,special-invitation-from-hasan-abul-company,Special Invitation From Hasan Abul Company,https://coveinterior.com/wp-content/uploads/2022/07/61-768x512.jpg,https://coveinterior.com/wp-content/uploads/2022/07/61.jpg,/media/wordpress-migration/2022/07/61.jpg,61.jpg,content structure rewrite requires separate portfolio/page implementation approval; file import is approved independently
rewrite_embedded_media_url,portfolio_embedded_media_url,portfolio,9110,special-invitation-from-hasan-abul-company,Special Invitation From Hasan Abul Company,https://coveinterior.com/wp-content/uploads/2022/07/61-1536x1023.jpg,https://coveinterior.com/wp-content/uploads/2022/07/61.jpg,/media/wordpress-migration/2022/07/61.jpg,61.jpg,content structure rewrite requires separate portfolio/page implementation approval; file import is approved independently
rewrite_embedded_media_url,portfolio_embedded_media_url,portfolio,9110,special-invitation-from-hasan-abul-company,Special Invitation From Hasan Abul Company,https://coveinterior.com/wp-content/uploads/2022/07/61-860x573.jpg,https://coveinterior.com/wp-content/uploads/2022/07/61.jpg,/media/wordpress-migration/2022/07/61.jpg,61.jpg,content structure rewrite requires separate portfolio/page implementation approval; file import is approved independently
rewrite_embedded_media_url,portfolio_embedded_media_url,portfolio,9110,special-invitation-from-hasan-abul-company,Special Invitation From Hasan Abul Company,https://coveinterior.com/wp-content/uploads/2022/07/612.jpg,https://coveinterior.com/wp-content/uploads/2022/07/612.jpg,/media/wordpress-migration/2022/07/612.jpg,612.jpg,content structure rewrite requires separate portfolio/page implementation approval; file import is approved independently
rewrite_embedded_media_url,portfolio_embedded_media_url,portfolio,9110,special-invitation-from-hasan-abul-company,Special Invitation From Hasan Abul Company,https://coveinterior.com/wp-content/uploads/2022/07/612-430x286.jpg,https://coveinterior.com/wp-content/uploads/2022/07/612.jpg,/media/wordpress-migration/2022/07/612.jpg,612.jpg,content structure rewrite requires separate portfolio/page implementation approval; file import is approved independently
rewrite_embedded_media_url,portfolio_embedded_media_url,portfolio,9110,special-invitation-from-hasan-abul-company,Special Invitation From Hasan Abul Company,https://coveinterior.com/wp-content/uploads/2022/07/612-150x100.jpg,https://coveinterior.com/wp-content/uploads/2022/07/612.jpg,/media/wordpress-migration/2022/07/612.jpg,612.jpg,content structure rewrite requires separate portfolio/page implementation approval; file import is approved independently
rewrite_embedded_media_url,portfolio_embedded_media_url,portfolio,9110,special-invitation-from-hasan-abul-company,Special Invitation From Hasan Abul Company,https://coveinterior.com/wp-content/uploads/2022/07/612-700x466.jpg,https://coveinterior.com/wp-content/uploads/2022/07/612.jpg,/media/wordpress-migration/2022/07/612.jpg,612.jpg,content structure rewrite requires separate portfolio/page implementation approval; file import is approved independently
rewrite_embedded_media_url,portfolio_embedded_media_url,portfolio,9110,special-invitation-from-hasan-abul-company,Special Invitation From Hasan Abul Company,https://coveinterior.com/wp-content/uploads/2022/07/612-400x267.jpg,https://coveinterior.com/wp-content/uploads/2022/07/612.jpg,/media/wordpress-migration/2022/07/612.jpg,612.jpg,content structure rewrite requires separate portfolio/page implementation approval; file import is approved independently
rewrite_embedded_media_url,portfolio_embedded_media_url,portfolio,9110,special-invitation-from-hasan-abul-company,Special Invitation From Hasan Abul Company,https://coveinterior.com/wp-content/uploads/2022/07/612-1201x800.jpg,https://coveinterior.com/wp-content/uploads/2022/07/612.jpg,/media/wordpress-migration/2022/07/612.jpg,612.jpg,content structure rewrite requires separate portfolio/page implementation approval; file import is approved independently
rewrite_embedded_media_url,portfolio_embedded_media_url,portfolio,9110,special-invitation-from-hasan-abul-company,Special Invitation From Hasan Abul Company,https://coveinterior.com/wp-content/uploads/2022/07/612-768x512.jpg,https://coveinterior.com/wp-content/uploads/2022/07/612.jpg,/media/wordpress-migration/2022/07/612.jpg,612.jpg,content structure rewrite requires separate portfolio/page implementation approval; file import is approved independently
rewrite_embedded_media_url,portfolio_embedded_media_url,portfolio,9110,special-invitation-from-hasan-abul-company,Special Invitation From Hasan Abul Company,https://coveinterior.com/wp-content/uploads/2022/07/612-1536x1023.jpg,https://coveinterior.com/wp-content/uploads/2022/07/612.jpg,/media/wordpress-migration/2022/07/612.jpg,612.jpg,content structure rewrite requires separate portfolio/page implementation approval; file import is approved independently
rewrite_embedded_media_url,portfolio_embedded_media_url,portfolio,9110,special-invitation-from-hasan-abul-company,Special Invitation From Hasan Abul Company,https://coveinterior.com/wp-content/uploads/2022/07/612-860x573.jpg,https://coveinterior.com/wp-content/uploads/2022/07/612.jpg,/media/wordpress-migration/2022/07/612.jpg,612.jpg,content structure rewrite requires separate portfolio/page implementation approval; file import is approved independently
rewrite_embedded_media_url,portfolio_embedded_media_url,portfolio,9110,special-invitation-from-hasan-abul-company,Special Invitation From Hasan Abul Company,https://coveinterior.com/wp-content/uploads/2022/07/611.jpg,https://coveinterior.com/wp-content/uploads/2022/07/611.jpg,/media/wordpress-migration/2022/07/611.jpg,611.jpg,content structure rewrite requires separate portfolio/page implementation approval; file import is approved independently
rewrite_embedded_media_url,portfolio_embedded_media_url,portfolio,9110,special-invitation-from-hasan-abul-company,Special Invitation From Hasan Abul Company,https://coveinterior.com/wp-content/uploads/2022/07/611-430x286.jpg,https://coveinterior.com/wp-content/uploads/2022/07/611.jpg,/media/wordpress-migration/2022/07/611.jpg,611.jpg,content structure rewrite requires separate portfolio/page implementation approval; file import is approved independently
rewrite_embedded_media_url,portfolio_embedded_media_url,portfolio,9110,special-invitation-from-hasan-abul-company,Special Invitation From Hasan Abul Company,https://coveinterior.com/wp-content/uploads/2022/07/611-150x100.jpg,https://coveinterior.com/wp-content/uploads/2022/07/611.jpg,/media/wordpress-migration/2022/07/611.jpg,611.jpg,content structure rewrite requires separate portfolio/page implementation approval; file import is approved independently
rewrite_embedded_media_url,portfolio_embedded_media_url,portfolio,9110,special-invitation-from-hasan-abul-company,Special Invitation From Hasan Abul Company,https://coveinterior.com/wp-content/uploads/2022/07/611-700x466.jpg,https://coveinterior.com/wp-content/uploads/2022/07/611.jpg,/media/wordpress-migration/2022/07/611.jpg,611.jpg,content structure rewrite requires separate portfolio/page implementation approval; file import is approved independently
rewrite_embedded_media_url,portfolio_embedded_media_url,portfolio,9110,special-invitation-from-hasan-abul-company,Special Invitation From Hasan Abul Company,https://coveinterior.com/wp-content/uploads/2022/07/611-400x267.jpg,https://coveinterior.com/wp-content/uploads/2022/07/611.jpg,/media/wordpress-migration/2022/07/611.jpg,611.jpg,content structure rewrite requires separate portfolio/page implementation approval; file import is approved independently
rewrite_embedded_media_url,portfolio_embedded_media_url,portfolio,9110,special-invitation-from-hasan-abul-company,Special Invitation From Hasan Abul Company,https://coveinterior.com/wp-content/uploads/2022/07/611-1201x800.jpg,https://coveinterior.com/wp-content/uploads/2022/07/611.jpg,/media/wordpress-migration/2022/07/611.jpg,611.jpg,content structure rewrite requires separate portfolio/page implementation approval; file import is approved independently
rewrite_embedded_media_url,portfolio_embedded_media_url,portfolio,9110,special-invitation-from-hasan-abul-company,Special Invitation From Hasan Abul Company,https://coveinterior.com/wp-content/uploads/2022/07/611-768x512.jpg,https://coveinterior.com/wp-content/uploads/2022/07/611.jpg,/media/wordpress-migration/2022/07/611.jpg,611.jpg,content structure rewrite requires separate portfolio/page implementation approval; file import is approved independently
rewrite_embedded_media_url,portfolio_embedded_media_url,portfolio,9110,special-invitation-from-hasan-abul-company,Special Invitation From Hasan Abul Company,https://coveinterior.com/wp-content/uploads/2022/07/611-1536x1023.jpg,https://coveinterior.com/wp-content/uploads/2022/07/611.jpg,/media/wordpress-migration/2022/07/611.jpg,611.jpg,content structure rewrite requires separate portfolio/page implementation approval; file import is approved independently
rewrite_embedded_media_url,portfolio_embedded_media_url,portfolio,9110,special-invitation-from-hasan-abul-company,Special Invitation From Hasan Abul Company,https://coveinterior.com/wp-content/uploads/2022/07/611-860x573.jpg,https://coveinterior.com/wp-content/uploads/2022/07/611.jpg,/media/wordpress-migration/2022/07/611.jpg,611.jpg,content structure rewrite requires separate portfolio/page implementation approval; file import is approved independently
rewrite_embedded_media_url,portfolio_embedded_media_url,portfolio,9110,special-invitation-from-hasan-abul-company,Special Invitation From Hasan Abul Company,https://coveinterior.com/wp-content/uploads/2022/07/610.jpg,https://coveinterior.com/wp-content/uploads/2022/07/610.jpg,/media/wordpress-migration/2022/07/610.jpg,610.jpg,content structure rewrite requires separate portfolio/page implementation approval; file import is approved independently
rewrite_embedded_media_url,portfolio_embedded_media_url,portfolio,9110,special-invitation-from-hasan-abul-company,Special Invitation From Hasan Abul Company,https://coveinterior.com/wp-content/uploads/2022/07/610-430x286.jpg,https://coveinterior.com/wp-content/uploads/2022/07/610.jpg,/media/wordpress-migration/2022/07/610.jpg,610.jpg,content structure rewrite requires separate portfolio/page implementation approval; file import is approved independently
rewrite_embedded_media_url,portfolio_embedded_media_url,portfolio,9110,special-invitation-from-hasan-abul-company,Special Invitation From Hasan Abul Company,https://coveinterior.com/wp-content/uploads/2022/07/610-150x100.jpg,https://coveinterior.com/wp-content/uploads/2022/07/610.jpg,/media/wordpress-migration/2022/07/610.jpg,610.jpg,content structure rewrite requires separate portfolio/page implementation approval; file import is approved independently
rewrite_embedded_media_url,portfolio_embedded_media_url,portfolio,9110,special-invitation-from-hasan-abul-company,Special Invitation From Hasan Abul Company,https://coveinterior.com/wp-content/uploads/2022/07/610-700x466.jpg,https://coveinterior.com/wp-content/uploads/2022/07/610.jpg,/media/wordpress-migration/2022/07/610.jpg,610.jpg,content structure rewrite requires separate portfolio/page implementation approval; file import is approved independently
rewrite_embedded_media_url,portfolio_embedded_media_url,portfolio,9110,special-invitation-from-hasan-abul-company,Special Invitation From Hasan Abul Company,https://coveinterior.com/wp-content/uploads/2022/07/610-400x267.jpg,https://coveinterior.com/wp-content/uploads/2022/07/610.jpg,/media/wordpress-migration/2022/07/610.jpg,610.jpg,content structure rewrite requires separate portfolio/page implementation approval; file import is approved independently
rewrite_embedded_media_url,portfolio_embedded_media_url,portfolio,9110,special-invitation-from-hasan-abul-company,Special Invitation From Hasan Abul Company,https://coveinterior.com/wp-content/uploads/2022/07/610-1201x800.jpg,https://coveinterior.com/wp-content/uploads/2022/07/610.jpg,/media/wordpress-migration/2022/07/610.jpg,610.jpg,content structure rewrite requires separate portfolio/page implementation approval; file import is approved independently
rewrite_embedded_media_url,portfolio_embedded_media_url,portfolio,9110,special-invitation-from-hasan-abul-company,Special Invitation From Hasan Abul Company,https://coveinterior.com/wp-content/uploads/2022/07/610-768x512.jpg,https://coveinterior.com/wp-content/uploads/2022/07/610.jpg,/media/wordpress-migration/2022/07/610.jpg,610.jpg,content structure rewrite requires separate portfolio/page implementation approval; file import is approved independently
rewrite_embedded_media_url,portfolio_embedded_media_url,portfolio,9110,special-invitation-from-hasan-abul-company,Special Invitation From Hasan Abul Company,https://coveinterior.com/wp-content/uploads/2022/07/610-1536x1023.jpg,https://coveinterior.com/wp-content/uploads/2022/07/610.jpg,/media/wordpress-migration/2022/07/610.jpg,610.jpg,content structure rewrite requires separate portfolio/page implementation approval; file import is approved independently
rewrite_embedded_media_url,portfolio_embedded_media_url,portfolio,9110,special-invitation-from-hasan-abul-company,Special Invitation From Hasan Abul Company,https://coveinterior.com/wp-content/uploads/2022/07/610-860x573.jpg,https://coveinterior.com/wp-content/uploads/2022/07/610.jpg,/media/wordpress-migration/2022/07/610.jpg,610.jpg,content structure rewrite requires separate portfolio/page implementation approval; file import is approved independently
rewrite_embedded_media_url,portfolio_embedded_media_url,portfolio,9110,special-invitation-from-hasan-abul-company,Special Invitation From Hasan Abul Company,https://coveinterior.com/wp-content/uploads/2022/07/69.jpg,https://coveinterior.com/wp-content/uploads/2022/07/69.jpg,/media/wordpress-migration/2022/07/69.jpg,69.jpg,content structure rewrite requires separate portfolio/page implementation approval; file import is approved independently
rewrite_embedded_media_url,portfolio_embedded_media_url,portfolio,9110,special-invitation-from-hasan-abul-company,Special Invitation From Hasan Abul Company,https://coveinterior.com/wp-content/uploads/2022/07/69-430x286.jpg,https://coveinterior.com/wp-content/uploads/2022/07/69.jpg,/media/wordpress-migration/2022/07/69.jpg,69.jpg,content structure rewrite requires separate portfolio/page implementation approval; file import is approved independently
rewrite_embedded_media_url,portfolio_embedded_media_url,portfolio,9110,special-invitation-from-hasan-abul-company,Special Invitation From Hasan Abul Company,https://coveinterior.com/wp-content/uploads/2022/07/69-150x100.jpg,https://coveinterior.com/wp-content/uploads/2022/07/69.jpg,/media/wordpress-migration/2022/07/69.jpg,69.jpg,content structure rewrite requires separate portfolio/page implementation approval; file import is approved independently
rewrite_embedded_media_url,portfolio_embedded_media_url,portfolio,9110,special-invitation-from-hasan-abul-company,Special Invitation From Hasan Abul Company,https://coveinterior.com/wp-content/uploads/2022/07/69-700x466.jpg,https://coveinterior.com/wp-content/uploads/2022/07/69.jpg,/media/wordpress-migration/2022/07/69.jpg,69.jpg,content structure rewrite requires separate portfolio/page implementation approval; file import is approved independently
rewrite_embedded_media_url,portfolio_embedded_media_url,portfolio,9110,special-invitation-from-hasan-abul-company,Special Invitation From Hasan Abul Company,https://coveinterior.com/wp-content/uploads/2022/07/69-400x267.jpg,https://coveinterior.com/wp-content/uploads/2022/07/69.jpg,/media/wordpress-migration/2022/07/69.jpg,69.jpg,content structure rewrite requires separate portfolio/page implementation approval; file import is approved independently
rewrite_embedded_media_url,portfolio_embedded_media_url,portfolio,9110,special-invitation-from-hasan-abul-company,Special Invitation From Hasan Abul Company,https://coveinterior.com/wp-content/uploads/2022/07/69-1201x800.jpg,https://coveinterior.com/wp-content/uploads/2022/07/69.jpg,/media/wordpress-migration/2022/07/69.jpg,69.jpg,content structure rewrite requires separate portfolio/page implementation approval; file import is approved independently
rewrite_embedded_media_url,portfolio_embedded_media_url,portfolio,9110,special-invitation-from-hasan-abul-company,Special Invitation From Hasan Abul Company,https://coveinterior.com/wp-content/uploads/2022/07/69-768x512.jpg,https://coveinterior.com/wp-content/uploads/2022/07/69.jpg,/media/wordpress-migration/2022/07/69.jpg,69.jpg,content structure rewrite requires separate portfolio/page implementation approval; file import is approved independently
rewrite_embedded_media_url,portfolio_embedded_media_url,portfolio,9110,special-invitation-from-hasan-abul-company,Special Invitation From Hasan Abul Company,https://coveinterior.com/wp-content/uploads/2022/07/69-1536x1023.jpg,https://coveinterior.com/wp-content/uploads/2022/07/69.jpg,/media/wordpress-migration/2022/07/69.jpg,69.jpg,content structure rewrite requires separate portfolio/page implementation approval; file import is approved independently
rewrite_embedded_media_url,portfolio_embedded_media_url,portfolio,9110,special-invitation-from-hasan-abul-company,Special Invitation From Hasan Abul Company,https://coveinterior.com/wp-content/uploads/2022/07/69-860x573.jpg,https://coveinterior.com/wp-content/uploads/2022/07/69.jpg,/media/wordpress-migration/2022/07/69.jpg,69.jpg,content structure rewrite requires separate portfolio/page implementation approval; file import is approved independently
rewrite_embedded_media_url,portfolio_embedded_media_url,portfolio,9110,special-invitation-from-hasan-abul-company,Special Invitation From Hasan Abul Company,https://coveinterior.com/wp-content/uploads/2022/07/68.jpg,https://coveinterior.com/wp-content/uploads/2022/07/68.jpg,/media/wordpress-migration/2022/07/68.jpg,68.jpg,content structure rewrite requires separate portfolio/page implementation approval; file import is approved independently
rewrite_embedded_media_url,portfolio_embedded_media_url,portfolio,9110,special-invitation-from-hasan-abul-company,Special Invitation From Hasan Abul Company,https://coveinterior.com/wp-content/uploads/2022/07/68-430x286.jpg,https://coveinterior.com/wp-content/uploads/2022/07/68.jpg,/media/wordpress-migration/2022/07/68.jpg,68.jpg,content structure rewrite requires separate portfolio/page implementation approval; file import is approved independently
rewrite_embedded_media_url,portfolio_embedded_media_url,portfolio,9110,special-invitation-from-hasan-abul-company,Special Invitation From Hasan Abul Company,https://coveinterior.com/wp-content/uploads/2022/07/68-150x100.jpg,https://coveinterior.com/wp-content/uploads/2022/07/68.jpg,/media/wordpress-migration/2022/07/68.jpg,68.jpg,content structure rewrite requires separate portfolio/page implementation approval; file import is approved independently
rewrite_embedded_media_url,portfolio_embedded_media_url,portfolio,9110,special-invitation-from-hasan-abul-company,Special Invitation From Hasan Abul Company,https://coveinterior.com/wp-content/uploads/2022/07/68-700x466.jpg,https://coveinterior.com/wp-content/uploads/2022/07/68.jpg,/media/wordpress-migration/2022/07/68.jpg,68.jpg,content structure rewrite requires separate portfolio/page implementation approval; file import is approved independently
rewrite_embedded_media_url,portfolio_embedded_media_url,portfolio,9110,special-invitation-from-hasan-abul-company,Special Invitation From Hasan Abul Company,https://coveinterior.com/wp-content/uploads/2022/07/68-400x267.jpg,https://coveinterior.com/wp-content/uploads/2022/07/68.jpg,/media/wordpress-migration/2022/07/68.jpg,68.jpg,content structure rewrite requires separate portfolio/page implementation approval; file import is approved independently
rewrite_embedded_media_url,portfolio_embedded_media_url,portfolio,9110,special-invitation-from-hasan-abul-company,Special Invitation From Hasan Abul Company,https://coveinterior.com/wp-content/uploads/2022/07/68-1201x800.jpg,https://coveinterior.com/wp-content/uploads/2022/07/68.jpg,/media/wordpress-migration/2022/07/68.jpg,68.jpg,content structure rewrite requires separate portfolio/page implementation approval; file import is approved independently
rewrite_embedded_media_url,portfolio_embedded_media_url,portfolio,9110,special-invitation-from-hasan-abul-company,Special Invitation From Hasan Abul Company,https://coveinterior.com/wp-content/uploads/2022/07/68-768x512.jpg,https://coveinterior.com/wp-content/uploads/2022/07/68.jpg,/media/wordpress-migration/2022/07/68.jpg,68.jpg,content structure rewrite requires separate portfolio/page implementation approval; file import is approved independently
rewrite_embedded_media_url,portfolio_embedded_media_url,portfolio,9110,special-invitation-from-hasan-abul-company,Special Invitation From Hasan Abul Company,https://coveinterior.com/wp-content/uploads/2022/07/68-1536x1023.jpg,https://coveinterior.com/wp-content/uploads/2022/07/68.jpg,/media/wordpress-migration/2022/07/68.jpg,68.jpg,content structure rewrite requires separate portfolio/page implementation approval; file import is approved independently
rewrite_embedded_media_url,portfolio_embedded_media_url,portfolio,9110,special-invitation-from-hasan-abul-company,Special Invitation From Hasan Abul Company,https://coveinterior.com/wp-content/uploads/2022/07/68-860x573.jpg,https://coveinterior.com/wp-content/uploads/2022/07/68.jpg,/media/wordpress-migration/2022/07/68.jpg,68.jpg,content structure rewrite requires separate portfolio/page implementation approval; file import is approved independently
rewrite_embedded_media_url,portfolio_embedded_media_url,portfolio,9110,special-invitation-from-hasan-abul-company,Special Invitation From Hasan Abul Company,https://coveinterior.com/wp-content/uploads/2022/07/67.jpg,https://coveinterior.com/wp-content/uploads/2022/07/67.jpg,/media/wordpress-migration/2022/07/67.jpg,67.jpg,content structure rewrite requires separate portfolio/page implementation approval; file import is approved independently
rewrite_embedded_media_url,portfolio_embedded_media_url,portfolio,9110,special-invitation-from-hasan-abul-company,Special Invitation From Hasan Abul Company,https://coveinterior.com/wp-content/uploads/2022/07/67-430x286.jpg,https://coveinterior.com/wp-content/uploads/2022/07/67.jpg,/media/wordpress-migration/2022/07/67.jpg,67.jpg,content structure rewrite requires separate portfolio/page implementation approval; file import is approved independently
rewrite_embedded_media_url,portfolio_embedded_media_url,portfolio,9110,special-invitation-from-hasan-abul-company,Special Invitation From Hasan Abul Company,https://coveinterior.com/wp-content/uploads/2022/07/67-150x100.jpg,https://coveinterior.com/wp-content/uploads/2022/07/67.jpg,/media/wordpress-migration/2022/07/67.jpg,67.jpg,content structure rewrite requires separate portfolio/page implementation approval; file import is approved independently
rewrite_embedded_media_url,portfolio_embedded_media_url,portfolio,9110,special-invitation-from-hasan-abul-company,Special Invitation From Hasan Abul Company,https://coveinterior.com/wp-content/uploads/2022/07/67-700x466.jpg,https://coveinterior.com/wp-content/uploads/2022/07/67.jpg,/media/wordpress-migration/2022/07/67.jpg,67.jpg,content structure rewrite requires separate portfolio/page implementation approval; file import is approved independently
rewrite_embedded_media_url,portfolio_embedded_media_url,portfolio,9110,special-invitation-from-hasan-abul-company,Special Invitation From Hasan Abul Company,https://coveinterior.com/wp-content/uploads/2022/07/67-400x267.jpg,https://coveinterior.com/wp-content/uploads/2022/07/67.jpg,/media/wordpress-migration/2022/07/67.jpg,67.jpg,content structure rewrite requires separate portfolio/page implementation approval; file import is approved independently
rewrite_embedded_media_url,portfolio_embedded_media_url,portfolio,9110,special-invitation-from-hasan-abul-company,Special Invitation From Hasan Abul Company,https://coveinterior.com/wp-content/uploads/2022/07/67-1201x800.jpg,https://coveinterior.com/wp-content/uploads/2022/07/67.jpg,/media/wordpress-migration/2022/07/67.jpg,67.jpg,content structure rewrite requires separate portfolio/page implementation approval; file import is approved independently
rewrite_embedded_media_url,portfolio_embedded_media_url,portfolio,9110,special-invitation-from-hasan-abul-company,Special Invitation From Hasan Abul Company,https://coveinterior.com/wp-content/uploads/2022/07/67-768x512.jpg,https://coveinterior.com/wp-content/uploads/2022/07/67.jpg,/media/wordpress-migration/2022/07/67.jpg,67.jpg,content structure rewrite requires separate portfolio/page implementation approval; file import is approved independently
rewrite_embedded_media_url,portfolio_embedded_media_url,portfolio,9110,special-invitation-from-hasan-abul-company,Special Invitation From Hasan Abul Company,https://coveinterior.com/wp-content/uploads/2022/07/67-1536x1023.jpg,https://coveinterior.com/wp-content/uploads/2022/07/67.jpg,/media/wordpress-migration/2022/07/67.jpg,67.jpg,content structure rewrite requires separate portfolio/page implementation approval; file import is approved independently
rewrite_embedded_media_url,portfolio_embedded_media_url,portfolio,9110,special-invitation-from-hasan-abul-company,Special Invitation From Hasan Abul Company,https://coveinterior.com/wp-content/uploads/2022/07/67-860x573.jpg,https://coveinterior.com/wp-content/uploads/2022/07/67.jpg,/media/wordpress-migration/2022/07/67.jpg,67.jpg,content structure rewrite requires separate portfolio/page implementation approval; file import is approved independently
rewrite_embedded_media_url,portfolio_embedded_media_url,portfolio,9110,special-invitation-from-hasan-abul-company,Special Invitation From Hasan Abul Company,https://coveinterior.com/wp-content/uploads/2022/07/66.jpg,https://coveinterior.com/wp-content/uploads/2022/07/66.jpg,/media/wordpress-migration/2022/07/66.jpg,66.jpg,content structure rewrite requires separate portfolio/page implementation approval; file import is approved independently
rewrite_embedded_media_url,portfolio_embedded_media_url,portfolio,9110,special-invitation-from-hasan-abul-company,Special Invitation From Hasan Abul Company,https://coveinterior.com/wp-content/uploads/2022/07/66-430x286.jpg,https://coveinterior.com/wp-content/uploads/2022/07/66.jpg,/media/wordpress-migration/2022/07/66.jpg,66.jpg,content structure rewrite requires separate portfolio/page implementation approval; file import is approved independently
rewrite_embedded_media_url,portfolio_embedded_media_url,portfolio,9110,special-invitation-from-hasan-abul-company,Special Invitation From Hasan Abul Company,https://coveinterior.com/wp-content/uploads/2022/07/66-150x100.jpg,https://coveinterior.com/wp-content/uploads/2022/07/66.jpg,/media/wordpress-migration/2022/07/66.jpg,66.jpg,content structure rewrite requires separate portfolio/page implementation approval; file import is approved independently
rewrite_embedded_media_url,portfolio_embedded_media_url,portfolio,9110,special-invitation-from-hasan-abul-company,Special Invitation From Hasan Abul Company,https://coveinterior.com/wp-content/uploads/2022/07/66-700x466.jpg,https://coveinterior.com/wp-content/uploads/2022/07/66.jpg,/media/wordpress-migration/2022/07/66.jpg,66.jpg,content structure rewrite requires separate portfolio/page implementation approval; file import is approved independently
rewrite_embedded_media_url,portfolio_embedded_media_url,portfolio,9110,special-invitation-from-hasan-abul-company,Special Invitation From Hasan Abul Company,https://coveinterior.com/wp-content/uploads/2022/07/66-400x267.jpg,https://coveinterior.com/wp-content/uploads/2022/07/66.jpg,/media/wordpress-migration/2022/07/66.jpg,66.jpg,content structure rewrite requires separate portfolio/page implementation approval; file import is approved independently
rewrite_embedded_media_url,portfolio_embedded_media_url,portfolio,9110,special-invitation-from-hasan-abul-company,Special Invitation From Hasan Abul Company,https://coveinterior.com/wp-content/uploads/2022/07/66-1201x800.jpg,https://coveinterior.com/wp-content/uploads/2022/07/66.jpg,/media/wordpress-migration/2022/07/66.jpg,66.jpg,content structure rewrite requires separate portfolio/page implementation approval; file import is approved independently
rewrite_embedded_media_url,portfolio_embedded_media_url,portfolio,9110,special-invitation-from-hasan-abul-company,Special Invitation From Hasan Abul Company,https://coveinterior.com/wp-content/uploads/2022/07/66-768x512.jpg,https://coveinterior.com/wp-content/uploads/2022/07/66.jpg,/media/wordpress-migration/2022/07/66.jpg,66.jpg,content structure rewrite requires separate portfolio/page implementation approval; file import is approved independently
rewrite_embedded_media_url,portfolio_embedded_media_url,portfolio,9110,special-invitation-from-hasan-abul-company,Special Invitation From Hasan Abul Company,https://coveinterior.com/wp-content/uploads/2022/07/66-1536x1023.jpg,https://coveinterior.com/wp-content/uploads/2022/07/66.jpg,/media/wordpress-migration/2022/07/66.jpg,66.jpg,content structure rewrite requires separate portfolio/page implementation approval; file import is approved independently
rewrite_embedded_media_url,portfolio_embedded_media_url,portfolio,9110,special-invitation-from-hasan-abul-company,Special Invitation From Hasan Abul Company,https://coveinterior.com/wp-content/uploads/2022/07/66-860x573.jpg,https://coveinterior.com/wp-content/uploads/2022/07/66.jpg,/media/wordpress-migration/2022/07/66.jpg,66.jpg,content structure rewrite requires separate portfolio/page implementation approval; file import is approved independently
rewrite_embedded_media_url,portfolio_embedded_media_url,portfolio,9110,special-invitation-from-hasan-abul-company,Special Invitation From Hasan Abul Company,https://coveinterior.com/wp-content/uploads/2022/07/65.jpg,https://coveinterior.com/wp-content/uploads/2022/07/65.jpg,/media/wordpress-migration/2022/07/65.jpg,65.jpg,content structure rewrite requires separate portfolio/page implementation approval; file import is approved independently
rewrite_embedded_media_url,portfolio_embedded_media_url,portfolio,9110,special-invitation-from-hasan-abul-company,Special Invitation From Hasan Abul Company,https://coveinterior.com/wp-content/uploads/2022/07/65-430x286.jpg,https://coveinterior.com/wp-content/uploads/2022/07/65.jpg,/media/wordpress-migration/2022/07/65.jpg,65.jpg,content structure rewrite requires separate portfolio/page implementation approval; file import is approved independently
rewrite_embedded_media_url,portfolio_embedded_media_url,portfolio,9110,special-invitation-from-hasan-abul-company,Special Invitation From Hasan Abul Company,https://coveinterior.com/wp-content/uploads/2022/07/65-150x100.jpg,https://coveinterior.com/wp-content/uploads/2022/07/65.jpg,/media/wordpress-migration/2022/07/65.jpg,65.jpg,content structure rewrite requires separate portfolio/page implementation approval; file import is approved independently
rewrite_embedded_media_url,portfolio_embedded_media_url,portfolio,9110,special-invitation-from-hasan-abul-company,Special Invitation From Hasan Abul Company,https://coveinterior.com/wp-content/uploads/2022/07/65-700x466.jpg,https://coveinterior.com/wp-content/uploads/2022/07/65.jpg,/media/wordpress-migration/2022/07/65.jpg,65.jpg,content structure rewrite requires separate portfolio/page implementation approval; file import is approved independently
rewrite_embedded_media_url,portfolio_embedded_media_url,portfolio,9110,special-invitation-from-hasan-abul-company,Special Invitation From Hasan Abul Company,https://coveinterior.com/wp-content/uploads/2022/07/65-400x267.jpg,https://coveinterior.com/wp-content/uploads/2022/07/65.jpg,/media/wordpress-migration/2022/07/65.jpg,65.jpg,content structure rewrite requires separate portfolio/page implementation approval; file import is approved independently
rewrite_embedded_media_url,portfolio_embedded_media_url,portfolio,9110,special-invitation-from-hasan-abul-company,Special Invitation From Hasan Abul Company,https://coveinterior.com/wp-content/uploads/2022/07/65-1201x800.jpg,https://coveinterior.com/wp-content/uploads/2022/07/65.jpg,/media/wordpress-migration/2022/07/65.jpg,65.jpg,content structure rewrite requires separate portfolio/page implementation approval; file import is approved independently
rewrite_embedded_media_url,portfolio_embedded_media_url,portfolio,9110,special-invitation-from-hasan-abul-company,Special Invitation From Hasan Abul Company,https://coveinterior.com/wp-content/uploads/2022/07/65-768x512.jpg,https://coveinterior.com/wp-content/uploads/2022/07/65.jpg,/media/wordpress-migration/2022/07/65.jpg,65.jpg,content structure rewrite requires separate portfolio/page implementation approval; file import is approved independently
rewrite_embedded_media_url,portfolio_embedded_media_url,portfolio,9110,special-invitation-from-hasan-abul-company,Special Invitation From Hasan Abul Company,https://coveinterior.com/wp-content/uploads/2022/07/65-1536x1023.jpg,https://coveinterior.com/wp-content/uploads/2022/07/65.jpg,/media/wordpress-migration/2022/07/65.jpg,65.jpg,content structure rewrite requires separate portfolio/page implementation approval; file import is approved independently
rewrite_embedded_media_url,portfolio_embedded_media_url,portfolio,9110,special-invitation-from-hasan-abul-company,Special Invitation From Hasan Abul Company,https://coveinterior.com/wp-content/uploads/2022/07/65-860x573.jpg,https://coveinterior.com/wp-content/uploads/2022/07/65.jpg,/media/wordpress-migration/2022/07/65.jpg,65.jpg,content structure rewrite requires separate portfolio/page implementation approval; file import is approved independently
rewrite_embedded_media_url,portfolio_embedded_media_url,portfolio,9110,special-invitation-from-hasan-abul-company,Special Invitation From Hasan Abul Company,https://coveinterior.com/wp-content/uploads/2022/07/64.jpg,https://coveinterior.com/wp-content/uploads/2022/07/64.jpg,/media/wordpress-migration/2022/07/64.jpg,64.jpg,content structure rewrite requires separate portfolio/page implementation approval; file import is approved independently
rewrite_embedded_media_url,portfolio_embedded_media_url,portfolio,9110,special-invitation-from-hasan-abul-company,Special Invitation From Hasan Abul Company,https://coveinterior.com/wp-content/uploads/2022/07/64-430x286.jpg,https://coveinterior.com/wp-content/uploads/2022/07/64.jpg,/media/wordpress-migration/2022/07/64.jpg,64.jpg,content structure rewrite requires separate portfolio/page implementation approval; file import is approved independently
rewrite_embedded_media_url,portfolio_embedded_media_url,portfolio,9110,special-invitation-from-hasan-abul-company,Special Invitation From Hasan Abul Company,https://coveinterior.com/wp-content/uploads/2022/07/64-150x100.jpg,https://coveinterior.com/wp-content/uploads/2022/07/64.jpg,/media/wordpress-migration/2022/07/64.jpg,64.jpg,content structure rewrite requires separate portfolio/page implementation approval; file import is approved independently
rewrite_embedded_media_url,portfolio_embedded_media_url,portfolio,9110,special-invitation-from-hasan-abul-company,Special Invitation From Hasan Abul Company,https://coveinterior.com/wp-content/uploads/2022/07/64-700x466.jpg,https://coveinterior.com/wp-content/uploads/2022/07/64.jpg,/media/wordpress-migration/2022/07/64.jpg,64.jpg,content structure rewrite requires separate portfolio/page implementation approval; file import is approved independently
rewrite_embedded_media_url,portfolio_embedded_media_url,portfolio,9110,special-invitation-from-hasan-abul-company,Special Invitation From Hasan Abul Company,https://coveinterior.com/wp-content/uploads/2022/07/64-400x267.jpg,https://coveinterior.com/wp-content/uploads/2022/07/64.jpg,/media/wordpress-migration/2022/07/64.jpg,64.jpg,content structure rewrite requires separate portfolio/page implementation approval; file import is approved independently
rewrite_embedded_media_url,portfolio_embedded_media_url,portfolio,9110,special-invitation-from-hasan-abul-company,Special Invitation From Hasan Abul Company,https://coveinterior.com/wp-content/uploads/2022/07/64-1201x800.jpg,https://coveinterior.com/wp-content/uploads/2022/07/64.jpg,/media/wordpress-migration/2022/07/64.jpg,64.jpg,content structure rewrite requires separate portfolio/page implementation approval; file import is approved independently
rewrite_embedded_media_url,portfolio_embedded_media_url,portfolio,9110,special-invitation-from-hasan-abul-company,Special Invitation From Hasan Abul Company,https://coveinterior.com/wp-content/uploads/2022/07/64-768x512.jpg,https://coveinterior.com/wp-content/uploads/2022/07/64.jpg,/media/wordpress-migration/2022/07/64.jpg,64.jpg,content structure rewrite requires separate portfolio/page implementation approval; file import is approved independently
rewrite_embedded_media_url,portfolio_embedded_media_url,portfolio,9110,special-invitation-from-hasan-abul-company,Special Invitation From Hasan Abul Company,https://coveinterior.com/wp-content/uploads/2022/07/64-1536x1023.jpg,https://coveinterior.com/wp-content/uploads/2022/07/64.jpg,/media/wordpress-migration/2022/07/64.jpg,64.jpg,content structure rewrite requires separate portfolio/page implementation approval; file import is approved independently
rewrite_embedded_media_url,portfolio_embedded_media_url,portfolio,9110,special-invitation-from-hasan-abul-company,Special Invitation From Hasan Abul Company,https://coveinterior.com/wp-content/uploads/2022/07/64-860x573.jpg,https://coveinterior.com/wp-content/uploads/2022/07/64.jpg,/media/wordpress-migration/2022/07/64.jpg,64.jpg,content structure rewrite requires separate portfolio/page implementation approval; file import is approved independently
rewrite_embedded_media_url,portfolio_embedded_media_url,portfolio,9110,special-invitation-from-hasan-abul-company,Special Invitation From Hasan Abul Company,https://coveinterior.com/wp-content/uploads/2022/07/63.jpg,https://coveinterior.com/wp-content/uploads/2022/07/63.jpg,/media/wordpress-migration/2022/07/63.jpg,63.jpg,content structure rewrite requires separate portfolio/page implementation approval; file import is approved independently
rewrite_embedded_media_url,portfolio_embedded_media_url,portfolio,9110,special-invitation-from-hasan-abul-company,Special Invitation From Hasan Abul Company,https://coveinterior.com/wp-content/uploads/2022/07/63-430x286.jpg,https://coveinterior.com/wp-content/uploads/2022/07/63.jpg,/media/wordpress-migration/2022/07/63.jpg,63.jpg,content structure rewrite requires separate portfolio/page implementation approval; file import is approved independently
rewrite_embedded_media_url,portfolio_embedded_media_url,portfolio,9110,special-invitation-from-hasan-abul-company,Special Invitation From Hasan Abul Company,https://coveinterior.com/wp-content/uploads/2022/07/63-150x100.jpg,https://coveinterior.com/wp-content/uploads/2022/07/63.jpg,/media/wordpress-migration/2022/07/63.jpg,63.jpg,content structure rewrite requires separate portfolio/page implementation approval; file import is approved independently
rewrite_embedded_media_url,portfolio_embedded_media_url,portfolio,9110,special-invitation-from-hasan-abul-company,Special Invitation From Hasan Abul Company,https://coveinterior.com/wp-content/uploads/2022/07/63-700x466.jpg,https://coveinterior.com/wp-content/uploads/2022/07/63.jpg,/media/wordpress-migration/2022/07/63.jpg,63.jpg,content structure rewrite requires separate portfolio/page implementation approval; file import is approved independently
rewrite_embedded_media_url,portfolio_embedded_media_url,portfolio,9110,special-invitation-from-hasan-abul-company,Special Invitation From Hasan Abul Company,https://coveinterior.com/wp-content/uploads/2022/07/63-400x267.jpg,https://coveinterior.com/wp-content/uploads/2022/07/63.jpg,/media/wordpress-migration/2022/07/63.jpg,63.jpg,content structure rewrite requires separate portfolio/page implementation approval; file import is approved independently
rewrite_embedded_media_url,portfolio_embedded_media_url,portfolio,9110,special-invitation-from-hasan-abul-company,Special Invitation From Hasan Abul Company,https://coveinterior.com/wp-content/uploads/2022/07/63-1201x800.jpg,https://coveinterior.com/wp-content/uploads/2022/07/63.jpg,/media/wordpress-migration/2022/07/63.jpg,63.jpg,content structure rewrite requires separate portfolio/page implementation approval; file import is approved independently
rewrite_embedded_media_url,portfolio_embedded_media_url,portfolio,9110,special-invitation-from-hasan-abul-company,Special Invitation From Hasan Abul Company,https://coveinterior.com/wp-content/uploads/2022/07/63-768x512.jpg,https://coveinterior.com/wp-content/uploads/2022/07/63.jpg,/media/wordpress-migration/2022/07/63.jpg,63.jpg,content structure rewrite requires separate portfolio/page implementation approval; file import is approved independently
rewrite_embedded_media_url,portfolio_embedded_media_url,portfolio,9110,special-invitation-from-hasan-abul-company,Special Invitation From Hasan Abul Company,https://coveinterior.com/wp-content/uploads/2022/07/63-1536x1023.jpg,https://coveinterior.com/wp-content/uploads/2022/07/63.jpg,/media/wordpress-migration/2022/07/63.jpg,63.jpg,content structure rewrite requires separate portfolio/page implementation approval; file import is approved independently
rewrite_embedded_media_url,portfolio_embedded_media_url,portfolio,9110,special-invitation-from-hasan-abul-company,Special Invitation From Hasan Abul Company,https://coveinterior.com/wp-content/uploads/2022/07/63-860x573.jpg,https://coveinterior.com/wp-content/uploads/2022/07/63.jpg,/media/wordpress-migration/2022/07/63.jpg,63.jpg,content structure rewrite requires separate portfolio/page implementation approval; file import is approved independently
rewrite_embedded_media_url,portfolio_embedded_media_url,portfolio,9110,special-invitation-from-hasan-abul-company,Special Invitation From Hasan Abul Company,https://coveinterior.com/wp-content/uploads/2022/07/62.jpg,https://coveinterior.com/wp-content/uploads/2022/07/62.jpg,/media/wordpress-migration/2022/07/62.jpg,62.jpg,content structure rewrite requires separate portfolio/page implementation approval; file import is approved independently
rewrite_embedded_media_url,portfolio_embedded_media_url,portfolio,9110,special-invitation-from-hasan-abul-company,Special Invitation From Hasan Abul Company,https://coveinterior.com/wp-content/uploads/2022/07/62-430x286.jpg,https://coveinterior.com/wp-content/uploads/2022/07/62.jpg,/media/wordpress-migration/2022/07/62.jpg,62.jpg,content structure rewrite requires separate portfolio/page implementation approval; file import is approved independently
rewrite_embedded_media_url,portfolio_embedded_media_url,portfolio,9110,special-invitation-from-hasan-abul-company,Special Invitation From Hasan Abul Company,https://coveinterior.com/wp-content/uploads/2022/07/62-150x100.jpg,https://coveinterior.com/wp-content/uploads/2022/07/62.jpg,/media/wordpress-migration/2022/07/62.jpg,62.jpg,content structure rewrite requires separate portfolio/page implementation approval; file import is approved independently
rewrite_embedded_media_url,portfolio_embedded_media_url,portfolio,9110,special-invitation-from-hasan-abul-company,Special Invitation From Hasan Abul Company,https://coveinterior.com/wp-content/uploads/2022/07/62-700x466.jpg,https://coveinterior.com/wp-content/uploads/2022/07/62.jpg,/media/wordpress-migration/2022/07/62.jpg,62.jpg,content structure rewrite requires separate portfolio/page implementation approval; file import is approved independently
rewrite_embedded_media_url,portfolio_embedded_media_url,portfolio,9110,special-invitation-from-hasan-abul-company,Special Invitation From Hasan Abul Company,https://coveinterior.com/wp-content/uploads/2022/07/62-400x267.jpg,https://coveinterior.com/wp-content/uploads/2022/07/62.jpg,/media/wordpress-migration/2022/07/62.jpg,62.jpg,content structure rewrite requires separate portfolio/page implementation approval; file import is approved independently
rewrite_embedded_media_url,portfolio_embedded_media_url,portfolio,9110,special-invitation-from-hasan-abul-company,Special Invitation From Hasan Abul Company,https://coveinterior.com/wp-content/uploads/2022/07/62-1201x800.jpg,https://coveinterior.com/wp-content/uploads/2022/07/62.jpg,/media/wordpress-migration/2022/07/62.jpg,62.jpg,content structure rewrite requires separate portfolio/page implementation approval; file import is approved independently
rewrite_embedded_media_url,portfolio_embedded_media_url,portfolio,9110,special-invitation-from-hasan-abul-company,Special Invitation From Hasan Abul Company,https://coveinterior.com/wp-content/uploads/2022/07/62-768x512.jpg,https://coveinterior.com/wp-content/uploads/2022/07/62.jpg,/media/wordpress-migration/2022/07/62.jpg,62.jpg,content structure rewrite requires separate portfolio/page implementation approval; file import is approved independently
rewrite_embedded_media_url,portfolio_embedded_media_url,portfolio,9110,special-invitation-from-hasan-abul-company,Special Invitation From Hasan Abul Company,https://coveinterior.com/wp-content/uploads/2022/07/62-1536x1023.jpg,https://coveinterior.com/wp-content/uploads/2022/07/62.jpg,/media/wordpress-migration/2022/07/62.jpg,62.jpg,content structure rewrite requires separate portfolio/page implementation approval; file import is approved independently
rewrite_embedded_media_url,portfolio_embedded_media_url,portfolio,9110,special-invitation-from-hasan-abul-company,Special Invitation From Hasan Abul Company,https://coveinterior.com/wp-content/uploads/2022/07/62-860x573.jpg,https://coveinterior.com/wp-content/uploads/2022/07/62.jpg,/media/wordpress-migration/2022/07/62.jpg,62.jpg,content structure rewrite requires separate portfolio/page implementation approval; file import is approved independently
set_portfolio_featured_image,portfolio_featured_image,portfolio,9096,engineers-without-borders-forum,Engineers Without Borders Forum,https://coveinterior.com/wp-content/uploads/2022/07/Engineers-Without-Borders-Forum-.jpg,https://coveinterior.com/wp-content/uploads/2022/07/Engineers-Without-Borders-Forum-.jpg,/media/wordpress-migration/2022/07/Engineers-Without-Borders-Forum-.jpg,Engineers-Without-Borders-Forum-.jpg,content structure rewrite requires separate portfolio/page implementation approval; file import is approved independently
rewrite_embedded_media_url,portfolio_embedded_media_url,portfolio,9096,engineers-without-borders-forum,Engineers Without Borders Forum,https://coveinterior.com/wp-content/uploads/2022/07/11.jpg,https://coveinterior.com/wp-content/uploads/2022/07/11.jpg,/media/wordpress-migration/2022/07/11.jpg,11.jpg,content structure rewrite requires separate portfolio/page implementation approval; file import is approved independently
rewrite_embedded_media_url,portfolio_embedded_media_url,portfolio,9096,engineers-without-borders-forum,Engineers Without Borders Forum,https://coveinterior.com/wp-content/uploads/2022/07/11-430x286.jpg,https://coveinterior.com/wp-content/uploads/2022/07/11.jpg,/media/wordpress-migration/2022/07/11.jpg,11.jpg,content structure rewrite requires separate portfolio/page implementation approval; file import is approved independently
rewrite_embedded_media_url,portfolio_embedded_media_url,portfolio,9096,engineers-without-borders-forum,Engineers Without Borders Forum,https://coveinterior.com/wp-content/uploads/2022/07/11-150x100.jpg,https://coveinterior.com/wp-content/uploads/2022/07/11.jpg,/media/wordpress-migration/2022/07/11.jpg,11.jpg,content structure rewrite requires separate portfolio/page implementation approval; file import is approved independently
rewrite_embedded_media_url,portfolio_embedded_media_url,portfolio,9096,engineers-without-borders-forum,Engineers Without Borders Forum,https://coveinterior.com/wp-content/uploads/2022/07/11-700x466.jpg,https://coveinterior.com/wp-content/uploads/2022/07/11.jpg,/media/wordpress-migration/2022/07/11.jpg,11.jpg,content structure rewrite requires separate portfolio/page implementation approval; file import is approved independently
rewrite_embedded_media_url,portfolio_embedded_media_url,portfolio,9096,engineers-without-borders-forum,Engineers Without Borders Forum,https://coveinterior.com/wp-content/uploads/2022/07/11-400x267.jpg,https://coveinterior.com/wp-content/uploads/2022/07/11.jpg,/media/wordpress-migration/2022/07/11.jpg,11.jpg,content structure rewrite requires separate portfolio/page implementation approval; file import is approved independently
rewrite_embedded_media_url,portfolio_embedded_media_url,portfolio,9096,engineers-without-borders-forum,Engineers Without Borders Forum,https://coveinterior.com/wp-content/uploads/2022/07/11-1201x800.jpg,https://coveinterior.com/wp-content/uploads/2022/07/11.jpg,/media/wordpress-migration/2022/07/11.jpg,11.jpg,content structure rewrite requires separate portfolio/page implementation approval; file import is approved independently
rewrite_embedded_media_url,portfolio_embedded_media_url,portfolio,9096,engineers-without-borders-forum,Engineers Without Borders Forum,https://coveinterior.com/wp-content/uploads/2022/07/11-768x512.jpg,https://coveinterior.com/wp-content/uploads/2022/07/11.jpg,/media/wordpress-migration/2022/07/11.jpg,11.jpg,content structure rewrite requires separate portfolio/page implementation approval; file import is approved independently
rewrite_embedded_media_url,portfolio_embedded_media_url,portfolio,9096,engineers-without-borders-forum,Engineers Without Borders Forum,https://coveinterior.com/wp-content/uploads/2022/07/11-1536x1023.jpg,https://coveinterior.com/wp-content/uploads/2022/07/11.jpg,/media/wordpress-migration/2022/07/11.jpg,11.jpg,content structure rewrite requires separate portfolio/page implementation approval; file import is approved independently
rewrite_embedded_media_url,portfolio_embedded_media_url,portfolio,9096,engineers-without-borders-forum,Engineers Without Borders Forum,https://coveinterior.com/wp-content/uploads/2022/07/11-860x573.jpg,https://coveinterior.com/wp-content/uploads/2022/07/11.jpg,/media/wordpress-migration/2022/07/11.jpg,11.jpg,content structure rewrite requires separate portfolio/page implementation approval; file import is approved independently
rewrite_embedded_media_url,portfolio_embedded_media_url,portfolio,9096,engineers-without-borders-forum,Engineers Without Borders Forum,https://coveinterior.com/wp-content/uploads/2022/07/13.jpg,https://coveinterior.com/wp-content/uploads/2022/07/13.jpg,/media/wordpress-migration/2022/07/13.jpg,13.jpg,content structure rewrite requires separate portfolio/page implementation approval; file import is approved independently
rewrite_embedded_media_url,portfolio_embedded_media_url,portfolio,9096,engineers-without-borders-forum,Engineers Without Borders Forum,https://coveinterior.com/wp-content/uploads/2022/07/13-430x286.jpg,https://coveinterior.com/wp-content/uploads/2022/07/13.jpg,/media/wordpress-migration/2022/07/13.jpg,13.jpg,content structure rewrite requires separate portfolio/page implementation approval; file import is approved independently
rewrite_embedded_media_url,portfolio_embedded_media_url,portfolio,9096,engineers-without-borders-forum,Engineers Without Borders Forum,https://coveinterior.com/wp-content/uploads/2022/07/13-150x100.jpg,https://coveinterior.com/wp-content/uploads/2022/07/13.jpg,/media/wordpress-migration/2022/07/13.jpg,13.jpg,content structure rewrite requires separate portfolio/page implementation approval; file import is approved independently
rewrite_embedded_media_url,portfolio_embedded_media_url,portfolio,9096,engineers-without-borders-forum,Engineers Without Borders Forum,https://coveinterior.com/wp-content/uploads/2022/07/13-700x466.jpg,https://coveinterior.com/wp-content/uploads/2022/07/13.jpg,/media/wordpress-migration/2022/07/13.jpg,13.jpg,content structure rewrite requires separate portfolio/page implementation approval; file import is approved independently
rewrite_embedded_media_url,portfolio_embedded_media_url,portfolio,9096,engineers-without-borders-forum,Engineers Without Borders Forum,https://coveinterior.com/wp-content/uploads/2022/07/13-400x267.jpg,https://coveinterior.com/wp-content/uploads/2022/07/13.jpg,/media/wordpress-migration/2022/07/13.jpg,13.jpg,content structure rewrite requires separate portfolio/page implementation approval; file import is approved independently
rewrite_embedded_media_url,portfolio_embedded_media_url,portfolio,9096,engineers-without-borders-forum,Engineers Without Borders Forum,https://coveinterior.com/wp-content/uploads/2022/07/13-1201x800.jpg,https://coveinterior.com/wp-content/uploads/2022/07/13.jpg,/media/wordpress-migration/2022/07/13.jpg,13.jpg,content structure rewrite requires separate portfolio/page implementation approval; file import is approved independently
rewrite_embedded_media_url,portfolio_embedded_media_url,portfolio,9096,engineers-without-borders-forum,Engineers Without Borders Forum,https://coveinterior.com/wp-content/uploads/2022/07/13-768x512.jpg,https://coveinterior.com/wp-content/uploads/2022/07/13.jpg,/media/wordpress-migration/2022/07/13.jpg,13.jpg,content structure rewrite requires separate portfolio/page implementation approval; file import is approved independently
rewrite_embedded_media_url,portfolio_embedded_media_url,portfolio,9096,engineers-without-borders-forum,Engineers Without Borders Forum,https://coveinterior.com/wp-content/uploads/2022/07/13-1536x1023.jpg,https://coveinterior.com/wp-content/uploads/2022/07/13.jpg,/media/wordpress-migration/2022/07/13.jpg,13.jpg,content structure rewrite requires separate portfolio/page implementation approval; file import is approved independently
rewrite_embedded_media_url,portfolio_embedded_media_url,portfolio,9096,engineers-without-borders-forum,Engineers Without Borders Forum,https://coveinterior.com/wp-content/uploads/2022/07/13-860x573.jpg,https://coveinterior.com/wp-content/uploads/2022/07/13.jpg,/media/wordpress-migration/2022/07/13.jpg,13.jpg,content structure rewrite requires separate portfolio/page implementation approval; file import is approved independently
rewrite_embedded_media_url,portfolio_embedded_media_url,portfolio,9096,engineers-without-borders-forum,Engineers Without Borders Forum,https://coveinterior.com/wp-content/uploads/2022/07/12.jpg,https://coveinterior.com/wp-content/uploads/2022/07/12.jpg,/media/wordpress-migration/2022/07/12.jpg,12.jpg,content structure rewrite requires separate portfolio/page implementation approval; file import is approved independently
rewrite_embedded_media_url,portfolio_embedded_media_url,portfolio,9096,engineers-without-borders-forum,Engineers Without Borders Forum,https://coveinterior.com/wp-content/uploads/2022/07/12-430x286.jpg,https://coveinterior.com/wp-content/uploads/2022/07/12.jpg,/media/wordpress-migration/2022/07/12.jpg,12.jpg,content structure rewrite requires separate portfolio/page implementation approval; file import is approved independently
rewrite_embedded_media_url,portfolio_embedded_media_url,portfolio,9096,engineers-without-borders-forum,Engineers Without Borders Forum,https://coveinterior.com/wp-content/uploads/2022/07/12-150x100.jpg,https://coveinterior.com/wp-content/uploads/2022/07/12.jpg,/media/wordpress-migration/2022/07/12.jpg,12.jpg,content structure rewrite requires separate portfolio/page implementation approval; file import is approved independently
rewrite_embedded_media_url,portfolio_embedded_media_url,portfolio,9096,engineers-without-borders-forum,Engineers Without Borders Forum,https://coveinterior.com/wp-content/uploads/2022/07/12-700x466.jpg,https://coveinterior.com/wp-content/uploads/2022/07/12.jpg,/media/wordpress-migration/2022/07/12.jpg,12.jpg,content structure rewrite requires separate portfolio/page implementation approval; file import is approved independently
rewrite_embedded_media_url,portfolio_embedded_media_url,portfolio,9096,engineers-without-borders-forum,Engineers Without Borders Forum,https://coveinterior.com/wp-content/uploads/2022/07/12-400x267.jpg,https://coveinterior.com/wp-content/uploads/2022/07/12.jpg,/media/wordpress-migration/2022/07/12.jpg,12.jpg,content structure rewrite requires separate portfolio/page implementation approval; file import is approved independently
rewrite_embedded_media_url,portfolio_embedded_media_url,portfolio,9096,engineers-without-borders-forum,Engineers Without Borders Forum,https://coveinterior.com/wp-content/uploads/2022/07/12-1201x800.jpg,https://coveinterior.com/wp-content/uploads/2022/07/12.jpg,/media/wordpress-migration/2022/07/12.jpg,12.jpg,content structure rewrite requires separate portfolio/page implementation approval; file import is approved independently
rewrite_embedded_media_url,portfolio_embedded_media_url,portfolio,9096,engineers-without-borders-forum,Engineers Without Borders Forum,https://coveinterior.com/wp-content/uploads/2022/07/12-768x512.jpg,https://coveinterior.com/wp-content/uploads/2022/07/12.jpg,/media/wordpress-migration/2022/07/12.jpg,12.jpg,content structure rewrite requires separate portfolio/page implementation approval; file import is approved independently
rewrite_embedded_media_url,portfolio_embedded_media_url,portfolio,9096,engineers-without-borders-forum,Engineers Without Borders Forum,https://coveinterior.com/wp-content/uploads/2022/07/12-1536x1023.jpg,https://coveinterior.com/wp-content/uploads/2022/07/12.jpg,/media/wordpress-migration/2022/07/12.jpg,12.jpg,content structure rewrite requires separate portfolio/page implementation approval; file import is approved independently
rewrite_embedded_media_url,portfolio_embedded_media_url,portfolio,9096,engineers-without-borders-forum,Engineers Without Borders Forum,https://coveinterior.com/wp-content/uploads/2022/07/12-860x573.jpg,https://coveinterior.com/wp-content/uploads/2022/07/12.jpg,/media/wordpress-migration/2022/07/12.jpg,12.jpg,content structure rewrite requires separate portfolio/page implementation approval; file import is approved independently
set_portfolio_featured_image,portfolio_featured_image,portfolio,9086,alawatan-tv-interview,Alawatan TV Interview,https://coveinterior.com/wp-content/uploads/2022/07/Alawatan-TV-Interview-1-2.jpg,https://coveinterior.com/wp-content/uploads/2022/07/Alawatan-TV-Interview-1-2.jpg,/media/wordpress-migration/2022/07/Alawatan-TV-Interview-1-2.jpg,Alawatan-TV-Interview-1-2.jpg,content structure rewrite requires separate portfolio/page implementation approval; file import is approved independently
rewrite_embedded_media_url,portfolio_embedded_media_url,portfolio,9086,alawatan-tv-interview,Alawatan TV Interview,https://coveinterior.com/wp-content/uploads/2022/07/10.JPG.jpeg,https://coveinterior.com/wp-content/uploads/2022/07/10.JPG.jpeg,/media/wordpress-migration/2022/07/10.JPG.jpeg,10.JPG.jpeg,content structure rewrite requires separate portfolio/page implementation approval; file import is approved independently
rewrite_embedded_media_url,portfolio_embedded_media_url,portfolio,9086,alawatan-tv-interview,Alawatan TV Interview,https://coveinterior.com/wp-content/uploads/2022/07/10.JPG-430x323.jpeg,https://coveinterior.com/wp-content/uploads/2022/07/10.JPG.jpeg,/media/wordpress-migration/2022/07/10.JPG.jpeg,10.JPG.jpeg,content structure rewrite requires separate portfolio/page implementation approval; file import is approved independently
rewrite_embedded_media_url,portfolio_embedded_media_url,portfolio,9086,alawatan-tv-interview,Alawatan TV Interview,https://coveinterior.com/wp-content/uploads/2022/07/10.JPG-150x113.jpeg,https://coveinterior.com/wp-content/uploads/2022/07/10.JPG.jpeg,/media/wordpress-migration/2022/07/10.JPG.jpeg,10.JPG.jpeg,content structure rewrite requires separate portfolio/page implementation approval; file import is approved independently
rewrite_embedded_media_url,portfolio_embedded_media_url,portfolio,9086,alawatan-tv-interview,Alawatan TV Interview,https://coveinterior.com/wp-content/uploads/2022/07/10.JPG-700x525.jpeg,https://coveinterior.com/wp-content/uploads/2022/07/10.JPG.jpeg,/media/wordpress-migration/2022/07/10.JPG.jpeg,10.JPG.jpeg,content structure rewrite requires separate portfolio/page implementation approval; file import is approved independently
rewrite_embedded_media_url,portfolio_embedded_media_url,portfolio,9086,alawatan-tv-interview,Alawatan TV Interview,https://coveinterior.com/wp-content/uploads/2022/07/10.JPG-400x300.jpeg,https://coveinterior.com/wp-content/uploads/2022/07/10.JPG.jpeg,/media/wordpress-migration/2022/07/10.JPG.jpeg,10.JPG.jpeg,content structure rewrite requires separate portfolio/page implementation approval; file import is approved independently
rewrite_embedded_media_url,portfolio_embedded_media_url,portfolio,9086,alawatan-tv-interview,Alawatan TV Interview,https://coveinterior.com/wp-content/uploads/2022/07/10.JPG-1067x800.jpeg,https://coveinterior.com/wp-content/uploads/2022/07/10.JPG.jpeg,/media/wordpress-migration/2022/07/10.JPG.jpeg,10.JPG.jpeg,content structure rewrite requires separate portfolio/page implementation approval; file import is approved independently
rewrite_embedded_media_url,portfolio_embedded_media_url,portfolio,9086,alawatan-tv-interview,Alawatan TV Interview,https://coveinterior.com/wp-content/uploads/2022/07/10.JPG-768x576.jpeg,https://coveinterior.com/wp-content/uploads/2022/07/10.JPG.jpeg,/media/wordpress-migration/2022/07/10.JPG.jpeg,10.JPG.jpeg,content structure rewrite requires separate portfolio/page implementation approval; file import is approved independently
rewrite_embedded_media_url,portfolio_embedded_media_url,portfolio,9086,alawatan-tv-interview,Alawatan TV Interview,https://coveinterior.com/wp-content/uploads/2022/07/10.JPG-1536x1152.jpeg,https://coveinterior.com/wp-content/uploads/2022/07/10.JPG.jpeg,/media/wordpress-migration/2022/07/10.JPG.jpeg,10.JPG.jpeg,content structure rewrite requires separate portfolio/page implementation approval; file import is approved independently
rewrite_embedded_media_url,portfolio_embedded_media_url,portfolio,9086,alawatan-tv-interview,Alawatan TV Interview,https://coveinterior.com/wp-content/uploads/2022/07/10.JPG-860x645.jpeg,https://coveinterior.com/wp-content/uploads/2022/07/10.JPG.jpeg,/media/wordpress-migration/2022/07/10.JPG.jpeg,10.JPG.jpeg,content structure rewrite requires separate portfolio/page implementation approval; file import is approved independently
rewrite_embedded_media_url,portfolio_embedded_media_url,portfolio,9086,alawatan-tv-interview,Alawatan TV Interview,https://coveinterior.com/wp-content/uploads/2022/07/9.JPG.jpeg,https://coveinterior.com/wp-content/uploads/2022/07/9.JPG.jpeg,/media/wordpress-migration/2022/07/9.JPG.jpeg,9.JPG.jpeg,content structure rewrite requires separate portfolio/page implementation approval; file import is approved independently
rewrite_embedded_media_url,portfolio_embedded_media_url,portfolio,9086,alawatan-tv-interview,Alawatan TV Interview,https://coveinterior.com/wp-content/uploads/2022/07/9.JPG-430x323.jpeg,https://coveinterior.com/wp-content/uploads/2022/07/9.JPG.jpeg,/media/wordpress-migration/2022/07/9.JPG.jpeg,9.JPG.jpeg,content structure rewrite requires separate portfolio/page implementation approval; file import is approved independently
rewrite_embedded_media_url,portfolio_embedded_media_url,portfolio,9086,alawatan-tv-interview,Alawatan TV Interview,https://coveinterior.com/wp-content/uploads/2022/07/9.JPG-150x113.jpeg,https://coveinterior.com/wp-content/uploads/2022/07/9.JPG.jpeg,/media/wordpress-migration/2022/07/9.JPG.jpeg,9.JPG.jpeg,content structure rewrite requires separate portfolio/page implementation approval; file import is approved independently
rewrite_embedded_media_url,portfolio_embedded_media_url,portfolio,9086,alawatan-tv-interview,Alawatan TV Interview,https://coveinterior.com/wp-content/uploads/2022/07/9.JPG-700x525.jpeg,https://coveinterior.com/wp-content/uploads/2022/07/9.JPG.jpeg,/media/wordpress-migration/2022/07/9.JPG.jpeg,9.JPG.jpeg,content structure rewrite requires separate portfolio/page implementation approval; file import is approved independently
rewrite_embedded_media_url,portfolio_embedded_media_url,portfolio,9086,alawatan-tv-interview,Alawatan TV Interview,https://coveinterior.com/wp-content/uploads/2022/07/9.JPG-400x300.jpeg,https://coveinterior.com/wp-content/uploads/2022/07/9.JPG.jpeg,/media/wordpress-migration/2022/07/9.JPG.jpeg,9.JPG.jpeg,content structure rewrite requires separate portfolio/page implementation approval; file import is approved independently
rewrite_embedded_media_url,portfolio_embedded_media_url,portfolio,9086,alawatan-tv-interview,Alawatan TV Interview,https://coveinterior.com/wp-content/uploads/2022/07/9.JPG-1067x800.jpeg,https://coveinterior.com/wp-content/uploads/2022/07/9.JPG.jpeg,/media/wordpress-migration/2022/07/9.JPG.jpeg,9.JPG.jpeg,content structure rewrite requires separate portfolio/page implementation approval; file import is approved independently
rewrite_embedded_media_url,portfolio_embedded_media_url,portfolio,9086,alawatan-tv-interview,Alawatan TV Interview,https://coveinterior.com/wp-content/uploads/2022/07/9.JPG-768x576.jpeg,https://coveinterior.com/wp-content/uploads/2022/07/9.JPG.jpeg,/media/wordpress-migration/2022/07/9.JPG.jpeg,9.JPG.jpeg,content structure rewrite requires separate portfolio/page implementation approval; file import is approved independently
rewrite_embedded_media_url,portfolio_embedded_media_url,portfolio,9086,alawatan-tv-interview,Alawatan TV Interview,https://coveinterior.com/wp-content/uploads/2022/07/9.JPG-1536x1152.jpeg,https://coveinterior.com/wp-content/uploads/2022/07/9.JPG.jpeg,/media/wordpress-migration/2022/07/9.JPG.jpeg,9.JPG.jpeg,content structure rewrite requires separate portfolio/page implementation approval; file import is approved independently
rewrite_embedded_media_url,portfolio_embedded_media_url,portfolio,9086,alawatan-tv-interview,Alawatan TV Interview,https://coveinterior.com/wp-content/uploads/2022/07/9.JPG-860x645.jpeg,https://coveinterior.com/wp-content/uploads/2022/07/9.JPG.jpeg,/media/wordpress-migration/2022/07/9.JPG.jpeg,9.JPG.jpeg,content structure rewrite requires separate portfolio/page implementation approval; file import is approved independently
rewrite_embedded_media_url,portfolio_embedded_media_url,portfolio,9086,alawatan-tv-interview,Alawatan TV Interview,https://coveinterior.com/wp-content/uploads/2022/07/6.JPG.jpeg,https://coveinterior.com/wp-content/uploads/2022/07/6.JPG.jpeg,/media/wordpress-migration/2022/07/6.JPG.jpeg,6.JPG.jpeg,content structure rewrite requires separate portfolio/page implementation approval; file import is approved independently
rewrite_embedded_media_url,portfolio_embedded_media_url,portfolio,9086,alawatan-tv-interview,Alawatan TV Interview,https://coveinterior.com/wp-content/uploads/2022/07/6.JPG-430x323.jpeg,https://coveinterior.com/wp-content/uploads/2022/07/6.JPG.jpeg,/media/wordpress-migration/2022/07/6.JPG.jpeg,6.JPG.jpeg,content structure rewrite requires separate portfolio/page implementation approval; file import is approved independently
rewrite_embedded_media_url,portfolio_embedded_media_url,portfolio,9086,alawatan-tv-interview,Alawatan TV Interview,https://coveinterior.com/wp-content/uploads/2022/07/6.JPG-150x113.jpeg,https://coveinterior.com/wp-content/uploads/2022/07/6.JPG.jpeg,/media/wordpress-migration/2022/07/6.JPG.jpeg,6.JPG.jpeg,content structure rewrite requires separate portfolio/page implementation approval; file import is approved independently
rewrite_embedded_media_url,portfolio_embedded_media_url,portfolio,9086,alawatan-tv-interview,Alawatan TV Interview,https://coveinterior.com/wp-content/uploads/2022/07/6.JPG-700x525.jpeg,https://coveinterior.com/wp-content/uploads/2022/07/6.JPG.jpeg,/media/wordpress-migration/2022/07/6.JPG.jpeg,6.JPG.jpeg,content structure rewrite requires separate portfolio/page implementation approval; file import is approved independently
rewrite_embedded_media_url,portfolio_embedded_media_url,portfolio,9086,alawatan-tv-interview,Alawatan TV Interview,https://coveinterior.com/wp-content/uploads/2022/07/6.JPG-400x300.jpeg,https://coveinterior.com/wp-content/uploads/2022/07/6.JPG.jpeg,/media/wordpress-migration/2022/07/6.JPG.jpeg,6.JPG.jpeg,content structure rewrite requires separate portfolio/page implementation approval; file import is approved independently
rewrite_embedded_media_url,portfolio_embedded_media_url,portfolio,9086,alawatan-tv-interview,Alawatan TV Interview,https://coveinterior.com/wp-content/uploads/2022/07/6.JPG-1067x800.jpeg,https://coveinterior.com/wp-content/uploads/2022/07/6.JPG.jpeg,/media/wordpress-migration/2022/07/6.JPG.jpeg,6.JPG.jpeg,content structure rewrite requires separate portfolio/page implementation approval; file import is approved independently
rewrite_embedded_media_url,portfolio_embedded_media_url,portfolio,9086,alawatan-tv-interview,Alawatan TV Interview,https://coveinterior.com/wp-content/uploads/2022/07/6.JPG-768x576.jpeg,https://coveinterior.com/wp-content/uploads/2022/07/6.JPG.jpeg,/media/wordpress-migration/2022/07/6.JPG.jpeg,6.JPG.jpeg,content structure rewrite requires separate portfolio/page implementation approval; file import is approved independently
rewrite_embedded_media_url,portfolio_embedded_media_url,portfolio,9086,alawatan-tv-interview,Alawatan TV Interview,https://coveinterior.com/wp-content/uploads/2022/07/6.JPG-1536x1152.jpeg,https://coveinterior.com/wp-content/uploads/2022/07/6.JPG.jpeg,/media/wordpress-migration/2022/07/6.JPG.jpeg,6.JPG.jpeg,content structure rewrite requires separate portfolio/page implementation approval; file import is approved independently
rewrite_embedded_media_url,portfolio_embedded_media_url,portfolio,9086,alawatan-tv-interview,Alawatan TV Interview,https://coveinterior.com/wp-content/uploads/2022/07/6.JPG-860x645.jpeg,https://coveinterior.com/wp-content/uploads/2022/07/6.JPG.jpeg,/media/wordpress-migration/2022/07/6.JPG.jpeg,6.JPG.jpeg,content structure rewrite requires separate portfolio/page implementation approval; file import is approved independently
rewrite_embedded_media_url,portfolio_embedded_media_url,portfolio,9086,alawatan-tv-interview,Alawatan TV Interview,https://coveinterior.com/wp-content/uploads/2022/07/5.JPG.jpeg,https://coveinterior.com/wp-content/uploads/2022/07/5.JPG.jpeg,/media/wordpress-migration/2022/07/5.JPG.jpeg,5.JPG.jpeg,content structure rewrite requires separate portfolio/page implementation approval; file import is approved independently
rewrite_embedded_media_url,portfolio_embedded_media_url,portfolio,9086,alawatan-tv-interview,Alawatan TV Interview,https://coveinterior.com/wp-content/uploads/2022/07/5.JPG-430x323.jpeg,https://coveinterior.com/wp-content/uploads/2022/07/5.JPG.jpeg,/media/wordpress-migration/2022/07/5.JPG.jpeg,5.JPG.jpeg,content structure rewrite requires separate portfolio/page implementation approval; file import is approved independently
rewrite_embedded_media_url,portfolio_embedded_media_url,portfolio,9086,alawatan-tv-interview,Alawatan TV Interview,https://coveinterior.com/wp-content/uploads/2022/07/5.JPG-150x113.jpeg,https://coveinterior.com/wp-content/uploads/2022/07/5.JPG.jpeg,/media/wordpress-migration/2022/07/5.JPG.jpeg,5.JPG.jpeg,content structure rewrite requires separate portfolio/page implementation approval; file import is approved independently
rewrite_embedded_media_url,portfolio_embedded_media_url,portfolio,9086,alawatan-tv-interview,Alawatan TV Interview,https://coveinterior.com/wp-content/uploads/2022/07/5.JPG-700x525.jpeg,https://coveinterior.com/wp-content/uploads/2022/07/5.JPG.jpeg,/media/wordpress-migration/2022/07/5.JPG.jpeg,5.JPG.jpeg,content structure rewrite requires separate portfolio/page implementation approval; file import is approved independently
rewrite_embedded_media_url,portfolio_embedded_media_url,portfolio,9086,alawatan-tv-interview,Alawatan TV Interview,https://coveinterior.com/wp-content/uploads/2022/07/5.JPG-400x300.jpeg,https://coveinterior.com/wp-content/uploads/2022/07/5.JPG.jpeg,/media/wordpress-migration/2022/07/5.JPG.jpeg,5.JPG.jpeg,content structure rewrite requires separate portfolio/page implementation approval; file import is approved independently
rewrite_embedded_media_url,portfolio_embedded_media_url,portfolio,9086,alawatan-tv-interview,Alawatan TV Interview,https://coveinterior.com/wp-content/uploads/2022/07/5.JPG-1067x800.jpeg,https://coveinterior.com/wp-content/uploads/2022/07/5.JPG.jpeg,/media/wordpress-migration/2022/07/5.JPG.jpeg,5.JPG.jpeg,content structure rewrite requires separate portfolio/page implementation approval; file import is approved independently
rewrite_embedded_media_url,portfolio_embedded_media_url,portfolio,9086,alawatan-tv-interview,Alawatan TV Interview,https://coveinterior.com/wp-content/uploads/2022/07/5.JPG-768x576.jpeg,https://coveinterior.com/wp-content/uploads/2022/07/5.JPG.jpeg,/media/wordpress-migration/2022/07/5.JPG.jpeg,5.JPG.jpeg,content structure rewrite requires separate portfolio/page implementation approval; file import is approved independently
rewrite_embedded_media_url,portfolio_embedded_media_url,portfolio,9086,alawatan-tv-interview,Alawatan TV Interview,https://coveinterior.com/wp-content/uploads/2022/07/5.JPG-1536x1152.jpeg,https://coveinterior.com/wp-content/uploads/2022/07/5.JPG.jpeg,/media/wordpress-migration/2022/07/5.JPG.jpeg,5.JPG.jpeg,content structure rewrite requires separate portfolio/page implementation approval; file import is approved independently
rewrite_embedded_media_url,portfolio_embedded_media_url,portfolio,9086,alawatan-tv-interview,Alawatan TV Interview,https://coveinterior.com/wp-content/uploads/2022/07/5.JPG-860x645.jpeg,https://coveinterior.com/wp-content/uploads/2022/07/5.JPG.jpeg,/media/wordpress-migration/2022/07/5.JPG.jpeg,5.JPG.jpeg,content structure rewrite requires separate portfolio/page implementation approval; file import is approved independently
rewrite_embedded_media_url,portfolio_embedded_media_url,portfolio,9086,alawatan-tv-interview,Alawatan TV Interview,https://coveinterior.com/wp-content/uploads/2022/07/4.JPG.jpeg,https://coveinterior.com/wp-content/uploads/2022/07/4.JPG.jpeg,/media/wordpress-migration/2022/07/4.JPG.jpeg,4.JPG.jpeg,content structure rewrite requires separate portfolio/page implementation approval; file import is approved independently
rewrite_embedded_media_url,portfolio_embedded_media_url,portfolio,9086,alawatan-tv-interview,Alawatan TV Interview,https://coveinterior.com/wp-content/uploads/2022/07/4.JPG-430x323.jpeg,https://coveinterior.com/wp-content/uploads/2022/07/4.JPG.jpeg,/media/wordpress-migration/2022/07/4.JPG.jpeg,4.JPG.jpeg,content structure rewrite requires separate portfolio/page implementation approval; file import is approved independently
rewrite_embedded_media_url,portfolio_embedded_media_url,portfolio,9086,alawatan-tv-interview,Alawatan TV Interview,https://coveinterior.com/wp-content/uploads/2022/07/4.JPG-150x113.jpeg,https://coveinterior.com/wp-content/uploads/2022/07/4.JPG.jpeg,/media/wordpress-migration/2022/07/4.JPG.jpeg,4.JPG.jpeg,content structure rewrite requires separate portfolio/page implementation approval; file import is approved independently
rewrite_embedded_media_url,portfolio_embedded_media_url,portfolio,9086,alawatan-tv-interview,Alawatan TV Interview,https://coveinterior.com/wp-content/uploads/2022/07/4.JPG-700x525.jpeg,https://coveinterior.com/wp-content/uploads/2022/07/4.JPG.jpeg,/media/wordpress-migration/2022/07/4.JPG.jpeg,4.JPG.jpeg,content structure rewrite requires separate portfolio/page implementation approval; file import is approved independently
rewrite_embedded_media_url,portfolio_embedded_media_url,portfolio,9086,alawatan-tv-interview,Alawatan TV Interview,https://coveinterior.com/wp-content/uploads/2022/07/4.JPG-400x300.jpeg,https://coveinterior.com/wp-content/uploads/2022/07/4.JPG.jpeg,/media/wordpress-migration/2022/07/4.JPG.jpeg,4.JPG.jpeg,content structure rewrite requires separate portfolio/page implementation approval; file import is approved independently
rewrite_embedded_media_url,portfolio_embedded_media_url,portfolio,9086,alawatan-tv-interview,Alawatan TV Interview,https://coveinterior.com/wp-content/uploads/2022/07/4.JPG-1067x800.jpeg,https://coveinterior.com/wp-content/uploads/2022/07/4.JPG.jpeg,/media/wordpress-migration/2022/07/4.JPG.jpeg,4.JPG.jpeg,content structure rewrite requires separate portfolio/page implementation approval; file import is approved independently
rewrite_embedded_media_url,portfolio_embedded_media_url,portfolio,9086,alawatan-tv-interview,Alawatan TV Interview,https://coveinterior.com/wp-content/uploads/2022/07/4.JPG-768x576.jpeg,https://coveinterior.com/wp-content/uploads/2022/07/4.JPG.jpeg,/media/wordpress-migration/2022/07/4.JPG.jpeg,4.JPG.jpeg,content structure rewrite requires separate portfolio/page implementation approval; file import is approved independently
rewrite_embedded_media_url,portfolio_embedded_media_url,portfolio,9086,alawatan-tv-interview,Alawatan TV Interview,https://coveinterior.com/wp-content/uploads/2022/07/4.JPG-1536x1152.jpeg,https://coveinterior.com/wp-content/uploads/2022/07/4.JPG.jpeg,/media/wordpress-migration/2022/07/4.JPG.jpeg,4.JPG.jpeg,content structure rewrite requires separate portfolio/page implementation approval; file import is approved independently
rewrite_embedded_media_url,portfolio_embedded_media_url,portfolio,9086,alawatan-tv-interview,Alawatan TV Interview,https://coveinterior.com/wp-content/uploads/2022/07/4.JPG-860x645.jpeg,https://coveinterior.com/wp-content/uploads/2022/07/4.JPG.jpeg,/media/wordpress-migration/2022/07/4.JPG.jpeg,4.JPG.jpeg,content structure rewrite requires separate portfolio/page implementation approval; file import is approved independently
rewrite_embedded_media_url,portfolio_embedded_media_url,portfolio,9086,alawatan-tv-interview,Alawatan TV Interview,https://coveinterior.com/wp-content/uploads/2022/07/3.JPG.jpeg,https://coveinterior.com/wp-content/uploads/2022/07/3.JPG.jpeg,/media/wordpress-migration/2022/07/3.JPG.jpeg,3.JPG.jpeg,content structure rewrite requires separate portfolio/page implementation approval; file import is approved independently
rewrite_embedded_media_url,portfolio_embedded_media_url,portfolio,9086,alawatan-tv-interview,Alawatan TV Interview,https://coveinterior.com/wp-content/uploads/2022/07/3.JPG-430x323.jpeg,https://coveinterior.com/wp-content/uploads/2022/07/3.JPG.jpeg,/media/wordpress-migration/2022/07/3.JPG.jpeg,3.JPG.jpeg,content structure rewrite requires separate portfolio/page implementation approval; file import is approved independently
rewrite_embedded_media_url,portfolio_embedded_media_url,portfolio,9086,alawatan-tv-interview,Alawatan TV Interview,https://coveinterior.com/wp-content/uploads/2022/07/3.JPG-150x113.jpeg,https://coveinterior.com/wp-content/uploads/2022/07/3.JPG.jpeg,/media/wordpress-migration/2022/07/3.JPG.jpeg,3.JPG.jpeg,content structure rewrite requires separate portfolio/page implementation approval; file import is approved independently
rewrite_embedded_media_url,portfolio_embedded_media_url,portfolio,9086,alawatan-tv-interview,Alawatan TV Interview,https://coveinterior.com/wp-content/uploads/2022/07/3.JPG-700x525.jpeg,https://coveinterior.com/wp-content/uploads/2022/07/3.JPG.jpeg,/media/wordpress-migration/2022/07/3.JPG.jpeg,3.JPG.jpeg,content structure rewrite requires separate portfolio/page implementation approval; file import is approved independently
rewrite_embedded_media_url,portfolio_embedded_media_url,portfolio,9086,alawatan-tv-interview,Alawatan TV Interview,https://coveinterior.com/wp-content/uploads/2022/07/3.JPG-400x300.jpeg,https://coveinterior.com/wp-content/uploads/2022/07/3.JPG.jpeg,/media/wordpress-migration/2022/07/3.JPG.jpeg,3.JPG.jpeg,content structure rewrite requires separate portfolio/page implementation approval; file import is approved independently
rewrite_embedded_media_url,portfolio_embedded_media_url,portfolio,9086,alawatan-tv-interview,Alawatan TV Interview,https://coveinterior.com/wp-content/uploads/2022/07/3.JPG-1067x800.jpeg,https://coveinterior.com/wp-content/uploads/2022/07/3.JPG.jpeg,/media/wordpress-migration/2022/07/3.JPG.jpeg,3.JPG.jpeg,content structure rewrite requires separate portfolio/page implementation approval; file import is approved independently
rewrite_embedded_media_url,portfolio_embedded_media_url,portfolio,9086,alawatan-tv-interview,Alawatan TV Interview,https://coveinterior.com/wp-content/uploads/2022/07/3.JPG-768x576.jpeg,https://coveinterior.com/wp-content/uploads/2022/07/3.JPG.jpeg,/media/wordpress-migration/2022/07/3.JPG.jpeg,3.JPG.jpeg,content structure rewrite requires separate portfolio/page implementation approval; file import is approved independently
rewrite_embedded_media_url,portfolio_embedded_media_url,portfolio,9086,alawatan-tv-interview,Alawatan TV Interview,https://coveinterior.com/wp-content/uploads/2022/07/3.JPG-1536x1152.jpeg,https://coveinterior.com/wp-content/uploads/2022/07/3.JPG.jpeg,/media/wordpress-migration/2022/07/3.JPG.jpeg,3.JPG.jpeg,content structure rewrite requires separate portfolio/page implementation approval; file import is approved independently
rewrite_embedded_media_url,portfolio_embedded_media_url,portfolio,9086,alawatan-tv-interview,Alawatan TV Interview,https://coveinterior.com/wp-content/uploads/2022/07/3.JPG-860x645.jpeg,https://coveinterior.com/wp-content/uploads/2022/07/3.JPG.jpeg,/media/wordpress-migration/2022/07/3.JPG.jpeg,3.JPG.jpeg,content structure rewrite requires separate portfolio/page implementation approval; file import is approved independently
rewrite_embedded_media_url,portfolio_embedded_media_url,portfolio,9086,alawatan-tv-interview,Alawatan TV Interview,https://coveinterior.com/wp-content/uploads/2022/07/2.JPG.jpeg,https://coveinterior.com/wp-content/uploads/2022/07/2.JPG.jpeg,/media/wordpress-migration/2022/07/2.JPG.jpeg,2.JPG.jpeg,content structure rewrite requires separate portfolio/page implementation approval; file import is approved independently
rewrite_embedded_media_url,portfolio_embedded_media_url,portfolio,9086,alawatan-tv-interview,Alawatan TV Interview,https://coveinterior.com/wp-content/uploads/2022/07/2.JPG-430x323.jpeg,https://coveinterior.com/wp-content/uploads/2022/07/2.JPG.jpeg,/media/wordpress-migration/2022/07/2.JPG.jpeg,2.JPG.jpeg,content structure rewrite requires separate portfolio/page implementation approval; file import is approved independently
rewrite_embedded_media_url,portfolio_embedded_media_url,portfolio,9086,alawatan-tv-interview,Alawatan TV Interview,https://coveinterior.com/wp-content/uploads/2022/07/2.JPG-150x113.jpeg,https://coveinterior.com/wp-content/uploads/2022/07/2.JPG.jpeg,/media/wordpress-migration/2022/07/2.JPG.jpeg,2.JPG.jpeg,content structure rewrite requires separate portfolio/page implementation approval; file import is approved independently
rewrite_embedded_media_url,portfolio_embedded_media_url,portfolio,9086,alawatan-tv-interview,Alawatan TV Interview,https://coveinterior.com/wp-content/uploads/2022/07/2.JPG-700x525.jpeg,https://coveinterior.com/wp-content/uploads/2022/07/2.JPG.jpeg,/media/wordpress-migration/2022/07/2.JPG.jpeg,2.JPG.jpeg,content structure rewrite requires separate portfolio/page implementation approval; file import is approved independently
rewrite_embedded_media_url,portfolio_embedded_media_url,portfolio,9086,alawatan-tv-interview,Alawatan TV Interview,https://coveinterior.com/wp-content/uploads/2022/07/2.JPG-400x300.jpeg,https://coveinterior.com/wp-content/uploads/2022/07/2.JPG.jpeg,/media/wordpress-migration/2022/07/2.JPG.jpeg,2.JPG.jpeg,content structure rewrite requires separate portfolio/page implementation approval; file import is approved independently
rewrite_embedded_media_url,portfolio_embedded_media_url,portfolio,9086,alawatan-tv-interview,Alawatan TV Interview,https://coveinterior.com/wp-content/uploads/2022/07/2.JPG-1067x800.jpeg,https://coveinterior.com/wp-content/uploads/2022/07/2.JPG.jpeg,/media/wordpress-migration/2022/07/2.JPG.jpeg,2.JPG.jpeg,content structure rewrite requires separate portfolio/page implementation approval; file import is approved independently
rewrite_embedded_media_url,portfolio_embedded_media_url,portfolio,9086,alawatan-tv-interview,Alawatan TV Interview,https://coveinterior.com/wp-content/uploads/2022/07/2.JPG-768x576.jpeg,https://coveinterior.com/wp-content/uploads/2022/07/2.JPG.jpeg,/media/wordpress-migration/2022/07/2.JPG.jpeg,2.JPG.jpeg,content structure rewrite requires separate portfolio/page implementation approval; file import is approved independently
rewrite_embedded_media_url,portfolio_embedded_media_url,portfolio,9086,alawatan-tv-interview,Alawatan TV Interview,https://coveinterior.com/wp-content/uploads/2022/07/2.JPG-1536x1152.jpeg,https://coveinterior.com/wp-content/uploads/2022/07/2.JPG.jpeg,/media/wordpress-migration/2022/07/2.JPG.jpeg,2.JPG.jpeg,content structure rewrite requires separate portfolio/page implementation approval; file import is approved independently
rewrite_embedded_media_url,portfolio_embedded_media_url,portfolio,9086,alawatan-tv-interview,Alawatan TV Interview,https://coveinterior.com/wp-content/uploads/2022/07/2.JPG-860x645.jpeg,https://coveinterior.com/wp-content/uploads/2022/07/2.JPG.jpeg,/media/wordpress-migration/2022/07/2.JPG.jpeg,2.JPG.jpeg,content structure rewrite requires separate portfolio/page implementation approval; file import is approved independently
rewrite_embedded_media_url,portfolio_embedded_media_url,portfolio,9086,alawatan-tv-interview,Alawatan TV Interview,https://coveinterior.com/wp-content/uploads/2022/07/1.JPG.jpeg,https://coveinterior.com/wp-content/uploads/2022/07/1.JPG.jpeg,/media/wordpress-migration/2022/07/1.JPG.jpeg,1.JPG.jpeg,content structure rewrite requires separate portfolio/page implementation approval; file import is approved independently
rewrite_embedded_media_url,portfolio_embedded_media_url,portfolio,9086,alawatan-tv-interview,Alawatan TV Interview,https://coveinterior.com/wp-content/uploads/2022/07/1.JPG-430x323.jpeg,https://coveinterior.com/wp-content/uploads/2022/07/1.JPG.jpeg,/media/wordpress-migration/2022/07/1.JPG.jpeg,1.JPG.jpeg,content structure rewrite requires separate portfolio/page implementation approval; file import is approved independently
rewrite_embedded_media_url,portfolio_embedded_media_url,portfolio,9086,alawatan-tv-interview,Alawatan TV Interview,https://coveinterior.com/wp-content/uploads/2022/07/1.JPG-150x113.jpeg,https://coveinterior.com/wp-content/uploads/2022/07/1.JPG.jpeg,/media/wordpress-migration/2022/07/1.JPG.jpeg,1.JPG.jpeg,content structure rewrite requires separate portfolio/page implementation approval; file import is approved independently
rewrite_embedded_media_url,portfolio_embedded_media_url,portfolio,9086,alawatan-tv-interview,Alawatan TV Interview,https://coveinterior.com/wp-content/uploads/2022/07/1.JPG-700x525.jpeg,https://coveinterior.com/wp-content/uploads/2022/07/1.JPG.jpeg,/media/wordpress-migration/2022/07/1.JPG.jpeg,1.JPG.jpeg,content structure rewrite requires separate portfolio/page implementation approval; file import is approved independently
rewrite_embedded_media_url,portfolio_embedded_media_url,portfolio,9086,alawatan-tv-interview,Alawatan TV Interview,https://coveinterior.com/wp-content/uploads/2022/07/1.JPG-400x300.jpeg,https://coveinterior.com/wp-content/uploads/2022/07/1.JPG.jpeg,/media/wordpress-migration/2022/07/1.JPG.jpeg,1.JPG.jpeg,content structure rewrite requires separate portfolio/page implementation approval; file import is approved independently
rewrite_embedded_media_url,portfolio_embedded_media_url,portfolio,9086,alawatan-tv-interview,Alawatan TV Interview,https://coveinterior.com/wp-content/uploads/2022/07/1.JPG-1067x800.jpeg,https://coveinterior.com/wp-content/uploads/2022/07/1.JPG.jpeg,/media/wordpress-migration/2022/07/1.JPG.jpeg,1.JPG.jpeg,content structure rewrite requires separate portfolio/page implementation approval; file import is approved independently
rewrite_embedded_media_url,portfolio_embedded_media_url,portfolio,9086,alawatan-tv-interview,Alawatan TV Interview,https://coveinterior.com/wp-content/uploads/2022/07/1.JPG-768x576.jpeg,https://coveinterior.com/wp-content/uploads/2022/07/1.JPG.jpeg,/media/wordpress-migration/2022/07/1.JPG.jpeg,1.JPG.jpeg,content structure rewrite requires separate portfolio/page implementation approval; file import is approved independently
rewrite_embedded_media_url,portfolio_embedded_media_url,portfolio,9086,alawatan-tv-interview,Alawatan TV Interview,https://coveinterior.com/wp-content/uploads/2022/07/1.JPG-1536x1152.jpeg,https://coveinterior.com/wp-content/uploads/2022/07/1.JPG.jpeg,/media/wordpress-migration/2022/07/1.JPG.jpeg,1.JPG.jpeg,content structure rewrite requires separate portfolio/page implementation approval; file import is approved independently
rewrite_embedded_media_url,portfolio_embedded_media_url,portfolio,9086,alawatan-tv-interview,Alawatan TV Interview,https://coveinterior.com/wp-content/uploads/2022/07/1.JPG-860x645.jpeg,https://coveinterior.com/wp-content/uploads/2022/07/1.JPG.jpeg,/media/wordpress-migration/2022/07/1.JPG.jpeg,1.JPG.jpeg,content structure rewrite requires separate portfolio/page implementation approval; file import is approved independently
set_portfolio_featured_image,portfolio_featured_image,portfolio,9082,visitors,Visitors,https://coveinterior.com/wp-content/uploads/2022/07/Visitors-1.jpg,https://coveinterior.com/wp-content/uploads/2022/07/Visitors-1.jpg,/media/wordpress-migration/2022/07/Visitors-1.jpg,Visitors-1.jpg,content structure rewrite requires separate portfolio/page implementation approval; file import is approved independently
rewrite_embedded_media_url,portfolio_embedded_media_url,portfolio,9082,visitors,Visitors,https://coveinterior.com/wp-content/uploads/2022/07/21.jpg,https://coveinterior.com/wp-content/uploads/2022/07/21.jpg,/media/wordpress-migration/2022/07/21.jpg,21.jpg,content structure rewrite requires separate portfolio/page implementation approval; file import is approved independently
rewrite_embedded_media_url,portfolio_embedded_media_url,portfolio,9082,visitors,Visitors,https://coveinterior.com/wp-content/uploads/2022/07/21-430x242.jpg,https://coveinterior.com/wp-content/uploads/2022/07/21.jpg,/media/wordpress-migration/2022/07/21.jpg,21.jpg,content structure rewrite requires separate portfolio/page implementation approval; file import is approved independently
rewrite_embedded_media_url,portfolio_embedded_media_url,portfolio,9082,visitors,Visitors,https://coveinterior.com/wp-content/uploads/2022/07/21-150x84.jpg,https://coveinterior.com/wp-content/uploads/2022/07/21.jpg,/media/wordpress-migration/2022/07/21.jpg,21.jpg,content structure rewrite requires separate portfolio/page implementation approval; file import is approved independently
rewrite_embedded_media_url,portfolio_embedded_media_url,portfolio,9082,visitors,Visitors,https://coveinterior.com/wp-content/uploads/2022/07/21-400x225.jpg,https://coveinterior.com/wp-content/uploads/2022/07/21.jpg,/media/wordpress-migration/2022/07/21.jpg,21.jpg,content structure rewrite requires separate portfolio/page implementation approval; file import is approved independently
rewrite_embedded_media_url,portfolio_embedded_media_url,portfolio,9082,visitors,Visitors,https://coveinterior.com/wp-content/uploads/2022/07/23.jpg,https://coveinterior.com/wp-content/uploads/2022/07/23.jpg,/media/wordpress-migration/2022/07/23.jpg,23.jpg,content structure rewrite requires separate portfolio/page implementation approval; file import is approved independently
rewrite_embedded_media_url,portfolio_embedded_media_url,portfolio,9082,visitors,Visitors,https://coveinterior.com/wp-content/uploads/2022/07/23-430x242.jpg,https://coveinterior.com/wp-content/uploads/2022/07/23.jpg,/media/wordpress-migration/2022/07/23.jpg,23.jpg,content structure rewrite requires separate portfolio/page implementation approval; file import is approved independently
rewrite_embedded_media_url,portfolio_embedded_media_url,portfolio,9082,visitors,Visitors,https://coveinterior.com/wp-content/uploads/2022/07/23-150x84.jpg,https://coveinterior.com/wp-content/uploads/2022/07/23.jpg,/media/wordpress-migration/2022/07/23.jpg,23.jpg,content structure rewrite requires separate portfolio/page implementation approval; file import is approved independently
rewrite_embedded_media_url,portfolio_embedded_media_url,portfolio,9082,visitors,Visitors,https://coveinterior.com/wp-content/uploads/2022/07/23-400x225.jpg,https://coveinterior.com/wp-content/uploads/2022/07/23.jpg,/media/wordpress-migration/2022/07/23.jpg,23.jpg,content structure rewrite requires separate portfolio/page implementation approval; file import is approved independently
rewrite_embedded_media_url,portfolio_embedded_media_url,portfolio,9082,visitors,Visitors,https://coveinterior.com/wp-content/uploads/2022/07/22.jpg,https://coveinterior.com/wp-content/uploads/2022/07/22.jpg,/media/wordpress-migration/2022/07/22.jpg,22.jpg,content structure rewrite requires separate portfolio/page implementation approval; file import is approved independently
rewrite_embedded_media_url,portfolio_embedded_media_url,portfolio,9082,visitors,Visitors,https://coveinterior.com/wp-content/uploads/2022/07/22-430x242.jpg,https://coveinterior.com/wp-content/uploads/2022/07/22.jpg,/media/wordpress-migration/2022/07/22.jpg,22.jpg,content structure rewrite requires separate portfolio/page implementation approval; file import is approved independently
rewrite_embedded_media_url,portfolio_embedded_media_url,portfolio,9082,visitors,Visitors,https://coveinterior.com/wp-content/uploads/2022/07/22-150x84.jpg,https://coveinterior.com/wp-content/uploads/2022/07/22.jpg,/media/wordpress-migration/2022/07/22.jpg,22.jpg,content structure rewrite requires separate portfolio/page implementation approval; file import is approved independently
rewrite_embedded_media_url,portfolio_embedded_media_url,portfolio,9082,visitors,Visitors,https://coveinterior.com/wp-content/uploads/2022/07/22-400x225.jpg,https://coveinterior.com/wp-content/uploads/2022/07/22.jpg,/media/wordpress-migration/2022/07/22.jpg,22.jpg,content structure rewrite requires separate portfolio/page implementation approval; file import is approved independently
rewrite_embedded_media_url,portfolio_embedded_media_url,portfolio,9082,visitors,Visitors,https://coveinterior.com/wp-content/uploads/2022/07/24.jpg,https://coveinterior.com/wp-content/uploads/2022/07/24.jpg,/media/wordpress-migration/2022/07/24.jpg,24.jpg,content structure rewrite requires separate portfolio/page implementation approval; file import is approved independently
rewrite_embedded_media_url,portfolio_embedded_media_url,portfolio,9082,visitors,Visitors,https://coveinterior.com/wp-content/uploads/2022/07/24-430x242.jpg,https://coveinterior.com/wp-content/uploads/2022/07/24.jpg,/media/wordpress-migration/2022/07/24.jpg,24.jpg,content structure rewrite requires separate portfolio/page implementation approval; file import is approved independently
rewrite_embedded_media_url,portfolio_embedded_media_url,portfolio,9082,visitors,Visitors,https://coveinterior.com/wp-content/uploads/2022/07/24-150x84.jpg,https://coveinterior.com/wp-content/uploads/2022/07/24.jpg,/media/wordpress-migration/2022/07/24.jpg,24.jpg,content structure rewrite requires separate portfolio/page implementation approval; file import is approved independently
rewrite_embedded_media_url,portfolio_embedded_media_url,portfolio,9082,visitors,Visitors,https://coveinterior.com/wp-content/uploads/2022/07/24-400x225.jpg,https://coveinterior.com/wp-content/uploads/2022/07/24.jpg,/media/wordpress-migration/2022/07/24.jpg,24.jpg,content structure rewrite requires separate portfolio/page implementation approval; file import is approved independently
set_portfolio_featured_image,portfolio_featured_image,portfolio,9078,italy-meeting,Italy Meeting,https://coveinterior.com/wp-content/uploads/2022/07/Italy-Meeting.jpg,https://coveinterior.com/wp-content/uploads/2022/07/Italy-Meeting.jpg,/media/wordpress-migration/2022/07/Italy-Meeting.jpg,Italy-Meeting.jpg,content structure rewrite requires separate portfolio/page implementation approval; file import is approved independently
rewrite_embedded_media_url,portfolio_embedded_media_url,portfolio,9078,italy-meeting,Italy Meeting,https://coveinterior.com/wp-content/uploads/2022/07/31.jpg,https://coveinterior.com/wp-content/uploads/2022/07/31.jpg,/media/wordpress-migration/2022/07/31.jpg,31.jpg,content structure rewrite requires separate portfolio/page implementation approval; file import is approved independently
rewrite_embedded_media_url,portfolio_embedded_media_url,portfolio,9078,italy-meeting,Italy Meeting,https://coveinterior.com/wp-content/uploads/2022/07/31-430x286.jpg,https://coveinterior.com/wp-content/uploads/2022/07/31.jpg,/media/wordpress-migration/2022/07/31.jpg,31.jpg,content structure rewrite requires separate portfolio/page implementation approval; file import is approved independently
rewrite_embedded_media_url,portfolio_embedded_media_url,portfolio,9078,italy-meeting,Italy Meeting,https://coveinterior.com/wp-content/uploads/2022/07/31-150x100.jpg,https://coveinterior.com/wp-content/uploads/2022/07/31.jpg,/media/wordpress-migration/2022/07/31.jpg,31.jpg,content structure rewrite requires separate portfolio/page implementation approval; file import is approved independently
rewrite_embedded_media_url,portfolio_embedded_media_url,portfolio,9078,italy-meeting,Italy Meeting,https://coveinterior.com/wp-content/uploads/2022/07/31-400x266.jpg,https://coveinterior.com/wp-content/uploads/2022/07/31.jpg,/media/wordpress-migration/2022/07/31.jpg,31.jpg,content structure rewrite requires separate portfolio/page implementation approval; file import is approved independently
set_portfolio_featured_image,portfolio_featured_image,portfolio,9074,conference-in-kuwait,Conference in Kuwait,https://coveinterior.com/wp-content/uploads/2022/07/Conference-in-Kuwait-2.jpg,https://coveinterior.com/wp-content/uploads/2022/07/Conference-in-Kuwait-2.jpg,/media/wordpress-migration/2022/07/Conference-in-Kuwait-2.jpg,Conference-in-Kuwait-2.jpg,content structure rewrite requires separate portfolio/page implementation approval; file import is approved independently
rewrite_embedded_media_url,portfolio_embedded_media_url,portfolio,9074,conference-in-kuwait,Conference in Kuwait,https://coveinterior.com/wp-content/uploads/2022/07/42.jpg,https://coveinterior.com/wp-content/uploads/2022/07/42.jpg,/media/wordpress-migration/2022/07/42.jpg,42.jpg,content structure rewrite requires separate portfolio/page implementation approval; file import is approved independently
rewrite_embedded_media_url,portfolio_embedded_media_url,portfolio,9074,conference-in-kuwait,Conference in Kuwait,https://coveinterior.com/wp-content/uploads/2022/07/42-430x242.jpg,https://coveinterior.com/wp-content/uploads/2022/07/42.jpg,/media/wordpress-migration/2022/07/42.jpg,42.jpg,content structure rewrite requires separate portfolio/page implementation approval; file import is approved independently
rewrite_embedded_media_url,portfolio_embedded_media_url,portfolio,9074,conference-in-kuwait,Conference in Kuwait,https://coveinterior.com/wp-content/uploads/2022/07/42-150x84.jpg,https://coveinterior.com/wp-content/uploads/2022/07/42.jpg,/media/wordpress-migration/2022/07/42.jpg,42.jpg,content structure rewrite requires separate portfolio/page implementation approval; file import is approved independently
rewrite_embedded_media_url,portfolio_embedded_media_url,portfolio,9074,conference-in-kuwait,Conference in Kuwait,https://coveinterior.com/wp-content/uploads/2022/07/42-400x225.jpg,https://coveinterior.com/wp-content/uploads/2022/07/42.jpg,/media/wordpress-migration/2022/07/42.jpg,42.jpg,content structure rewrite requires separate portfolio/page implementation approval; file import is approved independently
rewrite_embedded_media_url,portfolio_embedded_media_url,portfolio,9074,conference-in-kuwait,Conference in Kuwait,https://coveinterior.com/wp-content/uploads/2022/07/47.jpg,https://coveinterior.com/wp-content/uploads/2022/07/47.jpg,/media/wordpress-migration/2022/07/47.jpg,47.jpg,content structure rewrite requires separate portfolio/page implementation approval; file import is approved independently
rewrite_embedded_media_url,portfolio_embedded_media_url,portfolio,9074,conference-in-kuwait,Conference in Kuwait,https://coveinterior.com/wp-content/uploads/2022/07/47-430x242.jpg,https://coveinterior.com/wp-content/uploads/2022/07/47.jpg,/media/wordpress-migration/2022/07/47.jpg,47.jpg,content structure rewrite requires separate portfolio/page implementation approval; file import is approved independently
rewrite_embedded_media_url,portfolio_embedded_media_url,portfolio,9074,conference-in-kuwait,Conference in Kuwait,https://coveinterior.com/wp-content/uploads/2022/07/47-150x84.jpg,https://coveinterior.com/wp-content/uploads/2022/07/47.jpg,/media/wordpress-migration/2022/07/47.jpg,47.jpg,content structure rewrite requires separate portfolio/page implementation approval; file import is approved independently
rewrite_embedded_media_url,portfolio_embedded_media_url,portfolio,9074,conference-in-kuwait,Conference in Kuwait,https://coveinterior.com/wp-content/uploads/2022/07/47-400x225.jpg,https://coveinterior.com/wp-content/uploads/2022/07/47.jpg,/media/wordpress-migration/2022/07/47.jpg,47.jpg,content structure rewrite requires separate portfolio/page implementation approval; file import is approved independently
rewrite_embedded_media_url,portfolio_embedded_media_url,portfolio,9074,conference-in-kuwait,Conference in Kuwait,https://coveinterior.com/wp-content/uploads/2022/07/46.jpg,https://coveinterior.com/wp-content/uploads/2022/07/46.jpg,/media/wordpress-migration/2022/07/46.jpg,46.jpg,content structure rewrite requires separate portfolio/page implementation approval; file import is approved independently
rewrite_embedded_media_url,portfolio_embedded_media_url,portfolio,9074,conference-in-kuwait,Conference in Kuwait,https://coveinterior.com/wp-content/uploads/2022/07/46-430x242.jpg,https://coveinterior.com/wp-content/uploads/2022/07/46.jpg,/media/wordpress-migration/2022/07/46.jpg,46.jpg,content structure rewrite requires separate portfolio/page implementation approval; file import is approved independently
rewrite_embedded_media_url,portfolio_embedded_media_url,portfolio,9074,conference-in-kuwait,Conference in Kuwait,https://coveinterior.com/wp-content/uploads/2022/07/46-150x84.jpg,https://coveinterior.com/wp-content/uploads/2022/07/46.jpg,/media/wordpress-migration/2022/07/46.jpg,46.jpg,content structure rewrite requires separate portfolio/page implementation approval; file import is approved independently
rewrite_embedded_media_url,portfolio_embedded_media_url,portfolio,9074,conference-in-kuwait,Conference in Kuwait,https://coveinterior.com/wp-content/uploads/2022/07/46-400x225.jpg,https://coveinterior.com/wp-content/uploads/2022/07/46.jpg,/media/wordpress-migration/2022/07/46.jpg,46.jpg,content structure rewrite requires separate portfolio/page implementation approval; file import is approved independently
rewrite_embedded_media_url,portfolio_embedded_media_url,portfolio,9074,conference-in-kuwait,Conference in Kuwait,https://coveinterior.com/wp-content/uploads/2022/07/45.jpg,https://coveinterior.com/wp-content/uploads/2022/07/45.jpg,/media/wordpress-migration/2022/07/45.jpg,45.jpg,content structure rewrite requires separate portfolio/page implementation approval; file import is approved independently
rewrite_embedded_media_url,portfolio_embedded_media_url,portfolio,9074,conference-in-kuwait,Conference in Kuwait,https://coveinterior.com/wp-content/uploads/2022/07/45-430x242.jpg,https://coveinterior.com/wp-content/uploads/2022/07/45.jpg,/media/wordpress-migration/2022/07/45.jpg,45.jpg,content structure rewrite requires separate portfolio/page implementation approval; file import is approved independently
rewrite_embedded_media_url,portfolio_embedded_media_url,portfolio,9074,conference-in-kuwait,Conference in Kuwait,https://coveinterior.com/wp-content/uploads/2022/07/45-150x84.jpg,https://coveinterior.com/wp-content/uploads/2022/07/45.jpg,/media/wordpress-migration/2022/07/45.jpg,45.jpg,content structure rewrite requires separate portfolio/page implementation approval; file import is approved independently
rewrite_embedded_media_url,portfolio_embedded_media_url,portfolio,9074,conference-in-kuwait,Conference in Kuwait,https://coveinterior.com/wp-content/uploads/2022/07/45-400x225.jpg,https://coveinterior.com/wp-content/uploads/2022/07/45.jpg,/media/wordpress-migration/2022/07/45.jpg,45.jpg,content structure rewrite requires separate portfolio/page implementation approval; file import is approved independently
rewrite_embedded_media_url,portfolio_embedded_media_url,portfolio,9074,conference-in-kuwait,Conference in Kuwait,https://coveinterior.com/wp-content/uploads/2022/07/44.jpg,https://coveinterior.com/wp-content/uploads/2022/07/44.jpg,/media/wordpress-migration/2022/07/44.jpg,44.jpg,content structure rewrite requires separate portfolio/page implementation approval; file import is approved independently
rewrite_embedded_media_url,portfolio_embedded_media_url,portfolio,9074,conference-in-kuwait,Conference in Kuwait,https://coveinterior.com/wp-content/uploads/2022/07/44-430x242.jpg,https://coveinterior.com/wp-content/uploads/2022/07/44.jpg,/media/wordpress-migration/2022/07/44.jpg,44.jpg,content structure rewrite requires separate portfolio/page implementation approval; file import is approved independently
rewrite_embedded_media_url,portfolio_embedded_media_url,portfolio,9074,conference-in-kuwait,Conference in Kuwait,https://coveinterior.com/wp-content/uploads/2022/07/44-150x84.jpg,https://coveinterior.com/wp-content/uploads/2022/07/44.jpg,/media/wordpress-migration/2022/07/44.jpg,44.jpg,content structure rewrite requires separate portfolio/page implementation approval; file import is approved independently
rewrite_embedded_media_url,portfolio_embedded_media_url,portfolio,9074,conference-in-kuwait,Conference in Kuwait,https://coveinterior.com/wp-content/uploads/2022/07/44-400x225.jpg,https://coveinterior.com/wp-content/uploads/2022/07/44.jpg,/media/wordpress-migration/2022/07/44.jpg,44.jpg,content structure rewrite requires separate portfolio/page implementation approval; file import is approved independently
rewrite_embedded_media_url,portfolio_embedded_media_url,portfolio,9074,conference-in-kuwait,Conference in Kuwait,https://coveinterior.com/wp-content/uploads/2022/07/43.jpg,https://coveinterior.com/wp-content/uploads/2022/07/43.jpg,/media/wordpress-migration/2022/07/43.jpg,43.jpg,content structure rewrite requires separate portfolio/page implementation approval; file import is approved independently
rewrite_embedded_media_url,portfolio_embedded_media_url,portfolio,9074,conference-in-kuwait,Conference in Kuwait,https://coveinterior.com/wp-content/uploads/2022/07/43-430x242.jpg,https://coveinterior.com/wp-content/uploads/2022/07/43.jpg,/media/wordpress-migration/2022/07/43.jpg,43.jpg,content structure rewrite requires separate portfolio/page implementation approval; file import is approved independently
rewrite_embedded_media_url,portfolio_embedded_media_url,portfolio,9074,conference-in-kuwait,Conference in Kuwait,https://coveinterior.com/wp-content/uploads/2022/07/43-150x84.jpg,https://coveinterior.com/wp-content/uploads/2022/07/43.jpg,/media/wordpress-migration/2022/07/43.jpg,43.jpg,content structure rewrite requires separate portfolio/page implementation approval; file import is approved independently
rewrite_embedded_media_url,portfolio_embedded_media_url,portfolio,9074,conference-in-kuwait,Conference in Kuwait,https://coveinterior.com/wp-content/uploads/2022/07/43-400x225.jpg,https://coveinterior.com/wp-content/uploads/2022/07/43.jpg,/media/wordpress-migration/2022/07/43.jpg,43.jpg,content structure rewrite requires separate portfolio/page implementation approval; file import is approved independently
set_portfolio_featured_image,portfolio_featured_image,portfolio,9010,comparison-1,comparison 1,https://coveinterior.com/wp-content/uploads/2022/07/1.png,https://coveinterior.com/wp-content/uploads/2022/07/1.png,/media/wordpress-migration/2022/07/1.png,1.png,content structure rewrite requires separate portfolio/page implementation approval; file import is approved independently
rewrite_embedded_media_url,portfolio_embedded_media_url,portfolio,9010,comparison-1,comparison 1,https://coveinterior.com/wp-content/uploads/2022/07/1-int.jpg,https://coveinterior.com/wp-content/uploads/2022/07/1-int.jpg,/media/wordpress-migration/2022/07/1-int.jpg,1-int.jpg,content structure rewrite requires separate portfolio/page implementation approval; file import is approved independently
rewrite_embedded_media_url,portfolio_embedded_media_url,portfolio,9010,comparison-1,comparison 1,https://coveinterior.com/wp-content/uploads/2022/07/1-int-430x235.jpg,https://coveinterior.com/wp-content/uploads/2022/07/1-int.jpg,/media/wordpress-migration/2022/07/1-int.jpg,1-int.jpg,content structure rewrite requires separate portfolio/page implementation approval; file import is approved independently
rewrite_embedded_media_url,portfolio_embedded_media_url,portfolio,9010,comparison-1,comparison 1,https://coveinterior.com/wp-content/uploads/2022/07/1-int-150x82.jpg,https://coveinterior.com/wp-content/uploads/2022/07/1-int.jpg,/media/wordpress-migration/2022/07/1-int.jpg,1-int.jpg,content structure rewrite requires separate portfolio/page implementation approval; file import is approved independently
rewrite_embedded_media_url,portfolio_embedded_media_url,portfolio,9010,comparison-1,comparison 1,https://coveinterior.com/wp-content/uploads/2022/07/1-int-700x383.jpg,https://coveinterior.com/wp-content/uploads/2022/07/1-int.jpg,/media/wordpress-migration/2022/07/1-int.jpg,1-int.jpg,content structure rewrite requires separate portfolio/page implementation approval; file import is approved independently
rewrite_embedded_media_url,portfolio_embedded_media_url,portfolio,9010,comparison-1,comparison 1,https://coveinterior.com/wp-content/uploads/2022/07/1-int-400x219.jpg,https://coveinterior.com/wp-content/uploads/2022/07/1-int.jpg,/media/wordpress-migration/2022/07/1-int.jpg,1-int.jpg,content structure rewrite requires separate portfolio/page implementation approval; file import is approved independently
rewrite_embedded_media_url,portfolio_embedded_media_url,portfolio,9010,comparison-1,comparison 1,https://coveinterior.com/wp-content/uploads/2022/07/1-int-768x420.jpg,https://coveinterior.com/wp-content/uploads/2022/07/1-int.jpg,/media/wordpress-migration/2022/07/1-int.jpg,1-int.jpg,content structure rewrite requires separate portfolio/page implementation approval; file import is approved independently
rewrite_embedded_media_url,portfolio_embedded_media_url,portfolio,9010,comparison-1,comparison 1,https://coveinterior.com/wp-content/uploads/2022/07/1-int-860x471.jpg,https://coveinterior.com/wp-content/uploads/2022/07/1-int.jpg,/media/wordpress-migration/2022/07/1-int.jpg,1-int.jpg,content structure rewrite requires separate portfolio/page implementation approval; file import is approved independently
set_portfolio_featured_image,portfolio_featured_image,portfolio,8917,project-3,Private Villa 2,https://coveinterior.com/wp-content/uploads/2022/07/main-1-1.jpg,https://coveinterior.com/wp-content/uploads/2022/07/main-1-1.jpg,/media/wordpress-migration/2022/07/main-1-1.jpg,main-1-1.jpg,content structure rewrite requires separate portfolio/page implementation approval; file import is approved independently
rewrite_embedded_media_url,portfolio_embedded_media_url,portfolio,8917,project-3,Private Villa 2,https://coveinterior.com/wp-content/uploads/2022/07/IMG_0353.jpg,https://coveinterior.com/wp-content/uploads/2022/07/IMG_0353.jpg,/media/wordpress-migration/2022/07/IMG_0353.jpg,IMG_0353.jpg,content structure rewrite requires separate portfolio/page implementation approval; file import is approved independently
rewrite_embedded_media_url,portfolio_embedded_media_url,portfolio,8917,project-3,Private Villa 2,https://coveinterior.com/wp-content/uploads/2022/07/IMG_0353-430x573.jpg,https://coveinterior.com/wp-content/uploads/2022/07/IMG_0353.jpg,/media/wordpress-migration/2022/07/IMG_0353.jpg,IMG_0353.jpg,content structure rewrite requires separate portfolio/page implementation approval; file import is approved independently
rewrite_embedded_media_url,portfolio_embedded_media_url,portfolio,8917,project-3,Private Villa 2,https://coveinterior.com/wp-content/uploads/2022/07/IMG_0353-150x200.jpg,https://coveinterior.com/wp-content/uploads/2022/07/IMG_0353.jpg,/media/wordpress-migration/2022/07/IMG_0353.jpg,IMG_0353.jpg,content structure rewrite requires separate portfolio/page implementation approval; file import is approved independently
rewrite_embedded_media_url,portfolio_embedded_media_url,portfolio,8917,project-3,Private Villa 2,https://coveinterior.com/wp-content/uploads/2022/07/IMG_0353-700x933.jpg,https://coveinterior.com/wp-content/uploads/2022/07/IMG_0353.jpg,/media/wordpress-migration/2022/07/IMG_0353.jpg,IMG_0353.jpg,content structure rewrite requires separate portfolio/page implementation approval; file import is approved independently
rewrite_embedded_media_url,portfolio_embedded_media_url,portfolio,8917,project-3,Private Villa 2,https://coveinterior.com/wp-content/uploads/2022/07/IMG_0353-225x300.jpg,https://coveinterior.com/wp-content/uploads/2022/07/IMG_0353.jpg,/media/wordpress-migration/2022/07/IMG_0353.jpg,IMG_0353.jpg,content structure rewrite requires separate portfolio/page implementation approval; file import is approved independently
rewrite_embedded_media_url,portfolio_embedded_media_url,portfolio,8917,project-3,Private Villa 2,https://coveinterior.com/wp-content/uploads/2022/07/IMG_0353-600x800.jpg,https://coveinterior.com/wp-content/uploads/2022/07/IMG_0353.jpg,/media/wordpress-migration/2022/07/IMG_0353.jpg,IMG_0353.jpg,content structure rewrite requires separate portfolio/page implementation approval; file import is approved independently
rewrite_embedded_media_url,portfolio_embedded_media_url,portfolio,8917,project-3,Private Villa 2,https://coveinterior.com/wp-content/uploads/2022/07/IMG_0353-768x1024.jpg,https://coveinterior.com/wp-content/uploads/2022/07/IMG_0353.jpg,/media/wordpress-migration/2022/07/IMG_0353.jpg,IMG_0353.jpg,content structure rewrite requires separate portfolio/page implementation approval; file import is approved independently
rewrite_embedded_media_url,portfolio_embedded_media_url,portfolio,8917,project-3,Private Villa 2,https://coveinterior.com/wp-content/uploads/2022/07/IMG_0354.jpg,https://coveinterior.com/wp-content/uploads/2022/07/IMG_0354.jpg,/media/wordpress-migration/2022/07/IMG_0354.jpg,IMG_0354.jpg,content structure rewrite requires separate portfolio/page implementation approval; file import is approved independently
rewrite_embedded_media_url,portfolio_embedded_media_url,portfolio,8917,project-3,Private Villa 2,https://coveinterior.com/wp-content/uploads/2022/07/IMG_0354-430x323.jpg,https://coveinterior.com/wp-content/uploads/2022/07/IMG_0354.jpg,/media/wordpress-migration/2022/07/IMG_0354.jpg,IMG_0354.jpg,content structure rewrite requires separate portfolio/page implementation approval; file import is approved independently
rewrite_embedded_media_url,portfolio_embedded_media_url,portfolio,8917,project-3,Private Villa 2,https://coveinterior.com/wp-content/uploads/2022/07/IMG_0354-150x113.jpg,https://coveinterior.com/wp-content/uploads/2022/07/IMG_0354.jpg,/media/wordpress-migration/2022/07/IMG_0354.jpg,IMG_0354.jpg,content structure rewrite requires separate portfolio/page implementation approval; file import is approved independently
rewrite_embedded_media_url,portfolio_embedded_media_url,portfolio,8917,project-3,Private Villa 2,https://coveinterior.com/wp-content/uploads/2022/07/IMG_0354-700x525.jpg,https://coveinterior.com/wp-content/uploads/2022/07/IMG_0354.jpg,/media/wordpress-migration/2022/07/IMG_0354.jpg,IMG_0354.jpg,content structure rewrite requires separate portfolio/page implementation approval; file import is approved independently
rewrite_embedded_media_url,portfolio_embedded_media_url,portfolio,8917,project-3,Private Villa 2,https://coveinterior.com/wp-content/uploads/2022/07/IMG_0354-400x300.jpg,https://coveinterior.com/wp-content/uploads/2022/07/IMG_0354.jpg,/media/wordpress-migration/2022/07/IMG_0354.jpg,IMG_0354.jpg,content structure rewrite requires separate portfolio/page implementation approval; file import is approved independently
rewrite_embedded_media_url,portfolio_embedded_media_url,portfolio,8917,project-3,Private Villa 2,https://coveinterior.com/wp-content/uploads/2022/07/IMG_0354-1067x800.jpg,https://coveinterior.com/wp-content/uploads/2022/07/IMG_0354.jpg,/media/wordpress-migration/2022/07/IMG_0354.jpg,IMG_0354.jpg,content structure rewrite requires separate portfolio/page implementation approval; file import is approved independently
rewrite_embedded_media_url,portfolio_embedded_media_url,portfolio,8917,project-3,Private Villa 2,https://coveinterior.com/wp-content/uploads/2022/07/IMG_0354-768x576.jpg,https://coveinterior.com/wp-content/uploads/2022/07/IMG_0354.jpg,/media/wordpress-migration/2022/07/IMG_0354.jpg,IMG_0354.jpg,content structure rewrite requires separate portfolio/page implementation approval; file import is approved independently
rewrite_embedded_media_url,portfolio_embedded_media_url,portfolio,8917,project-3,Private Villa 2,https://coveinterior.com/wp-content/uploads/2022/07/IMG_0354-860x645.jpg,https://coveinterior.com/wp-content/uploads/2022/07/IMG_0354.jpg,/media/wordpress-migration/2022/07/IMG_0354.jpg,IMG_0354.jpg,content structure rewrite requires separate portfolio/page implementation approval; file import is approved independently
rewrite_embedded_media_url,portfolio_embedded_media_url,portfolio,8917,project-3,Private Villa 2,https://coveinterior.com/wp-content/uploads/2022/07/IMG_0355.jpg,https://coveinterior.com/wp-content/uploads/2022/07/IMG_0355.jpg,/media/wordpress-migration/2022/07/IMG_0355.jpg,IMG_0355.jpg,content structure rewrite requires separate portfolio/page implementation approval; file import is approved independently
rewrite_embedded_media_url,portfolio_embedded_media_url,portfolio,8917,project-3,Private Villa 2,https://coveinterior.com/wp-content/uploads/2022/07/IMG_0355-430x323.jpg,https://coveinterior.com/wp-content/uploads/2022/07/IMG_0355.jpg,/media/wordpress-migration/2022/07/IMG_0355.jpg,IMG_0355.jpg,content structure rewrite requires separate portfolio/page implementation approval; file import is approved independently
rewrite_embedded_media_url,portfolio_embedded_media_url,portfolio,8917,project-3,Private Villa 2,https://coveinterior.com/wp-content/uploads/2022/07/IMG_0355-150x113.jpg,https://coveinterior.com/wp-content/uploads/2022/07/IMG_0355.jpg,/media/wordpress-migration/2022/07/IMG_0355.jpg,IMG_0355.jpg,content structure rewrite requires separate portfolio/page implementation approval; file import is approved independently
rewrite_embedded_media_url,portfolio_embedded_media_url,portfolio,8917,project-3,Private Villa 2,https://coveinterior.com/wp-content/uploads/2022/07/IMG_0355-700x525.jpg,https://coveinterior.com/wp-content/uploads/2022/07/IMG_0355.jpg,/media/wordpress-migration/2022/07/IMG_0355.jpg,IMG_0355.jpg,content structure rewrite requires separate portfolio/page implementation approval; file import is approved independently
rewrite_embedded_media_url,portfolio_embedded_media_url,portfolio,8917,project-3,Private Villa 2,https://coveinterior.com/wp-content/uploads/2022/07/IMG_0355-400x300.jpg,https://coveinterior.com/wp-content/uploads/2022/07/IMG_0355.jpg,/media/wordpress-migration/2022/07/IMG_0355.jpg,IMG_0355.jpg,content structure rewrite requires separate portfolio/page implementation approval; file import is approved independently
rewrite_embedded_media_url,portfolio_embedded_media_url,portfolio,8917,project-3,Private Villa 2,https://coveinterior.com/wp-content/uploads/2022/07/IMG_0355-1067x800.jpg,https://coveinterior.com/wp-content/uploads/2022/07/IMG_0355.jpg,/media/wordpress-migration/2022/07/IMG_0355.jpg,IMG_0355.jpg,content structure rewrite requires separate portfolio/page implementation approval; file import is approved independently
rewrite_embedded_media_url,portfolio_embedded_media_url,portfolio,8917,project-3,Private Villa 2,https://coveinterior.com/wp-content/uploads/2022/07/IMG_0355-768x576.jpg,https://coveinterior.com/wp-content/uploads/2022/07/IMG_0355.jpg,/media/wordpress-migration/2022/07/IMG_0355.jpg,IMG_0355.jpg,content structure rewrite requires separate portfolio/page implementation approval; file import is approved independently
rewrite_embedded_media_url,portfolio_embedded_media_url,portfolio,8917,project-3,Private Villa 2,https://coveinterior.com/wp-content/uploads/2022/07/IMG_0355-860x645.jpg,https://coveinterior.com/wp-content/uploads/2022/07/IMG_0355.jpg,/media/wordpress-migration/2022/07/IMG_0355.jpg,IMG_0355.jpg,content structure rewrite requires separate portfolio/page implementation approval; file import is approved independently
rewrite_embedded_media_url,portfolio_embedded_media_url,portfolio,8917,project-3,Private Villa 2,https://coveinterior.com/wp-content/uploads/2022/07/IMG_0357.jpg,https://coveinterior.com/wp-content/uploads/2022/07/IMG_0357.jpg,/media/wordpress-migration/2022/07/IMG_0357.jpg,IMG_0357.jpg,content structure rewrite requires separate portfolio/page implementation approval; file import is approved independently
rewrite_embedded_media_url,portfolio_embedded_media_url,portfolio,8917,project-3,Private Villa 2,https://coveinterior.com/wp-content/uploads/2022/07/IMG_0357-430x323.jpg,https://coveinterior.com/wp-content/uploads/2022/07/IMG_0357.jpg,/media/wordpress-migration/2022/07/IMG_0357.jpg,IMG_0357.jpg,content structure rewrite requires separate portfolio/page implementation approval; file import is approved independently
rewrite_embedded_media_url,portfolio_embedded_media_url,portfolio,8917,project-3,Private Villa 2,https://coveinterior.com/wp-content/uploads/2022/07/IMG_0357-150x113.jpg,https://coveinterior.com/wp-content/uploads/2022/07/IMG_0357.jpg,/media/wordpress-migration/2022/07/IMG_0357.jpg,IMG_0357.jpg,content structure rewrite requires separate portfolio/page implementation approval; file import is approved independently
rewrite_embedded_media_url,portfolio_embedded_media_url,portfolio,8917,project-3,Private Villa 2,https://coveinterior.com/wp-content/uploads/2022/07/IMG_0357-700x525.jpg,https://coveinterior.com/wp-content/uploads/2022/07/IMG_0357.jpg,/media/wordpress-migration/2022/07/IMG_0357.jpg,IMG_0357.jpg,content structure rewrite requires separate portfolio/page implementation approval; file import is approved independently
rewrite_embedded_media_url,portfolio_embedded_media_url,portfolio,8917,project-3,Private Villa 2,https://coveinterior.com/wp-content/uploads/2022/07/IMG_0357-400x300.jpg,https://coveinterior.com/wp-content/uploads/2022/07/IMG_0357.jpg,/media/wordpress-migration/2022/07/IMG_0357.jpg,IMG_0357.jpg,content structure rewrite requires separate portfolio/page implementation approval; file import is approved independently
rewrite_embedded_media_url,portfolio_embedded_media_url,portfolio,8917,project-3,Private Villa 2,https://coveinterior.com/wp-content/uploads/2022/07/IMG_0357-1067x800.jpg,https://coveinterior.com/wp-content/uploads/2022/07/IMG_0357.jpg,/media/wordpress-migration/2022/07/IMG_0357.jpg,IMG_0357.jpg,content structure rewrite requires separate portfolio/page implementation approval; file import is approved independently
rewrite_embedded_media_url,portfolio_embedded_media_url,portfolio,8917,project-3,Private Villa 2,https://coveinterior.com/wp-content/uploads/2022/07/IMG_0357-768x576.jpg,https://coveinterior.com/wp-content/uploads/2022/07/IMG_0357.jpg,/media/wordpress-migration/2022/07/IMG_0357.jpg,IMG_0357.jpg,content structure rewrite requires separate portfolio/page implementation approval; file import is approved independently
rewrite_embedded_media_url,portfolio_embedded_media_url,portfolio,8917,project-3,Private Villa 2,https://coveinterior.com/wp-content/uploads/2022/07/IMG_0357-860x645.jpg,https://coveinterior.com/wp-content/uploads/2022/07/IMG_0357.jpg,/media/wordpress-migration/2022/07/IMG_0357.jpg,IMG_0357.jpg,content structure rewrite requires separate portfolio/page implementation approval; file import is approved independently
rewrite_embedded_media_url,portfolio_embedded_media_url,portfolio,8917,project-3,Private Villa 2,https://coveinterior.com/wp-content/uploads/2022/07/IMG_0366.jpg,https://coveinterior.com/wp-content/uploads/2022/07/IMG_0366.jpg,/media/wordpress-migration/2022/07/IMG_0366.jpg,IMG_0366.jpg,content structure rewrite requires separate portfolio/page implementation approval; file import is approved independently
rewrite_embedded_media_url,portfolio_embedded_media_url,portfolio,8917,project-3,Private Villa 2,https://coveinterior.com/wp-content/uploads/2022/07/IMG_0366-430x323.jpg,https://coveinterior.com/wp-content/uploads/2022/07/IMG_0366.jpg,/media/wordpress-migration/2022/07/IMG_0366.jpg,IMG_0366.jpg,content structure rewrite requires separate portfolio/page implementation approval; file import is approved independently
rewrite_embedded_media_url,portfolio_embedded_media_url,portfolio,8917,project-3,Private Villa 2,https://coveinterior.com/wp-content/uploads/2022/07/IMG_0366-150x113.jpg,https://coveinterior.com/wp-content/uploads/2022/07/IMG_0366.jpg,/media/wordpress-migration/2022/07/IMG_0366.jpg,IMG_0366.jpg,content structure rewrite requires separate portfolio/page implementation approval; file import is approved independently
rewrite_embedded_media_url,portfolio_embedded_media_url,portfolio,8917,project-3,Private Villa 2,https://coveinterior.com/wp-content/uploads/2022/07/IMG_0366-700x525.jpg,https://coveinterior.com/wp-content/uploads/2022/07/IMG_0366.jpg,/media/wordpress-migration/2022/07/IMG_0366.jpg,IMG_0366.jpg,content structure rewrite requires separate portfolio/page implementation approval; file import is approved independently
rewrite_embedded_media_url,portfolio_embedded_media_url,portfolio,8917,project-3,Private Villa 2,https://coveinterior.com/wp-content/uploads/2022/07/IMG_0366-400x300.jpg,https://coveinterior.com/wp-content/uploads/2022/07/IMG_0366.jpg,/media/wordpress-migration/2022/07/IMG_0366.jpg,IMG_0366.jpg,content structure rewrite requires separate portfolio/page implementation approval; file import is approved independently
rewrite_embedded_media_url,portfolio_embedded_media_url,portfolio,8917,project-3,Private Villa 2,https://coveinterior.com/wp-content/uploads/2022/07/IMG_0366-1067x800.jpg,https://coveinterior.com/wp-content/uploads/2022/07/IMG_0366.jpg,/media/wordpress-migration/2022/07/IMG_0366.jpg,IMG_0366.jpg,content structure rewrite requires separate portfolio/page implementation approval; file import is approved independently
rewrite_embedded_media_url,portfolio_embedded_media_url,portfolio,8917,project-3,Private Villa 2,https://coveinterior.com/wp-content/uploads/2022/07/IMG_0366-768x576.jpg,https://coveinterior.com/wp-content/uploads/2022/07/IMG_0366.jpg,/media/wordpress-migration/2022/07/IMG_0366.jpg,IMG_0366.jpg,content structure rewrite requires separate portfolio/page implementation approval; file import is approved independently
rewrite_embedded_media_url,portfolio_embedded_media_url,portfolio,8917,project-3,Private Villa 2,https://coveinterior.com/wp-content/uploads/2022/07/IMG_0366-860x645.jpg,https://coveinterior.com/wp-content/uploads/2022/07/IMG_0366.jpg,/media/wordpress-migration/2022/07/IMG_0366.jpg,IMG_0366.jpg,content structure rewrite requires separate portfolio/page implementation approval; file import is approved independently
rewrite_embedded_media_url,portfolio_embedded_media_url,portfolio,8917,project-3,Private Villa 2,https://coveinterior.com/wp-content/uploads/2022/07/IMG_0368.jpg,https://coveinterior.com/wp-content/uploads/2022/07/IMG_0368.jpg,/media/wordpress-migration/2022/07/IMG_0368.jpg,IMG_0368.jpg,content structure rewrite requires separate portfolio/page implementation approval; file import is approved independently
rewrite_embedded_media_url,portfolio_embedded_media_url,portfolio,8917,project-3,Private Villa 2,https://coveinterior.com/wp-content/uploads/2022/07/IMG_0368-430x323.jpg,https://coveinterior.com/wp-content/uploads/2022/07/IMG_0368.jpg,/media/wordpress-migration/2022/07/IMG_0368.jpg,IMG_0368.jpg,content structure rewrite requires separate portfolio/page implementation approval; file import is approved independently
rewrite_embedded_media_url,portfolio_embedded_media_url,portfolio,8917,project-3,Private Villa 2,https://coveinterior.com/wp-content/uploads/2022/07/IMG_0368-150x113.jpg,https://coveinterior.com/wp-content/uploads/2022/07/IMG_0368.jpg,/media/wordpress-migration/2022/07/IMG_0368.jpg,IMG_0368.jpg,content structure rewrite requires separate portfolio/page implementation approval; file import is approved independently
rewrite_embedded_media_url,portfolio_embedded_media_url,portfolio,8917,project-3,Private Villa 2,https://coveinterior.com/wp-content/uploads/2022/07/IMG_0368-700x525.jpg,https://coveinterior.com/wp-content/uploads/2022/07/IMG_0368.jpg,/media/wordpress-migration/2022/07/IMG_0368.jpg,IMG_0368.jpg,content structure rewrite requires separate portfolio/page implementation approval; file import is approved independently
rewrite_embedded_media_url,portfolio_embedded_media_url,portfolio,8917,project-3,Private Villa 2,https://coveinterior.com/wp-content/uploads/2022/07/IMG_0368-400x300.jpg,https://coveinterior.com/wp-content/uploads/2022/07/IMG_0368.jpg,/media/wordpress-migration/2022/07/IMG_0368.jpg,IMG_0368.jpg,content structure rewrite requires separate portfolio/page implementation approval; file import is approved independently
rewrite_embedded_media_url,portfolio_embedded_media_url,portfolio,8917,project-3,Private Villa 2,https://coveinterior.com/wp-content/uploads/2022/07/IMG_0368-1067x800.jpg,https://coveinterior.com/wp-content/uploads/2022/07/IMG_0368.jpg,/media/wordpress-migration/2022/07/IMG_0368.jpg,IMG_0368.jpg,content structure rewrite requires separate portfolio/page implementation approval; file import is approved independently
rewrite_embedded_media_url,portfolio_embedded_media_url,portfolio,8917,project-3,Private Villa 2,https://coveinterior.com/wp-content/uploads/2022/07/IMG_0368-768x576.jpg,https://coveinterior.com/wp-content/uploads/2022/07/IMG_0368.jpg,/media/wordpress-migration/2022/07/IMG_0368.jpg,IMG_0368.jpg,content structure rewrite requires separate portfolio/page implementation approval; file import is approved independently
rewrite_embedded_media_url,portfolio_embedded_media_url,portfolio,8917,project-3,Private Villa 2,https://coveinterior.com/wp-content/uploads/2022/07/IMG_0368-860x645.jpg,https://coveinterior.com/wp-content/uploads/2022/07/IMG_0368.jpg,/media/wordpress-migration/2022/07/IMG_0368.jpg,IMG_0368.jpg,content structure rewrite requires separate portfolio/page implementation approval; file import is approved independently
rewrite_embedded_media_url,portfolio_embedded_media_url,portfolio,8917,project-3,Private Villa 2,https://coveinterior.com/wp-content/uploads/2022/07/IMG_0369.jpg,https://coveinterior.com/wp-content/uploads/2022/07/IMG_0369.jpg,/media/wordpress-migration/2022/07/IMG_0369.jpg,IMG_0369.jpg,content structure rewrite requires separate portfolio/page implementation approval; file import is approved independently
rewrite_embedded_media_url,portfolio_embedded_media_url,portfolio,8917,project-3,Private Villa 2,https://coveinterior.com/wp-content/uploads/2022/07/IMG_0369-430x323.jpg,https://coveinterior.com/wp-content/uploads/2022/07/IMG_0369.jpg,/media/wordpress-migration/2022/07/IMG_0369.jpg,IMG_0369.jpg,content structure rewrite requires separate portfolio/page implementation approval; file import is approved independently
rewrite_embedded_media_url,portfolio_embedded_media_url,portfolio,8917,project-3,Private Villa 2,https://coveinterior.com/wp-content/uploads/2022/07/IMG_0369-150x113.jpg,https://coveinterior.com/wp-content/uploads/2022/07/IMG_0369.jpg,/media/wordpress-migration/2022/07/IMG_0369.jpg,IMG_0369.jpg,content structure rewrite requires separate portfolio/page implementation approval; file import is approved independently
rewrite_embedded_media_url,portfolio_embedded_media_url,portfolio,8917,project-3,Private Villa 2,https://coveinterior.com/wp-content/uploads/2022/07/IMG_0369-700x525.jpg,https://coveinterior.com/wp-content/uploads/2022/07/IMG_0369.jpg,/media/wordpress-migration/2022/07/IMG_0369.jpg,IMG_0369.jpg,content structure rewrite requires separate portfolio/page implementation approval; file import is approved independently
rewrite_embedded_media_url,portfolio_embedded_media_url,portfolio,8917,project-3,Private Villa 2,https://coveinterior.com/wp-content/uploads/2022/07/IMG_0369-400x300.jpg,https://coveinterior.com/wp-content/uploads/2022/07/IMG_0369.jpg,/media/wordpress-migration/2022/07/IMG_0369.jpg,IMG_0369.jpg,content structure rewrite requires separate portfolio/page implementation approval; file import is approved independently
rewrite_embedded_media_url,portfolio_embedded_media_url,portfolio,8917,project-3,Private Villa 2,https://coveinterior.com/wp-content/uploads/2022/07/IMG_0369-1067x800.jpg,https://coveinterior.com/wp-content/uploads/2022/07/IMG_0369.jpg,/media/wordpress-migration/2022/07/IMG_0369.jpg,IMG_0369.jpg,content structure rewrite requires separate portfolio/page implementation approval; file import is approved independently
rewrite_embedded_media_url,portfolio_embedded_media_url,portfolio,8917,project-3,Private Villa 2,https://coveinterior.com/wp-content/uploads/2022/07/IMG_0369-768x576.jpg,https://coveinterior.com/wp-content/uploads/2022/07/IMG_0369.jpg,/media/wordpress-migration/2022/07/IMG_0369.jpg,IMG_0369.jpg,content structure rewrite requires separate portfolio/page implementation approval; file import is approved independently
rewrite_embedded_media_url,portfolio_embedded_media_url,portfolio,8917,project-3,Private Villa 2,https://coveinterior.com/wp-content/uploads/2022/07/IMG_0369-860x645.jpg,https://coveinterior.com/wp-content/uploads/2022/07/IMG_0369.jpg,/media/wordpress-migration/2022/07/IMG_0369.jpg,IMG_0369.jpg,content structure rewrite requires separate portfolio/page implementation approval; file import is approved independently
rewrite_embedded_media_url,portfolio_embedded_media_url,portfolio,8917,project-3,Private Villa 2,https://coveinterior.com/wp-content/uploads/2022/07/IMG_0379.jpg,https://coveinterior.com/wp-content/uploads/2022/07/IMG_0379.jpg,/media/wordpress-migration/2022/07/IMG_0379.jpg,IMG_0379.jpg,content structure rewrite requires separate portfolio/page implementation approval; file import is approved independently
rewrite_embedded_media_url,portfolio_embedded_media_url,portfolio,8917,project-3,Private Villa 2,https://coveinterior.com/wp-content/uploads/2022/07/IMG_0379-430x323.jpg,https://coveinterior.com/wp-content/uploads/2022/07/IMG_0379.jpg,/media/wordpress-migration/2022/07/IMG_0379.jpg,IMG_0379.jpg,content structure rewrite requires separate portfolio/page implementation approval; file import is approved independently
rewrite_embedded_media_url,portfolio_embedded_media_url,portfolio,8917,project-3,Private Villa 2,https://coveinterior.com/wp-content/uploads/2022/07/IMG_0379-150x113.jpg,https://coveinterior.com/wp-content/uploads/2022/07/IMG_0379.jpg,/media/wordpress-migration/2022/07/IMG_0379.jpg,IMG_0379.jpg,content structure rewrite requires separate portfolio/page implementation approval; file import is approved independently
rewrite_embedded_media_url,portfolio_embedded_media_url,portfolio,8917,project-3,Private Villa 2,https://coveinterior.com/wp-content/uploads/2022/07/IMG_0379-700x525.jpg,https://coveinterior.com/wp-content/uploads/2022/07/IMG_0379.jpg,/media/wordpress-migration/2022/07/IMG_0379.jpg,IMG_0379.jpg,content structure rewrite requires separate portfolio/page implementation approval; file import is approved independently
rewrite_embedded_media_url,portfolio_embedded_media_url,portfolio,8917,project-3,Private Villa 2,https://coveinterior.com/wp-content/uploads/2022/07/IMG_0379-400x300.jpg,https://coveinterior.com/wp-content/uploads/2022/07/IMG_0379.jpg,/media/wordpress-migration/2022/07/IMG_0379.jpg,IMG_0379.jpg,content structure rewrite requires separate portfolio/page implementation approval; file import is approved independently
rewrite_embedded_media_url,portfolio_embedded_media_url,portfolio,8917,project-3,Private Villa 2,https://coveinterior.com/wp-content/uploads/2022/07/IMG_0379-1067x800.jpg,https://coveinterior.com/wp-content/uploads/2022/07/IMG_0379.jpg,/media/wordpress-migration/2022/07/IMG_0379.jpg,IMG_0379.jpg,content structure rewrite requires separate portfolio/page implementation approval; file import is approved independently
rewrite_embedded_media_url,portfolio_embedded_media_url,portfolio,8917,project-3,Private Villa 2,https://coveinterior.com/wp-content/uploads/2022/07/IMG_0379-768x576.jpg,https://coveinterior.com/wp-content/uploads/2022/07/IMG_0379.jpg,/media/wordpress-migration/2022/07/IMG_0379.jpg,IMG_0379.jpg,content structure rewrite requires separate portfolio/page implementation approval; file import is approved independently
rewrite_embedded_media_url,portfolio_embedded_media_url,portfolio,8917,project-3,Private Villa 2,https://coveinterior.com/wp-content/uploads/2022/07/IMG_0379-860x645.jpg,https://coveinterior.com/wp-content/uploads/2022/07/IMG_0379.jpg,/media/wordpress-migration/2022/07/IMG_0379.jpg,IMG_0379.jpg,content structure rewrite requires separate portfolio/page implementation approval; file import is approved independently
rewrite_embedded_media_url,portfolio_embedded_media_url,portfolio,8917,project-3,Private Villa 2,https://coveinterior.com/wp-content/uploads/2022/07/IMG_0380.jpg,https://coveinterior.com/wp-content/uploads/2022/07/IMG_0380.jpg,/media/wordpress-migration/2022/07/IMG_0380.jpg,IMG_0380.jpg,content structure rewrite requires separate portfolio/page implementation approval; file import is approved independently
rewrite_embedded_media_url,portfolio_embedded_media_url,portfolio,8917,project-3,Private Villa 2,https://coveinterior.com/wp-content/uploads/2022/07/IMG_0380-430x573.jpg,https://coveinterior.com/wp-content/uploads/2022/07/IMG_0380.jpg,/media/wordpress-migration/2022/07/IMG_0380.jpg,IMG_0380.jpg,content structure rewrite requires separate portfolio/page implementation approval; file import is approved independently
rewrite_embedded_media_url,portfolio_embedded_media_url,portfolio,8917,project-3,Private Villa 2,https://coveinterior.com/wp-content/uploads/2022/07/IMG_0380-150x200.jpg,https://coveinterior.com/wp-content/uploads/2022/07/IMG_0380.jpg,/media/wordpress-migration/2022/07/IMG_0380.jpg,IMG_0380.jpg,content structure rewrite requires separate portfolio/page implementation approval; file import is approved independently
rewrite_embedded_media_url,portfolio_embedded_media_url,portfolio,8917,project-3,Private Villa 2,https://coveinterior.com/wp-content/uploads/2022/07/IMG_0380-700x933.jpg,https://coveinterior.com/wp-content/uploads/2022/07/IMG_0380.jpg,/media/wordpress-migration/2022/07/IMG_0380.jpg,IMG_0380.jpg,content structure rewrite requires separate portfolio/page implementation approval; file import is approved independently
rewrite_embedded_media_url,portfolio_embedded_media_url,portfolio,8917,project-3,Private Villa 2,https://coveinterior.com/wp-content/uploads/2022/07/IMG_0380-225x300.jpg,https://coveinterior.com/wp-content/uploads/2022/07/IMG_0380.jpg,/media/wordpress-migration/2022/07/IMG_0380.jpg,IMG_0380.jpg,content structure rewrite requires separate portfolio/page implementation approval; file import is approved independently
rewrite_embedded_media_url,portfolio_embedded_media_url,portfolio,8917,project-3,Private Villa 2,https://coveinterior.com/wp-content/uploads/2022/07/IMG_0380-600x800.jpg,https://coveinterior.com/wp-content/uploads/2022/07/IMG_0380.jpg,/media/wordpress-migration/2022/07/IMG_0380.jpg,IMG_0380.jpg,content structure rewrite requires separate portfolio/page implementation approval; file import is approved independently
rewrite_embedded_media_url,portfolio_embedded_media_url,portfolio,8917,project-3,Private Villa 2,https://coveinterior.com/wp-content/uploads/2022/07/IMG_0380-768x1024.jpg,https://coveinterior.com/wp-content/uploads/2022/07/IMG_0380.jpg,/media/wordpress-migration/2022/07/IMG_0380.jpg,IMG_0380.jpg,content structure rewrite requires separate portfolio/page implementation approval; file import is approved independently
rewrite_embedded_media_url,portfolio_embedded_media_url,portfolio,8917,project-3,Private Villa 2,https://coveinterior.com/wp-content/uploads/2022/07/IMG_0383.jpg,https://coveinterior.com/wp-content/uploads/2022/07/IMG_0383.jpg,/media/wordpress-migration/2022/07/IMG_0383.jpg,IMG_0383.jpg,content structure rewrite requires separate portfolio/page implementation approval; file import is approved independently
rewrite_embedded_media_url,portfolio_embedded_media_url,portfolio,8917,project-3,Private Villa 2,https://coveinterior.com/wp-content/uploads/2022/07/IMG_0383-430x323.jpg,https://coveinterior.com/wp-content/uploads/2022/07/IMG_0383.jpg,/media/wordpress-migration/2022/07/IMG_0383.jpg,IMG_0383.jpg,content structure rewrite requires separate portfolio/page implementation approval; file import is approved independently
rewrite_embedded_media_url,portfolio_embedded_media_url,portfolio,8917,project-3,Private Villa 2,https://coveinterior.com/wp-content/uploads/2022/07/IMG_0383-150x113.jpg,https://coveinterior.com/wp-content/uploads/2022/07/IMG_0383.jpg,/media/wordpress-migration/2022/07/IMG_0383.jpg,IMG_0383.jpg,content structure rewrite requires separate portfolio/page implementation approval; file import is approved independently
rewrite_embedded_media_url,portfolio_embedded_media_url,portfolio,8917,project-3,Private Villa 2,https://coveinterior.com/wp-content/uploads/2022/07/IMG_0383-700x525.jpg,https://coveinterior.com/wp-content/uploads/2022/07/IMG_0383.jpg,/media/wordpress-migration/2022/07/IMG_0383.jpg,IMG_0383.jpg,content structure rewrite requires separate portfolio/page implementation approval; file import is approved independently
rewrite_embedded_media_url,portfolio_embedded_media_url,portfolio,8917,project-3,Private Villa 2,https://coveinterior.com/wp-content/uploads/2022/07/IMG_0383-400x300.jpg,https://coveinterior.com/wp-content/uploads/2022/07/IMG_0383.jpg,/media/wordpress-migration/2022/07/IMG_0383.jpg,IMG_0383.jpg,content structure rewrite requires separate portfolio/page implementation approval; file import is approved independently
rewrite_embedded_media_url,portfolio_embedded_media_url,portfolio,8917,project-3,Private Villa 2,https://coveinterior.com/wp-content/uploads/2022/07/IMG_0383-1067x800.jpg,https://coveinterior.com/wp-content/uploads/2022/07/IMG_0383.jpg,/media/wordpress-migration/2022/07/IMG_0383.jpg,IMG_0383.jpg,content structure rewrite requires separate portfolio/page implementation approval; file import is approved independently
rewrite_embedded_media_url,portfolio_embedded_media_url,portfolio,8917,project-3,Private Villa 2,https://coveinterior.com/wp-content/uploads/2022/07/IMG_0383-768x576.jpg,https://coveinterior.com/wp-content/uploads/2022/07/IMG_0383.jpg,/media/wordpress-migration/2022/07/IMG_0383.jpg,IMG_0383.jpg,content structure rewrite requires separate portfolio/page implementation approval; file import is approved independently
rewrite_embedded_media_url,portfolio_embedded_media_url,portfolio,8917,project-3,Private Villa 2,https://coveinterior.com/wp-content/uploads/2022/07/IMG_0383-860x645.jpg,https://coveinterior.com/wp-content/uploads/2022/07/IMG_0383.jpg,/media/wordpress-migration/2022/07/IMG_0383.jpg,IMG_0383.jpg,content structure rewrite requires separate portfolio/page implementation approval; file import is approved independently
rewrite_embedded_media_url,portfolio_embedded_media_url,portfolio,8917,project-3,Private Villa 2,https://coveinterior.com/wp-content/uploads/2022/07/IMG_0387.jpg,https://coveinterior.com/wp-content/uploads/2022/07/IMG_0387.jpg,/media/wordpress-migration/2022/07/IMG_0387.jpg,IMG_0387.jpg,content structure rewrite requires separate portfolio/page implementation approval; file import is approved independently
rewrite_embedded_media_url,portfolio_embedded_media_url,portfolio,8917,project-3,Private Villa 2,https://coveinterior.com/wp-content/uploads/2022/07/IMG_0387-430x573.jpg,https://coveinterior.com/wp-content/uploads/2022/07/IMG_0387.jpg,/media/wordpress-migration/2022/07/IMG_0387.jpg,IMG_0387.jpg,content structure rewrite requires separate portfolio/page implementation approval; file import is approved independently
rewrite_embedded_media_url,portfolio_embedded_media_url,portfolio,8917,project-3,Private Villa 2,https://coveinterior.com/wp-content/uploads/2022/07/IMG_0387-150x200.jpg,https://coveinterior.com/wp-content/uploads/2022/07/IMG_0387.jpg,/media/wordpress-migration/2022/07/IMG_0387.jpg,IMG_0387.jpg,content structure rewrite requires separate portfolio/page implementation approval; file import is approved independently
rewrite_embedded_media_url,portfolio_embedded_media_url,portfolio,8917,project-3,Private Villa 2,https://coveinterior.com/wp-content/uploads/2022/07/IMG_0387-700x933.jpg,https://coveinterior.com/wp-content/uploads/2022/07/IMG_0387.jpg,/media/wordpress-migration/2022/07/IMG_0387.jpg,IMG_0387.jpg,content structure rewrite requires separate portfolio/page implementation approval; file import is approved independently
rewrite_embedded_media_url,portfolio_embedded_media_url,portfolio,8917,project-3,Private Villa 2,https://coveinterior.com/wp-content/uploads/2022/07/IMG_0387-225x300.jpg,https://coveinterior.com/wp-content/uploads/2022/07/IMG_0387.jpg,/media/wordpress-migration/2022/07/IMG_0387.jpg,IMG_0387.jpg,content structure rewrite requires separate portfolio/page implementation approval; file import is approved independently
rewrite_embedded_media_url,portfolio_embedded_media_url,portfolio,8917,project-3,Private Villa 2,https://coveinterior.com/wp-content/uploads/2022/07/IMG_0387-600x800.jpg,https://coveinterior.com/wp-content/uploads/2022/07/IMG_0387.jpg,/media/wordpress-migration/2022/07/IMG_0387.jpg,IMG_0387.jpg,content structure rewrite requires separate portfolio/page implementation approval; file import is approved independently
rewrite_embedded_media_url,portfolio_embedded_media_url,portfolio,8917,project-3,Private Villa 2,https://coveinterior.com/wp-content/uploads/2022/07/IMG_0387-768x1024.jpg,https://coveinterior.com/wp-content/uploads/2022/07/IMG_0387.jpg,/media/wordpress-migration/2022/07/IMG_0387.jpg,IMG_0387.jpg,content structure rewrite requires separate portfolio/page implementation approval; file import is approved independently
rewrite_embedded_media_url,portfolio_embedded_media_url,portfolio,8917,project-3,Private Villa 2,https://coveinterior.com/wp-content/uploads/2022/07/IMG_0399.jpg,https://coveinterior.com/wp-content/uploads/2022/07/IMG_0399.jpg,/media/wordpress-migration/2022/07/IMG_0399.jpg,IMG_0399.jpg,content structure rewrite requires separate portfolio/page implementation approval; file import is approved independently
rewrite_embedded_media_url,portfolio_embedded_media_url,portfolio,8917,project-3,Private Villa 2,https://coveinterior.com/wp-content/uploads/2022/07/IMG_0399-430x573.jpg,https://coveinterior.com/wp-content/uploads/2022/07/IMG_0399.jpg,/media/wordpress-migration/2022/07/IMG_0399.jpg,IMG_0399.jpg,content structure rewrite requires separate portfolio/page implementation approval; file import is approved independently
rewrite_embedded_media_url,portfolio_embedded_media_url,portfolio,8917,project-3,Private Villa 2,https://coveinterior.com/wp-content/uploads/2022/07/IMG_0399-150x200.jpg,https://coveinterior.com/wp-content/uploads/2022/07/IMG_0399.jpg,/media/wordpress-migration/2022/07/IMG_0399.jpg,IMG_0399.jpg,content structure rewrite requires separate portfolio/page implementation approval; file import is approved independently
rewrite_embedded_media_url,portfolio_embedded_media_url,portfolio,8917,project-3,Private Villa 2,https://coveinterior.com/wp-content/uploads/2022/07/IMG_0399-700x933.jpg,https://coveinterior.com/wp-content/uploads/2022/07/IMG_0399.jpg,/media/wordpress-migration/2022/07/IMG_0399.jpg,IMG_0399.jpg,content structure rewrite requires separate portfolio/page implementation approval; file import is approved independently
rewrite_embedded_media_url,portfolio_embedded_media_url,portfolio,8917,project-3,Private Villa 2,https://coveinterior.com/wp-content/uploads/2022/07/IMG_0399-225x300.jpg,https://coveinterior.com/wp-content/uploads/2022/07/IMG_0399.jpg,/media/wordpress-migration/2022/07/IMG_0399.jpg,IMG_0399.jpg,content structure rewrite requires separate portfolio/page implementation approval; file import is approved independently
rewrite_embedded_media_url,portfolio_embedded_media_url,portfolio,8917,project-3,Private Villa 2,https://coveinterior.com/wp-content/uploads/2022/07/IMG_0399-600x800.jpg,https://coveinterior.com/wp-content/uploads/2022/07/IMG_0399.jpg,/media/wordpress-migration/2022/07/IMG_0399.jpg,IMG_0399.jpg,content structure rewrite requires separate portfolio/page implementation approval; file import is approved independently
rewrite_embedded_media_url,portfolio_embedded_media_url,portfolio,8917,project-3,Private Villa 2,https://coveinterior.com/wp-content/uploads/2022/07/IMG_0399-768x1024.jpg,https://coveinterior.com/wp-content/uploads/2022/07/IMG_0399.jpg,/media/wordpress-migration/2022/07/IMG_0399.jpg,IMG_0399.jpg,content structure rewrite requires separate portfolio/page implementation approval; file import is approved independently
rewrite_embedded_media_url,portfolio_embedded_media_url,portfolio,8917,project-3,Private Villa 2,https://coveinterior.com/wp-content/uploads/2022/07/main-1.jpg,https://coveinterior.com/wp-content/uploads/2022/07/main-1.jpg,/media/wordpress-migration/2022/07/main-1.jpg,main-1.jpg,content structure rewrite requires separate portfolio/page implementation approval; file import is approved independently
rewrite_embedded_media_url,portfolio_embedded_media_url,portfolio,8917,project-3,Private Villa 2,https://coveinterior.com/wp-content/uploads/2022/07/main-1-430x287.jpg,https://coveinterior.com/wp-content/uploads/2022/07/main-1.jpg,/media/wordpress-migration/2022/07/main-1.jpg,main-1.jpg,content structure rewrite requires separate portfolio/page implementation approval; file import is approved independently
rewrite_embedded_media_url,portfolio_embedded_media_url,portfolio,8917,project-3,Private Villa 2,https://coveinterior.com/wp-content/uploads/2022/07/main-1-150x100.jpg,https://coveinterior.com/wp-content/uploads/2022/07/main-1.jpg,/media/wordpress-migration/2022/07/main-1.jpg,main-1.jpg,content structure rewrite requires separate portfolio/page implementation approval; file import is approved independently
rewrite_embedded_media_url,portfolio_embedded_media_url,portfolio,8917,project-3,Private Villa 2,https://coveinterior.com/wp-content/uploads/2022/07/main-1-700x467.jpg,https://coveinterior.com/wp-content/uploads/2022/07/main-1.jpg,/media/wordpress-migration/2022/07/main-1.jpg,main-1.jpg,content structure rewrite requires separate portfolio/page implementation approval; file import is approved independently
rewrite_embedded_media_url,portfolio_embedded_media_url,portfolio,8917,project-3,Private Villa 2,https://coveinterior.com/wp-content/uploads/2022/07/main-1-400x267.jpg,https://coveinterior.com/wp-content/uploads/2022/07/main-1.jpg,/media/wordpress-migration/2022/07/main-1.jpg,main-1.jpg,content structure rewrite requires separate portfolio/page implementation approval; file import is approved independently
rewrite_embedded_media_url,portfolio_embedded_media_url,portfolio,8917,project-3,Private Villa 2,https://coveinterior.com/wp-content/uploads/2022/07/main-1-1200x800.jpg,https://coveinterior.com/wp-content/uploads/2022/07/main-1.jpg,/media/wordpress-migration/2022/07/main-1.jpg,main-1.jpg,content structure rewrite requires separate portfolio/page implementation approval; file import is approved independently
rewrite_embedded_media_url,portfolio_embedded_media_url,portfolio,8917,project-3,Private Villa 2,https://coveinterior.com/wp-content/uploads/2022/07/main-1-768x512.jpg,https://coveinterior.com/wp-content/uploads/2022/07/main-1.jpg,/media/wordpress-migration/2022/07/main-1.jpg,main-1.jpg,content structure rewrite requires separate portfolio/page implementation approval; file import is approved independently
rewrite_embedded_media_url,portfolio_embedded_media_url,portfolio,8917,project-3,Private Villa 2,https://coveinterior.com/wp-content/uploads/2022/07/main-1-860x573.jpg,https://coveinterior.com/wp-content/uploads/2022/07/main-1.jpg,/media/wordpress-migration/2022/07/main-1.jpg,main-1.jpg,content structure rewrite requires separate portfolio/page implementation approval; file import is approved independently
set_portfolio_featured_image,portfolio_featured_image,portfolio,8867,project-2,Private Villa 1,https://coveinterior.com/wp-content/uploads/2022/07/IMG_0245.jpg,https://coveinterior.com/wp-content/uploads/2022/07/IMG_0245.jpg,/media/wordpress-migration/2022/07/IMG_0245.jpg,IMG_0245.jpg,content structure rewrite requires separate portfolio/page implementation approval; file import is approved independently
rewrite_embedded_media_url,portfolio_embedded_media_url,portfolio,8867,project-2,Private Villa 1,https://coveinterior.com/wp-content/uploads/2022/07/IMG_0245-430x430.jpg,https://coveinterior.com/wp-content/uploads/2022/07/IMG_0245.jpg,/media/wordpress-migration/2022/07/IMG_0245.jpg,IMG_0245.jpg,content structure rewrite requires separate portfolio/page implementation approval; file import is approved independently
rewrite_embedded_media_url,portfolio_embedded_media_url,portfolio,8867,project-2,Private Villa 1,https://coveinterior.com/wp-content/uploads/2022/07/IMG_0245-150x150.jpg,https://coveinterior.com/wp-content/uploads/2022/07/IMG_0245.jpg,/media/wordpress-migration/2022/07/IMG_0245.jpg,IMG_0245.jpg,content structure rewrite requires separate portfolio/page implementation approval; file import is approved independently
rewrite_embedded_media_url,portfolio_embedded_media_url,portfolio,8867,project-2,Private Villa 1,https://coveinterior.com/wp-content/uploads/2022/07/IMG_0245-700x700.jpg,https://coveinterior.com/wp-content/uploads/2022/07/IMG_0245.jpg,/media/wordpress-migration/2022/07/IMG_0245.jpg,IMG_0245.jpg,content structure rewrite requires separate portfolio/page implementation approval; file import is approved independently
rewrite_embedded_media_url,portfolio_embedded_media_url,portfolio,8867,project-2,Private Villa 1,https://coveinterior.com/wp-content/uploads/2022/07/IMG_0245-300x300.jpg,https://coveinterior.com/wp-content/uploads/2022/07/IMG_0245.jpg,/media/wordpress-migration/2022/07/IMG_0245.jpg,IMG_0245.jpg,content structure rewrite requires separate portfolio/page implementation approval; file import is approved independently
rewrite_embedded_media_url,portfolio_embedded_media_url,portfolio,8867,project-2,Private Villa 1,https://coveinterior.com/wp-content/uploads/2022/07/IMG_0245-800x800.jpg,https://coveinterior.com/wp-content/uploads/2022/07/IMG_0245.jpg,/media/wordpress-migration/2022/07/IMG_0245.jpg,IMG_0245.jpg,content structure rewrite requires separate portfolio/page implementation approval; file import is approved independently
rewrite_embedded_media_url,portfolio_embedded_media_url,portfolio,8867,project-2,Private Villa 1,https://coveinterior.com/wp-content/uploads/2022/07/IMG_0245-768x768.jpg,https://coveinterior.com/wp-content/uploads/2022/07/IMG_0245.jpg,/media/wordpress-migration/2022/07/IMG_0245.jpg,IMG_0245.jpg,content structure rewrite requires separate portfolio/page implementation approval; file import is approved independently
rewrite_embedded_media_url,portfolio_embedded_media_url,portfolio,8867,project-2,Private Villa 1,https://coveinterior.com/wp-content/uploads/2022/07/IMG_0245-860x860.jpg,https://coveinterior.com/wp-content/uploads/2022/07/IMG_0245.jpg,/media/wordpress-migration/2022/07/IMG_0245.jpg,IMG_0245.jpg,content structure rewrite requires separate portfolio/page implementation approval; file import is approved independently
rewrite_embedded_media_url,portfolio_embedded_media_url,portfolio,8867,project-2,Private Villa 1,https://coveinterior.com/wp-content/uploads/2022/07/IMG_0247.jpg,https://coveinterior.com/wp-content/uploads/2022/07/IMG_0247.jpg,/media/wordpress-migration/2022/07/IMG_0247.jpg,IMG_0247.jpg,content structure rewrite requires separate portfolio/page implementation approval; file import is approved independently
rewrite_embedded_media_url,portfolio_embedded_media_url,portfolio,8867,project-2,Private Villa 1,https://coveinterior.com/wp-content/uploads/2022/07/IMG_0247-430x430.jpg,https://coveinterior.com/wp-content/uploads/2022/07/IMG_0247.jpg,/media/wordpress-migration/2022/07/IMG_0247.jpg,IMG_0247.jpg,content structure rewrite requires separate portfolio/page implementation approval; file import is approved independently
rewrite_embedded_media_url,portfolio_embedded_media_url,portfolio,8867,project-2,Private Villa 1,https://coveinterior.com/wp-content/uploads/2022/07/IMG_0247-150x150.jpg,https://coveinterior.com/wp-content/uploads/2022/07/IMG_0247.jpg,/media/wordpress-migration/2022/07/IMG_0247.jpg,IMG_0247.jpg,content structure rewrite requires separate portfolio/page implementation approval; file import is approved independently
rewrite_embedded_media_url,portfolio_embedded_media_url,portfolio,8867,project-2,Private Villa 1,https://coveinterior.com/wp-content/uploads/2022/07/IMG_0247-700x700.jpg,https://coveinterior.com/wp-content/uploads/2022/07/IMG_0247.jpg,/media/wordpress-migration/2022/07/IMG_0247.jpg,IMG_0247.jpg,content structure rewrite requires separate portfolio/page implementation approval; file import is approved independently
rewrite_embedded_media_url,portfolio_embedded_media_url,portfolio,8867,project-2,Private Villa 1,https://coveinterior.com/wp-content/uploads/2022/07/IMG_0247-300x300.jpg,https://coveinterior.com/wp-content/uploads/2022/07/IMG_0247.jpg,/media/wordpress-migration/2022/07/IMG_0247.jpg,IMG_0247.jpg,content structure rewrite requires separate portfolio/page implementation approval; file import is approved independently
rewrite_embedded_media_url,portfolio_embedded_media_url,portfolio,8867,project-2,Private Villa 1,https://coveinterior.com/wp-content/uploads/2022/07/IMG_0247-800x800.jpg,https://coveinterior.com/wp-content/uploads/2022/07/IMG_0247.jpg,/media/wordpress-migration/2022/07/IMG_0247.jpg,IMG_0247.jpg,content structure rewrite requires separate portfolio/page implementation approval; file import is approved independently
rewrite_embedded_media_url,portfolio_embedded_media_url,portfolio,8867,project-2,Private Villa 1,https://coveinterior.com/wp-content/uploads/2022/07/IMG_0247-768x768.jpg,https://coveinterior.com/wp-content/uploads/2022/07/IMG_0247.jpg,/media/wordpress-migration/2022/07/IMG_0247.jpg,IMG_0247.jpg,content structure rewrite requires separate portfolio/page implementation approval; file import is approved independently
rewrite_embedded_media_url,portfolio_embedded_media_url,portfolio,8867,project-2,Private Villa 1,https://coveinterior.com/wp-content/uploads/2022/07/IMG_0247-860x860.jpg,https://coveinterior.com/wp-content/uploads/2022/07/IMG_0247.jpg,/media/wordpress-migration/2022/07/IMG_0247.jpg,IMG_0247.jpg,content structure rewrite requires separate portfolio/page implementation approval; file import is approved independently
rewrite_embedded_media_url,portfolio_embedded_media_url,portfolio,8867,project-2,Private Villa 1,https://coveinterior.com/wp-content/uploads/2022/07/IMG_0249.jpg,https://coveinterior.com/wp-content/uploads/2022/07/IMG_0249.jpg,/media/wordpress-migration/2022/07/IMG_0249.jpg,IMG_0249.jpg,content structure rewrite requires separate portfolio/page implementation approval; file import is approved independently
rewrite_embedded_media_url,portfolio_embedded_media_url,portfolio,8867,project-2,Private Villa 1,https://coveinterior.com/wp-content/uploads/2022/07/IMG_0249-430x430.jpg,https://coveinterior.com/wp-content/uploads/2022/07/IMG_0249.jpg,/media/wordpress-migration/2022/07/IMG_0249.jpg,IMG_0249.jpg,content structure rewrite requires separate portfolio/page implementation approval; file import is approved independently
rewrite_embedded_media_url,portfolio_embedded_media_url,portfolio,8867,project-2,Private Villa 1,https://coveinterior.com/wp-content/uploads/2022/07/IMG_0249-150x150.jpg,https://coveinterior.com/wp-content/uploads/2022/07/IMG_0249.jpg,/media/wordpress-migration/2022/07/IMG_0249.jpg,IMG_0249.jpg,content structure rewrite requires separate portfolio/page implementation approval; file import is approved independently
rewrite_embedded_media_url,portfolio_embedded_media_url,portfolio,8867,project-2,Private Villa 1,https://coveinterior.com/wp-content/uploads/2022/07/IMG_0249-700x700.jpg,https://coveinterior.com/wp-content/uploads/2022/07/IMG_0249.jpg,/media/wordpress-migration/2022/07/IMG_0249.jpg,IMG_0249.jpg,content structure rewrite requires separate portfolio/page implementation approval; file import is approved independently
rewrite_embedded_media_url,portfolio_embedded_media_url,portfolio,8867,project-2,Private Villa 1,https://coveinterior.com/wp-content/uploads/2022/07/IMG_0249-300x300.jpg,https://coveinterior.com/wp-content/uploads/2022/07/IMG_0249.jpg,/media/wordpress-migration/2022/07/IMG_0249.jpg,IMG_0249.jpg,content structure rewrite requires separate portfolio/page implementation approval; file import is approved independently
rewrite_embedded_media_url,portfolio_embedded_media_url,portfolio,8867,project-2,Private Villa 1,https://coveinterior.com/wp-content/uploads/2022/07/IMG_0249-800x800.jpg,https://coveinterior.com/wp-content/uploads/2022/07/IMG_0249.jpg,/media/wordpress-migration/2022/07/IMG_0249.jpg,IMG_0249.jpg,content structure rewrite requires separate portfolio/page implementation approval; file import is approved independently
rewrite_embedded_media_url,portfolio_embedded_media_url,portfolio,8867,project-2,Private Villa 1,https://coveinterior.com/wp-content/uploads/2022/07/IMG_0249-768x768.jpg,https://coveinterior.com/wp-content/uploads/2022/07/IMG_0249.jpg,/media/wordpress-migration/2022/07/IMG_0249.jpg,IMG_0249.jpg,content structure rewrite requires separate portfolio/page implementation approval; file import is approved independently
rewrite_embedded_media_url,portfolio_embedded_media_url,portfolio,8867,project-2,Private Villa 1,https://coveinterior.com/wp-content/uploads/2022/07/IMG_0249-860x860.jpg,https://coveinterior.com/wp-content/uploads/2022/07/IMG_0249.jpg,/media/wordpress-migration/2022/07/IMG_0249.jpg,IMG_0249.jpg,content structure rewrite requires separate portfolio/page implementation approval; file import is approved independently
rewrite_embedded_media_url,portfolio_embedded_media_url,portfolio,8867,project-2,Private Villa 1,https://coveinterior.com/wp-content/uploads/2022/07/IMG_0253.jpg,https://coveinterior.com/wp-content/uploads/2022/07/IMG_0253.jpg,/media/wordpress-migration/2022/07/IMG_0253.jpg,IMG_0253.jpg,content structure rewrite requires separate portfolio/page implementation approval; file import is approved independently
rewrite_embedded_media_url,portfolio_embedded_media_url,portfolio,8867,project-2,Private Villa 1,https://coveinterior.com/wp-content/uploads/2022/07/IMG_0253-430x430.jpg,https://coveinterior.com/wp-content/uploads/2022/07/IMG_0253.jpg,/media/wordpress-migration/2022/07/IMG_0253.jpg,IMG_0253.jpg,content structure rewrite requires separate portfolio/page implementation approval; file import is approved independently
rewrite_embedded_media_url,portfolio_embedded_media_url,portfolio,8867,project-2,Private Villa 1,https://coveinterior.com/wp-content/uploads/2022/07/IMG_0253-150x150.jpg,https://coveinterior.com/wp-content/uploads/2022/07/IMG_0253.jpg,/media/wordpress-migration/2022/07/IMG_0253.jpg,IMG_0253.jpg,content structure rewrite requires separate portfolio/page implementation approval; file import is approved independently
rewrite_embedded_media_url,portfolio_embedded_media_url,portfolio,8867,project-2,Private Villa 1,https://coveinterior.com/wp-content/uploads/2022/07/IMG_0253-700x700.jpg,https://coveinterior.com/wp-content/uploads/2022/07/IMG_0253.jpg,/media/wordpress-migration/2022/07/IMG_0253.jpg,IMG_0253.jpg,content structure rewrite requires separate portfolio/page implementation approval; file import is approved independently
rewrite_embedded_media_url,portfolio_embedded_media_url,portfolio,8867,project-2,Private Villa 1,https://coveinterior.com/wp-content/uploads/2022/07/IMG_0253-300x300.jpg,https://coveinterior.com/wp-content/uploads/2022/07/IMG_0253.jpg,/media/wordpress-migration/2022/07/IMG_0253.jpg,IMG_0253.jpg,content structure rewrite requires separate portfolio/page implementation approval; file import is approved independently
rewrite_embedded_media_url,portfolio_embedded_media_url,portfolio,8867,project-2,Private Villa 1,https://coveinterior.com/wp-content/uploads/2022/07/IMG_0253-800x800.jpg,https://coveinterior.com/wp-content/uploads/2022/07/IMG_0253.jpg,/media/wordpress-migration/2022/07/IMG_0253.jpg,IMG_0253.jpg,content structure rewrite requires separate portfolio/page implementation approval; file import is approved independently
rewrite_embedded_media_url,portfolio_embedded_media_url,portfolio,8867,project-2,Private Villa 1,https://coveinterior.com/wp-content/uploads/2022/07/IMG_0253-768x768.jpg,https://coveinterior.com/wp-content/uploads/2022/07/IMG_0253.jpg,/media/wordpress-migration/2022/07/IMG_0253.jpg,IMG_0253.jpg,content structure rewrite requires separate portfolio/page implementation approval; file import is approved independently
rewrite_embedded_media_url,portfolio_embedded_media_url,portfolio,8867,project-2,Private Villa 1,https://coveinterior.com/wp-content/uploads/2022/07/IMG_0253-860x860.jpg,https://coveinterior.com/wp-content/uploads/2022/07/IMG_0253.jpg,/media/wordpress-migration/2022/07/IMG_0253.jpg,IMG_0253.jpg,content structure rewrite requires separate portfolio/page implementation approval; file import is approved independently
rewrite_embedded_media_url,portfolio_embedded_media_url,portfolio,8867,project-2,Private Villa 1,https://coveinterior.com/wp-content/uploads/2022/07/IMG_0255.jpg,https://coveinterior.com/wp-content/uploads/2022/07/IMG_0255.jpg,/media/wordpress-migration/2022/07/IMG_0255.jpg,IMG_0255.jpg,content structure rewrite requires separate portfolio/page implementation approval; file import is approved independently
rewrite_embedded_media_url,portfolio_embedded_media_url,portfolio,8867,project-2,Private Villa 1,https://coveinterior.com/wp-content/uploads/2022/07/IMG_0255-430x430.jpg,https://coveinterior.com/wp-content/uploads/2022/07/IMG_0255.jpg,/media/wordpress-migration/2022/07/IMG_0255.jpg,IMG_0255.jpg,content structure rewrite requires separate portfolio/page implementation approval; file import is approved independently
rewrite_embedded_media_url,portfolio_embedded_media_url,portfolio,8867,project-2,Private Villa 1,https://coveinterior.com/wp-content/uploads/2022/07/IMG_0255-150x150.jpg,https://coveinterior.com/wp-content/uploads/2022/07/IMG_0255.jpg,/media/wordpress-migration/2022/07/IMG_0255.jpg,IMG_0255.jpg,content structure rewrite requires separate portfolio/page implementation approval; file import is approved independently
rewrite_embedded_media_url,portfolio_embedded_media_url,portfolio,8867,project-2,Private Villa 1,https://coveinterior.com/wp-content/uploads/2022/07/IMG_0255-700x700.jpg,https://coveinterior.com/wp-content/uploads/2022/07/IMG_0255.jpg,/media/wordpress-migration/2022/07/IMG_0255.jpg,IMG_0255.jpg,content structure rewrite requires separate portfolio/page implementation approval; file import is approved independently
rewrite_embedded_media_url,portfolio_embedded_media_url,portfolio,8867,project-2,Private Villa 1,https://coveinterior.com/wp-content/uploads/2022/07/IMG_0255-300x300.jpg,https://coveinterior.com/wp-content/uploads/2022/07/IMG_0255.jpg,/media/wordpress-migration/2022/07/IMG_0255.jpg,IMG_0255.jpg,content structure rewrite requires separate portfolio/page implementation approval; file import is approved independently
rewrite_embedded_media_url,portfolio_embedded_media_url,portfolio,8867,project-2,Private Villa 1,https://coveinterior.com/wp-content/uploads/2022/07/IMG_0255-800x800.jpg,https://coveinterior.com/wp-content/uploads/2022/07/IMG_0255.jpg,/media/wordpress-migration/2022/07/IMG_0255.jpg,IMG_0255.jpg,content structure rewrite requires separate portfolio/page implementation approval; file import is approved independently
rewrite_embedded_media_url,portfolio_embedded_media_url,portfolio,8867,project-2,Private Villa 1,https://coveinterior.com/wp-content/uploads/2022/07/IMG_0255-768x768.jpg,https://coveinterior.com/wp-content/uploads/2022/07/IMG_0255.jpg,/media/wordpress-migration/2022/07/IMG_0255.jpg,IMG_0255.jpg,content structure rewrite requires separate portfolio/page implementation approval; file import is approved independently
rewrite_embedded_media_url,portfolio_embedded_media_url,portfolio,8867,project-2,Private Villa 1,https://coveinterior.com/wp-content/uploads/2022/07/IMG_0255-860x860.jpg,https://coveinterior.com/wp-content/uploads/2022/07/IMG_0255.jpg,/media/wordpress-migration/2022/07/IMG_0255.jpg,IMG_0255.jpg,content structure rewrite requires separate portfolio/page implementation approval; file import is approved independently
rewrite_embedded_media_url,portfolio_embedded_media_url,portfolio,8867,project-2,Private Villa 1,https://coveinterior.com/wp-content/uploads/2022/07/IMG_0259.jpg,https://coveinterior.com/wp-content/uploads/2022/07/IMG_0259.jpg,/media/wordpress-migration/2022/07/IMG_0259.jpg,IMG_0259.jpg,content structure rewrite requires separate portfolio/page implementation approval; file import is approved independently
rewrite_embedded_media_url,portfolio_embedded_media_url,portfolio,8867,project-2,Private Villa 1,https://coveinterior.com/wp-content/uploads/2022/07/IMG_0259-430x430.jpg,https://coveinterior.com/wp-content/uploads/2022/07/IMG_0259.jpg,/media/wordpress-migration/2022/07/IMG_0259.jpg,IMG_0259.jpg,content structure rewrite requires separate portfolio/page implementation approval; file import is approved independently
rewrite_embedded_media_url,portfolio_embedded_media_url,portfolio,8867,project-2,Private Villa 1,https://coveinterior.com/wp-content/uploads/2022/07/IMG_0259-150x150.jpg,https://coveinterior.com/wp-content/uploads/2022/07/IMG_0259.jpg,/media/wordpress-migration/2022/07/IMG_0259.jpg,IMG_0259.jpg,content structure rewrite requires separate portfolio/page implementation approval; file import is approved independently
rewrite_embedded_media_url,portfolio_embedded_media_url,portfolio,8867,project-2,Private Villa 1,https://coveinterior.com/wp-content/uploads/2022/07/IMG_0259-700x700.jpg,https://coveinterior.com/wp-content/uploads/2022/07/IMG_0259.jpg,/media/wordpress-migration/2022/07/IMG_0259.jpg,IMG_0259.jpg,content structure rewrite requires separate portfolio/page implementation approval; file import is approved independently
rewrite_embedded_media_url,portfolio_embedded_media_url,portfolio,8867,project-2,Private Villa 1,https://coveinterior.com/wp-content/uploads/2022/07/IMG_0259-300x300.jpg,https://coveinterior.com/wp-content/uploads/2022/07/IMG_0259.jpg,/media/wordpress-migration/2022/07/IMG_0259.jpg,IMG_0259.jpg,content structure rewrite requires separate portfolio/page implementation approval; file import is approved independently
rewrite_embedded_media_url,portfolio_embedded_media_url,portfolio,8867,project-2,Private Villa 1,https://coveinterior.com/wp-content/uploads/2022/07/IMG_0259-800x800.jpg,https://coveinterior.com/wp-content/uploads/2022/07/IMG_0259.jpg,/media/wordpress-migration/2022/07/IMG_0259.jpg,IMG_0259.jpg,content structure rewrite requires separate portfolio/page implementation approval; file import is approved independently
rewrite_embedded_media_url,portfolio_embedded_media_url,portfolio,8867,project-2,Private Villa 1,https://coveinterior.com/wp-content/uploads/2022/07/IMG_0259-768x768.jpg,https://coveinterior.com/wp-content/uploads/2022/07/IMG_0259.jpg,/media/wordpress-migration/2022/07/IMG_0259.jpg,IMG_0259.jpg,content structure rewrite requires separate portfolio/page implementation approval; file import is approved independently
rewrite_embedded_media_url,portfolio_embedded_media_url,portfolio,8867,project-2,Private Villa 1,https://coveinterior.com/wp-content/uploads/2022/07/IMG_0259-860x860.jpg,https://coveinterior.com/wp-content/uploads/2022/07/IMG_0259.jpg,/media/wordpress-migration/2022/07/IMG_0259.jpg,IMG_0259.jpg,content structure rewrite requires separate portfolio/page implementation approval; file import is approved independently
rewrite_embedded_media_url,portfolio_embedded_media_url,portfolio,8867,project-2,Private Villa 1,https://coveinterior.com/wp-content/uploads/2022/07/IMG_0274.jpg,https://coveinterior.com/wp-content/uploads/2022/07/IMG_0274.jpg,/media/wordpress-migration/2022/07/IMG_0274.jpg,IMG_0274.jpg,content structure rewrite requires separate portfolio/page implementation approval; file import is approved independently
rewrite_embedded_media_url,portfolio_embedded_media_url,portfolio,8867,project-2,Private Villa 1,https://coveinterior.com/wp-content/uploads/2022/07/IMG_0274-430x430.jpg,https://coveinterior.com/wp-content/uploads/2022/07/IMG_0274.jpg,/media/wordpress-migration/2022/07/IMG_0274.jpg,IMG_0274.jpg,content structure rewrite requires separate portfolio/page implementation approval; file import is approved independently
rewrite_embedded_media_url,portfolio_embedded_media_url,portfolio,8867,project-2,Private Villa 1,https://coveinterior.com/wp-content/uploads/2022/07/IMG_0274-150x150.jpg,https://coveinterior.com/wp-content/uploads/2022/07/IMG_0274.jpg,/media/wordpress-migration/2022/07/IMG_0274.jpg,IMG_0274.jpg,content structure rewrite requires separate portfolio/page implementation approval; file import is approved independently
rewrite_embedded_media_url,portfolio_embedded_media_url,portfolio,8867,project-2,Private Villa 1,https://coveinterior.com/wp-content/uploads/2022/07/IMG_0274-700x700.jpg,https://coveinterior.com/wp-content/uploads/2022/07/IMG_0274.jpg,/media/wordpress-migration/2022/07/IMG_0274.jpg,IMG_0274.jpg,content structure rewrite requires separate portfolio/page implementation approval; file import is approved independently
rewrite_embedded_media_url,portfolio_embedded_media_url,portfolio,8867,project-2,Private Villa 1,https://coveinterior.com/wp-content/uploads/2022/07/IMG_0274-300x300.jpg,https://coveinterior.com/wp-content/uploads/2022/07/IMG_0274.jpg,/media/wordpress-migration/2022/07/IMG_0274.jpg,IMG_0274.jpg,content structure rewrite requires separate portfolio/page implementation approval; file import is approved independently
rewrite_embedded_media_url,portfolio_embedded_media_url,portfolio,8867,project-2,Private Villa 1,https://coveinterior.com/wp-content/uploads/2022/07/IMG_0274-800x800.jpg,https://coveinterior.com/wp-content/uploads/2022/07/IMG_0274.jpg,/media/wordpress-migration/2022/07/IMG_0274.jpg,IMG_0274.jpg,content structure rewrite requires separate portfolio/page implementation approval; file import is approved independently
rewrite_embedded_media_url,portfolio_embedded_media_url,portfolio,8867,project-2,Private Villa 1,https://coveinterior.com/wp-content/uploads/2022/07/IMG_0274-768x768.jpg,https://coveinterior.com/wp-content/uploads/2022/07/IMG_0274.jpg,/media/wordpress-migration/2022/07/IMG_0274.jpg,IMG_0274.jpg,content structure rewrite requires separate portfolio/page implementation approval; file import is approved independently
rewrite_embedded_media_url,portfolio_embedded_media_url,portfolio,8867,project-2,Private Villa 1,https://coveinterior.com/wp-content/uploads/2022/07/IMG_0274-860x860.jpg,https://coveinterior.com/wp-content/uploads/2022/07/IMG_0274.jpg,/media/wordpress-migration/2022/07/IMG_0274.jpg,IMG_0274.jpg,content structure rewrite requires separate portfolio/page implementation approval; file import is approved independently
rewrite_embedded_media_url,portfolio_embedded_media_url,portfolio,8867,project-2,Private Villa 1,https://coveinterior.com/wp-content/uploads/2022/07/IMG_0283.jpg,https://coveinterior.com/wp-content/uploads/2022/07/IMG_0283.jpg,/media/wordpress-migration/2022/07/IMG_0283.jpg,IMG_0283.jpg,content structure rewrite requires separate portfolio/page implementation approval; file import is approved independently
rewrite_embedded_media_url,portfolio_embedded_media_url,portfolio,8867,project-2,Private Villa 1,https://coveinterior.com/wp-content/uploads/2022/07/IMG_0283-430x323.jpg,https://coveinterior.com/wp-content/uploads/2022/07/IMG_0283.jpg,/media/wordpress-migration/2022/07/IMG_0283.jpg,IMG_0283.jpg,content structure rewrite requires separate portfolio/page implementation approval; file import is approved independently
rewrite_embedded_media_url,portfolio_embedded_media_url,portfolio,8867,project-2,Private Villa 1,https://coveinterior.com/wp-content/uploads/2022/07/IMG_0283-150x113.jpg,https://coveinterior.com/wp-content/uploads/2022/07/IMG_0283.jpg,/media/wordpress-migration/2022/07/IMG_0283.jpg,IMG_0283.jpg,content structure rewrite requires separate portfolio/page implementation approval; file import is approved independently
rewrite_embedded_media_url,portfolio_embedded_media_url,portfolio,8867,project-2,Private Villa 1,https://coveinterior.com/wp-content/uploads/2022/07/IMG_0283-700x525.jpg,https://coveinterior.com/wp-content/uploads/2022/07/IMG_0283.jpg,/media/wordpress-migration/2022/07/IMG_0283.jpg,IMG_0283.jpg,content structure rewrite requires separate portfolio/page implementation approval; file import is approved independently
rewrite_embedded_media_url,portfolio_embedded_media_url,portfolio,8867,project-2,Private Villa 1,https://coveinterior.com/wp-content/uploads/2022/07/IMG_0283-400x300.jpg,https://coveinterior.com/wp-content/uploads/2022/07/IMG_0283.jpg,/media/wordpress-migration/2022/07/IMG_0283.jpg,IMG_0283.jpg,content structure rewrite requires separate portfolio/page implementation approval; file import is approved independently
rewrite_embedded_media_url,portfolio_embedded_media_url,portfolio,8867,project-2,Private Villa 1,https://coveinterior.com/wp-content/uploads/2022/07/IMG_0283-1067x800.jpg,https://coveinterior.com/wp-content/uploads/2022/07/IMG_0283.jpg,/media/wordpress-migration/2022/07/IMG_0283.jpg,IMG_0283.jpg,content structure rewrite requires separate portfolio/page implementation approval; file import is approved independently
rewrite_embedded_media_url,portfolio_embedded_media_url,portfolio,8867,project-2,Private Villa 1,https://coveinterior.com/wp-content/uploads/2022/07/IMG_0283-768x576.jpg,https://coveinterior.com/wp-content/uploads/2022/07/IMG_0283.jpg,/media/wordpress-migration/2022/07/IMG_0283.jpg,IMG_0283.jpg,content structure rewrite requires separate portfolio/page implementation approval; file import is approved independently
rewrite_embedded_media_url,portfolio_embedded_media_url,portfolio,8867,project-2,Private Villa 1,https://coveinterior.com/wp-content/uploads/2022/07/IMG_0283-860x645.jpg,https://coveinterior.com/wp-content/uploads/2022/07/IMG_0283.jpg,/media/wordpress-migration/2022/07/IMG_0283.jpg,IMG_0283.jpg,content structure rewrite requires separate portfolio/page implementation approval; file import is approved independently
rewrite_embedded_media_url,portfolio_embedded_media_url,portfolio,8867,project-2,Private Villa 1,https://coveinterior.com/wp-content/uploads/2022/07/IMG_0285.jpg,https://coveinterior.com/wp-content/uploads/2022/07/IMG_0285.jpg,/media/wordpress-migration/2022/07/IMG_0285.jpg,IMG_0285.jpg,content structure rewrite requires separate portfolio/page implementation approval; file import is approved independently
rewrite_embedded_media_url,portfolio_embedded_media_url,portfolio,8867,project-2,Private Villa 1,https://coveinterior.com/wp-content/uploads/2022/07/IMG_0285-430x573.jpg,https://coveinterior.com/wp-content/uploads/2022/07/IMG_0285.jpg,/media/wordpress-migration/2022/07/IMG_0285.jpg,IMG_0285.jpg,content structure rewrite requires separate portfolio/page implementation approval; file import is approved independently
rewrite_embedded_media_url,portfolio_embedded_media_url,portfolio,8867,project-2,Private Villa 1,https://coveinterior.com/wp-content/uploads/2022/07/IMG_0285-150x200.jpg,https://coveinterior.com/wp-content/uploads/2022/07/IMG_0285.jpg,/media/wordpress-migration/2022/07/IMG_0285.jpg,IMG_0285.jpg,content structure rewrite requires separate portfolio/page implementation approval; file import is approved independently
rewrite_embedded_media_url,portfolio_embedded_media_url,portfolio,8867,project-2,Private Villa 1,https://coveinterior.com/wp-content/uploads/2022/07/IMG_0285-700x933.jpg,https://coveinterior.com/wp-content/uploads/2022/07/IMG_0285.jpg,/media/wordpress-migration/2022/07/IMG_0285.jpg,IMG_0285.jpg,content structure rewrite requires separate portfolio/page implementation approval; file import is approved independently
rewrite_embedded_media_url,portfolio_embedded_media_url,portfolio,8867,project-2,Private Villa 1,https://coveinterior.com/wp-content/uploads/2022/07/IMG_0285-225x300.jpg,https://coveinterior.com/wp-content/uploads/2022/07/IMG_0285.jpg,/media/wordpress-migration/2022/07/IMG_0285.jpg,IMG_0285.jpg,content structure rewrite requires separate portfolio/page implementation approval; file import is approved independently
rewrite_embedded_media_url,portfolio_embedded_media_url,portfolio,8867,project-2,Private Villa 1,https://coveinterior.com/wp-content/uploads/2022/07/IMG_0285-600x800.jpg,https://coveinterior.com/wp-content/uploads/2022/07/IMG_0285.jpg,/media/wordpress-migration/2022/07/IMG_0285.jpg,IMG_0285.jpg,content structure rewrite requires separate portfolio/page implementation approval; file import is approved independently
rewrite_embedded_media_url,portfolio_embedded_media_url,portfolio,8867,project-2,Private Villa 1,https://coveinterior.com/wp-content/uploads/2022/07/IMG_0285-768x1024.jpg,https://coveinterior.com/wp-content/uploads/2022/07/IMG_0285.jpg,/media/wordpress-migration/2022/07/IMG_0285.jpg,IMG_0285.jpg,content structure rewrite requires separate portfolio/page implementation approval; file import is approved independently
rewrite_embedded_media_url,portfolio_embedded_media_url,portfolio,8867,project-2,Private Villa 1,https://coveinterior.com/wp-content/uploads/2022/07/IMG_0298.jpg,https://coveinterior.com/wp-content/uploads/2022/07/IMG_0298.jpg,/media/wordpress-migration/2022/07/IMG_0298.jpg,IMG_0298.jpg,content structure rewrite requires separate portfolio/page implementation approval; file import is approved independently
rewrite_embedded_media_url,portfolio_embedded_media_url,portfolio,8867,project-2,Private Villa 1,https://coveinterior.com/wp-content/uploads/2022/07/IMG_0298-430x573.jpg,https://coveinterior.com/wp-content/uploads/2022/07/IMG_0298.jpg,/media/wordpress-migration/2022/07/IMG_0298.jpg,IMG_0298.jpg,content structure rewrite requires separate portfolio/page implementation approval; file import is approved independently
rewrite_embedded_media_url,portfolio_embedded_media_url,portfolio,8867,project-2,Private Villa 1,https://coveinterior.com/wp-content/uploads/2022/07/IMG_0298-150x200.jpg,https://coveinterior.com/wp-content/uploads/2022/07/IMG_0298.jpg,/media/wordpress-migration/2022/07/IMG_0298.jpg,IMG_0298.jpg,content structure rewrite requires separate portfolio/page implementation approval; file import is approved independently
rewrite_embedded_media_url,portfolio_embedded_media_url,portfolio,8867,project-2,Private Villa 1,https://coveinterior.com/wp-content/uploads/2022/07/IMG_0298-700x933.jpg,https://coveinterior.com/wp-content/uploads/2022/07/IMG_0298.jpg,/media/wordpress-migration/2022/07/IMG_0298.jpg,IMG_0298.jpg,content structure rewrite requires separate portfolio/page implementation approval; file import is approved independently
rewrite_embedded_media_url,portfolio_embedded_media_url,portfolio,8867,project-2,Private Villa 1,https://coveinterior.com/wp-content/uploads/2022/07/IMG_0298-225x300.jpg,https://coveinterior.com/wp-content/uploads/2022/07/IMG_0298.jpg,/media/wordpress-migration/2022/07/IMG_0298.jpg,IMG_0298.jpg,content structure rewrite requires separate portfolio/page implementation approval; file import is approved independently
rewrite_embedded_media_url,portfolio_embedded_media_url,portfolio,8867,project-2,Private Villa 1,https://coveinterior.com/wp-content/uploads/2022/07/IMG_0298-600x800.jpg,https://coveinterior.com/wp-content/uploads/2022/07/IMG_0298.jpg,/media/wordpress-migration/2022/07/IMG_0298.jpg,IMG_0298.jpg,content structure rewrite requires separate portfolio/page implementation approval; file import is approved independently
rewrite_embedded_media_url,portfolio_embedded_media_url,portfolio,8867,project-2,Private Villa 1,https://coveinterior.com/wp-content/uploads/2022/07/IMG_0298-768x1024.jpg,https://coveinterior.com/wp-content/uploads/2022/07/IMG_0298.jpg,/media/wordpress-migration/2022/07/IMG_0298.jpg,IMG_0298.jpg,content structure rewrite requires separate portfolio/page implementation approval; file import is approved independently
rewrite_embedded_media_url,portfolio_embedded_media_url,portfolio,8867,project-2,Private Villa 1,https://coveinterior.com/wp-content/uploads/2022/07/IMG_0304.jpg,https://coveinterior.com/wp-content/uploads/2022/07/IMG_0304.jpg,/media/wordpress-migration/2022/07/IMG_0304.jpg,IMG_0304.jpg,content structure rewrite requires separate portfolio/page implementation approval; file import is approved independently
rewrite_embedded_media_url,portfolio_embedded_media_url,portfolio,8867,project-2,Private Villa 1,https://coveinterior.com/wp-content/uploads/2022/07/IMG_0304-430x573.jpg,https://coveinterior.com/wp-content/uploads/2022/07/IMG_0304.jpg,/media/wordpress-migration/2022/07/IMG_0304.jpg,IMG_0304.jpg,content structure rewrite requires separate portfolio/page implementation approval; file import is approved independently
rewrite_embedded_media_url,portfolio_embedded_media_url,portfolio,8867,project-2,Private Villa 1,https://coveinterior.com/wp-content/uploads/2022/07/IMG_0304-150x200.jpg,https://coveinterior.com/wp-content/uploads/2022/07/IMG_0304.jpg,/media/wordpress-migration/2022/07/IMG_0304.jpg,IMG_0304.jpg,content structure rewrite requires separate portfolio/page implementation approval; file import is approved independently
rewrite_embedded_media_url,portfolio_embedded_media_url,portfolio,8867,project-2,Private Villa 1,https://coveinterior.com/wp-content/uploads/2022/07/IMG_0304-700x933.jpg,https://coveinterior.com/wp-content/uploads/2022/07/IMG_0304.jpg,/media/wordpress-migration/2022/07/IMG_0304.jpg,IMG_0304.jpg,content structure rewrite requires separate portfolio/page implementation approval; file import is approved independently
rewrite_embedded_media_url,portfolio_embedded_media_url,portfolio,8867,project-2,Private Villa 1,https://coveinterior.com/wp-content/uploads/2022/07/IMG_0304-225x300.jpg,https://coveinterior.com/wp-content/uploads/2022/07/IMG_0304.jpg,/media/wordpress-migration/2022/07/IMG_0304.jpg,IMG_0304.jpg,content structure rewrite requires separate portfolio/page implementation approval; file import is approved independently
rewrite_embedded_media_url,portfolio_embedded_media_url,portfolio,8867,project-2,Private Villa 1,https://coveinterior.com/wp-content/uploads/2022/07/IMG_0304-600x800.jpg,https://coveinterior.com/wp-content/uploads/2022/07/IMG_0304.jpg,/media/wordpress-migration/2022/07/IMG_0304.jpg,IMG_0304.jpg,content structure rewrite requires separate portfolio/page implementation approval; file import is approved independently
rewrite_embedded_media_url,portfolio_embedded_media_url,portfolio,8867,project-2,Private Villa 1,https://coveinterior.com/wp-content/uploads/2022/07/IMG_0304-768x1024.jpg,https://coveinterior.com/wp-content/uploads/2022/07/IMG_0304.jpg,/media/wordpress-migration/2022/07/IMG_0304.jpg,IMG_0304.jpg,content structure rewrite requires separate portfolio/page implementation approval; file import is approved independently
rewrite_embedded_media_url,portfolio_embedded_media_url,portfolio,8867,project-2,Private Villa 1,https://coveinterior.com/wp-content/uploads/2022/07/IMG_0307.jpg,https://coveinterior.com/wp-content/uploads/2022/07/IMG_0307.jpg,/media/wordpress-migration/2022/07/IMG_0307.jpg,IMG_0307.jpg,content structure rewrite requires separate portfolio/page implementation approval; file import is approved independently
rewrite_embedded_media_url,portfolio_embedded_media_url,portfolio,8867,project-2,Private Villa 1,https://coveinterior.com/wp-content/uploads/2022/07/IMG_0307-430x323.jpg,https://coveinterior.com/wp-content/uploads/2022/07/IMG_0307.jpg,/media/wordpress-migration/2022/07/IMG_0307.jpg,IMG_0307.jpg,content structure rewrite requires separate portfolio/page implementation approval; file import is approved independently
rewrite_embedded_media_url,portfolio_embedded_media_url,portfolio,8867,project-2,Private Villa 1,https://coveinterior.com/wp-content/uploads/2022/07/IMG_0307-150x113.jpg,https://coveinterior.com/wp-content/uploads/2022/07/IMG_0307.jpg,/media/wordpress-migration/2022/07/IMG_0307.jpg,IMG_0307.jpg,content structure rewrite requires separate portfolio/page implementation approval; file import is approved independently
rewrite_embedded_media_url,portfolio_embedded_media_url,portfolio,8867,project-2,Private Villa 1,https://coveinterior.com/wp-content/uploads/2022/07/IMG_0307-700x525.jpg,https://coveinterior.com/wp-content/uploads/2022/07/IMG_0307.jpg,/media/wordpress-migration/2022/07/IMG_0307.jpg,IMG_0307.jpg,content structure rewrite requires separate portfolio/page implementation approval; file import is approved independently
rewrite_embedded_media_url,portfolio_embedded_media_url,portfolio,8867,project-2,Private Villa 1,https://coveinterior.com/wp-content/uploads/2022/07/IMG_0307-400x300.jpg,https://coveinterior.com/wp-content/uploads/2022/07/IMG_0307.jpg,/media/wordpress-migration/2022/07/IMG_0307.jpg,IMG_0307.jpg,content structure rewrite requires separate portfolio/page implementation approval; file import is approved independently
rewrite_embedded_media_url,portfolio_embedded_media_url,portfolio,8867,project-2,Private Villa 1,https://coveinterior.com/wp-content/uploads/2022/07/IMG_0307-1067x800.jpg,https://coveinterior.com/wp-content/uploads/2022/07/IMG_0307.jpg,/media/wordpress-migration/2022/07/IMG_0307.jpg,IMG_0307.jpg,content structure rewrite requires separate portfolio/page implementation approval; file import is approved independently
rewrite_embedded_media_url,portfolio_embedded_media_url,portfolio,8867,project-2,Private Villa 1,https://coveinterior.com/wp-content/uploads/2022/07/IMG_0307-768x576.jpg,https://coveinterior.com/wp-content/uploads/2022/07/IMG_0307.jpg,/media/wordpress-migration/2022/07/IMG_0307.jpg,IMG_0307.jpg,content structure rewrite requires separate portfolio/page implementation approval; file import is approved independently
rewrite_embedded_media_url,portfolio_embedded_media_url,portfolio,8867,project-2,Private Villa 1,https://coveinterior.com/wp-content/uploads/2022/07/IMG_0307-860x645.jpg,https://coveinterior.com/wp-content/uploads/2022/07/IMG_0307.jpg,/media/wordpress-migration/2022/07/IMG_0307.jpg,IMG_0307.jpg,content structure rewrite requires separate portfolio/page implementation approval; file import is approved independently
rewrite_embedded_media_url,portfolio_embedded_media_url,portfolio,8867,project-2,Private Villa 1,https://coveinterior.com/wp-content/uploads/2022/07/IMG_0311.jpg,https://coveinterior.com/wp-content/uploads/2022/07/IMG_0311.jpg,/media/wordpress-migration/2022/07/IMG_0311.jpg,IMG_0311.jpg,content structure rewrite requires separate portfolio/page implementation approval; file import is approved independently
rewrite_embedded_media_url,portfolio_embedded_media_url,portfolio,8867,project-2,Private Villa 1,https://coveinterior.com/wp-content/uploads/2022/07/IMG_0311-430x323.jpg,https://coveinterior.com/wp-content/uploads/2022/07/IMG_0311.jpg,/media/wordpress-migration/2022/07/IMG_0311.jpg,IMG_0311.jpg,content structure rewrite requires separate portfolio/page implementation approval; file import is approved independently
rewrite_embedded_media_url,portfolio_embedded_media_url,portfolio,8867,project-2,Private Villa 1,https://coveinterior.com/wp-content/uploads/2022/07/IMG_0311-150x113.jpg,https://coveinterior.com/wp-content/uploads/2022/07/IMG_0311.jpg,/media/wordpress-migration/2022/07/IMG_0311.jpg,IMG_0311.jpg,content structure rewrite requires separate portfolio/page implementation approval; file import is approved independently
rewrite_embedded_media_url,portfolio_embedded_media_url,portfolio,8867,project-2,Private Villa 1,https://coveinterior.com/wp-content/uploads/2022/07/IMG_0311-700x525.jpg,https://coveinterior.com/wp-content/uploads/2022/07/IMG_0311.jpg,/media/wordpress-migration/2022/07/IMG_0311.jpg,IMG_0311.jpg,content structure rewrite requires separate portfolio/page implementation approval; file import is approved independently
rewrite_embedded_media_url,portfolio_embedded_media_url,portfolio,8867,project-2,Private Villa 1,https://coveinterior.com/wp-content/uploads/2022/07/IMG_0311-400x300.jpg,https://coveinterior.com/wp-content/uploads/2022/07/IMG_0311.jpg,/media/wordpress-migration/2022/07/IMG_0311.jpg,IMG_0311.jpg,content structure rewrite requires separate portfolio/page implementation approval; file import is approved independently
rewrite_embedded_media_url,portfolio_embedded_media_url,portfolio,8867,project-2,Private Villa 1,https://coveinterior.com/wp-content/uploads/2022/07/IMG_0311-1067x800.jpg,https://coveinterior.com/wp-content/uploads/2022/07/IMG_0311.jpg,/media/wordpress-migration/2022/07/IMG_0311.jpg,IMG_0311.jpg,content structure rewrite requires separate portfolio/page implementation approval; file import is approved independently
rewrite_embedded_media_url,portfolio_embedded_media_url,portfolio,8867,project-2,Private Villa 1,https://coveinterior.com/wp-content/uploads/2022/07/IMG_0311-768x576.jpg,https://coveinterior.com/wp-content/uploads/2022/07/IMG_0311.jpg,/media/wordpress-migration/2022/07/IMG_0311.jpg,IMG_0311.jpg,content structure rewrite requires separate portfolio/page implementation approval; file import is approved independently
rewrite_embedded_media_url,portfolio_embedded_media_url,portfolio,8867,project-2,Private Villa 1,https://coveinterior.com/wp-content/uploads/2022/07/IMG_0311-860x645.jpg,https://coveinterior.com/wp-content/uploads/2022/07/IMG_0311.jpg,/media/wordpress-migration/2022/07/IMG_0311.jpg,IMG_0311.jpg,content structure rewrite requires separate portfolio/page implementation approval; file import is approved independently
rewrite_embedded_media_url,portfolio_embedded_media_url,portfolio,8867,project-2,Private Villa 1,https://coveinterior.com/wp-content/uploads/2022/07/IMG_0312.jpg,https://coveinterior.com/wp-content/uploads/2022/07/IMG_0312.jpg,/media/wordpress-migration/2022/07/IMG_0312.jpg,IMG_0312.jpg,content structure rewrite requires separate portfolio/page implementation approval; file import is approved independently
rewrite_embedded_media_url,portfolio_embedded_media_url,portfolio,8867,project-2,Private Villa 1,https://coveinterior.com/wp-content/uploads/2022/07/IMG_0312-430x323.jpg,https://coveinterior.com/wp-content/uploads/2022/07/IMG_0312.jpg,/media/wordpress-migration/2022/07/IMG_0312.jpg,IMG_0312.jpg,content structure rewrite requires separate portfolio/page implementation approval; file import is approved independently
rewrite_embedded_media_url,portfolio_embedded_media_url,portfolio,8867,project-2,Private Villa 1,https://coveinterior.com/wp-content/uploads/2022/07/IMG_0312-150x113.jpg,https://coveinterior.com/wp-content/uploads/2022/07/IMG_0312.jpg,/media/wordpress-migration/2022/07/IMG_0312.jpg,IMG_0312.jpg,content structure rewrite requires separate portfolio/page implementation approval; file import is approved independently
rewrite_embedded_media_url,portfolio_embedded_media_url,portfolio,8867,project-2,Private Villa 1,https://coveinterior.com/wp-content/uploads/2022/07/IMG_0312-700x525.jpg,https://coveinterior.com/wp-content/uploads/2022/07/IMG_0312.jpg,/media/wordpress-migration/2022/07/IMG_0312.jpg,IMG_0312.jpg,content structure rewrite requires separate portfolio/page implementation approval; file import is approved independently
rewrite_embedded_media_url,portfolio_embedded_media_url,portfolio,8867,project-2,Private Villa 1,https://coveinterior.com/wp-content/uploads/2022/07/IMG_0312-400x300.jpg,https://coveinterior.com/wp-content/uploads/2022/07/IMG_0312.jpg,/media/wordpress-migration/2022/07/IMG_0312.jpg,IMG_0312.jpg,content structure rewrite requires separate portfolio/page implementation approval; file import is approved independently
rewrite_embedded_media_url,portfolio_embedded_media_url,portfolio,8867,project-2,Private Villa 1,https://coveinterior.com/wp-content/uploads/2022/07/IMG_0312-1067x800.jpg,https://coveinterior.com/wp-content/uploads/2022/07/IMG_0312.jpg,/media/wordpress-migration/2022/07/IMG_0312.jpg,IMG_0312.jpg,content structure rewrite requires separate portfolio/page implementation approval; file import is approved independently
rewrite_embedded_media_url,portfolio_embedded_media_url,portfolio,8867,project-2,Private Villa 1,https://coveinterior.com/wp-content/uploads/2022/07/IMG_0312-768x576.jpg,https://coveinterior.com/wp-content/uploads/2022/07/IMG_0312.jpg,/media/wordpress-migration/2022/07/IMG_0312.jpg,IMG_0312.jpg,content structure rewrite requires separate portfolio/page implementation approval; file import is approved independently
rewrite_embedded_media_url,portfolio_embedded_media_url,portfolio,8867,project-2,Private Villa 1,https://coveinterior.com/wp-content/uploads/2022/07/IMG_0312-860x645.jpg,https://coveinterior.com/wp-content/uploads/2022/07/IMG_0312.jpg,/media/wordpress-migration/2022/07/IMG_0312.jpg,IMG_0312.jpg,content structure rewrite requires separate portfolio/page implementation approval; file import is approved independently
rewrite_embedded_media_url,portfolio_embedded_media_url,portfolio,8867,project-2,Private Villa 1,https://coveinterior.com/wp-content/uploads/2022/07/IMG_0314.jpg,https://coveinterior.com/wp-content/uploads/2022/07/IMG_0314.jpg,/media/wordpress-migration/2022/07/IMG_0314.jpg,IMG_0314.jpg,content structure rewrite requires separate portfolio/page implementation approval; file import is approved independently
rewrite_embedded_media_url,portfolio_embedded_media_url,portfolio,8867,project-2,Private Villa 1,https://coveinterior.com/wp-content/uploads/2022/07/IMG_0314-430x323.jpg,https://coveinterior.com/wp-content/uploads/2022/07/IMG_0314.jpg,/media/wordpress-migration/2022/07/IMG_0314.jpg,IMG_0314.jpg,content structure rewrite requires separate portfolio/page implementation approval; file import is approved independently
rewrite_embedded_media_url,portfolio_embedded_media_url,portfolio,8867,project-2,Private Villa 1,https://coveinterior.com/wp-content/uploads/2022/07/IMG_0314-150x113.jpg,https://coveinterior.com/wp-content/uploads/2022/07/IMG_0314.jpg,/media/wordpress-migration/2022/07/IMG_0314.jpg,IMG_0314.jpg,content structure rewrite requires separate portfolio/page implementation approval; file import is approved independently
rewrite_embedded_media_url,portfolio_embedded_media_url,portfolio,8867,project-2,Private Villa 1,https://coveinterior.com/wp-content/uploads/2022/07/IMG_0314-700x525.jpg,https://coveinterior.com/wp-content/uploads/2022/07/IMG_0314.jpg,/media/wordpress-migration/2022/07/IMG_0314.jpg,IMG_0314.jpg,content structure rewrite requires separate portfolio/page implementation approval; file import is approved independently
rewrite_embedded_media_url,portfolio_embedded_media_url,portfolio,8867,project-2,Private Villa 1,https://coveinterior.com/wp-content/uploads/2022/07/IMG_0314-400x300.jpg,https://coveinterior.com/wp-content/uploads/2022/07/IMG_0314.jpg,/media/wordpress-migration/2022/07/IMG_0314.jpg,IMG_0314.jpg,content structure rewrite requires separate portfolio/page implementation approval; file import is approved independently
rewrite_embedded_media_url,portfolio_embedded_media_url,portfolio,8867,project-2,Private Villa 1,https://coveinterior.com/wp-content/uploads/2022/07/IMG_0314-1067x800.jpg,https://coveinterior.com/wp-content/uploads/2022/07/IMG_0314.jpg,/media/wordpress-migration/2022/07/IMG_0314.jpg,IMG_0314.jpg,content structure rewrite requires separate portfolio/page implementation approval; file import is approved independently
rewrite_embedded_media_url,portfolio_embedded_media_url,portfolio,8867,project-2,Private Villa 1,https://coveinterior.com/wp-content/uploads/2022/07/IMG_0314-768x576.jpg,https://coveinterior.com/wp-content/uploads/2022/07/IMG_0314.jpg,/media/wordpress-migration/2022/07/IMG_0314.jpg,IMG_0314.jpg,content structure rewrite requires separate portfolio/page implementation approval; file import is approved independently
rewrite_embedded_media_url,portfolio_embedded_media_url,portfolio,8867,project-2,Private Villa 1,https://coveinterior.com/wp-content/uploads/2022/07/IMG_0314-860x645.jpg,https://coveinterior.com/wp-content/uploads/2022/07/IMG_0314.jpg,/media/wordpress-migration/2022/07/IMG_0314.jpg,IMG_0314.jpg,content structure rewrite requires separate portfolio/page implementation approval; file import is approved independently
rewrite_embedded_media_url,portfolio_embedded_media_url,portfolio,8867,project-2,Private Villa 1,https://coveinterior.com/wp-content/uploads/2022/07/IMG_0341.jpg,https://coveinterior.com/wp-content/uploads/2022/07/IMG_0341.jpg,/media/wordpress-migration/2022/07/IMG_0341.jpg,IMG_0341.jpg,content structure rewrite requires separate portfolio/page implementation approval; file import is approved independently
rewrite_embedded_media_url,portfolio_embedded_media_url,portfolio,8867,project-2,Private Villa 1,https://coveinterior.com/wp-content/uploads/2022/07/IMG_0341-430x323.jpg,https://coveinterior.com/wp-content/uploads/2022/07/IMG_0341.jpg,/media/wordpress-migration/2022/07/IMG_0341.jpg,IMG_0341.jpg,content structure rewrite requires separate portfolio/page implementation approval; file import is approved independently
rewrite_embedded_media_url,portfolio_embedded_media_url,portfolio,8867,project-2,Private Villa 1,https://coveinterior.com/wp-content/uploads/2022/07/IMG_0341-150x113.jpg,https://coveinterior.com/wp-content/uploads/2022/07/IMG_0341.jpg,/media/wordpress-migration/2022/07/IMG_0341.jpg,IMG_0341.jpg,content structure rewrite requires separate portfolio/page implementation approval; file import is approved independently
rewrite_embedded_media_url,portfolio_embedded_media_url,portfolio,8867,project-2,Private Villa 1,https://coveinterior.com/wp-content/uploads/2022/07/IMG_0341-700x525.jpg,https://coveinterior.com/wp-content/uploads/2022/07/IMG_0341.jpg,/media/wordpress-migration/2022/07/IMG_0341.jpg,IMG_0341.jpg,content structure rewrite requires separate portfolio/page implementation approval; file import is approved independently
rewrite_embedded_media_url,portfolio_embedded_media_url,portfolio,8867,project-2,Private Villa 1,https://coveinterior.com/wp-content/uploads/2022/07/IMG_0341-400x300.jpg,https://coveinterior.com/wp-content/uploads/2022/07/IMG_0341.jpg,/media/wordpress-migration/2022/07/IMG_0341.jpg,IMG_0341.jpg,content structure rewrite requires separate portfolio/page implementation approval; file import is approved independently
rewrite_embedded_media_url,portfolio_embedded_media_url,portfolio,8867,project-2,Private Villa 1,https://coveinterior.com/wp-content/uploads/2022/07/IMG_0341-1067x800.jpg,https://coveinterior.com/wp-content/uploads/2022/07/IMG_0341.jpg,/media/wordpress-migration/2022/07/IMG_0341.jpg,IMG_0341.jpg,content structure rewrite requires separate portfolio/page implementation approval; file import is approved independently
rewrite_embedded_media_url,portfolio_embedded_media_url,portfolio,8867,project-2,Private Villa 1,https://coveinterior.com/wp-content/uploads/2022/07/IMG_0341-768x576.jpg,https://coveinterior.com/wp-content/uploads/2022/07/IMG_0341.jpg,/media/wordpress-migration/2022/07/IMG_0341.jpg,IMG_0341.jpg,content structure rewrite requires separate portfolio/page implementation approval; file import is approved independently
rewrite_embedded_media_url,portfolio_embedded_media_url,portfolio,8867,project-2,Private Villa 1,https://coveinterior.com/wp-content/uploads/2022/07/IMG_0341-860x645.jpg,https://coveinterior.com/wp-content/uploads/2022/07/IMG_0341.jpg,/media/wordpress-migration/2022/07/IMG_0341.jpg,IMG_0341.jpg,content structure rewrite requires separate portfolio/page implementation approval; file import is approved independently
rewrite_embedded_media_url,portfolio_embedded_media_url,portfolio,8867,project-2,Private Villa 1,https://coveinterior.com/wp-content/uploads/2022/07/IMG_0345.jpg,https://coveinterior.com/wp-content/uploads/2022/07/IMG_0345.jpg,/media/wordpress-migration/2022/07/IMG_0345.jpg,IMG_0345.jpg,content structure rewrite requires separate portfolio/page implementation approval; file import is approved independently
rewrite_embedded_media_url,portfolio_embedded_media_url,portfolio,8867,project-2,Private Villa 1,https://coveinterior.com/wp-content/uploads/2022/07/IMG_0345-430x323.jpg,https://coveinterior.com/wp-content/uploads/2022/07/IMG_0345.jpg,/media/wordpress-migration/2022/07/IMG_0345.jpg,IMG_0345.jpg,content structure rewrite requires separate portfolio/page implementation approval; file import is approved independently
rewrite_embedded_media_url,portfolio_embedded_media_url,portfolio,8867,project-2,Private Villa 1,https://coveinterior.com/wp-content/uploads/2022/07/IMG_0345-150x113.jpg,https://coveinterior.com/wp-content/uploads/2022/07/IMG_0345.jpg,/media/wordpress-migration/2022/07/IMG_0345.jpg,IMG_0345.jpg,content structure rewrite requires separate portfolio/page implementation approval; file import is approved independently
rewrite_embedded_media_url,portfolio_embedded_media_url,portfolio,8867,project-2,Private Villa 1,https://coveinterior.com/wp-content/uploads/2022/07/IMG_0345-700x525.jpg,https://coveinterior.com/wp-content/uploads/2022/07/IMG_0345.jpg,/media/wordpress-migration/2022/07/IMG_0345.jpg,IMG_0345.jpg,content structure rewrite requires separate portfolio/page implementation approval; file import is approved independently
rewrite_embedded_media_url,portfolio_embedded_media_url,portfolio,8867,project-2,Private Villa 1,https://coveinterior.com/wp-content/uploads/2022/07/IMG_0345-400x300.jpg,https://coveinterior.com/wp-content/uploads/2022/07/IMG_0345.jpg,/media/wordpress-migration/2022/07/IMG_0345.jpg,IMG_0345.jpg,content structure rewrite requires separate portfolio/page implementation approval; file import is approved independently
rewrite_embedded_media_url,portfolio_embedded_media_url,portfolio,8867,project-2,Private Villa 1,https://coveinterior.com/wp-content/uploads/2022/07/IMG_0345-1067x800.jpg,https://coveinterior.com/wp-content/uploads/2022/07/IMG_0345.jpg,/media/wordpress-migration/2022/07/IMG_0345.jpg,IMG_0345.jpg,content structure rewrite requires separate portfolio/page implementation approval; file import is approved independently
rewrite_embedded_media_url,portfolio_embedded_media_url,portfolio,8867,project-2,Private Villa 1,https://coveinterior.com/wp-content/uploads/2022/07/IMG_0345-768x576.jpg,https://coveinterior.com/wp-content/uploads/2022/07/IMG_0345.jpg,/media/wordpress-migration/2022/07/IMG_0345.jpg,IMG_0345.jpg,content structure rewrite requires separate portfolio/page implementation approval; file import is approved independently
rewrite_embedded_media_url,portfolio_embedded_media_url,portfolio,8867,project-2,Private Villa 1,https://coveinterior.com/wp-content/uploads/2022/07/IMG_0345-860x645.jpg,https://coveinterior.com/wp-content/uploads/2022/07/IMG_0345.jpg,/media/wordpress-migration/2022/07/IMG_0345.jpg,IMG_0345.jpg,content structure rewrite requires separate portfolio/page implementation approval; file import is approved independently
rewrite_embedded_media_url,portfolio_embedded_media_url,portfolio,8867,project-2,Private Villa 1,https://coveinterior.com/wp-content/uploads/2022/07/IMG_0319.jpg,https://coveinterior.com/wp-content/uploads/2022/07/IMG_0319.jpg,/media/wordpress-migration/2022/07/IMG_0319.jpg,IMG_0319.jpg,content structure rewrite requires separate portfolio/page implementation approval; file import is approved independently
rewrite_embedded_media_url,portfolio_embedded_media_url,portfolio,8867,project-2,Private Villa 1,https://coveinterior.com/wp-content/uploads/2022/07/IMG_0319-430x323.jpg,https://coveinterior.com/wp-content/uploads/2022/07/IMG_0319.jpg,/media/wordpress-migration/2022/07/IMG_0319.jpg,IMG_0319.jpg,content structure rewrite requires separate portfolio/page implementation approval; file import is approved independently
rewrite_embedded_media_url,portfolio_embedded_media_url,portfolio,8867,project-2,Private Villa 1,https://coveinterior.com/wp-content/uploads/2022/07/IMG_0319-150x113.jpg,https://coveinterior.com/wp-content/uploads/2022/07/IMG_0319.jpg,/media/wordpress-migration/2022/07/IMG_0319.jpg,IMG_0319.jpg,content structure rewrite requires separate portfolio/page implementation approval; file import is approved independently
rewrite_embedded_media_url,portfolio_embedded_media_url,portfolio,8867,project-2,Private Villa 1,https://coveinterior.com/wp-content/uploads/2022/07/IMG_0319-700x525.jpg,https://coveinterior.com/wp-content/uploads/2022/07/IMG_0319.jpg,/media/wordpress-migration/2022/07/IMG_0319.jpg,IMG_0319.jpg,content structure rewrite requires separate portfolio/page implementation approval; file import is approved independently
rewrite_embedded_media_url,portfolio_embedded_media_url,portfolio,8867,project-2,Private Villa 1,https://coveinterior.com/wp-content/uploads/2022/07/IMG_0319-400x300.jpg,https://coveinterior.com/wp-content/uploads/2022/07/IMG_0319.jpg,/media/wordpress-migration/2022/07/IMG_0319.jpg,IMG_0319.jpg,content structure rewrite requires separate portfolio/page implementation approval; file import is approved independently
rewrite_embedded_media_url,portfolio_embedded_media_url,portfolio,8867,project-2,Private Villa 1,https://coveinterior.com/wp-content/uploads/2022/07/IMG_0319-1067x800.jpg,https://coveinterior.com/wp-content/uploads/2022/07/IMG_0319.jpg,/media/wordpress-migration/2022/07/IMG_0319.jpg,IMG_0319.jpg,content structure rewrite requires separate portfolio/page implementation approval; file import is approved independently
rewrite_embedded_media_url,portfolio_embedded_media_url,portfolio,8867,project-2,Private Villa 1,https://coveinterior.com/wp-content/uploads/2022/07/IMG_0319-768x576.jpg,https://coveinterior.com/wp-content/uploads/2022/07/IMG_0319.jpg,/media/wordpress-migration/2022/07/IMG_0319.jpg,IMG_0319.jpg,content structure rewrite requires separate portfolio/page implementation approval; file import is approved independently
rewrite_embedded_media_url,portfolio_embedded_media_url,portfolio,8867,project-2,Private Villa 1,https://coveinterior.com/wp-content/uploads/2022/07/IMG_0319-860x645.jpg,https://coveinterior.com/wp-content/uploads/2022/07/IMG_0319.jpg,/media/wordpress-migration/2022/07/IMG_0319.jpg,IMG_0319.jpg,content structure rewrite requires separate portfolio/page implementation approval; file import is approved independently
rewrite_embedded_media_url,portfolio_embedded_media_url,portfolio,8867,project-2,Private Villa 1,https://coveinterior.com/wp-content/uploads/2022/07/IMG_0322.jpg,https://coveinterior.com/wp-content/uploads/2022/07/IMG_0322.jpg,/media/wordpress-migration/2022/07/IMG_0322.jpg,IMG_0322.jpg,content structure rewrite requires separate portfolio/page implementation approval; file import is approved independently
rewrite_embedded_media_url,portfolio_embedded_media_url,portfolio,8867,project-2,Private Villa 1,https://coveinterior.com/wp-content/uploads/2022/07/IMG_0322-430x573.jpg,https://coveinterior.com/wp-content/uploads/2022/07/IMG_0322.jpg,/media/wordpress-migration/2022/07/IMG_0322.jpg,IMG_0322.jpg,content structure rewrite requires separate portfolio/page implementation approval; file import is approved independently
rewrite_embedded_media_url,portfolio_embedded_media_url,portfolio,8867,project-2,Private Villa 1,https://coveinterior.com/wp-content/uploads/2022/07/IMG_0322-150x200.jpg,https://coveinterior.com/wp-content/uploads/2022/07/IMG_0322.jpg,/media/wordpress-migration/2022/07/IMG_0322.jpg,IMG_0322.jpg,content structure rewrite requires separate portfolio/page implementation approval; file import is approved independently
rewrite_embedded_media_url,portfolio_embedded_media_url,portfolio,8867,project-2,Private Villa 1,https://coveinterior.com/wp-content/uploads/2022/07/IMG_0322-700x933.jpg,https://coveinterior.com/wp-content/uploads/2022/07/IMG_0322.jpg,/media/wordpress-migration/2022/07/IMG_0322.jpg,IMG_0322.jpg,content structure rewrite requires separate portfolio/page implementation approval; file import is approved independently
rewrite_embedded_media_url,portfolio_embedded_media_url,portfolio,8867,project-2,Private Villa 1,https://coveinterior.com/wp-content/uploads/2022/07/IMG_0322-225x300.jpg,https://coveinterior.com/wp-content/uploads/2022/07/IMG_0322.jpg,/media/wordpress-migration/2022/07/IMG_0322.jpg,IMG_0322.jpg,content structure rewrite requires separate portfolio/page implementation approval; file import is approved independently
rewrite_embedded_media_url,portfolio_embedded_media_url,portfolio,8867,project-2,Private Villa 1,https://coveinterior.com/wp-content/uploads/2022/07/IMG_0322-600x800.jpg,https://coveinterior.com/wp-content/uploads/2022/07/IMG_0322.jpg,/media/wordpress-migration/2022/07/IMG_0322.jpg,IMG_0322.jpg,content structure rewrite requires separate portfolio/page implementation approval; file import is approved independently
rewrite_embedded_media_url,portfolio_embedded_media_url,portfolio,8867,project-2,Private Villa 1,https://coveinterior.com/wp-content/uploads/2022/07/IMG_0322-768x1024.jpg,https://coveinterior.com/wp-content/uploads/2022/07/IMG_0322.jpg,/media/wordpress-migration/2022/07/IMG_0322.jpg,IMG_0322.jpg,content structure rewrite requires separate portfolio/page implementation approval; file import is approved independently
rewrite_embedded_media_url,portfolio_embedded_media_url,portfolio,8867,project-2,Private Villa 1,https://coveinterior.com/wp-content/uploads/2022/07/IMG_0316.jpg,https://coveinterior.com/wp-content/uploads/2022/07/IMG_0316.jpg,/media/wordpress-migration/2022/07/IMG_0316.jpg,IMG_0316.jpg,content structure rewrite requires separate portfolio/page implementation approval; file import is approved independently
rewrite_embedded_media_url,portfolio_embedded_media_url,portfolio,8867,project-2,Private Villa 1,https://coveinterior.com/wp-content/uploads/2022/07/IMG_0316-430x573.jpg,https://coveinterior.com/wp-content/uploads/2022/07/IMG_0316.jpg,/media/wordpress-migration/2022/07/IMG_0316.jpg,IMG_0316.jpg,content structure rewrite requires separate portfolio/page implementation approval; file import is approved independently
rewrite_embedded_media_url,portfolio_embedded_media_url,portfolio,8867,project-2,Private Villa 1,https://coveinterior.com/wp-content/uploads/2022/07/IMG_0316-150x200.jpg,https://coveinterior.com/wp-content/uploads/2022/07/IMG_0316.jpg,/media/wordpress-migration/2022/07/IMG_0316.jpg,IMG_0316.jpg,content structure rewrite requires separate portfolio/page implementation approval; file import is approved independently
rewrite_embedded_media_url,portfolio_embedded_media_url,portfolio,8867,project-2,Private Villa 1,https://coveinterior.com/wp-content/uploads/2022/07/IMG_0316-700x933.jpg,https://coveinterior.com/wp-content/uploads/2022/07/IMG_0316.jpg,/media/wordpress-migration/2022/07/IMG_0316.jpg,IMG_0316.jpg,content structure rewrite requires separate portfolio/page implementation approval; file import is approved independently
rewrite_embedded_media_url,portfolio_embedded_media_url,portfolio,8867,project-2,Private Villa 1,https://coveinterior.com/wp-content/uploads/2022/07/IMG_0316-225x300.jpg,https://coveinterior.com/wp-content/uploads/2022/07/IMG_0316.jpg,/media/wordpress-migration/2022/07/IMG_0316.jpg,IMG_0316.jpg,content structure rewrite requires separate portfolio/page implementation approval; file import is approved independently
rewrite_embedded_media_url,portfolio_embedded_media_url,portfolio,8867,project-2,Private Villa 1,https://coveinterior.com/wp-content/uploads/2022/07/IMG_0316-600x800.jpg,https://coveinterior.com/wp-content/uploads/2022/07/IMG_0316.jpg,/media/wordpress-migration/2022/07/IMG_0316.jpg,IMG_0316.jpg,content structure rewrite requires separate portfolio/page implementation approval; file import is approved independently
rewrite_embedded_media_url,portfolio_embedded_media_url,portfolio,8867,project-2,Private Villa 1,https://coveinterior.com/wp-content/uploads/2022/07/IMG_0316-768x1024.jpg,https://coveinterior.com/wp-content/uploads/2022/07/IMG_0316.jpg,/media/wordpress-migration/2022/07/IMG_0316.jpg,IMG_0316.jpg,content structure rewrite requires separate portfolio/page implementation approval; file import is approved independently
rewrite_embedded_media_url,portfolio_embedded_media_url,portfolio,8867,project-2,Private Villa 1,https://coveinterior.com/wp-content/uploads/2022/07/IMG_0339.jpg,https://coveinterior.com/wp-content/uploads/2022/07/IMG_0339.jpg,/media/wordpress-migration/2022/07/IMG_0339.jpg,IMG_0339.jpg,content structure rewrite requires separate portfolio/page implementation approval; file import is approved independently
rewrite_embedded_media_url,portfolio_embedded_media_url,portfolio,8867,project-2,Private Villa 1,https://coveinterior.com/wp-content/uploads/2022/07/IMG_0339-430x573.jpg,https://coveinterior.com/wp-content/uploads/2022/07/IMG_0339.jpg,/media/wordpress-migration/2022/07/IMG_0339.jpg,IMG_0339.jpg,content structure rewrite requires separate portfolio/page implementation approval; file import is approved independently
rewrite_embedded_media_url,portfolio_embedded_media_url,portfolio,8867,project-2,Private Villa 1,https://coveinterior.com/wp-content/uploads/2022/07/IMG_0339-150x200.jpg,https://coveinterior.com/wp-content/uploads/2022/07/IMG_0339.jpg,/media/wordpress-migration/2022/07/IMG_0339.jpg,IMG_0339.jpg,content structure rewrite requires separate portfolio/page implementation approval; file import is approved independently
rewrite_embedded_media_url,portfolio_embedded_media_url,portfolio,8867,project-2,Private Villa 1,https://coveinterior.com/wp-content/uploads/2022/07/IMG_0339-700x933.jpg,https://coveinterior.com/wp-content/uploads/2022/07/IMG_0339.jpg,/media/wordpress-migration/2022/07/IMG_0339.jpg,IMG_0339.jpg,content structure rewrite requires separate portfolio/page implementation approval; file import is approved independently
rewrite_embedded_media_url,portfolio_embedded_media_url,portfolio,8867,project-2,Private Villa 1,https://coveinterior.com/wp-content/uploads/2022/07/IMG_0339-225x300.jpg,https://coveinterior.com/wp-content/uploads/2022/07/IMG_0339.jpg,/media/wordpress-migration/2022/07/IMG_0339.jpg,IMG_0339.jpg,content structure rewrite requires separate portfolio/page implementation approval; file import is approved independently
rewrite_embedded_media_url,portfolio_embedded_media_url,portfolio,8867,project-2,Private Villa 1,https://coveinterior.com/wp-content/uploads/2022/07/IMG_0339-600x800.jpg,https://coveinterior.com/wp-content/uploads/2022/07/IMG_0339.jpg,/media/wordpress-migration/2022/07/IMG_0339.jpg,IMG_0339.jpg,content structure rewrite requires separate portfolio/page implementation approval; file import is approved independently
rewrite_embedded_media_url,portfolio_embedded_media_url,portfolio,8867,project-2,Private Villa 1,https://coveinterior.com/wp-content/uploads/2022/07/IMG_0339-768x1024.jpg,https://coveinterior.com/wp-content/uploads/2022/07/IMG_0339.jpg,/media/wordpress-migration/2022/07/IMG_0339.jpg,IMG_0339.jpg,content structure rewrite requires separate portfolio/page implementation approval; file import is approved independently
rewrite_embedded_media_url,portfolio_embedded_media_url,portfolio,8867,project-2,Private Villa 1,https://coveinterior.com/wp-content/uploads/2022/07/IMG_0346.jpg,https://coveinterior.com/wp-content/uploads/2022/07/IMG_0346.jpg,/media/wordpress-migration/2022/07/IMG_0346.jpg,IMG_0346.jpg,content structure rewrite requires separate portfolio/page implementation approval; file import is approved independently
rewrite_embedded_media_url,portfolio_embedded_media_url,portfolio,8867,project-2,Private Villa 1,https://coveinterior.com/wp-content/uploads/2022/07/IMG_0346-430x573.jpg,https://coveinterior.com/wp-content/uploads/2022/07/IMG_0346.jpg,/media/wordpress-migration/2022/07/IMG_0346.jpg,IMG_0346.jpg,content structure rewrite requires separate portfolio/page implementation approval; file import is approved independently
rewrite_embedded_media_url,portfolio_embedded_media_url,portfolio,8867,project-2,Private Villa 1,https://coveinterior.com/wp-content/uploads/2022/07/IMG_0346-150x200.jpg,https://coveinterior.com/wp-content/uploads/2022/07/IMG_0346.jpg,/media/wordpress-migration/2022/07/IMG_0346.jpg,IMG_0346.jpg,content structure rewrite requires separate portfolio/page implementation approval; file import is approved independently
rewrite_embedded_media_url,portfolio_embedded_media_url,portfolio,8867,project-2,Private Villa 1,https://coveinterior.com/wp-content/uploads/2022/07/IMG_0346-700x933.jpg,https://coveinterior.com/wp-content/uploads/2022/07/IMG_0346.jpg,/media/wordpress-migration/2022/07/IMG_0346.jpg,IMG_0346.jpg,content structure rewrite requires separate portfolio/page implementation approval; file import is approved independently
rewrite_embedded_media_url,portfolio_embedded_media_url,portfolio,8867,project-2,Private Villa 1,https://coveinterior.com/wp-content/uploads/2022/07/IMG_0346-225x300.jpg,https://coveinterior.com/wp-content/uploads/2022/07/IMG_0346.jpg,/media/wordpress-migration/2022/07/IMG_0346.jpg,IMG_0346.jpg,content structure rewrite requires separate portfolio/page implementation approval; file import is approved independently
rewrite_embedded_media_url,portfolio_embedded_media_url,portfolio,8867,project-2,Private Villa 1,https://coveinterior.com/wp-content/uploads/2022/07/IMG_0346-600x800.jpg,https://coveinterior.com/wp-content/uploads/2022/07/IMG_0346.jpg,/media/wordpress-migration/2022/07/IMG_0346.jpg,IMG_0346.jpg,content structure rewrite requires separate portfolio/page implementation approval; file import is approved independently
rewrite_embedded_media_url,portfolio_embedded_media_url,portfolio,8867,project-2,Private Villa 1,https://coveinterior.com/wp-content/uploads/2022/07/IMG_0346-768x1024.jpg,https://coveinterior.com/wp-content/uploads/2022/07/IMG_0346.jpg,/media/wordpress-migration/2022/07/IMG_0346.jpg,IMG_0346.jpg,content structure rewrite requires separate portfolio/page implementation approval; file import is approved independently
set_portfolio_featured_image,portfolio_featured_image,portfolio,8780,project-1,Nuun,https://coveinterior.com/wp-content/uploads/2022/07/main-2-1.jpg,https://coveinterior.com/wp-content/uploads/2022/07/main-2-1.jpg,/media/wordpress-migration/2022/07/main-2-1.jpg,main-2-1.jpg,content structure rewrite requires separate portfolio/page implementation approval; file import is approved independently
rewrite_embedded_media_url,portfolio_embedded_media_url,portfolio,8780,project-1,Nuun,https://coveinterior.com/wp-content/uploads/2022/07/1-6.jpg,https://coveinterior.com/wp-content/uploads/2022/07/1-6.jpg,/media/wordpress-migration/2022/07/1-6.jpg,1-6.jpg,content structure rewrite requires separate portfolio/page implementation approval; file import is approved independently
rewrite_embedded_media_url,portfolio_embedded_media_url,portfolio,8780,project-1,Nuun,https://coveinterior.com/wp-content/uploads/2022/07/1-6-430x448.jpg,https://coveinterior.com/wp-content/uploads/2022/07/1-6.jpg,/media/wordpress-migration/2022/07/1-6.jpg,1-6.jpg,content structure rewrite requires separate portfolio/page implementation approval; file import is approved independently
rewrite_embedded_media_url,portfolio_embedded_media_url,portfolio,8780,project-1,Nuun,https://coveinterior.com/wp-content/uploads/2022/07/1-6-150x156.jpg,https://coveinterior.com/wp-content/uploads/2022/07/1-6.jpg,/media/wordpress-migration/2022/07/1-6.jpg,1-6.jpg,content structure rewrite requires separate portfolio/page implementation approval; file import is approved independently
rewrite_embedded_media_url,portfolio_embedded_media_url,portfolio,8780,project-1,Nuun,https://coveinterior.com/wp-content/uploads/2022/07/1-6-700x729.jpg,https://coveinterior.com/wp-content/uploads/2022/07/1-6.jpg,/media/wordpress-migration/2022/07/1-6.jpg,1-6.jpg,content structure rewrite requires separate portfolio/page implementation approval; file import is approved independently
rewrite_embedded_media_url,portfolio_embedded_media_url,portfolio,8780,project-1,Nuun,https://coveinterior.com/wp-content/uploads/2022/07/1-6-288x300.jpg,https://coveinterior.com/wp-content/uploads/2022/07/1-6.jpg,/media/wordpress-migration/2022/07/1-6.jpg,1-6.jpg,content structure rewrite requires separate portfolio/page implementation approval; file import is approved independently
rewrite_embedded_media_url,portfolio_embedded_media_url,portfolio,8780,project-1,Nuun,https://coveinterior.com/wp-content/uploads/2022/07/1-6-768x800.jpg,https://coveinterior.com/wp-content/uploads/2022/07/1-6.jpg,/media/wordpress-migration/2022/07/1-6.jpg,1-6.jpg,content structure rewrite requires separate portfolio/page implementation approval; file import is approved independently
rewrite_embedded_media_url,portfolio_embedded_media_url,portfolio,8780,project-1,Nuun,https://coveinterior.com/wp-content/uploads/2022/07/1-6-860x896.jpg,https://coveinterior.com/wp-content/uploads/2022/07/1-6.jpg,/media/wordpress-migration/2022/07/1-6.jpg,1-6.jpg,content structure rewrite requires separate portfolio/page implementation approval; file import is approved independently
rewrite_embedded_media_url,portfolio_embedded_media_url,portfolio,8780,project-1,Nuun,https://coveinterior.com/wp-content/uploads/2022/07/2-5.jpg,https://coveinterior.com/wp-content/uploads/2022/07/2-5.jpg,/media/wordpress-migration/2022/07/2-5.jpg,2-5.jpg,content structure rewrite requires separate portfolio/page implementation approval; file import is approved independently
rewrite_embedded_media_url,portfolio_embedded_media_url,portfolio,8780,project-1,Nuun,https://coveinterior.com/wp-content/uploads/2022/07/2-5-430x435.jpg,https://coveinterior.com/wp-content/uploads/2022/07/2-5.jpg,/media/wordpress-migration/2022/07/2-5.jpg,2-5.jpg,content structure rewrite requires separate portfolio/page implementation approval; file import is approved independently
rewrite_embedded_media_url,portfolio_embedded_media_url,portfolio,8780,project-1,Nuun,https://coveinterior.com/wp-content/uploads/2022/07/2-5-150x152.jpg,https://coveinterior.com/wp-content/uploads/2022/07/2-5.jpg,/media/wordpress-migration/2022/07/2-5.jpg,2-5.jpg,content structure rewrite requires separate portfolio/page implementation approval; file import is approved independently
rewrite_embedded_media_url,portfolio_embedded_media_url,portfolio,8780,project-1,Nuun,https://coveinterior.com/wp-content/uploads/2022/07/2-5-700x709.jpg,https://coveinterior.com/wp-content/uploads/2022/07/2-5.jpg,/media/wordpress-migration/2022/07/2-5.jpg,2-5.jpg,content structure rewrite requires separate portfolio/page implementation approval; file import is approved independently
rewrite_embedded_media_url,portfolio_embedded_media_url,portfolio,8780,project-1,Nuun,https://coveinterior.com/wp-content/uploads/2022/07/2-5-296x300.jpg,https://coveinterior.com/wp-content/uploads/2022/07/2-5.jpg,/media/wordpress-migration/2022/07/2-5.jpg,2-5.jpg,content structure rewrite requires separate portfolio/page implementation approval; file import is approved independently
rewrite_embedded_media_url,portfolio_embedded_media_url,portfolio,8780,project-1,Nuun,https://coveinterior.com/wp-content/uploads/2022/07/2-5-790x800.jpg,https://coveinterior.com/wp-content/uploads/2022/07/2-5.jpg,/media/wordpress-migration/2022/07/2-5.jpg,2-5.jpg,content structure rewrite requires separate portfolio/page implementation approval; file import is approved independently
rewrite_embedded_media_url,portfolio_embedded_media_url,portfolio,8780,project-1,Nuun,https://coveinterior.com/wp-content/uploads/2022/07/2-5-768x777.jpg,https://coveinterior.com/wp-content/uploads/2022/07/2-5.jpg,/media/wordpress-migration/2022/07/2-5.jpg,2-5.jpg,content structure rewrite requires separate portfolio/page implementation approval; file import is approved independently
rewrite_embedded_media_url,portfolio_embedded_media_url,portfolio,8780,project-1,Nuun,https://coveinterior.com/wp-content/uploads/2022/07/2-5-860x870.jpg,https://coveinterior.com/wp-content/uploads/2022/07/2-5.jpg,/media/wordpress-migration/2022/07/2-5.jpg,2-5.jpg,content structure rewrite requires separate portfolio/page implementation approval; file import is approved independently
rewrite_embedded_media_url,portfolio_embedded_media_url,portfolio,8780,project-1,Nuun,https://coveinterior.com/wp-content/uploads/2022/07/3-6.jpg,https://coveinterior.com/wp-content/uploads/2022/07/3-6.jpg,/media/wordpress-migration/2022/07/3-6.jpg,3-6.jpg,content structure rewrite requires separate portfolio/page implementation approval; file import is approved independently
rewrite_embedded_media_url,portfolio_embedded_media_url,portfolio,8780,project-1,Nuun,https://coveinterior.com/wp-content/uploads/2022/07/3-6-430x362.jpg,https://coveinterior.com/wp-content/uploads/2022/07/3-6.jpg,/media/wordpress-migration/2022/07/3-6.jpg,3-6.jpg,content structure rewrite requires separate portfolio/page implementation approval; file import is approved independently
rewrite_embedded_media_url,portfolio_embedded_media_url,portfolio,8780,project-1,Nuun,https://coveinterior.com/wp-content/uploads/2022/07/3-6-150x126.jpg,https://coveinterior.com/wp-content/uploads/2022/07/3-6.jpg,/media/wordpress-migration/2022/07/3-6.jpg,3-6.jpg,content structure rewrite requires separate portfolio/page implementation approval; file import is approved independently
rewrite_embedded_media_url,portfolio_embedded_media_url,portfolio,8780,project-1,Nuun,https://coveinterior.com/wp-content/uploads/2022/07/3-6-700x590.jpg,https://coveinterior.com/wp-content/uploads/2022/07/3-6.jpg,/media/wordpress-migration/2022/07/3-6.jpg,3-6.jpg,content structure rewrite requires separate portfolio/page implementation approval; file import is approved independently
rewrite_embedded_media_url,portfolio_embedded_media_url,portfolio,8780,project-1,Nuun,https://coveinterior.com/wp-content/uploads/2022/07/3-6-356x300.jpg,https://coveinterior.com/wp-content/uploads/2022/07/3-6.jpg,/media/wordpress-migration/2022/07/3-6.jpg,3-6.jpg,content structure rewrite requires separate portfolio/page implementation approval; file import is approved independently
rewrite_embedded_media_url,portfolio_embedded_media_url,portfolio,8780,project-1,Nuun,https://coveinterior.com/wp-content/uploads/2022/07/3-6-949x800.jpg,https://coveinterior.com/wp-content/uploads/2022/07/3-6.jpg,/media/wordpress-migration/2022/07/3-6.jpg,3-6.jpg,content structure rewrite requires separate portfolio/page implementation approval; file import is approved independently
rewrite_embedded_media_url,portfolio_embedded_media_url,portfolio,8780,project-1,Nuun,https://coveinterior.com/wp-content/uploads/2022/07/3-6-768x647.jpg,https://coveinterior.com/wp-content/uploads/2022/07/3-6.jpg,/media/wordpress-migration/2022/07/3-6.jpg,3-6.jpg,content structure rewrite requires separate portfolio/page implementation approval; file import is approved independently
rewrite_embedded_media_url,portfolio_embedded_media_url,portfolio,8780,project-1,Nuun,https://coveinterior.com/wp-content/uploads/2022/07/3-6-860x725.jpg,https://coveinterior.com/wp-content/uploads/2022/07/3-6.jpg,/media/wordpress-migration/2022/07/3-6.jpg,3-6.jpg,content structure rewrite requires separate portfolio/page implementation approval; file import is approved independently
rewrite_embedded_media_url,portfolio_embedded_media_url,portfolio,8780,project-1,Nuun,https://coveinterior.com/wp-content/uploads/2022/07/4-1.jpg,https://coveinterior.com/wp-content/uploads/2022/07/4-1.jpg,/media/wordpress-migration/2022/07/4-1.jpg,4-1.jpg,content structure rewrite requires separate portfolio/page implementation approval; file import is approved independently
rewrite_embedded_media_url,portfolio_embedded_media_url,portfolio,8780,project-1,Nuun,https://coveinterior.com/wp-content/uploads/2022/07/4-1-430x378.jpg,https://coveinterior.com/wp-content/uploads/2022/07/4-1.jpg,/media/wordpress-migration/2022/07/4-1.jpg,4-1.jpg,content structure rewrite requires separate portfolio/page implementation approval; file import is approved independently
rewrite_embedded_media_url,portfolio_embedded_media_url,portfolio,8780,project-1,Nuun,https://coveinterior.com/wp-content/uploads/2022/07/4-1-150x132.jpg,https://coveinterior.com/wp-content/uploads/2022/07/4-1.jpg,/media/wordpress-migration/2022/07/4-1.jpg,4-1.jpg,content structure rewrite requires separate portfolio/page implementation approval; file import is approved independently
rewrite_embedded_media_url,portfolio_embedded_media_url,portfolio,8780,project-1,Nuun,https://coveinterior.com/wp-content/uploads/2022/07/4-1-700x616.jpg,https://coveinterior.com/wp-content/uploads/2022/07/4-1.jpg,/media/wordpress-migration/2022/07/4-1.jpg,4-1.jpg,content structure rewrite requires separate portfolio/page implementation approval; file import is approved independently
rewrite_embedded_media_url,portfolio_embedded_media_url,portfolio,8780,project-1,Nuun,https://coveinterior.com/wp-content/uploads/2022/07/4-1-341x300.jpg,https://coveinterior.com/wp-content/uploads/2022/07/4-1.jpg,/media/wordpress-migration/2022/07/4-1.jpg,4-1.jpg,content structure rewrite requires separate portfolio/page implementation approval; file import is approved independently
rewrite_embedded_media_url,portfolio_embedded_media_url,portfolio,8780,project-1,Nuun,https://coveinterior.com/wp-content/uploads/2022/07/4-1-909x800.jpg,https://coveinterior.com/wp-content/uploads/2022/07/4-1.jpg,/media/wordpress-migration/2022/07/4-1.jpg,4-1.jpg,content structure rewrite requires separate portfolio/page implementation approval; file import is approved independently
rewrite_embedded_media_url,portfolio_embedded_media_url,portfolio,8780,project-1,Nuun,https://coveinterior.com/wp-content/uploads/2022/07/4-1-768x676.jpg,https://coveinterior.com/wp-content/uploads/2022/07/4-1.jpg,/media/wordpress-migration/2022/07/4-1.jpg,4-1.jpg,content structure rewrite requires separate portfolio/page implementation approval; file import is approved independently
rewrite_embedded_media_url,portfolio_embedded_media_url,portfolio,8780,project-1,Nuun,https://coveinterior.com/wp-content/uploads/2022/07/4-1-860x756.jpg,https://coveinterior.com/wp-content/uploads/2022/07/4-1.jpg,/media/wordpress-migration/2022/07/4-1.jpg,4-1.jpg,content structure rewrite requires separate portfolio/page implementation approval; file import is approved independently
rewrite_embedded_media_url,portfolio_embedded_media_url,portfolio,8780,project-1,Nuun,https://coveinterior.com/wp-content/uploads/2022/07/6-3.jpg,https://coveinterior.com/wp-content/uploads/2022/07/6-3.jpg,/media/wordpress-migration/2022/07/6-3.jpg,6-3.jpg,content structure rewrite requires separate portfolio/page implementation approval; file import is approved independently
rewrite_embedded_media_url,portfolio_embedded_media_url,portfolio,8780,project-1,Nuun,https://coveinterior.com/wp-content/uploads/2022/07/6-3-430x323.jpg,https://coveinterior.com/wp-content/uploads/2022/07/6-3.jpg,/media/wordpress-migration/2022/07/6-3.jpg,6-3.jpg,content structure rewrite requires separate portfolio/page implementation approval; file import is approved independently
rewrite_embedded_media_url,portfolio_embedded_media_url,portfolio,8780,project-1,Nuun,https://coveinterior.com/wp-content/uploads/2022/07/6-3-150x113.jpg,https://coveinterior.com/wp-content/uploads/2022/07/6-3.jpg,/media/wordpress-migration/2022/07/6-3.jpg,6-3.jpg,content structure rewrite requires separate portfolio/page implementation approval; file import is approved independently
rewrite_embedded_media_url,portfolio_embedded_media_url,portfolio,8780,project-1,Nuun,https://coveinterior.com/wp-content/uploads/2022/07/6-3-700x525.jpg,https://coveinterior.com/wp-content/uploads/2022/07/6-3.jpg,/media/wordpress-migration/2022/07/6-3.jpg,6-3.jpg,content structure rewrite requires separate portfolio/page implementation approval; file import is approved independently
rewrite_embedded_media_url,portfolio_embedded_media_url,portfolio,8780,project-1,Nuun,https://coveinterior.com/wp-content/uploads/2022/07/6-3-400x300.jpg,https://coveinterior.com/wp-content/uploads/2022/07/6-3.jpg,/media/wordpress-migration/2022/07/6-3.jpg,6-3.jpg,content structure rewrite requires separate portfolio/page implementation approval; file import is approved independently
rewrite_embedded_media_url,portfolio_embedded_media_url,portfolio,8780,project-1,Nuun,https://coveinterior.com/wp-content/uploads/2022/07/6-3-1067x800.jpg,https://coveinterior.com/wp-content/uploads/2022/07/6-3.jpg,/media/wordpress-migration/2022/07/6-3.jpg,6-3.jpg,content structure rewrite requires separate portfolio/page implementation approval; file import is approved independently
rewrite_embedded_media_url,portfolio_embedded_media_url,portfolio,8780,project-1,Nuun,https://coveinterior.com/wp-content/uploads/2022/07/6-3-768x576.jpg,https://coveinterior.com/wp-content/uploads/2022/07/6-3.jpg,/media/wordpress-migration/2022/07/6-3.jpg,6-3.jpg,content structure rewrite requires separate portfolio/page implementation approval; file import is approved independently
rewrite_embedded_media_url,portfolio_embedded_media_url,portfolio,8780,project-1,Nuun,https://coveinterior.com/wp-content/uploads/2022/07/6-3-860x645.jpg,https://coveinterior.com/wp-content/uploads/2022/07/6-3.jpg,/media/wordpress-migration/2022/07/6-3.jpg,6-3.jpg,content structure rewrite requires separate portfolio/page implementation approval; file import is approved independently
rewrite_embedded_media_url,portfolio_embedded_media_url,portfolio,8780,project-1,Nuun,https://coveinterior.com/wp-content/uploads/2022/07/10-2.jpg,https://coveinterior.com/wp-content/uploads/2022/07/10-2.jpg,/media/wordpress-migration/2022/07/10-2.jpg,10-2.jpg,content structure rewrite requires separate portfolio/page implementation approval; file import is approved independently
rewrite_embedded_media_url,portfolio_embedded_media_url,portfolio,8780,project-1,Nuun,https://coveinterior.com/wp-content/uploads/2022/07/10-2-430x213.jpg,https://coveinterior.com/wp-content/uploads/2022/07/10-2.jpg,/media/wordpress-migration/2022/07/10-2.jpg,10-2.jpg,content structure rewrite requires separate portfolio/page implementation approval; file import is approved independently
rewrite_embedded_media_url,portfolio_embedded_media_url,portfolio,8780,project-1,Nuun,https://coveinterior.com/wp-content/uploads/2022/07/10-2-150x74.jpg,https://coveinterior.com/wp-content/uploads/2022/07/10-2.jpg,/media/wordpress-migration/2022/07/10-2.jpg,10-2.jpg,content structure rewrite requires separate portfolio/page implementation approval; file import is approved independently
rewrite_embedded_media_url,portfolio_embedded_media_url,portfolio,8780,project-1,Nuun,https://coveinterior.com/wp-content/uploads/2022/07/10-2-700x347.jpg,https://coveinterior.com/wp-content/uploads/2022/07/10-2.jpg,/media/wordpress-migration/2022/07/10-2.jpg,10-2.jpg,content structure rewrite requires separate portfolio/page implementation approval; file import is approved independently
rewrite_embedded_media_url,portfolio_embedded_media_url,portfolio,8780,project-1,Nuun,https://coveinterior.com/wp-content/uploads/2022/07/10-2-400x199.jpg,https://coveinterior.com/wp-content/uploads/2022/07/10-2.jpg,/media/wordpress-migration/2022/07/10-2.jpg,10-2.jpg,content structure rewrite requires separate portfolio/page implementation approval; file import is approved independently
rewrite_embedded_media_url,portfolio_embedded_media_url,portfolio,8780,project-1,Nuun,https://coveinterior.com/wp-content/uploads/2022/07/10-2-768x381.jpg,https://coveinterior.com/wp-content/uploads/2022/07/10-2.jpg,/media/wordpress-migration/2022/07/10-2.jpg,10-2.jpg,content structure rewrite requires separate portfolio/page implementation approval; file import is approved independently
rewrite_embedded_media_url,portfolio_embedded_media_url,portfolio,8780,project-1,Nuun,https://coveinterior.com/wp-content/uploads/2022/07/10-2-860x427.jpg,https://coveinterior.com/wp-content/uploads/2022/07/10-2.jpg,/media/wordpress-migration/2022/07/10-2.jpg,10-2.jpg,content structure rewrite requires separate portfolio/page implementation approval; file import is approved independently
rewrite_embedded_media_url,portfolio_embedded_media_url,portfolio,8780,project-1,Nuun,https://coveinterior.com/wp-content/uploads/2022/07/5-2.jpg,https://coveinterior.com/wp-content/uploads/2022/07/5-2.jpg,/media/wordpress-migration/2022/07/5-2.jpg,5-2.jpg,content structure rewrite requires separate portfolio/page implementation approval; file import is approved independently
rewrite_embedded_media_url,portfolio_embedded_media_url,portfolio,8780,project-1,Nuun,https://coveinterior.com/wp-content/uploads/2022/07/5-2-430x575.jpg,https://coveinterior.com/wp-content/uploads/2022/07/5-2.jpg,/media/wordpress-migration/2022/07/5-2.jpg,5-2.jpg,content structure rewrite requires separate portfolio/page implementation approval; file import is approved independently
rewrite_embedded_media_url,portfolio_embedded_media_url,portfolio,8780,project-1,Nuun,https://coveinterior.com/wp-content/uploads/2022/07/5-2-150x201.jpg,https://coveinterior.com/wp-content/uploads/2022/07/5-2.jpg,/media/wordpress-migration/2022/07/5-2.jpg,5-2.jpg,content structure rewrite requires separate portfolio/page implementation approval; file import is approved independently
rewrite_embedded_media_url,portfolio_embedded_media_url,portfolio,8780,project-1,Nuun,https://coveinterior.com/wp-content/uploads/2022/07/5-2-700x937.jpg,https://coveinterior.com/wp-content/uploads/2022/07/5-2.jpg,/media/wordpress-migration/2022/07/5-2.jpg,5-2.jpg,content structure rewrite requires separate portfolio/page implementation approval; file import is approved independently
rewrite_embedded_media_url,portfolio_embedded_media_url,portfolio,8780,project-1,Nuun,https://coveinterior.com/wp-content/uploads/2022/07/5-2-224x300.jpg,https://coveinterior.com/wp-content/uploads/2022/07/5-2.jpg,/media/wordpress-migration/2022/07/5-2.jpg,5-2.jpg,content structure rewrite requires separate portfolio/page implementation approval; file import is approved independently
rewrite_embedded_media_url,portfolio_embedded_media_url,portfolio,8780,project-1,Nuun,https://coveinterior.com/wp-content/uploads/2022/07/5-2-598x800.jpg,https://coveinterior.com/wp-content/uploads/2022/07/5-2.jpg,/media/wordpress-migration/2022/07/5-2.jpg,5-2.jpg,content structure rewrite requires separate portfolio/page implementation approval; file import is approved independently
rewrite_embedded_media_url,portfolio_embedded_media_url,portfolio,8780,project-1,Nuun,https://coveinterior.com/wp-content/uploads/2022/07/5-2-768x1028.jpg,https://coveinterior.com/wp-content/uploads/2022/07/5-2.jpg,/media/wordpress-migration/2022/07/5-2.jpg,5-2.jpg,content structure rewrite requires separate portfolio/page implementation approval; file import is approved independently
rewrite_embedded_media_url,portfolio_embedded_media_url,portfolio,8780,project-1,Nuun,https://coveinterior.com/wp-content/uploads/2022/07/7-3.jpg,https://coveinterior.com/wp-content/uploads/2022/07/7-3.jpg,/media/wordpress-migration/2022/07/7-3.jpg,7-3.jpg,content structure rewrite requires separate portfolio/page implementation approval; file import is approved independently
rewrite_embedded_media_url,portfolio_embedded_media_url,portfolio,8780,project-1,Nuun,https://coveinterior.com/wp-content/uploads/2022/07/7-3-430x573.jpg,https://coveinterior.com/wp-content/uploads/2022/07/7-3.jpg,/media/wordpress-migration/2022/07/7-3.jpg,7-3.jpg,content structure rewrite requires separate portfolio/page implementation approval; file import is approved independently
rewrite_embedded_media_url,portfolio_embedded_media_url,portfolio,8780,project-1,Nuun,https://coveinterior.com/wp-content/uploads/2022/07/7-3-150x200.jpg,https://coveinterior.com/wp-content/uploads/2022/07/7-3.jpg,/media/wordpress-migration/2022/07/7-3.jpg,7-3.jpg,content structure rewrite requires separate portfolio/page implementation approval; file import is approved independently
rewrite_embedded_media_url,portfolio_embedded_media_url,portfolio,8780,project-1,Nuun,https://coveinterior.com/wp-content/uploads/2022/07/7-3-700x933.jpg,https://coveinterior.com/wp-content/uploads/2022/07/7-3.jpg,/media/wordpress-migration/2022/07/7-3.jpg,7-3.jpg,content structure rewrite requires separate portfolio/page implementation approval; file import is approved independently
rewrite_embedded_media_url,portfolio_embedded_media_url,portfolio,8780,project-1,Nuun,https://coveinterior.com/wp-content/uploads/2022/07/7-3-225x300.jpg,https://coveinterior.com/wp-content/uploads/2022/07/7-3.jpg,/media/wordpress-migration/2022/07/7-3.jpg,7-3.jpg,content structure rewrite requires separate portfolio/page implementation approval; file import is approved independently
rewrite_embedded_media_url,portfolio_embedded_media_url,portfolio,8780,project-1,Nuun,https://coveinterior.com/wp-content/uploads/2022/07/7-3-600x800.jpg,https://coveinterior.com/wp-content/uploads/2022/07/7-3.jpg,/media/wordpress-migration/2022/07/7-3.jpg,7-3.jpg,content structure rewrite requires separate portfolio/page implementation approval; file import is approved independently
rewrite_embedded_media_url,portfolio_embedded_media_url,portfolio,8780,project-1,Nuun,https://coveinterior.com/wp-content/uploads/2022/07/7-3-768x1024.jpg,https://coveinterior.com/wp-content/uploads/2022/07/7-3.jpg,/media/wordpress-migration/2022/07/7-3.jpg,7-3.jpg,content structure rewrite requires separate portfolio/page implementation approval; file import is approved independently
rewrite_embedded_media_url,portfolio_embedded_media_url,portfolio,8780,project-1,Nuun,https://coveinterior.com/wp-content/uploads/2022/07/8-1.jpg,https://coveinterior.com/wp-content/uploads/2022/07/8-1.jpg,/media/wordpress-migration/2022/07/8-1.jpg,8-1.jpg,content structure rewrite requires separate portfolio/page implementation approval; file import is approved independently
rewrite_embedded_media_url,portfolio_embedded_media_url,portfolio,8780,project-1,Nuun,https://coveinterior.com/wp-content/uploads/2022/07/8-1-430x574.jpg,https://coveinterior.com/wp-content/uploads/2022/07/8-1.jpg,/media/wordpress-migration/2022/07/8-1.jpg,8-1.jpg,content structure rewrite requires separate portfolio/page implementation approval; file import is approved independently
rewrite_embedded_media_url,portfolio_embedded_media_url,portfolio,8780,project-1,Nuun,https://coveinterior.com/wp-content/uploads/2022/07/8-1-150x200.jpg,https://coveinterior.com/wp-content/uploads/2022/07/8-1.jpg,/media/wordpress-migration/2022/07/8-1.jpg,8-1.jpg,content structure rewrite requires separate portfolio/page implementation approval; file import is approved independently
rewrite_embedded_media_url,portfolio_embedded_media_url,portfolio,8780,project-1,Nuun,https://coveinterior.com/wp-content/uploads/2022/07/8-1-700x934.jpg,https://coveinterior.com/wp-content/uploads/2022/07/8-1.jpg,/media/wordpress-migration/2022/07/8-1.jpg,8-1.jpg,content structure rewrite requires separate portfolio/page implementation approval; file import is approved independently
rewrite_embedded_media_url,portfolio_embedded_media_url,portfolio,8780,project-1,Nuun,https://coveinterior.com/wp-content/uploads/2022/07/8-1-225x300.jpg,https://coveinterior.com/wp-content/uploads/2022/07/8-1.jpg,/media/wordpress-migration/2022/07/8-1.jpg,8-1.jpg,content structure rewrite requires separate portfolio/page implementation approval; file import is approved independently
rewrite_embedded_media_url,portfolio_embedded_media_url,portfolio,8780,project-1,Nuun,https://coveinterior.com/wp-content/uploads/2022/07/8-1-599x800.jpg,https://coveinterior.com/wp-content/uploads/2022/07/8-1.jpg,/media/wordpress-migration/2022/07/8-1.jpg,8-1.jpg,content structure rewrite requires separate portfolio/page implementation approval; file import is approved independently
rewrite_embedded_media_url,portfolio_embedded_media_url,portfolio,8780,project-1,Nuun,https://coveinterior.com/wp-content/uploads/2022/07/8-1-768x1025.jpg,https://coveinterior.com/wp-content/uploads/2022/07/8-1.jpg,/media/wordpress-migration/2022/07/8-1.jpg,8-1.jpg,content structure rewrite requires separate portfolio/page implementation approval; file import is approved independently
rewrite_embedded_media_url,portfolio_embedded_media_url,portfolio,8780,project-1,Nuun,https://coveinterior.com/wp-content/uploads/2022/07/9-2.jpg,https://coveinterior.com/wp-content/uploads/2022/07/9-2.jpg,/media/wordpress-migration/2022/07/9-2.jpg,9-2.jpg,content structure rewrite requires separate portfolio/page implementation approval; file import is approved independently
rewrite_embedded_media_url,portfolio_embedded_media_url,portfolio,8780,project-1,Nuun,https://coveinterior.com/wp-content/uploads/2022/07/9-2-430x573.jpg,https://coveinterior.com/wp-content/uploads/2022/07/9-2.jpg,/media/wordpress-migration/2022/07/9-2.jpg,9-2.jpg,content structure rewrite requires separate portfolio/page implementation approval; file import is approved independently
rewrite_embedded_media_url,portfolio_embedded_media_url,portfolio,8780,project-1,Nuun,https://coveinterior.com/wp-content/uploads/2022/07/9-2-150x200.jpg,https://coveinterior.com/wp-content/uploads/2022/07/9-2.jpg,/media/wordpress-migration/2022/07/9-2.jpg,9-2.jpg,content structure rewrite requires separate portfolio/page implementation approval; file import is approved independently
rewrite_embedded_media_url,portfolio_embedded_media_url,portfolio,8780,project-1,Nuun,https://coveinterior.com/wp-content/uploads/2022/07/9-2-700x933.jpg,https://coveinterior.com/wp-content/uploads/2022/07/9-2.jpg,/media/wordpress-migration/2022/07/9-2.jpg,9-2.jpg,content structure rewrite requires separate portfolio/page implementation approval; file import is approved independently
rewrite_embedded_media_url,portfolio_embedded_media_url,portfolio,8780,project-1,Nuun,https://coveinterior.com/wp-content/uploads/2022/07/9-2-225x300.jpg,https://coveinterior.com/wp-content/uploads/2022/07/9-2.jpg,/media/wordpress-migration/2022/07/9-2.jpg,9-2.jpg,content structure rewrite requires separate portfolio/page implementation approval; file import is approved independently
rewrite_embedded_media_url,portfolio_embedded_media_url,portfolio,8780,project-1,Nuun,https://coveinterior.com/wp-content/uploads/2022/07/9-2-600x800.jpg,https://coveinterior.com/wp-content/uploads/2022/07/9-2.jpg,/media/wordpress-migration/2022/07/9-2.jpg,9-2.jpg,content structure rewrite requires separate portfolio/page implementation approval; file import is approved independently
rewrite_embedded_media_url,portfolio_embedded_media_url,portfolio,8780,project-1,Nuun,https://coveinterior.com/wp-content/uploads/2022/07/9-2-768x1024.jpg,https://coveinterior.com/wp-content/uploads/2022/07/9-2.jpg,/media/wordpress-migration/2022/07/9-2.jpg,9-2.jpg,content structure rewrite requires separate portfolio/page implementation approval; file import is approved independently
set_portfolio_featured_image,portfolio_featured_image,portfolio,7953,commercial-shops,Commercial Shops,https://coveinterior.com/wp-content/uploads/2022/07/20.jpg,https://coveinterior.com/wp-content/uploads/2022/07/20.jpg,/media/wordpress-migration/2022/07/20.jpg,20.jpg,content structure rewrite requires separate portfolio/page implementation approval; file import is approved independently
rewrite_embedded_media_url,portfolio_embedded_media_url,portfolio,7953,commercial-shops,Commercial Shops,https://coveinterior.com/wp-content/uploads/2022/07/3-3.jpg,https://coveinterior.com/wp-content/uploads/2022/07/3-3.jpg,/media/wordpress-migration/2022/07/3-3.jpg,3-3.jpg,content structure rewrite requires separate portfolio/page implementation approval; file import is approved independently
rewrite_embedded_media_url,portfolio_embedded_media_url,portfolio,7953,commercial-shops,Commercial Shops,https://coveinterior.com/wp-content/uploads/2022/07/3-3-430x296.jpg,https://coveinterior.com/wp-content/uploads/2022/07/3-3.jpg,/media/wordpress-migration/2022/07/3-3.jpg,3-3.jpg,content structure rewrite requires separate portfolio/page implementation approval; file import is approved independently
rewrite_embedded_media_url,portfolio_embedded_media_url,portfolio,7953,commercial-shops,Commercial Shops,https://coveinterior.com/wp-content/uploads/2022/07/3-3-150x103.jpg,https://coveinterior.com/wp-content/uploads/2022/07/3-3.jpg,/media/wordpress-migration/2022/07/3-3.jpg,3-3.jpg,content structure rewrite requires separate portfolio/page implementation approval; file import is approved independently
rewrite_embedded_media_url,portfolio_embedded_media_url,portfolio,7953,commercial-shops,Commercial Shops,https://coveinterior.com/wp-content/uploads/2022/07/3-3-700x482.jpg,https://coveinterior.com/wp-content/uploads/2022/07/3-3.jpg,/media/wordpress-migration/2022/07/3-3.jpg,3-3.jpg,content structure rewrite requires separate portfolio/page implementation approval; file import is approved independently
rewrite_embedded_media_url,portfolio_embedded_media_url,portfolio,7953,commercial-shops,Commercial Shops,https://coveinterior.com/wp-content/uploads/2022/07/3-3-400x276.jpg,https://coveinterior.com/wp-content/uploads/2022/07/3-3.jpg,/media/wordpress-migration/2022/07/3-3.jpg,3-3.jpg,content structure rewrite requires separate portfolio/page implementation approval; file import is approved independently
rewrite_embedded_media_url,portfolio_embedded_media_url,portfolio,7953,commercial-shops,Commercial Shops,https://coveinterior.com/wp-content/uploads/2022/07/3-3-1161x800.jpg,https://coveinterior.com/wp-content/uploads/2022/07/3-3.jpg,/media/wordpress-migration/2022/07/3-3.jpg,3-3.jpg,content structure rewrite requires separate portfolio/page implementation approval; file import is approved independently
rewrite_embedded_media_url,portfolio_embedded_media_url,portfolio,7953,commercial-shops,Commercial Shops,https://coveinterior.com/wp-content/uploads/2022/07/3-3-768x529.jpg,https://coveinterior.com/wp-content/uploads/2022/07/3-3.jpg,/media/wordpress-migration/2022/07/3-3.jpg,3-3.jpg,content structure rewrite requires separate portfolio/page implementation approval; file import is approved independently
rewrite_embedded_media_url,portfolio_embedded_media_url,portfolio,7953,commercial-shops,Commercial Shops,https://coveinterior.com/wp-content/uploads/2022/07/3-3-1536x1058.jpg,https://coveinterior.com/wp-content/uploads/2022/07/3-3.jpg,/media/wordpress-migration/2022/07/3-3.jpg,3-3.jpg,content structure rewrite requires separate portfolio/page implementation approval; file import is approved independently
rewrite_embedded_media_url,portfolio_embedded_media_url,portfolio,7953,commercial-shops,Commercial Shops,https://coveinterior.com/wp-content/uploads/2022/07/3-3-860x593.jpg,https://coveinterior.com/wp-content/uploads/2022/07/3-3.jpg,/media/wordpress-migration/2022/07/3-3.jpg,3-3.jpg,content structure rewrite requires separate portfolio/page implementation approval; file import is approved independently
rewrite_embedded_media_url,portfolio_embedded_media_url,portfolio,7953,commercial-shops,Commercial Shops,https://coveinterior.com/wp-content/uploads/2022/07/7-1.jpg,https://coveinterior.com/wp-content/uploads/2022/07/7-1.jpg,/media/wordpress-migration/2022/07/7-1.jpg,7-1.jpg,content structure rewrite requires separate portfolio/page implementation approval; file import is approved independently
rewrite_embedded_media_url,portfolio_embedded_media_url,portfolio,7953,commercial-shops,Commercial Shops,https://coveinterior.com/wp-content/uploads/2022/07/7-1-430x296.jpg,https://coveinterior.com/wp-content/uploads/2022/07/7-1.jpg,/media/wordpress-migration/2022/07/7-1.jpg,7-1.jpg,content structure rewrite requires separate portfolio/page implementation approval; file import is approved independently
rewrite_embedded_media_url,portfolio_embedded_media_url,portfolio,7953,commercial-shops,Commercial Shops,https://coveinterior.com/wp-content/uploads/2022/07/7-1-150x103.jpg,https://coveinterior.com/wp-content/uploads/2022/07/7-1.jpg,/media/wordpress-migration/2022/07/7-1.jpg,7-1.jpg,content structure rewrite requires separate portfolio/page implementation approval; file import is approved independently
rewrite_embedded_media_url,portfolio_embedded_media_url,portfolio,7953,commercial-shops,Commercial Shops,https://coveinterior.com/wp-content/uploads/2022/07/7-1-700x482.jpg,https://coveinterior.com/wp-content/uploads/2022/07/7-1.jpg,/media/wordpress-migration/2022/07/7-1.jpg,7-1.jpg,content structure rewrite requires separate portfolio/page implementation approval; file import is approved independently
rewrite_embedded_media_url,portfolio_embedded_media_url,portfolio,7953,commercial-shops,Commercial Shops,https://coveinterior.com/wp-content/uploads/2022/07/7-1-400x276.jpg,https://coveinterior.com/wp-content/uploads/2022/07/7-1.jpg,/media/wordpress-migration/2022/07/7-1.jpg,7-1.jpg,content structure rewrite requires separate portfolio/page implementation approval; file import is approved independently
rewrite_embedded_media_url,portfolio_embedded_media_url,portfolio,7953,commercial-shops,Commercial Shops,https://coveinterior.com/wp-content/uploads/2022/07/7-1-1161x800.jpg,https://coveinterior.com/wp-content/uploads/2022/07/7-1.jpg,/media/wordpress-migration/2022/07/7-1.jpg,7-1.jpg,content structure rewrite requires separate portfolio/page implementation approval; file import is approved independently
rewrite_embedded_media_url,portfolio_embedded_media_url,portfolio,7953,commercial-shops,Commercial Shops,https://coveinterior.com/wp-content/uploads/2022/07/7-1-768x529.jpg,https://coveinterior.com/wp-content/uploads/2022/07/7-1.jpg,/media/wordpress-migration/2022/07/7-1.jpg,7-1.jpg,content structure rewrite requires separate portfolio/page implementation approval; file import is approved independently
rewrite_embedded_media_url,portfolio_embedded_media_url,portfolio,7953,commercial-shops,Commercial Shops,https://coveinterior.com/wp-content/uploads/2022/07/7-1-1536x1058.jpg,https://coveinterior.com/wp-content/uploads/2022/07/7-1.jpg,/media/wordpress-migration/2022/07/7-1.jpg,7-1.jpg,content structure rewrite requires separate portfolio/page implementation approval; file import is approved independently
rewrite_embedded_media_url,portfolio_embedded_media_url,portfolio,7953,commercial-shops,Commercial Shops,https://coveinterior.com/wp-content/uploads/2022/07/7-1-860x593.jpg,https://coveinterior.com/wp-content/uploads/2022/07/7-1.jpg,/media/wordpress-migration/2022/07/7-1.jpg,7-1.jpg,content structure rewrite requires separate portfolio/page implementation approval; file import is approved independently
rewrite_embedded_media_url,portfolio_embedded_media_url,portfolio,7953,commercial-shops,Commercial Shops,https://coveinterior.com/wp-content/uploads/2022/07/9.jpg,https://coveinterior.com/wp-content/uploads/2022/07/9.jpg,/media/wordpress-migration/2022/07/9.jpg,9.jpg,content structure rewrite requires separate portfolio/page implementation approval; file import is approved independently
rewrite_embedded_media_url,portfolio_embedded_media_url,portfolio,7953,commercial-shops,Commercial Shops,https://coveinterior.com/wp-content/uploads/2022/07/9-430x296.jpg,https://coveinterior.com/wp-content/uploads/2022/07/9.jpg,/media/wordpress-migration/2022/07/9.jpg,9.jpg,content structure rewrite requires separate portfolio/page implementation approval; file import is approved independently
rewrite_embedded_media_url,portfolio_embedded_media_url,portfolio,7953,commercial-shops,Commercial Shops,https://coveinterior.com/wp-content/uploads/2022/07/9-150x103.jpg,https://coveinterior.com/wp-content/uploads/2022/07/9.jpg,/media/wordpress-migration/2022/07/9.jpg,9.jpg,content structure rewrite requires separate portfolio/page implementation approval; file import is approved independently
rewrite_embedded_media_url,portfolio_embedded_media_url,portfolio,7953,commercial-shops,Commercial Shops,https://coveinterior.com/wp-content/uploads/2022/07/9-700x482.jpg,https://coveinterior.com/wp-content/uploads/2022/07/9.jpg,/media/wordpress-migration/2022/07/9.jpg,9.jpg,content structure rewrite requires separate portfolio/page implementation approval; file import is approved independently
rewrite_embedded_media_url,portfolio_embedded_media_url,portfolio,7953,commercial-shops,Commercial Shops,https://coveinterior.com/wp-content/uploads/2022/07/9-400x276.jpg,https://coveinterior.com/wp-content/uploads/2022/07/9.jpg,/media/wordpress-migration/2022/07/9.jpg,9.jpg,content structure rewrite requires separate portfolio/page implementation approval; file import is approved independently
rewrite_embedded_media_url,portfolio_embedded_media_url,portfolio,7953,commercial-shops,Commercial Shops,https://coveinterior.com/wp-content/uploads/2022/07/9-1161x800.jpg,https://coveinterior.com/wp-content/uploads/2022/07/9.jpg,/media/wordpress-migration/2022/07/9.jpg,9.jpg,content structure rewrite requires separate portfolio/page implementation approval; file import is approved independently
rewrite_embedded_media_url,portfolio_embedded_media_url,portfolio,7953,commercial-shops,Commercial Shops,https://coveinterior.com/wp-content/uploads/2022/07/9-768x529.jpg,https://coveinterior.com/wp-content/uploads/2022/07/9.jpg,/media/wordpress-migration/2022/07/9.jpg,9.jpg,content structure rewrite requires separate portfolio/page implementation approval; file import is approved independently
rewrite_embedded_media_url,portfolio_embedded_media_url,portfolio,7953,commercial-shops,Commercial Shops,https://coveinterior.com/wp-content/uploads/2022/07/9-1536x1058.jpg,https://coveinterior.com/wp-content/uploads/2022/07/9.jpg,/media/wordpress-migration/2022/07/9.jpg,9.jpg,content structure rewrite requires separate portfolio/page implementation approval; file import is approved independently
rewrite_embedded_media_url,portfolio_embedded_media_url,portfolio,7953,commercial-shops,Commercial Shops,https://coveinterior.com/wp-content/uploads/2022/07/9-860x593.jpg,https://coveinterior.com/wp-content/uploads/2022/07/9.jpg,/media/wordpress-migration/2022/07/9.jpg,9.jpg,content structure rewrite requires separate portfolio/page implementation approval; file import is approved independently
rewrite_embedded_media_url,portfolio_embedded_media_url,portfolio,7953,commercial-shops,Commercial Shops,https://coveinterior.com/wp-content/uploads/2022/07/18-1.jpg,https://coveinterior.com/wp-content/uploads/2022/07/18-1.jpg,/media/wordpress-migration/2022/07/18-1.jpg,18-1.jpg,content structure rewrite requires separate portfolio/page implementation approval; file import is approved independently
rewrite_embedded_media_url,portfolio_embedded_media_url,portfolio,7953,commercial-shops,Commercial Shops,https://coveinterior.com/wp-content/uploads/2022/07/18-1-430x296.jpg,https://coveinterior.com/wp-content/uploads/2022/07/18-1.jpg,/media/wordpress-migration/2022/07/18-1.jpg,18-1.jpg,content structure rewrite requires separate portfolio/page implementation approval; file import is approved independently
rewrite_embedded_media_url,portfolio_embedded_media_url,portfolio,7953,commercial-shops,Commercial Shops,https://coveinterior.com/wp-content/uploads/2022/07/18-1-150x103.jpg,https://coveinterior.com/wp-content/uploads/2022/07/18-1.jpg,/media/wordpress-migration/2022/07/18-1.jpg,18-1.jpg,content structure rewrite requires separate portfolio/page implementation approval; file import is approved independently
rewrite_embedded_media_url,portfolio_embedded_media_url,portfolio,7953,commercial-shops,Commercial Shops,https://coveinterior.com/wp-content/uploads/2022/07/18-1-700x482.jpg,https://coveinterior.com/wp-content/uploads/2022/07/18-1.jpg,/media/wordpress-migration/2022/07/18-1.jpg,18-1.jpg,content structure rewrite requires separate portfolio/page implementation approval; file import is approved independently
rewrite_embedded_media_url,portfolio_embedded_media_url,portfolio,7953,commercial-shops,Commercial Shops,https://coveinterior.com/wp-content/uploads/2022/07/18-1-400x276.jpg,https://coveinterior.com/wp-content/uploads/2022/07/18-1.jpg,/media/wordpress-migration/2022/07/18-1.jpg,18-1.jpg,content structure rewrite requires separate portfolio/page implementation approval; file import is approved independently
rewrite_embedded_media_url,portfolio_embedded_media_url,portfolio,7953,commercial-shops,Commercial Shops,https://coveinterior.com/wp-content/uploads/2022/07/18-1-1161x800.jpg,https://coveinterior.com/wp-content/uploads/2022/07/18-1.jpg,/media/wordpress-migration/2022/07/18-1.jpg,18-1.jpg,content structure rewrite requires separate portfolio/page implementation approval; file import is approved independently
rewrite_embedded_media_url,portfolio_embedded_media_url,portfolio,7953,commercial-shops,Commercial Shops,https://coveinterior.com/wp-content/uploads/2022/07/18-1-768x529.jpg,https://coveinterior.com/wp-content/uploads/2022/07/18-1.jpg,/media/wordpress-migration/2022/07/18-1.jpg,18-1.jpg,content structure rewrite requires separate portfolio/page implementation approval; file import is approved independently
rewrite_embedded_media_url,portfolio_embedded_media_url,portfolio,7953,commercial-shops,Commercial Shops,https://coveinterior.com/wp-content/uploads/2022/07/18-1-1536x1058.jpg,https://coveinterior.com/wp-content/uploads/2022/07/18-1.jpg,/media/wordpress-migration/2022/07/18-1.jpg,18-1.jpg,content structure rewrite requires separate portfolio/page implementation approval; file import is approved independently
rewrite_embedded_media_url,portfolio_embedded_media_url,portfolio,7953,commercial-shops,Commercial Shops,https://coveinterior.com/wp-content/uploads/2022/07/18-1-860x593.jpg,https://coveinterior.com/wp-content/uploads/2022/07/18-1.jpg,/media/wordpress-migration/2022/07/18-1.jpg,18-1.jpg,content structure rewrite requires separate portfolio/page implementation approval; file import is approved independently
set_portfolio_featured_image,portfolio_featured_image,portfolio,7938,toilette-bathroom,Toilette – Bathroom,https://coveinterior.com/wp-content/uploads/2022/07/18.jpg,https://coveinterior.com/wp-content/uploads/2022/07/18.jpg,/media/wordpress-migration/2022/07/18.jpg,18.jpg,content structure rewrite requires separate portfolio/page implementation approval; file import is approved independently
rewrite_embedded_media_url,portfolio_embedded_media_url,portfolio,7938,toilette-bathroom,Toilette – Bathroom,https://coveinterior.com/wp-content/uploads/2022/07/1-3.jpg,https://coveinterior.com/wp-content/uploads/2022/07/1-3.jpg,/media/wordpress-migration/2022/07/1-3.jpg,1-3.jpg,content structure rewrite requires separate portfolio/page implementation approval; file import is approved independently
rewrite_embedded_media_url,portfolio_embedded_media_url,portfolio,7938,toilette-bathroom,Toilette – Bathroom,https://coveinterior.com/wp-content/uploads/2022/07/1-3-430x296.jpg,https://coveinterior.com/wp-content/uploads/2022/07/1-3.jpg,/media/wordpress-migration/2022/07/1-3.jpg,1-3.jpg,content structure rewrite requires separate portfolio/page implementation approval; file import is approved independently
rewrite_embedded_media_url,portfolio_embedded_media_url,portfolio,7938,toilette-bathroom,Toilette – Bathroom,https://coveinterior.com/wp-content/uploads/2022/07/1-3-150x103.jpg,https://coveinterior.com/wp-content/uploads/2022/07/1-3.jpg,/media/wordpress-migration/2022/07/1-3.jpg,1-3.jpg,content structure rewrite requires separate portfolio/page implementation approval; file import is approved independently
rewrite_embedded_media_url,portfolio_embedded_media_url,portfolio,7938,toilette-bathroom,Toilette – Bathroom,https://coveinterior.com/wp-content/uploads/2022/07/1-3-700x482.jpg,https://coveinterior.com/wp-content/uploads/2022/07/1-3.jpg,/media/wordpress-migration/2022/07/1-3.jpg,1-3.jpg,content structure rewrite requires separate portfolio/page implementation approval; file import is approved independently
rewrite_embedded_media_url,portfolio_embedded_media_url,portfolio,7938,toilette-bathroom,Toilette – Bathroom,https://coveinterior.com/wp-content/uploads/2022/07/1-3-400x276.jpg,https://coveinterior.com/wp-content/uploads/2022/07/1-3.jpg,/media/wordpress-migration/2022/07/1-3.jpg,1-3.jpg,content structure rewrite requires separate portfolio/page implementation approval; file import is approved independently
rewrite_embedded_media_url,portfolio_embedded_media_url,portfolio,7938,toilette-bathroom,Toilette – Bathroom,https://coveinterior.com/wp-content/uploads/2022/07/1-3-1161x800.jpg,https://coveinterior.com/wp-content/uploads/2022/07/1-3.jpg,/media/wordpress-migration/2022/07/1-3.jpg,1-3.jpg,content structure rewrite requires separate portfolio/page implementation approval; file import is approved independently
rewrite_embedded_media_url,portfolio_embedded_media_url,portfolio,7938,toilette-bathroom,Toilette – Bathroom,https://coveinterior.com/wp-content/uploads/2022/07/1-3-768x529.jpg,https://coveinterior.com/wp-content/uploads/2022/07/1-3.jpg,/media/wordpress-migration/2022/07/1-3.jpg,1-3.jpg,content structure rewrite requires separate portfolio/page implementation approval; file import is approved independently
rewrite_embedded_media_url,portfolio_embedded_media_url,portfolio,7938,toilette-bathroom,Toilette – Bathroom,https://coveinterior.com/wp-content/uploads/2022/07/1-3-1536x1058.jpg,https://coveinterior.com/wp-content/uploads/2022/07/1-3.jpg,/media/wordpress-migration/2022/07/1-3.jpg,1-3.jpg,content structure rewrite requires separate portfolio/page implementation approval; file import is approved independently
rewrite_embedded_media_url,portfolio_embedded_media_url,portfolio,7938,toilette-bathroom,Toilette – Bathroom,https://coveinterior.com/wp-content/uploads/2022/07/1-3-860x593.jpg,https://coveinterior.com/wp-content/uploads/2022/07/1-3.jpg,/media/wordpress-migration/2022/07/1-3.jpg,1-3.jpg,content structure rewrite requires separate portfolio/page implementation approval; file import is approved independently
rewrite_embedded_media_url,portfolio_embedded_media_url,portfolio,7938,toilette-bathroom,Toilette – Bathroom,https://coveinterior.com/wp-content/uploads/2022/07/4-1.png,https://coveinterior.com/wp-content/uploads/2022/07/4-1.png,/media/wordpress-migration/2022/07/4-1.png,4-1.png,content structure rewrite requires separate portfolio/page implementation approval; file import is approved independently
rewrite_embedded_media_url,portfolio_embedded_media_url,portfolio,7938,toilette-bathroom,Toilette – Bathroom,https://coveinterior.com/wp-content/uploads/2022/07/4-1-430x296.png,https://coveinterior.com/wp-content/uploads/2022/07/4-1.png,/media/wordpress-migration/2022/07/4-1.png,4-1.png,content structure rewrite requires separate portfolio/page implementation approval; file import is approved independently
rewrite_embedded_media_url,portfolio_embedded_media_url,portfolio,7938,toilette-bathroom,Toilette – Bathroom,https://coveinterior.com/wp-content/uploads/2022/07/4-1-150x103.png,https://coveinterior.com/wp-content/uploads/2022/07/4-1.png,/media/wordpress-migration/2022/07/4-1.png,4-1.png,content structure rewrite requires separate portfolio/page implementation approval; file import is approved independently
rewrite_embedded_media_url,portfolio_embedded_media_url,portfolio,7938,toilette-bathroom,Toilette – Bathroom,https://coveinterior.com/wp-content/uploads/2022/07/4-1-700x482.png,https://coveinterior.com/wp-content/uploads/2022/07/4-1.png,/media/wordpress-migration/2022/07/4-1.png,4-1.png,content structure rewrite requires separate portfolio/page implementation approval; file import is approved independently
rewrite_embedded_media_url,portfolio_embedded_media_url,portfolio,7938,toilette-bathroom,Toilette – Bathroom,https://coveinterior.com/wp-content/uploads/2022/07/4-1-400x276.png,https://coveinterior.com/wp-content/uploads/2022/07/4-1.png,/media/wordpress-migration/2022/07/4-1.png,4-1.png,content structure rewrite requires separate portfolio/page implementation approval; file import is approved independently
rewrite_embedded_media_url,portfolio_embedded_media_url,portfolio,7938,toilette-bathroom,Toilette – Bathroom,https://coveinterior.com/wp-content/uploads/2022/07/4-1-1161x800.png,https://coveinterior.com/wp-content/uploads/2022/07/4-1.png,/media/wordpress-migration/2022/07/4-1.png,4-1.png,content structure rewrite requires separate portfolio/page implementation approval; file import is approved independently
rewrite_embedded_media_url,portfolio_embedded_media_url,portfolio,7938,toilette-bathroom,Toilette – Bathroom,https://coveinterior.com/wp-content/uploads/2022/07/4-1-768x529.png,https://coveinterior.com/wp-content/uploads/2022/07/4-1.png,/media/wordpress-migration/2022/07/4-1.png,4-1.png,content structure rewrite requires separate portfolio/page implementation approval; file import is approved independently
rewrite_embedded_media_url,portfolio_embedded_media_url,portfolio,7938,toilette-bathroom,Toilette – Bathroom,https://coveinterior.com/wp-content/uploads/2022/07/4-1-1536x1058.png,https://coveinterior.com/wp-content/uploads/2022/07/4-1.png,/media/wordpress-migration/2022/07/4-1.png,4-1.png,content structure rewrite requires separate portfolio/page implementation approval; file import is approved independently
rewrite_embedded_media_url,portfolio_embedded_media_url,portfolio,7938,toilette-bathroom,Toilette – Bathroom,https://coveinterior.com/wp-content/uploads/2022/07/4-1-860x593.png,https://coveinterior.com/wp-content/uploads/2022/07/4-1.png,/media/wordpress-migration/2022/07/4-1.png,4-1.png,content structure rewrite requires separate portfolio/page implementation approval; file import is approved independently
rewrite_embedded_media_url,portfolio_embedded_media_url,portfolio,7938,toilette-bathroom,Toilette – Bathroom,https://coveinterior.com/wp-content/uploads/2022/07/5-1.png,https://coveinterior.com/wp-content/uploads/2022/07/5-1.png,/media/wordpress-migration/2022/07/5-1.png,5-1.png,content structure rewrite requires separate portfolio/page implementation approval; file import is approved independently
rewrite_embedded_media_url,portfolio_embedded_media_url,portfolio,7938,toilette-bathroom,Toilette – Bathroom,https://coveinterior.com/wp-content/uploads/2022/07/5-1-430x296.png,https://coveinterior.com/wp-content/uploads/2022/07/5-1.png,/media/wordpress-migration/2022/07/5-1.png,5-1.png,content structure rewrite requires separate portfolio/page implementation approval; file import is approved independently
rewrite_embedded_media_url,portfolio_embedded_media_url,portfolio,7938,toilette-bathroom,Toilette – Bathroom,https://coveinterior.com/wp-content/uploads/2022/07/5-1-150x103.png,https://coveinterior.com/wp-content/uploads/2022/07/5-1.png,/media/wordpress-migration/2022/07/5-1.png,5-1.png,content structure rewrite requires separate portfolio/page implementation approval; file import is approved independently
rewrite_embedded_media_url,portfolio_embedded_media_url,portfolio,7938,toilette-bathroom,Toilette – Bathroom,https://coveinterior.com/wp-content/uploads/2022/07/5-1-700x482.png,https://coveinterior.com/wp-content/uploads/2022/07/5-1.png,/media/wordpress-migration/2022/07/5-1.png,5-1.png,content structure rewrite requires separate portfolio/page implementation approval; file import is approved independently
rewrite_embedded_media_url,portfolio_embedded_media_url,portfolio,7938,toilette-bathroom,Toilette – Bathroom,https://coveinterior.com/wp-content/uploads/2022/07/5-1-400x276.png,https://coveinterior.com/wp-content/uploads/2022/07/5-1.png,/media/wordpress-migration/2022/07/5-1.png,5-1.png,content structure rewrite requires separate portfolio/page implementation approval; file import is approved independently
rewrite_embedded_media_url,portfolio_embedded_media_url,portfolio,7938,toilette-bathroom,Toilette – Bathroom,https://coveinterior.com/wp-content/uploads/2022/07/5-1-1161x800.png,https://coveinterior.com/wp-content/uploads/2022/07/5-1.png,/media/wordpress-migration/2022/07/5-1.png,5-1.png,content structure rewrite requires separate portfolio/page implementation approval; file import is approved independently
rewrite_embedded_media_url,portfolio_embedded_media_url,portfolio,7938,toilette-bathroom,Toilette – Bathroom,https://coveinterior.com/wp-content/uploads/2022/07/5-1-768x529.png,https://coveinterior.com/wp-content/uploads/2022/07/5-1.png,/media/wordpress-migration/2022/07/5-1.png,5-1.png,content structure rewrite requires separate portfolio/page implementation approval; file import is approved independently
rewrite_embedded_media_url,portfolio_embedded_media_url,portfolio,7938,toilette-bathroom,Toilette – Bathroom,https://coveinterior.com/wp-content/uploads/2022/07/5-1-1536x1058.png,https://coveinterior.com/wp-content/uploads/2022/07/5-1.png,/media/wordpress-migration/2022/07/5-1.png,5-1.png,content structure rewrite requires separate portfolio/page implementation approval; file import is approved independently
rewrite_embedded_media_url,portfolio_embedded_media_url,portfolio,7938,toilette-bathroom,Toilette – Bathroom,https://coveinterior.com/wp-content/uploads/2022/07/5-1-860x593.png,https://coveinterior.com/wp-content/uploads/2022/07/5-1.png,/media/wordpress-migration/2022/07/5-1.png,5-1.png,content structure rewrite requires separate portfolio/page implementation approval; file import is approved independently
rewrite_embedded_media_url,portfolio_embedded_media_url,portfolio,7938,toilette-bathroom,Toilette – Bathroom,https://coveinterior.com/wp-content/uploads/2022/07/6-1.jpg,https://coveinterior.com/wp-content/uploads/2022/07/6-1.jpg,/media/wordpress-migration/2022/07/6-1.jpg,6-1.jpg,content structure rewrite requires separate portfolio/page implementation approval; file import is approved independently
rewrite_embedded_media_url,portfolio_embedded_media_url,portfolio,7938,toilette-bathroom,Toilette – Bathroom,https://coveinterior.com/wp-content/uploads/2022/07/6-1-430x296.jpg,https://coveinterior.com/wp-content/uploads/2022/07/6-1.jpg,/media/wordpress-migration/2022/07/6-1.jpg,6-1.jpg,content structure rewrite requires separate portfolio/page implementation approval; file import is approved independently
rewrite_embedded_media_url,portfolio_embedded_media_url,portfolio,7938,toilette-bathroom,Toilette – Bathroom,https://coveinterior.com/wp-content/uploads/2022/07/6-1-150x103.jpg,https://coveinterior.com/wp-content/uploads/2022/07/6-1.jpg,/media/wordpress-migration/2022/07/6-1.jpg,6-1.jpg,content structure rewrite requires separate portfolio/page implementation approval; file import is approved independently
rewrite_embedded_media_url,portfolio_embedded_media_url,portfolio,7938,toilette-bathroom,Toilette – Bathroom,https://coveinterior.com/wp-content/uploads/2022/07/6-1-700x482.jpg,https://coveinterior.com/wp-content/uploads/2022/07/6-1.jpg,/media/wordpress-migration/2022/07/6-1.jpg,6-1.jpg,content structure rewrite requires separate portfolio/page implementation approval; file import is approved independently
rewrite_embedded_media_url,portfolio_embedded_media_url,portfolio,7938,toilette-bathroom,Toilette – Bathroom,https://coveinterior.com/wp-content/uploads/2022/07/6-1-400x276.jpg,https://coveinterior.com/wp-content/uploads/2022/07/6-1.jpg,/media/wordpress-migration/2022/07/6-1.jpg,6-1.jpg,content structure rewrite requires separate portfolio/page implementation approval; file import is approved independently
rewrite_embedded_media_url,portfolio_embedded_media_url,portfolio,7938,toilette-bathroom,Toilette – Bathroom,https://coveinterior.com/wp-content/uploads/2022/07/6-1-1161x800.jpg,https://coveinterior.com/wp-content/uploads/2022/07/6-1.jpg,/media/wordpress-migration/2022/07/6-1.jpg,6-1.jpg,content structure rewrite requires separate portfolio/page implementation approval; file import is approved independently
rewrite_embedded_media_url,portfolio_embedded_media_url,portfolio,7938,toilette-bathroom,Toilette – Bathroom,https://coveinterior.com/wp-content/uploads/2022/07/6-1-768x529.jpg,https://coveinterior.com/wp-content/uploads/2022/07/6-1.jpg,/media/wordpress-migration/2022/07/6-1.jpg,6-1.jpg,content structure rewrite requires separate portfolio/page implementation approval; file import is approved independently
rewrite_embedded_media_url,portfolio_embedded_media_url,portfolio,7938,toilette-bathroom,Toilette – Bathroom,https://coveinterior.com/wp-content/uploads/2022/07/6-1-1536x1058.jpg,https://coveinterior.com/wp-content/uploads/2022/07/6-1.jpg,/media/wordpress-migration/2022/07/6-1.jpg,6-1.jpg,content structure rewrite requires separate portfolio/page implementation approval; file import is approved independently
rewrite_embedded_media_url,portfolio_embedded_media_url,portfolio,7938,toilette-bathroom,Toilette – Bathroom,https://coveinterior.com/wp-content/uploads/2022/07/6-1-860x593.jpg,https://coveinterior.com/wp-content/uploads/2022/07/6-1.jpg,/media/wordpress-migration/2022/07/6-1.jpg,6-1.jpg,content structure rewrite requires separate portfolio/page implementation approval; file import is approved independently
rewrite_embedded_media_url,portfolio_embedded_media_url,portfolio,7938,toilette-bathroom,Toilette – Bathroom,https://coveinterior.com/wp-content/uploads/2022/07/10.jpg,https://coveinterior.com/wp-content/uploads/2022/07/10.jpg,/media/wordpress-migration/2022/07/10.jpg,10.jpg,content structure rewrite requires separate portfolio/page implementation approval; file import is approved independently
rewrite_embedded_media_url,portfolio_embedded_media_url,portfolio,7938,toilette-bathroom,Toilette – Bathroom,https://coveinterior.com/wp-content/uploads/2022/07/10-430x296.jpg,https://coveinterior.com/wp-content/uploads/2022/07/10.jpg,/media/wordpress-migration/2022/07/10.jpg,10.jpg,content structure rewrite requires separate portfolio/page implementation approval; file import is approved independently
rewrite_embedded_media_url,portfolio_embedded_media_url,portfolio,7938,toilette-bathroom,Toilette – Bathroom,https://coveinterior.com/wp-content/uploads/2022/07/10-150x103.jpg,https://coveinterior.com/wp-content/uploads/2022/07/10.jpg,/media/wordpress-migration/2022/07/10.jpg,10.jpg,content structure rewrite requires separate portfolio/page implementation approval; file import is approved independently
rewrite_embedded_media_url,portfolio_embedded_media_url,portfolio,7938,toilette-bathroom,Toilette – Bathroom,https://coveinterior.com/wp-content/uploads/2022/07/10-700x482.jpg,https://coveinterior.com/wp-content/uploads/2022/07/10.jpg,/media/wordpress-migration/2022/07/10.jpg,10.jpg,content structure rewrite requires separate portfolio/page implementation approval; file import is approved independently
rewrite_embedded_media_url,portfolio_embedded_media_url,portfolio,7938,toilette-bathroom,Toilette – Bathroom,https://coveinterior.com/wp-content/uploads/2022/07/10-400x276.jpg,https://coveinterior.com/wp-content/uploads/2022/07/10.jpg,/media/wordpress-migration/2022/07/10.jpg,10.jpg,content structure rewrite requires separate portfolio/page implementation approval; file import is approved independently
rewrite_embedded_media_url,portfolio_embedded_media_url,portfolio,7938,toilette-bathroom,Toilette – Bathroom,https://coveinterior.com/wp-content/uploads/2022/07/10-1161x800.jpg,https://coveinterior.com/wp-content/uploads/2022/07/10.jpg,/media/wordpress-migration/2022/07/10.jpg,10.jpg,content structure rewrite requires separate portfolio/page implementation approval; file import is approved independently
rewrite_embedded_media_url,portfolio_embedded_media_url,portfolio,7938,toilette-bathroom,Toilette – Bathroom,https://coveinterior.com/wp-content/uploads/2022/07/10-768x529.jpg,https://coveinterior.com/wp-content/uploads/2022/07/10.jpg,/media/wordpress-migration/2022/07/10.jpg,10.jpg,content structure rewrite requires separate portfolio/page implementation approval; file import is approved independently
rewrite_embedded_media_url,portfolio_embedded_media_url,portfolio,7938,toilette-bathroom,Toilette – Bathroom,https://coveinterior.com/wp-content/uploads/2022/07/10-1536x1058.jpg,https://coveinterior.com/wp-content/uploads/2022/07/10.jpg,/media/wordpress-migration/2022/07/10.jpg,10.jpg,content structure rewrite requires separate portfolio/page implementation approval; file import is approved independently
rewrite_embedded_media_url,portfolio_embedded_media_url,portfolio,7938,toilette-bathroom,Toilette – Bathroom,https://coveinterior.com/wp-content/uploads/2022/07/10-860x593.jpg,https://coveinterior.com/wp-content/uploads/2022/07/10.jpg,/media/wordpress-migration/2022/07/10.jpg,10.jpg,content structure rewrite requires separate portfolio/page implementation approval; file import is approved independently
set_portfolio_featured_image,portfolio_featured_image,portfolio,7924,swimming-pools,Swimming Pools,https://coveinterior.com/wp-content/uploads/2022/07/5.jpg,https://coveinterior.com/wp-content/uploads/2022/07/5.jpg,/media/wordpress-migration/2022/07/5.jpg,5.jpg,content structure rewrite requires separate portfolio/page implementation approval; file import is approved independently
rewrite_embedded_media_url,portfolio_embedded_media_url,portfolio,7924,swimming-pools,Swimming Pools,https://coveinterior.com/wp-content/uploads/2022/07/1-2.jpg,https://coveinterior.com/wp-content/uploads/2022/07/1-2.jpg,/media/wordpress-migration/2022/07/1-2.jpg,1-2.jpg,content structure rewrite requires separate portfolio/page implementation approval; file import is approved independently
rewrite_embedded_media_url,portfolio_embedded_media_url,portfolio,7924,swimming-pools,Swimming Pools,https://coveinterior.com/wp-content/uploads/2022/07/1-2-430x296.jpg,https://coveinterior.com/wp-content/uploads/2022/07/1-2.jpg,/media/wordpress-migration/2022/07/1-2.jpg,1-2.jpg,content structure rewrite requires separate portfolio/page implementation approval; file import is approved independently
rewrite_embedded_media_url,portfolio_embedded_media_url,portfolio,7924,swimming-pools,Swimming Pools,https://coveinterior.com/wp-content/uploads/2022/07/1-2-150x103.jpg,https://coveinterior.com/wp-content/uploads/2022/07/1-2.jpg,/media/wordpress-migration/2022/07/1-2.jpg,1-2.jpg,content structure rewrite requires separate portfolio/page implementation approval; file import is approved independently
rewrite_embedded_media_url,portfolio_embedded_media_url,portfolio,7924,swimming-pools,Swimming Pools,https://coveinterior.com/wp-content/uploads/2022/07/1-2-700x482.jpg,https://coveinterior.com/wp-content/uploads/2022/07/1-2.jpg,/media/wordpress-migration/2022/07/1-2.jpg,1-2.jpg,content structure rewrite requires separate portfolio/page implementation approval; file import is approved independently
rewrite_embedded_media_url,portfolio_embedded_media_url,portfolio,7924,swimming-pools,Swimming Pools,https://coveinterior.com/wp-content/uploads/2022/07/1-2-400x276.jpg,https://coveinterior.com/wp-content/uploads/2022/07/1-2.jpg,/media/wordpress-migration/2022/07/1-2.jpg,1-2.jpg,content structure rewrite requires separate portfolio/page implementation approval; file import is approved independently
rewrite_embedded_media_url,portfolio_embedded_media_url,portfolio,7924,swimming-pools,Swimming Pools,https://coveinterior.com/wp-content/uploads/2022/07/1-2-1161x800.jpg,https://coveinterior.com/wp-content/uploads/2022/07/1-2.jpg,/media/wordpress-migration/2022/07/1-2.jpg,1-2.jpg,content structure rewrite requires separate portfolio/page implementation approval; file import is approved independently
rewrite_embedded_media_url,portfolio_embedded_media_url,portfolio,7924,swimming-pools,Swimming Pools,https://coveinterior.com/wp-content/uploads/2022/07/1-2-768x529.jpg,https://coveinterior.com/wp-content/uploads/2022/07/1-2.jpg,/media/wordpress-migration/2022/07/1-2.jpg,1-2.jpg,content structure rewrite requires separate portfolio/page implementation approval; file import is approved independently
rewrite_embedded_media_url,portfolio_embedded_media_url,portfolio,7924,swimming-pools,Swimming Pools,https://coveinterior.com/wp-content/uploads/2022/07/1-2-1536x1058.jpg,https://coveinterior.com/wp-content/uploads/2022/07/1-2.jpg,/media/wordpress-migration/2022/07/1-2.jpg,1-2.jpg,content structure rewrite requires separate portfolio/page implementation approval; file import is approved independently
rewrite_embedded_media_url,portfolio_embedded_media_url,portfolio,7924,swimming-pools,Swimming Pools,https://coveinterior.com/wp-content/uploads/2022/07/1-2-860x593.jpg,https://coveinterior.com/wp-content/uploads/2022/07/1-2.jpg,/media/wordpress-migration/2022/07/1-2.jpg,1-2.jpg,content structure rewrite requires separate portfolio/page implementation approval; file import is approved independently
rewrite_embedded_media_url,portfolio_embedded_media_url,portfolio,7924,swimming-pools,Swimming Pools,https://coveinterior.com/wp-content/uploads/2022/07/2-2.jpg,https://coveinterior.com/wp-content/uploads/2022/07/2-2.jpg,/media/wordpress-migration/2022/07/2-2.jpg,2-2.jpg,content structure rewrite requires separate portfolio/page implementation approval; file import is approved independently
rewrite_embedded_media_url,portfolio_embedded_media_url,portfolio,7924,swimming-pools,Swimming Pools,https://coveinterior.com/wp-content/uploads/2022/07/2-2-430x296.jpg,https://coveinterior.com/wp-content/uploads/2022/07/2-2.jpg,/media/wordpress-migration/2022/07/2-2.jpg,2-2.jpg,content structure rewrite requires separate portfolio/page implementation approval; file import is approved independently
rewrite_embedded_media_url,portfolio_embedded_media_url,portfolio,7924,swimming-pools,Swimming Pools,https://coveinterior.com/wp-content/uploads/2022/07/2-2-150x103.jpg,https://coveinterior.com/wp-content/uploads/2022/07/2-2.jpg,/media/wordpress-migration/2022/07/2-2.jpg,2-2.jpg,content structure rewrite requires separate portfolio/page implementation approval; file import is approved independently
rewrite_embedded_media_url,portfolio_embedded_media_url,portfolio,7924,swimming-pools,Swimming Pools,https://coveinterior.com/wp-content/uploads/2022/07/2-2-700x482.jpg,https://coveinterior.com/wp-content/uploads/2022/07/2-2.jpg,/media/wordpress-migration/2022/07/2-2.jpg,2-2.jpg,content structure rewrite requires separate portfolio/page implementation approval; file import is approved independently
rewrite_embedded_media_url,portfolio_embedded_media_url,portfolio,7924,swimming-pools,Swimming Pools,https://coveinterior.com/wp-content/uploads/2022/07/2-2-400x276.jpg,https://coveinterior.com/wp-content/uploads/2022/07/2-2.jpg,/media/wordpress-migration/2022/07/2-2.jpg,2-2.jpg,content structure rewrite requires separate portfolio/page implementation approval; file import is approved independently
rewrite_embedded_media_url,portfolio_embedded_media_url,portfolio,7924,swimming-pools,Swimming Pools,https://coveinterior.com/wp-content/uploads/2022/07/2-2-1161x800.jpg,https://coveinterior.com/wp-content/uploads/2022/07/2-2.jpg,/media/wordpress-migration/2022/07/2-2.jpg,2-2.jpg,content structure rewrite requires separate portfolio/page implementation approval; file import is approved independently
rewrite_embedded_media_url,portfolio_embedded_media_url,portfolio,7924,swimming-pools,Swimming Pools,https://coveinterior.com/wp-content/uploads/2022/07/2-2-768x529.jpg,https://coveinterior.com/wp-content/uploads/2022/07/2-2.jpg,/media/wordpress-migration/2022/07/2-2.jpg,2-2.jpg,content structure rewrite requires separate portfolio/page implementation approval; file import is approved independently
rewrite_embedded_media_url,portfolio_embedded_media_url,portfolio,7924,swimming-pools,Swimming Pools,https://coveinterior.com/wp-content/uploads/2022/07/2-2-1536x1058.jpg,https://coveinterior.com/wp-content/uploads/2022/07/2-2.jpg,/media/wordpress-migration/2022/07/2-2.jpg,2-2.jpg,content structure rewrite requires separate portfolio/page implementation approval; file import is approved independently
rewrite_embedded_media_url,portfolio_embedded_media_url,portfolio,7924,swimming-pools,Swimming Pools,https://coveinterior.com/wp-content/uploads/2022/07/2-2-860x593.jpg,https://coveinterior.com/wp-content/uploads/2022/07/2-2.jpg,/media/wordpress-migration/2022/07/2-2.jpg,2-2.jpg,content structure rewrite requires separate portfolio/page implementation approval; file import is approved independently
rewrite_embedded_media_url,portfolio_embedded_media_url,portfolio,7924,swimming-pools,Swimming Pools,https://coveinterior.com/wp-content/uploads/2022/07/3-2.jpg,https://coveinterior.com/wp-content/uploads/2022/07/3-2.jpg,/media/wordpress-migration/2022/07/3-2.jpg,3-2.jpg,content structure rewrite requires separate portfolio/page implementation approval; file import is approved independently
rewrite_embedded_media_url,portfolio_embedded_media_url,portfolio,7924,swimming-pools,Swimming Pools,https://coveinterior.com/wp-content/uploads/2022/07/3-2-430x296.jpg,https://coveinterior.com/wp-content/uploads/2022/07/3-2.jpg,/media/wordpress-migration/2022/07/3-2.jpg,3-2.jpg,content structure rewrite requires separate portfolio/page implementation approval; file import is approved independently
rewrite_embedded_media_url,portfolio_embedded_media_url,portfolio,7924,swimming-pools,Swimming Pools,https://coveinterior.com/wp-content/uploads/2022/07/3-2-150x103.jpg,https://coveinterior.com/wp-content/uploads/2022/07/3-2.jpg,/media/wordpress-migration/2022/07/3-2.jpg,3-2.jpg,content structure rewrite requires separate portfolio/page implementation approval; file import is approved independently
rewrite_embedded_media_url,portfolio_embedded_media_url,portfolio,7924,swimming-pools,Swimming Pools,https://coveinterior.com/wp-content/uploads/2022/07/3-2-700x482.jpg,https://coveinterior.com/wp-content/uploads/2022/07/3-2.jpg,/media/wordpress-migration/2022/07/3-2.jpg,3-2.jpg,content structure rewrite requires separate portfolio/page implementation approval; file import is approved independently
rewrite_embedded_media_url,portfolio_embedded_media_url,portfolio,7924,swimming-pools,Swimming Pools,https://coveinterior.com/wp-content/uploads/2022/07/3-2-400x276.jpg,https://coveinterior.com/wp-content/uploads/2022/07/3-2.jpg,/media/wordpress-migration/2022/07/3-2.jpg,3-2.jpg,content structure rewrite requires separate portfolio/page implementation approval; file import is approved independently
rewrite_embedded_media_url,portfolio_embedded_media_url,portfolio,7924,swimming-pools,Swimming Pools,https://coveinterior.com/wp-content/uploads/2022/07/3-2-1161x800.jpg,https://coveinterior.com/wp-content/uploads/2022/07/3-2.jpg,/media/wordpress-migration/2022/07/3-2.jpg,3-2.jpg,content structure rewrite requires separate portfolio/page implementation approval; file import is approved independently
rewrite_embedded_media_url,portfolio_embedded_media_url,portfolio,7924,swimming-pools,Swimming Pools,https://coveinterior.com/wp-content/uploads/2022/07/3-2-768x529.jpg,https://coveinterior.com/wp-content/uploads/2022/07/3-2.jpg,/media/wordpress-migration/2022/07/3-2.jpg,3-2.jpg,content structure rewrite requires separate portfolio/page implementation approval; file import is approved independently
rewrite_embedded_media_url,portfolio_embedded_media_url,portfolio,7924,swimming-pools,Swimming Pools,https://coveinterior.com/wp-content/uploads/2022/07/3-2-1536x1058.jpg,https://coveinterior.com/wp-content/uploads/2022/07/3-2.jpg,/media/wordpress-migration/2022/07/3-2.jpg,3-2.jpg,content structure rewrite requires separate portfolio/page implementation approval; file import is approved independently
rewrite_embedded_media_url,portfolio_embedded_media_url,portfolio,7924,swimming-pools,Swimming Pools,https://coveinterior.com/wp-content/uploads/2022/07/3-2-860x593.jpg,https://coveinterior.com/wp-content/uploads/2022/07/3-2.jpg,/media/wordpress-migration/2022/07/3-2.jpg,3-2.jpg,content structure rewrite requires separate portfolio/page implementation approval; file import is approved independently
rewrite_embedded_media_url,portfolio_embedded_media_url,portfolio,7924,swimming-pools,Swimming Pools,https://coveinterior.com/wp-content/uploads/2022/07/6.jpg,https://coveinterior.com/wp-content/uploads/2022/07/6.jpg,/media/wordpress-migration/2022/07/6.jpg,6.jpg,content structure rewrite requires separate portfolio/page implementation approval; file import is approved independently
rewrite_embedded_media_url,portfolio_embedded_media_url,portfolio,7924,swimming-pools,Swimming Pools,https://coveinterior.com/wp-content/uploads/2022/07/6-430x296.jpg,https://coveinterior.com/wp-content/uploads/2022/07/6.jpg,/media/wordpress-migration/2022/07/6.jpg,6.jpg,content structure rewrite requires separate portfolio/page implementation approval; file import is approved independently
rewrite_embedded_media_url,portfolio_embedded_media_url,portfolio,7924,swimming-pools,Swimming Pools,https://coveinterior.com/wp-content/uploads/2022/07/6-150x103.jpg,https://coveinterior.com/wp-content/uploads/2022/07/6.jpg,/media/wordpress-migration/2022/07/6.jpg,6.jpg,content structure rewrite requires separate portfolio/page implementation approval; file import is approved independently
rewrite_embedded_media_url,portfolio_embedded_media_url,portfolio,7924,swimming-pools,Swimming Pools,https://coveinterior.com/wp-content/uploads/2022/07/6-700x482.jpg,https://coveinterior.com/wp-content/uploads/2022/07/6.jpg,/media/wordpress-migration/2022/07/6.jpg,6.jpg,content structure rewrite requires separate portfolio/page implementation approval; file import is approved independently
rewrite_embedded_media_url,portfolio_embedded_media_url,portfolio,7924,swimming-pools,Swimming Pools,https://coveinterior.com/wp-content/uploads/2022/07/6-400x276.jpg,https://coveinterior.com/wp-content/uploads/2022/07/6.jpg,/media/wordpress-migration/2022/07/6.jpg,6.jpg,content structure rewrite requires separate portfolio/page implementation approval; file import is approved independently
rewrite_embedded_media_url,portfolio_embedded_media_url,portfolio,7924,swimming-pools,Swimming Pools,https://coveinterior.com/wp-content/uploads/2022/07/6-1161x800.jpg,https://coveinterior.com/wp-content/uploads/2022/07/6.jpg,/media/wordpress-migration/2022/07/6.jpg,6.jpg,content structure rewrite requires separate portfolio/page implementation approval; file import is approved independently
rewrite_embedded_media_url,portfolio_embedded_media_url,portfolio,7924,swimming-pools,Swimming Pools,https://coveinterior.com/wp-content/uploads/2022/07/6-768x529.jpg,https://coveinterior.com/wp-content/uploads/2022/07/6.jpg,/media/wordpress-migration/2022/07/6.jpg,6.jpg,content structure rewrite requires separate portfolio/page implementation approval; file import is approved independently
rewrite_embedded_media_url,portfolio_embedded_media_url,portfolio,7924,swimming-pools,Swimming Pools,https://coveinterior.com/wp-content/uploads/2022/07/6-1536x1058.jpg,https://coveinterior.com/wp-content/uploads/2022/07/6.jpg,/media/wordpress-migration/2022/07/6.jpg,6.jpg,content structure rewrite requires separate portfolio/page implementation approval; file import is approved independently
rewrite_embedded_media_url,portfolio_embedded_media_url,portfolio,7924,swimming-pools,Swimming Pools,https://coveinterior.com/wp-content/uploads/2022/07/6-860x593.jpg,https://coveinterior.com/wp-content/uploads/2022/07/6.jpg,/media/wordpress-migration/2022/07/6.jpg,6.jpg,content structure rewrite requires separate portfolio/page implementation approval; file import is approved independently
rewrite_embedded_media_url,portfolio_embedded_media_url,portfolio,7924,swimming-pools,Swimming Pools,https://coveinterior.com/wp-content/uploads/2022/07/7.jpg,https://coveinterior.com/wp-content/uploads/2022/07/7.jpg,/media/wordpress-migration/2022/07/7.jpg,7.jpg,content structure rewrite requires separate portfolio/page implementation approval; file import is approved independently
rewrite_embedded_media_url,portfolio_embedded_media_url,portfolio,7924,swimming-pools,Swimming Pools,https://coveinterior.com/wp-content/uploads/2022/07/7-430x296.jpg,https://coveinterior.com/wp-content/uploads/2022/07/7.jpg,/media/wordpress-migration/2022/07/7.jpg,7.jpg,content structure rewrite requires separate portfolio/page implementation approval; file import is approved independently
rewrite_embedded_media_url,portfolio_embedded_media_url,portfolio,7924,swimming-pools,Swimming Pools,https://coveinterior.com/wp-content/uploads/2022/07/7-150x103.jpg,https://coveinterior.com/wp-content/uploads/2022/07/7.jpg,/media/wordpress-migration/2022/07/7.jpg,7.jpg,content structure rewrite requires separate portfolio/page implementation approval; file import is approved independently
rewrite_embedded_media_url,portfolio_embedded_media_url,portfolio,7924,swimming-pools,Swimming Pools,https://coveinterior.com/wp-content/uploads/2022/07/7-700x482.jpg,https://coveinterior.com/wp-content/uploads/2022/07/7.jpg,/media/wordpress-migration/2022/07/7.jpg,7.jpg,content structure rewrite requires separate portfolio/page implementation approval; file import is approved independently
rewrite_embedded_media_url,portfolio_embedded_media_url,portfolio,7924,swimming-pools,Swimming Pools,https://coveinterior.com/wp-content/uploads/2022/07/7-400x276.jpg,https://coveinterior.com/wp-content/uploads/2022/07/7.jpg,/media/wordpress-migration/2022/07/7.jpg,7.jpg,content structure rewrite requires separate portfolio/page implementation approval; file import is approved independently
rewrite_embedded_media_url,portfolio_embedded_media_url,portfolio,7924,swimming-pools,Swimming Pools,https://coveinterior.com/wp-content/uploads/2022/07/7-1161x800.jpg,https://coveinterior.com/wp-content/uploads/2022/07/7.jpg,/media/wordpress-migration/2022/07/7.jpg,7.jpg,content structure rewrite requires separate portfolio/page implementation approval; file import is approved independently
rewrite_embedded_media_url,portfolio_embedded_media_url,portfolio,7924,swimming-pools,Swimming Pools,https://coveinterior.com/wp-content/uploads/2022/07/7-768x529.jpg,https://coveinterior.com/wp-content/uploads/2022/07/7.jpg,/media/wordpress-migration/2022/07/7.jpg,7.jpg,content structure rewrite requires separate portfolio/page implementation approval; file import is approved independently
rewrite_embedded_media_url,portfolio_embedded_media_url,portfolio,7924,swimming-pools,Swimming Pools,https://coveinterior.com/wp-content/uploads/2022/07/7-1536x1058.jpg,https://coveinterior.com/wp-content/uploads/2022/07/7.jpg,/media/wordpress-migration/2022/07/7.jpg,7.jpg,content structure rewrite requires separate portfolio/page implementation approval; file import is approved independently
rewrite_embedded_media_url,portfolio_embedded_media_url,portfolio,7924,swimming-pools,Swimming Pools,https://coveinterior.com/wp-content/uploads/2022/07/7-860x593.jpg,https://coveinterior.com/wp-content/uploads/2022/07/7.jpg,/media/wordpress-migration/2022/07/7.jpg,7.jpg,content structure rewrite requires separate portfolio/page implementation approval; file import is approved independently
set_portfolio_featured_image,portfolio_featured_image,portfolio,7916,dining-rooms,Dining Rooms,https://coveinterior.com/wp-content/uploads/2022/07/8.png,https://coveinterior.com/wp-content/uploads/2022/07/8.png,/media/wordpress-migration/2022/07/8.png,8.png,content structure rewrite requires separate portfolio/page implementation approval; file import is approved independently
rewrite_embedded_media_url,portfolio_embedded_media_url,portfolio,7916,dining-rooms,Dining Rooms,https://coveinterior.com/wp-content/uploads/2022/07/7.png,https://coveinterior.com/wp-content/uploads/2022/07/7.png,/media/wordpress-migration/2022/07/7.png,7.png,content structure rewrite requires separate portfolio/page implementation approval; file import is approved independently
rewrite_embedded_media_url,portfolio_embedded_media_url,portfolio,7916,dining-rooms,Dining Rooms,https://coveinterior.com/wp-content/uploads/2022/07/7-430x296.png,https://coveinterior.com/wp-content/uploads/2022/07/7.png,/media/wordpress-migration/2022/07/7.png,7.png,content structure rewrite requires separate portfolio/page implementation approval; file import is approved independently
rewrite_embedded_media_url,portfolio_embedded_media_url,portfolio,7916,dining-rooms,Dining Rooms,https://coveinterior.com/wp-content/uploads/2022/07/7-150x103.png,https://coveinterior.com/wp-content/uploads/2022/07/7.png,/media/wordpress-migration/2022/07/7.png,7.png,content structure rewrite requires separate portfolio/page implementation approval; file import is approved independently
rewrite_embedded_media_url,portfolio_embedded_media_url,portfolio,7916,dining-rooms,Dining Rooms,https://coveinterior.com/wp-content/uploads/2022/07/7-700x482.png,https://coveinterior.com/wp-content/uploads/2022/07/7.png,/media/wordpress-migration/2022/07/7.png,7.png,content structure rewrite requires separate portfolio/page implementation approval; file import is approved independently
rewrite_embedded_media_url,portfolio_embedded_media_url,portfolio,7916,dining-rooms,Dining Rooms,https://coveinterior.com/wp-content/uploads/2022/07/7-400x276.png,https://coveinterior.com/wp-content/uploads/2022/07/7.png,/media/wordpress-migration/2022/07/7.png,7.png,content structure rewrite requires separate portfolio/page implementation approval; file import is approved independently
rewrite_embedded_media_url,portfolio_embedded_media_url,portfolio,7916,dining-rooms,Dining Rooms,https://coveinterior.com/wp-content/uploads/2022/07/7-1161x800.png,https://coveinterior.com/wp-content/uploads/2022/07/7.png,/media/wordpress-migration/2022/07/7.png,7.png,content structure rewrite requires separate portfolio/page implementation approval; file import is approved independently
rewrite_embedded_media_url,portfolio_embedded_media_url,portfolio,7916,dining-rooms,Dining Rooms,https://coveinterior.com/wp-content/uploads/2022/07/7-768x529.png,https://coveinterior.com/wp-content/uploads/2022/07/7.png,/media/wordpress-migration/2022/07/7.png,7.png,content structure rewrite requires separate portfolio/page implementation approval; file import is approved independently
rewrite_embedded_media_url,portfolio_embedded_media_url,portfolio,7916,dining-rooms,Dining Rooms,https://coveinterior.com/wp-content/uploads/2022/07/7-1536x1058.png,https://coveinterior.com/wp-content/uploads/2022/07/7.png,/media/wordpress-migration/2022/07/7.png,7.png,content structure rewrite requires separate portfolio/page implementation approval; file import is approved independently
rewrite_embedded_media_url,portfolio_embedded_media_url,portfolio,7916,dining-rooms,Dining Rooms,https://coveinterior.com/wp-content/uploads/2022/07/7-860x593.png,https://coveinterior.com/wp-content/uploads/2022/07/7.png,/media/wordpress-migration/2022/07/7.png,7.png,content structure rewrite requires separate portfolio/page implementation approval; file import is approved independently
rewrite_embedded_media_url,portfolio_embedded_media_url,portfolio,7916,dining-rooms,Dining Rooms,https://coveinterior.com/wp-content/uploads/2022/07/9.png,https://coveinterior.com/wp-content/uploads/2022/07/9.png,/media/wordpress-migration/2022/07/9.png,9.png,content structure rewrite requires separate portfolio/page implementation approval; file import is approved independently
rewrite_embedded_media_url,portfolio_embedded_media_url,portfolio,7916,dining-rooms,Dining Rooms,https://coveinterior.com/wp-content/uploads/2022/07/9-430x296.png,https://coveinterior.com/wp-content/uploads/2022/07/9.png,/media/wordpress-migration/2022/07/9.png,9.png,content structure rewrite requires separate portfolio/page implementation approval; file import is approved independently
rewrite_embedded_media_url,portfolio_embedded_media_url,portfolio,7916,dining-rooms,Dining Rooms,https://coveinterior.com/wp-content/uploads/2022/07/9-150x103.png,https://coveinterior.com/wp-content/uploads/2022/07/9.png,/media/wordpress-migration/2022/07/9.png,9.png,content structure rewrite requires separate portfolio/page implementation approval; file import is approved independently
rewrite_embedded_media_url,portfolio_embedded_media_url,portfolio,7916,dining-rooms,Dining Rooms,https://coveinterior.com/wp-content/uploads/2022/07/9-700x482.png,https://coveinterior.com/wp-content/uploads/2022/07/9.png,/media/wordpress-migration/2022/07/9.png,9.png,content structure rewrite requires separate portfolio/page implementation approval; file import is approved independently
rewrite_embedded_media_url,portfolio_embedded_media_url,portfolio,7916,dining-rooms,Dining Rooms,https://coveinterior.com/wp-content/uploads/2022/07/9-400x276.png,https://coveinterior.com/wp-content/uploads/2022/07/9.png,/media/wordpress-migration/2022/07/9.png,9.png,content structure rewrite requires separate portfolio/page implementation approval; file import is approved independently
rewrite_embedded_media_url,portfolio_embedded_media_url,portfolio,7916,dining-rooms,Dining Rooms,https://coveinterior.com/wp-content/uploads/2022/07/9-1161x800.png,https://coveinterior.com/wp-content/uploads/2022/07/9.png,/media/wordpress-migration/2022/07/9.png,9.png,content structure rewrite requires separate portfolio/page implementation approval; file import is approved independently
rewrite_embedded_media_url,portfolio_embedded_media_url,portfolio,7916,dining-rooms,Dining Rooms,https://coveinterior.com/wp-content/uploads/2022/07/9-768x529.png,https://coveinterior.com/wp-content/uploads/2022/07/9.png,/media/wordpress-migration/2022/07/9.png,9.png,content structure rewrite requires separate portfolio/page implementation approval; file import is approved independently
rewrite_embedded_media_url,portfolio_embedded_media_url,portfolio,7916,dining-rooms,Dining Rooms,https://coveinterior.com/wp-content/uploads/2022/07/9-1536x1058.png,https://coveinterior.com/wp-content/uploads/2022/07/9.png,/media/wordpress-migration/2022/07/9.png,9.png,content structure rewrite requires separate portfolio/page implementation approval; file import is approved independently
rewrite_embedded_media_url,portfolio_embedded_media_url,portfolio,7916,dining-rooms,Dining Rooms,https://coveinterior.com/wp-content/uploads/2022/07/9-860x593.png,https://coveinterior.com/wp-content/uploads/2022/07/9.png,/media/wordpress-migration/2022/07/9.png,9.png,content structure rewrite requires separate portfolio/page implementation approval; file import is approved independently
set_portfolio_featured_image,portfolio_featured_image,portfolio,7768,hall-living,Hall &#038; Living,https://coveinterior.com/wp-content/uploads/2022/07/3-1.jpg,https://coveinterior.com/wp-content/uploads/2022/07/3-1.jpg,/media/wordpress-migration/2022/07/3-1.jpg,3-1.jpg,content structure rewrite requires separate portfolio/page implementation approval; file import is approved independently
rewrite_embedded_media_url,portfolio_embedded_media_url,portfolio,7768,hall-living,Hall &#038; Living,https://coveinterior.com/wp-content/uploads/2022/07/1-1.jpg,https://coveinterior.com/wp-content/uploads/2022/07/1-1.jpg,/media/wordpress-migration/2022/07/1-1.jpg,1-1.jpg,content structure rewrite requires separate portfolio/page implementation approval; file import is approved independently
rewrite_embedded_media_url,portfolio_embedded_media_url,portfolio,7768,hall-living,Hall &#038; Living,https://coveinterior.com/wp-content/uploads/2022/07/1-1-430x296.jpg,https://coveinterior.com/wp-content/uploads/2022/07/1-1.jpg,/media/wordpress-migration/2022/07/1-1.jpg,1-1.jpg,content structure rewrite requires separate portfolio/page implementation approval; file import is approved independently
rewrite_embedded_media_url,portfolio_embedded_media_url,portfolio,7768,hall-living,Hall &#038; Living,https://coveinterior.com/wp-content/uploads/2022/07/1-1-150x103.jpg,https://coveinterior.com/wp-content/uploads/2022/07/1-1.jpg,/media/wordpress-migration/2022/07/1-1.jpg,1-1.jpg,content structure rewrite requires separate portfolio/page implementation approval; file import is approved independently
rewrite_embedded_media_url,portfolio_embedded_media_url,portfolio,7768,hall-living,Hall &#038; Living,https://coveinterior.com/wp-content/uploads/2022/07/1-1-700x482.jpg,https://coveinterior.com/wp-content/uploads/2022/07/1-1.jpg,/media/wordpress-migration/2022/07/1-1.jpg,1-1.jpg,content structure rewrite requires separate portfolio/page implementation approval; file import is approved independently
rewrite_embedded_media_url,portfolio_embedded_media_url,portfolio,7768,hall-living,Hall &#038; Living,https://coveinterior.com/wp-content/uploads/2022/07/1-1-400x276.jpg,https://coveinterior.com/wp-content/uploads/2022/07/1-1.jpg,/media/wordpress-migration/2022/07/1-1.jpg,1-1.jpg,content structure rewrite requires separate portfolio/page implementation approval; file import is approved independently
rewrite_embedded_media_url,portfolio_embedded_media_url,portfolio,7768,hall-living,Hall &#038; Living,https://coveinterior.com/wp-content/uploads/2022/07/1-1-1161x800.jpg,https://coveinterior.com/wp-content/uploads/2022/07/1-1.jpg,/media/wordpress-migration/2022/07/1-1.jpg,1-1.jpg,content structure rewrite requires separate portfolio/page implementation approval; file import is approved independently
rewrite_embedded_media_url,portfolio_embedded_media_url,portfolio,7768,hall-living,Hall &#038; Living,https://coveinterior.com/wp-content/uploads/2022/07/1-1-768x529.jpg,https://coveinterior.com/wp-content/uploads/2022/07/1-1.jpg,/media/wordpress-migration/2022/07/1-1.jpg,1-1.jpg,content structure rewrite requires separate portfolio/page implementation approval; file import is approved independently
rewrite_embedded_media_url,portfolio_embedded_media_url,portfolio,7768,hall-living,Hall &#038; Living,https://coveinterior.com/wp-content/uploads/2022/07/1-1-1536x1058.jpg,https://coveinterior.com/wp-content/uploads/2022/07/1-1.jpg,/media/wordpress-migration/2022/07/1-1.jpg,1-1.jpg,content structure rewrite requires separate portfolio/page implementation approval; file import is approved independently
rewrite_embedded_media_url,portfolio_embedded_media_url,portfolio,7768,hall-living,Hall &#038; Living,https://coveinterior.com/wp-content/uploads/2022/07/1-1-860x593.jpg,https://coveinterior.com/wp-content/uploads/2022/07/1-1.jpg,/media/wordpress-migration/2022/07/1-1.jpg,1-1.jpg,content structure rewrite requires separate portfolio/page implementation approval; file import is approved independently
rewrite_embedded_media_url,portfolio_embedded_media_url,portfolio,7768,hall-living,Hall &#038; Living,https://coveinterior.com/wp-content/uploads/2022/07/2-1.jpg,https://coveinterior.com/wp-content/uploads/2022/07/2-1.jpg,/media/wordpress-migration/2022/07/2-1.jpg,2-1.jpg,content structure rewrite requires separate portfolio/page implementation approval; file import is approved independently
rewrite_embedded_media_url,portfolio_embedded_media_url,portfolio,7768,hall-living,Hall &#038; Living,https://coveinterior.com/wp-content/uploads/2022/07/2-1-430x296.jpg,https://coveinterior.com/wp-content/uploads/2022/07/2-1.jpg,/media/wordpress-migration/2022/07/2-1.jpg,2-1.jpg,content structure rewrite requires separate portfolio/page implementation approval; file import is approved independently
rewrite_embedded_media_url,portfolio_embedded_media_url,portfolio,7768,hall-living,Hall &#038; Living,https://coveinterior.com/wp-content/uploads/2022/07/2-1-150x103.jpg,https://coveinterior.com/wp-content/uploads/2022/07/2-1.jpg,/media/wordpress-migration/2022/07/2-1.jpg,2-1.jpg,content structure rewrite requires separate portfolio/page implementation approval; file import is approved independently
rewrite_embedded_media_url,portfolio_embedded_media_url,portfolio,7768,hall-living,Hall &#038; Living,https://coveinterior.com/wp-content/uploads/2022/07/2-1-700x482.jpg,https://coveinterior.com/wp-content/uploads/2022/07/2-1.jpg,/media/wordpress-migration/2022/07/2-1.jpg,2-1.jpg,content structure rewrite requires separate portfolio/page implementation approval; file import is approved independently
rewrite_embedded_media_url,portfolio_embedded_media_url,portfolio,7768,hall-living,Hall &#038; Living,https://coveinterior.com/wp-content/uploads/2022/07/2-1-400x276.jpg,https://coveinterior.com/wp-content/uploads/2022/07/2-1.jpg,/media/wordpress-migration/2022/07/2-1.jpg,2-1.jpg,content structure rewrite requires separate portfolio/page implementation approval; file import is approved independently
rewrite_embedded_media_url,portfolio_embedded_media_url,portfolio,7768,hall-living,Hall &#038; Living,https://coveinterior.com/wp-content/uploads/2022/07/2-1-1161x800.jpg,https://coveinterior.com/wp-content/uploads/2022/07/2-1.jpg,/media/wordpress-migration/2022/07/2-1.jpg,2-1.jpg,content structure rewrite requires separate portfolio/page implementation approval; file import is approved independently
rewrite_embedded_media_url,portfolio_embedded_media_url,portfolio,7768,hall-living,Hall &#038; Living,https://coveinterior.com/wp-content/uploads/2022/07/2-1-768x529.jpg,https://coveinterior.com/wp-content/uploads/2022/07/2-1.jpg,/media/wordpress-migration/2022/07/2-1.jpg,2-1.jpg,content structure rewrite requires separate portfolio/page implementation approval; file import is approved independently
rewrite_embedded_media_url,portfolio_embedded_media_url,portfolio,7768,hall-living,Hall &#038; Living,https://coveinterior.com/wp-content/uploads/2022/07/2-1-1536x1058.jpg,https://coveinterior.com/wp-content/uploads/2022/07/2-1.jpg,/media/wordpress-migration/2022/07/2-1.jpg,2-1.jpg,content structure rewrite requires separate portfolio/page implementation approval; file import is approved independently
rewrite_embedded_media_url,portfolio_embedded_media_url,portfolio,7768,hall-living,Hall &#038; Living,https://coveinterior.com/wp-content/uploads/2022/07/2-1-860x593.jpg,https://coveinterior.com/wp-content/uploads/2022/07/2-1.jpg,/media/wordpress-migration/2022/07/2-1.jpg,2-1.jpg,content structure rewrite requires separate portfolio/page implementation approval; file import is approved independently
rewrite_embedded_media_url,portfolio_embedded_media_url,portfolio,7768,hall-living,Hall &#038; Living,https://coveinterior.com/wp-content/uploads/2022/07/4.png,https://coveinterior.com/wp-content/uploads/2022/07/4.png,/media/wordpress-migration/2022/07/4.png,4.png,content structure rewrite requires separate portfolio/page implementation approval; file import is approved independently
rewrite_embedded_media_url,portfolio_embedded_media_url,portfolio,7768,hall-living,Hall &#038; Living,https://coveinterior.com/wp-content/uploads/2022/07/4-430x296.png,https://coveinterior.com/wp-content/uploads/2022/07/4.png,/media/wordpress-migration/2022/07/4.png,4.png,content structure rewrite requires separate portfolio/page implementation approval; file import is approved independently
rewrite_embedded_media_url,portfolio_embedded_media_url,portfolio,7768,hall-living,Hall &#038; Living,https://coveinterior.com/wp-content/uploads/2022/07/4-150x103.png,https://coveinterior.com/wp-content/uploads/2022/07/4.png,/media/wordpress-migration/2022/07/4.png,4.png,content structure rewrite requires separate portfolio/page implementation approval; file import is approved independently
rewrite_embedded_media_url,portfolio_embedded_media_url,portfolio,7768,hall-living,Hall &#038; Living,https://coveinterior.com/wp-content/uploads/2022/07/4-700x482.png,https://coveinterior.com/wp-content/uploads/2022/07/4.png,/media/wordpress-migration/2022/07/4.png,4.png,content structure rewrite requires separate portfolio/page implementation approval; file import is approved independently
rewrite_embedded_media_url,portfolio_embedded_media_url,portfolio,7768,hall-living,Hall &#038; Living,https://coveinterior.com/wp-content/uploads/2022/07/4-400x276.png,https://coveinterior.com/wp-content/uploads/2022/07/4.png,/media/wordpress-migration/2022/07/4.png,4.png,content structure rewrite requires separate portfolio/page implementation approval; file import is approved independently
rewrite_embedded_media_url,portfolio_embedded_media_url,portfolio,7768,hall-living,Hall &#038; Living,https://coveinterior.com/wp-content/uploads/2022/07/4-1161x800.png,https://coveinterior.com/wp-content/uploads/2022/07/4.png,/media/wordpress-migration/2022/07/4.png,4.png,content structure rewrite requires separate portfolio/page implementation approval; file import is approved independently
rewrite_embedded_media_url,portfolio_embedded_media_url,portfolio,7768,hall-living,Hall &#038; Living,https://coveinterior.com/wp-content/uploads/2022/07/4-768x529.png,https://coveinterior.com/wp-content/uploads/2022/07/4.png,/media/wordpress-migration/2022/07/4.png,4.png,content structure rewrite requires separate portfolio/page implementation approval; file import is approved independently
rewrite_embedded_media_url,portfolio_embedded_media_url,portfolio,7768,hall-living,Hall &#038; Living,https://coveinterior.com/wp-content/uploads/2022/07/4-1536x1058.png,https://coveinterior.com/wp-content/uploads/2022/07/4.png,/media/wordpress-migration/2022/07/4.png,4.png,content structure rewrite requires separate portfolio/page implementation approval; file import is approved independently
rewrite_embedded_media_url,portfolio_embedded_media_url,portfolio,7768,hall-living,Hall &#038; Living,https://coveinterior.com/wp-content/uploads/2022/07/4-860x593.png,https://coveinterior.com/wp-content/uploads/2022/07/4.png,/media/wordpress-migration/2022/07/4.png,4.png,content structure rewrite requires separate portfolio/page implementation approval; file import is approved independently
rewrite_embedded_media_url,portfolio_embedded_media_url,portfolio,7768,hall-living,Hall &#038; Living,https://coveinterior.com/wp-content/uploads/2022/07/5.png,https://coveinterior.com/wp-content/uploads/2022/07/5.png,/media/wordpress-migration/2022/07/5.png,5.png,content structure rewrite requires separate portfolio/page implementation approval; file import is approved independently
rewrite_embedded_media_url,portfolio_embedded_media_url,portfolio,7768,hall-living,Hall &#038; Living,https://coveinterior.com/wp-content/uploads/2022/07/5-430x296.png,https://coveinterior.com/wp-content/uploads/2022/07/5.png,/media/wordpress-migration/2022/07/5.png,5.png,content structure rewrite requires separate portfolio/page implementation approval; file import is approved independently
rewrite_embedded_media_url,portfolio_embedded_media_url,portfolio,7768,hall-living,Hall &#038; Living,https://coveinterior.com/wp-content/uploads/2022/07/5-150x103.png,https://coveinterior.com/wp-content/uploads/2022/07/5.png,/media/wordpress-migration/2022/07/5.png,5.png,content structure rewrite requires separate portfolio/page implementation approval; file import is approved independently
rewrite_embedded_media_url,portfolio_embedded_media_url,portfolio,7768,hall-living,Hall &#038; Living,https://coveinterior.com/wp-content/uploads/2022/07/5-700x482.png,https://coveinterior.com/wp-content/uploads/2022/07/5.png,/media/wordpress-migration/2022/07/5.png,5.png,content structure rewrite requires separate portfolio/page implementation approval; file import is approved independently
rewrite_embedded_media_url,portfolio_embedded_media_url,portfolio,7768,hall-living,Hall &#038; Living,https://coveinterior.com/wp-content/uploads/2022/07/5-400x276.png,https://coveinterior.com/wp-content/uploads/2022/07/5.png,/media/wordpress-migration/2022/07/5.png,5.png,content structure rewrite requires separate portfolio/page implementation approval; file import is approved independently
rewrite_embedded_media_url,portfolio_embedded_media_url,portfolio,7768,hall-living,Hall &#038; Living,https://coveinterior.com/wp-content/uploads/2022/07/5-1161x800.png,https://coveinterior.com/wp-content/uploads/2022/07/5.png,/media/wordpress-migration/2022/07/5.png,5.png,content structure rewrite requires separate portfolio/page implementation approval; file import is approved independently
rewrite_embedded_media_url,portfolio_embedded_media_url,portfolio,7768,hall-living,Hall &#038; Living,https://coveinterior.com/wp-content/uploads/2022/07/5-768x529.png,https://coveinterior.com/wp-content/uploads/2022/07/5.png,/media/wordpress-migration/2022/07/5.png,5.png,content structure rewrite requires separate portfolio/page implementation approval; file import is approved independently
rewrite_embedded_media_url,portfolio_embedded_media_url,portfolio,7768,hall-living,Hall &#038; Living,https://coveinterior.com/wp-content/uploads/2022/07/5-1536x1058.png,https://coveinterior.com/wp-content/uploads/2022/07/5.png,/media/wordpress-migration/2022/07/5.png,5.png,content structure rewrite requires separate portfolio/page implementation approval; file import is approved independently
rewrite_embedded_media_url,portfolio_embedded_media_url,portfolio,7768,hall-living,Hall &#038; Living,https://coveinterior.com/wp-content/uploads/2022/07/5-860x593.png,https://coveinterior.com/wp-content/uploads/2022/07/5.png,/media/wordpress-migration/2022/07/5.png,5.png,content structure rewrite requires separate portfolio/page implementation approval; file import is approved independently
set_portfolio_featured_image,portfolio_featured_image,portfolio,366,bedrooms,Bedrooms,https://coveinterior.com/wp-content/uploads/2017/06/7.jpg,https://coveinterior.com/wp-content/uploads/2017/06/7.jpg,/media/wordpress-migration/2017/06/7.jpg,7.jpg,content structure rewrite requires separate portfolio/page implementation approval; file import is approved independently
rewrite_embedded_media_url,portfolio_embedded_media_url,portfolio,366,bedrooms,Bedrooms,https://coveinterior.com/wp-content/uploads/2017/06/5.jpg,https://coveinterior.com/wp-content/uploads/2017/06/5.jpg,/media/wordpress-migration/2017/06/5.jpg,5.jpg,content structure rewrite requires separate portfolio/page implementation approval; file import is approved independently
rewrite_embedded_media_url,portfolio_embedded_media_url,portfolio,366,bedrooms,Bedrooms,https://coveinterior.com/wp-content/uploads/2017/06/5-430x296.jpg,https://coveinterior.com/wp-content/uploads/2017/06/5.jpg,/media/wordpress-migration/2017/06/5.jpg,5.jpg,content structure rewrite requires separate portfolio/page implementation approval; file import is approved independently
rewrite_embedded_media_url,portfolio_embedded_media_url,portfolio,366,bedrooms,Bedrooms,https://coveinterior.com/wp-content/uploads/2017/06/5-150x103.jpg,https://coveinterior.com/wp-content/uploads/2017/06/5.jpg,/media/wordpress-migration/2017/06/5.jpg,5.jpg,content structure rewrite requires separate portfolio/page implementation approval; file import is approved independently
rewrite_embedded_media_url,portfolio_embedded_media_url,portfolio,366,bedrooms,Bedrooms,https://coveinterior.com/wp-content/uploads/2017/06/5-700x482.jpg,https://coveinterior.com/wp-content/uploads/2017/06/5.jpg,/media/wordpress-migration/2017/06/5.jpg,5.jpg,content structure rewrite requires separate portfolio/page implementation approval; file import is approved independently
rewrite_embedded_media_url,portfolio_embedded_media_url,portfolio,366,bedrooms,Bedrooms,https://coveinterior.com/wp-content/uploads/2017/06/5-400x276.jpg,https://coveinterior.com/wp-content/uploads/2017/06/5.jpg,/media/wordpress-migration/2017/06/5.jpg,5.jpg,content structure rewrite requires separate portfolio/page implementation approval; file import is approved independently
rewrite_embedded_media_url,portfolio_embedded_media_url,portfolio,366,bedrooms,Bedrooms,https://coveinterior.com/wp-content/uploads/2017/06/5-1161x800.jpg,https://coveinterior.com/wp-content/uploads/2017/06/5.jpg,/media/wordpress-migration/2017/06/5.jpg,5.jpg,content structure rewrite requires separate portfolio/page implementation approval; file import is approved independently
rewrite_embedded_media_url,portfolio_embedded_media_url,portfolio,366,bedrooms,Bedrooms,https://coveinterior.com/wp-content/uploads/2017/06/5-768x529.jpg,https://coveinterior.com/wp-content/uploads/2017/06/5.jpg,/media/wordpress-migration/2017/06/5.jpg,5.jpg,content structure rewrite requires separate portfolio/page implementation approval; file import is approved independently
rewrite_embedded_media_url,portfolio_embedded_media_url,portfolio,366,bedrooms,Bedrooms,https://coveinterior.com/wp-content/uploads/2017/06/5-1536x1058.jpg,https://coveinterior.com/wp-content/uploads/2017/06/5.jpg,/media/wordpress-migration/2017/06/5.jpg,5.jpg,content structure rewrite requires separate portfolio/page implementation approval; file import is approved independently
rewrite_embedded_media_url,portfolio_embedded_media_url,portfolio,366,bedrooms,Bedrooms,https://coveinterior.com/wp-content/uploads/2017/06/5-860x593.jpg,https://coveinterior.com/wp-content/uploads/2017/06/5.jpg,/media/wordpress-migration/2017/06/5.jpg,5.jpg,content structure rewrite requires separate portfolio/page implementation approval; file import is approved independently
rewrite_embedded_media_url,portfolio_embedded_media_url,portfolio,366,bedrooms,Bedrooms,https://coveinterior.com/wp-content/uploads/2017/06/6.jpg,https://coveinterior.com/wp-content/uploads/2017/06/6.jpg,/media/wordpress-migration/2017/06/6.jpg,6.jpg,content structure rewrite requires separate portfolio/page implementation approval; file import is approved independently
rewrite_embedded_media_url,portfolio_embedded_media_url,portfolio,366,bedrooms,Bedrooms,https://coveinterior.com/wp-content/uploads/2017/06/6-430x296.jpg,https://coveinterior.com/wp-content/uploads/2017/06/6.jpg,/media/wordpress-migration/2017/06/6.jpg,6.jpg,content structure rewrite requires separate portfolio/page implementation approval; file import is approved independently
rewrite_embedded_media_url,portfolio_embedded_media_url,portfolio,366,bedrooms,Bedrooms,https://coveinterior.com/wp-content/uploads/2017/06/6-150x103.jpg,https://coveinterior.com/wp-content/uploads/2017/06/6.jpg,/media/wordpress-migration/2017/06/6.jpg,6.jpg,content structure rewrite requires separate portfolio/page implementation approval; file import is approved independently
rewrite_embedded_media_url,portfolio_embedded_media_url,portfolio,366,bedrooms,Bedrooms,https://coveinterior.com/wp-content/uploads/2017/06/6-700x482.jpg,https://coveinterior.com/wp-content/uploads/2017/06/6.jpg,/media/wordpress-migration/2017/06/6.jpg,6.jpg,content structure rewrite requires separate portfolio/page implementation approval; file import is approved independently
rewrite_embedded_media_url,portfolio_embedded_media_url,portfolio,366,bedrooms,Bedrooms,https://coveinterior.com/wp-content/uploads/2017/06/6-400x276.jpg,https://coveinterior.com/wp-content/uploads/2017/06/6.jpg,/media/wordpress-migration/2017/06/6.jpg,6.jpg,content structure rewrite requires separate portfolio/page implementation approval; file import is approved independently
rewrite_embedded_media_url,portfolio_embedded_media_url,portfolio,366,bedrooms,Bedrooms,https://coveinterior.com/wp-content/uploads/2017/06/6-1161x800.jpg,https://coveinterior.com/wp-content/uploads/2017/06/6.jpg,/media/wordpress-migration/2017/06/6.jpg,6.jpg,content structure rewrite requires separate portfolio/page implementation approval; file import is approved independently
rewrite_embedded_media_url,portfolio_embedded_media_url,portfolio,366,bedrooms,Bedrooms,https://coveinterior.com/wp-content/uploads/2017/06/6-768x529.jpg,https://coveinterior.com/wp-content/uploads/2017/06/6.jpg,/media/wordpress-migration/2017/06/6.jpg,6.jpg,content structure rewrite requires separate portfolio/page implementation approval; file import is approved independently
rewrite_embedded_media_url,portfolio_embedded_media_url,portfolio,366,bedrooms,Bedrooms,https://coveinterior.com/wp-content/uploads/2017/06/6-1536x1058.jpg,https://coveinterior.com/wp-content/uploads/2017/06/6.jpg,/media/wordpress-migration/2017/06/6.jpg,6.jpg,content structure rewrite requires separate portfolio/page implementation approval; file import is approved independently
rewrite_embedded_media_url,portfolio_embedded_media_url,portfolio,366,bedrooms,Bedrooms,https://coveinterior.com/wp-content/uploads/2017/06/6-860x593.jpg,https://coveinterior.com/wp-content/uploads/2017/06/6.jpg,/media/wordpress-migration/2017/06/6.jpg,6.jpg,content structure rewrite requires separate portfolio/page implementation approval; file import is approved independently
rewrite_embedded_media_url,portfolio_embedded_media_url,portfolio,366,bedrooms,Bedrooms,https://coveinterior.com/wp-content/uploads/2017/06/9.jpg,https://coveinterior.com/wp-content/uploads/2017/06/9.jpg,/media/wordpress-migration/2017/06/9.jpg,9.jpg,content structure rewrite requires separate portfolio/page implementation approval; file import is approved independently
rewrite_embedded_media_url,portfolio_embedded_media_url,portfolio,366,bedrooms,Bedrooms,https://coveinterior.com/wp-content/uploads/2017/06/9-430x296.jpg,https://coveinterior.com/wp-content/uploads/2017/06/9.jpg,/media/wordpress-migration/2017/06/9.jpg,9.jpg,content structure rewrite requires separate portfolio/page implementation approval; file import is approved independently
rewrite_embedded_media_url,portfolio_embedded_media_url,portfolio,366,bedrooms,Bedrooms,https://coveinterior.com/wp-content/uploads/2017/06/9-150x103.jpg,https://coveinterior.com/wp-content/uploads/2017/06/9.jpg,/media/wordpress-migration/2017/06/9.jpg,9.jpg,content structure rewrite requires separate portfolio/page implementation approval; file import is approved independently
rewrite_embedded_media_url,portfolio_embedded_media_url,portfolio,366,bedrooms,Bedrooms,https://coveinterior.com/wp-content/uploads/2017/06/9-700x482.jpg,https://coveinterior.com/wp-content/uploads/2017/06/9.jpg,/media/wordpress-migration/2017/06/9.jpg,9.jpg,content structure rewrite requires separate portfolio/page implementation approval; file import is approved independently
rewrite_embedded_media_url,portfolio_embedded_media_url,portfolio,366,bedrooms,Bedrooms,https://coveinterior.com/wp-content/uploads/2017/06/9-400x276.jpg,https://coveinterior.com/wp-content/uploads/2017/06/9.jpg,/media/wordpress-migration/2017/06/9.jpg,9.jpg,content structure rewrite requires separate portfolio/page implementation approval; file import is approved independently
rewrite_embedded_media_url,portfolio_embedded_media_url,portfolio,366,bedrooms,Bedrooms,https://coveinterior.com/wp-content/uploads/2017/06/9-1161x800.jpg,https://coveinterior.com/wp-content/uploads/2017/06/9.jpg,/media/wordpress-migration/2017/06/9.jpg,9.jpg,content structure rewrite requires separate portfolio/page implementation approval; file import is approved independently
rewrite_embedded_media_url,portfolio_embedded_media_url,portfolio,366,bedrooms,Bedrooms,https://coveinterior.com/wp-content/uploads/2017/06/9-768x529.jpg,https://coveinterior.com/wp-content/uploads/2017/06/9.jpg,/media/wordpress-migration/2017/06/9.jpg,9.jpg,content structure rewrite requires separate portfolio/page implementation approval; file import is approved independently
rewrite_embedded_media_url,portfolio_embedded_media_url,portfolio,366,bedrooms,Bedrooms,https://coveinterior.com/wp-content/uploads/2017/06/9-1536x1058.jpg,https://coveinterior.com/wp-content/uploads/2017/06/9.jpg,/media/wordpress-migration/2017/06/9.jpg,9.jpg,content structure rewrite requires separate portfolio/page implementation approval; file import is approved independently
rewrite_embedded_media_url,portfolio_embedded_media_url,portfolio,366,bedrooms,Bedrooms,https://coveinterior.com/wp-content/uploads/2017/06/9-860x593.jpg,https://coveinterior.com/wp-content/uploads/2017/06/9.jpg,/media/wordpress-migration/2017/06/9.jpg,9.jpg,content structure rewrite requires separate portfolio/page implementation approval; file import is approved independently
rewrite_embedded_media_url,portfolio_embedded_media_url,portfolio,366,bedrooms,Bedrooms,https://coveinterior.com/wp-content/uploads/2017/06/8.jpg,https://coveinterior.com/wp-content/uploads/2017/06/8.jpg,/media/wordpress-migration/2017/06/8.jpg,8.jpg,content structure rewrite requires separate portfolio/page implementation approval; file import is approved independently
rewrite_embedded_media_url,portfolio_embedded_media_url,portfolio,366,bedrooms,Bedrooms,https://coveinterior.com/wp-content/uploads/2017/06/8-430x296.jpg,https://coveinterior.com/wp-content/uploads/2017/06/8.jpg,/media/wordpress-migration/2017/06/8.jpg,8.jpg,content structure rewrite requires separate portfolio/page implementation approval; file import is approved independently
rewrite_embedded_media_url,portfolio_embedded_media_url,portfolio,366,bedrooms,Bedrooms,https://coveinterior.com/wp-content/uploads/2017/06/8-150x103.jpg,https://coveinterior.com/wp-content/uploads/2017/06/8.jpg,/media/wordpress-migration/2017/06/8.jpg,8.jpg,content structure rewrite requires separate portfolio/page implementation approval; file import is approved independently
rewrite_embedded_media_url,portfolio_embedded_media_url,portfolio,366,bedrooms,Bedrooms,https://coveinterior.com/wp-content/uploads/2017/06/8-700x482.jpg,https://coveinterior.com/wp-content/uploads/2017/06/8.jpg,/media/wordpress-migration/2017/06/8.jpg,8.jpg,content structure rewrite requires separate portfolio/page implementation approval; file import is approved independently
rewrite_embedded_media_url,portfolio_embedded_media_url,portfolio,366,bedrooms,Bedrooms,https://coveinterior.com/wp-content/uploads/2017/06/8-400x276.jpg,https://coveinterior.com/wp-content/uploads/2017/06/8.jpg,/media/wordpress-migration/2017/06/8.jpg,8.jpg,content structure rewrite requires separate portfolio/page implementation approval; file import is approved independently
rewrite_embedded_media_url,portfolio_embedded_media_url,portfolio,366,bedrooms,Bedrooms,https://coveinterior.com/wp-content/uploads/2017/06/8-1161x800.jpg,https://coveinterior.com/wp-content/uploads/2017/06/8.jpg,/media/wordpress-migration/2017/06/8.jpg,8.jpg,content structure rewrite requires separate portfolio/page implementation approval; file import is approved independently
rewrite_embedded_media_url,portfolio_embedded_media_url,portfolio,366,bedrooms,Bedrooms,https://coveinterior.com/wp-content/uploads/2017/06/8-768x529.jpg,https://coveinterior.com/wp-content/uploads/2017/06/8.jpg,/media/wordpress-migration/2017/06/8.jpg,8.jpg,content structure rewrite requires separate portfolio/page implementation approval; file import is approved independently
rewrite_embedded_media_url,portfolio_embedded_media_url,portfolio,366,bedrooms,Bedrooms,https://coveinterior.com/wp-content/uploads/2017/06/8-1536x1058.jpg,https://coveinterior.com/wp-content/uploads/2017/06/8.jpg,/media/wordpress-migration/2017/06/8.jpg,8.jpg,content structure rewrite requires separate portfolio/page implementation approval; file import is approved independently
rewrite_embedded_media_url,portfolio_embedded_media_url,portfolio,366,bedrooms,Bedrooms,https://coveinterior.com/wp-content/uploads/2017/06/8-860x593.jpg,https://coveinterior.com/wp-content/uploads/2017/06/8.jpg,/media/wordpress-migration/2017/06/8.jpg,8.jpg,content structure rewrite requires separate portfolio/page implementation approval; file import is approved independently
rewrite_embedded_media_url,cms_block_embedded_media_url,cms_block,1108,footer-decor,Footer Decor,https://coveinterior.com/wp-content/uploads/2022/08/address_icon_2.png,https://coveinterior.com/wp-content/uploads/2022/08/address_icon_2.png,/media/wordpress-migration/2022/08/address_icon_2.png,address_icon_2.png,content structure rewrite requires separate portfolio/page implementation approval; file import is approved independently
rewrite_embedded_media_url,cms_block_embedded_media_url,cms_block,1108,footer-decor,Footer Decor,https://coveinterior.com/wp-content/uploads/2022/08/phone-icon-g.png,https://coveinterior.com/wp-content/uploads/2022/08/phone-icon-g.png,/media/wordpress-migration/2022/08/phone-icon-g.png,phone-icon-g.png,content structure rewrite requires separate portfolio/page implementation approval; file import is approved independently
rewrite_embedded_media_url,cms_block_embedded_media_url,cms_block,1108,footer-decor,Footer Decor,https://coveinterior.com/wp-content/uploads/2022/08/email-icon-g.png,https://coveinterior.com/wp-content/uploads/2022/08/email-icon-g.png,/media/wordpress-migration/2022/08/email-icon-g.png,email-icon-g.png,content structure rewrite requires separate portfolio/page implementation approval; file import is approved independently
rewrite_embedded_media_url,cms_block_embedded_media_url,cms_block,1108,footer-decor,Footer Decor,https://coveinterior.com/wp-content/uploads/2022/06/instagram.png,https://coveinterior.com/wp-content/uploads/2022/06/instagram.png,/media/wordpress-migration/2022/06/instagram.png,instagram.png,content structure rewrite requires separate portfolio/page implementation approval; file import is approved independently
rewrite_embedded_media_url,cms_block_embedded_media_url,cms_block,88,about-brand,About brand,https://coveinterior.com/wp-content/uploads/2023/05/Beauty-Night-Stand-430x573.jpeg,https://coveinterior.com/wp-content/uploads/2023/05/Beauty-Night-Stand.jpeg,/media/wordpress-migration/2023/05/Beauty-Night-Stand.jpeg,Beauty-Night-Stand.jpeg,content structure rewrite requires separate portfolio/page implementation approval; file import is approved independently
rewrite_embedded_media_url,cms_block_embedded_media_url,cms_block,88,about-brand,About brand,https://coveinterior.com/wp-content/uploads/2023/05/Beauty-Night-Stand-150x200.jpeg,https://coveinterior.com/wp-content/uploads/2023/05/Beauty-Night-Stand.jpeg,/media/wordpress-migration/2023/05/Beauty-Night-Stand.jpeg,Beauty-Night-Stand.jpeg,content structure rewrite requires separate portfolio/page implementation approval; file import is approved independently
rewrite_embedded_media_url,cms_block_embedded_media_url,cms_block,88,about-brand,About brand,https://coveinterior.com/wp-content/uploads/2023/05/Beauty-Night-Stand-700x933.jpeg,https://coveinterior.com/wp-content/uploads/2023/05/Beauty-Night-Stand.jpeg,/media/wordpress-migration/2023/05/Beauty-Night-Stand.jpeg,Beauty-Night-Stand.jpeg,content structure rewrite requires separate portfolio/page implementation approval; file import is approved independently
rewrite_embedded_media_url,cms_block_embedded_media_url,cms_block,88,about-brand,About brand,https://coveinterior.com/wp-content/uploads/2023/05/Beauty-Night-Stand-225x300.jpeg,https://coveinterior.com/wp-content/uploads/2023/05/Beauty-Night-Stand.jpeg,/media/wordpress-migration/2023/05/Beauty-Night-Stand.jpeg,Beauty-Night-Stand.jpeg,content structure rewrite requires separate portfolio/page implementation approval; file import is approved independently
rewrite_embedded_media_url,cms_block_embedded_media_url,cms_block,88,about-brand,About brand,https://coveinterior.com/wp-content/uploads/2023/05/Beauty-Night-Stand-600x800.jpeg,https://coveinterior.com/wp-content/uploads/2023/05/Beauty-Night-Stand.jpeg,/media/wordpress-migration/2023/05/Beauty-Night-Stand.jpeg,Beauty-Night-Stand.jpeg,content structure rewrite requires separate portfolio/page implementation approval; file import is approved independently
rewrite_embedded_media_url,cms_block_embedded_media_url,cms_block,88,about-brand,About brand,https://coveinterior.com/wp-content/uploads/2023/05/Beauty-Night-Stand-768x1024.jpeg,https://coveinterior.com/wp-content/uploads/2023/05/Beauty-Night-Stand.jpeg,/media/wordpress-migration/2023/05/Beauty-Night-Stand.jpeg,Beauty-Night-Stand.jpeg,content structure rewrite requires separate portfolio/page implementation approval; file import is approved independently
rewrite_embedded_media_url,cms_block_embedded_media_url,cms_block,88,about-brand,About brand,https://coveinterior.com/wp-content/uploads/2023/05/Beauty-Night-Stand-1152x1536.jpeg,https://coveinterior.com/wp-content/uploads/2023/05/Beauty-Night-Stand.jpeg,/media/wordpress-migration/2023/05/Beauty-Night-Stand.jpeg,Beauty-Night-Stand.jpeg,content structure rewrite requires separate portfolio/page implementation approval; file import is approved independently
rewrite_embedded_media_url,cms_block_embedded_media_url,cms_block,88,about-brand,About brand,https://coveinterior.com/wp-content/uploads/2023/05/Beauty-Night-Stand-860x1147.jpeg,https://coveinterior.com/wp-content/uploads/2023/05/Beauty-Night-Stand.jpeg,/media/wordpress-migration/2023/05/Beauty-Night-Stand.jpeg,Beauty-Night-Stand.jpeg,content structure rewrite requires separate portfolio/page implementation approval; file import is approved independently
rewrite_embedded_media_url,cms_block_embedded_media_url,cms_block,88,about-brand,About brand,https://coveinterior.com/wp-content/uploads/2023/05/Beauty-Night-Stand.jpeg,https://coveinterior.com/wp-content/uploads/2023/05/Beauty-Night-Stand.jpeg,/media/wordpress-migration/2023/05/Beauty-Night-Stand.jpeg,Beauty-Night-Stand.jpeg,content structure rewrite requires separate portfolio/page implementation approval; file import is approved independently
rewrite_embedded_media_url,cms_block_embedded_media_url,cms_block,88,about-brand,About brand,https://coveinterior.com/wp-content/uploads/2025/02/Trash-Bin-Beige-430x430.jpg,https://coveinterior.com/wp-content/uploads/2025/02/Trash-Bin-Beige.jpg,/media/wordpress-migration/2025/02/Trash-Bin-Beige.jpg,Trash-Bin-Beige.jpg,content structure rewrite requires separate portfolio/page implementation approval; file import is approved independently
rewrite_embedded_media_url,cms_block_embedded_media_url,cms_block,88,about-brand,About brand,https://coveinterior.com/wp-content/uploads/2025/02/Trash-Bin-Beige-150x150.jpg,https://coveinterior.com/wp-content/uploads/2025/02/Trash-Bin-Beige.jpg,/media/wordpress-migration/2025/02/Trash-Bin-Beige.jpg,Trash-Bin-Beige.jpg,content structure rewrite requires separate portfolio/page implementation approval; file import is approved independently
rewrite_embedded_media_url,cms_block_embedded_media_url,cms_block,88,about-brand,About brand,https://coveinterior.com/wp-content/uploads/2025/02/Trash-Bin-Beige-700x700.jpg,https://coveinterior.com/wp-content/uploads/2025/02/Trash-Bin-Beige.jpg,/media/wordpress-migration/2025/02/Trash-Bin-Beige.jpg,Trash-Bin-Beige.jpg,content structure rewrite requires separate portfolio/page implementation approval; file import is approved independently
rewrite_embedded_media_url,cms_block_embedded_media_url,cms_block,88,about-brand,About brand,https://coveinterior.com/wp-content/uploads/2025/02/Trash-Bin-Beige-300x300.jpg,https://coveinterior.com/wp-content/uploads/2025/02/Trash-Bin-Beige.jpg,/media/wordpress-migration/2025/02/Trash-Bin-Beige.jpg,Trash-Bin-Beige.jpg,content structure rewrite requires separate portfolio/page implementation approval; file import is approved independently
rewrite_embedded_media_url,cms_block_embedded_media_url,cms_block,88,about-brand,About brand,https://coveinterior.com/wp-content/uploads/2025/02/Trash-Bin-Beige-800x800.jpg,https://coveinterior.com/wp-content/uploads/2025/02/Trash-Bin-Beige.jpg,/media/wordpress-migration/2025/02/Trash-Bin-Beige.jpg,Trash-Bin-Beige.jpg,content structure rewrite requires separate portfolio/page implementation approval; file import is approved independently
rewrite_embedded_media_url,cms_block_embedded_media_url,cms_block,88,about-brand,About brand,https://coveinterior.com/wp-content/uploads/2025/02/Trash-Bin-Beige-768x768.jpg,https://coveinterior.com/wp-content/uploads/2025/02/Trash-Bin-Beige.jpg,/media/wordpress-migration/2025/02/Trash-Bin-Beige.jpg,Trash-Bin-Beige.jpg,content structure rewrite requires separate portfolio/page implementation approval; file import is approved independently
rewrite_embedded_media_url,cms_block_embedded_media_url,cms_block,88,about-brand,About brand,https://coveinterior.com/wp-content/uploads/2025/02/Trash-Bin-Beige-1536x1536.jpg,https://coveinterior.com/wp-content/uploads/2025/02/Trash-Bin-Beige.jpg,/media/wordpress-migration/2025/02/Trash-Bin-Beige.jpg,Trash-Bin-Beige.jpg,content structure rewrite requires separate portfolio/page implementation approval; file import is approved independently
rewrite_embedded_media_url,cms_block_embedded_media_url,cms_block,88,about-brand,About brand,https://coveinterior.com/wp-content/uploads/2025/02/Trash-Bin-Beige-2048x2048.jpg,https://coveinterior.com/wp-content/uploads/2025/02/Trash-Bin-Beige.jpg,/media/wordpress-migration/2025/02/Trash-Bin-Beige.jpg,Trash-Bin-Beige.jpg,content structure rewrite requires separate portfolio/page implementation approval; file import is approved independently
