approval_action,wp_product_id,wp_parent_sku,wp_variant_id,wp_variant_sku,wp_attributes_json,node_variant_id,node_product_id,node_variant_sku,node_variant_name,match_method,match_status,old_wp_url,canonical_url,target_node_url,filename
set_variation_image,14226,12533,14228,12533,"[{""id"": 8, ""name"": ""Select box set"", ""slug"": ""pa_select-box-set"", ""option"": ""Full set""}]",210162,390142,12533,Full set,wc_variant_id,multiple_node_variant_matches,https://coveinterior.com/wp-content/uploads/2023/01/Roshina-1-beige-1.jpg,https://coveinterior.com/wp-content/uploads/2023/01/Roshina-1-beige-1.jpg,/media/wordpress-migration/2023/01/Roshina-1-beige-1.jpg,Roshina-1-beige-1.jpg
set_variation_image,14226,12533,14227,12533,"[{""id"": 8, ""name"": ""Select box set"", ""slug"": ""pa_select-box-set"", ""option"": ""Basic set""}]",210161,390142,12533,Basic set,wc_variant_id,multiple_node_variant_matches,https://coveinterior.com/wp-content/uploads/2023/01/Roshina-1-beige-1.jpg,https://coveinterior.com/wp-content/uploads/2023/01/Roshina-1-beige-1.jpg,/media/wordpress-migration/2023/01/Roshina-1-beige-1.jpg,Roshina-1-beige-1.jpg
set_variation_image,11998,112234,12000,112234,"[{""id"": 18, ""name"": ""Select R1 box set"", ""slug"": ""pa_select-r1-box-set"", ""option"": ""Full set (Only Box)""}]",180142,390060,112234,Full set (Only Box),wc_variant_id,multiple_node_variant_matches,https://coveinterior.com/wp-content/uploads/2023/01/Roshina-1-beige-1.jpg,https://coveinterior.com/wp-content/uploads/2023/01/Roshina-1-beige-1.jpg,/media/wordpress-migration/2023/01/Roshina-1-beige-1.jpg,Roshina-1-beige-1.jpg
set_variation_image,11998,112234,11999,112234,"[{""id"": 18, ""name"": ""Select R1 box set"", ""slug"": ""pa_select-r1-box-set"", ""option"": ""Basic set (Only Box)""}]",180139,390060,112234,Basic set (Only Box),wc_variant_id,multiple_node_variant_matches,https://coveinterior.com/wp-content/uploads/2023/01/Roshina-1-beige-1.jpg,https://coveinterior.com/wp-content/uploads/2023/01/Roshina-1-beige-1.jpg,/media/wordpress-migration/2023/01/Roshina-1-beige-1.jpg,Roshina-1-beige-1.jpg
set_variation_image,11948,112233,11950,112233,"[{""id"": 18, ""name"": ""Select R1 box set"", ""slug"": ""pa_select-r1-box-set"", ""option"": ""Full set (Only Box)""}]",210263,390059,112233,Full set (Only Box),wc_variant_id,multiple_node_variant_matches,https://coveinterior.com/wp-content/uploads/2023/01/Roshina-1-beige-1.jpg,https://coveinterior.com/wp-content/uploads/2023/01/Roshina-1-beige-1.jpg,/media/wordpress-migration/2023/01/Roshina-1-beige-1.jpg,Roshina-1-beige-1.jpg
set_variation_image,11948,112233,11949,112233,"[{""id"": 18, ""name"": ""Select R1 box set"", ""slug"": ""pa_select-r1-box-set"", ""option"": ""Basic set (Only Box)""}]",210261,390059,112233,Basic set (Only Box),wc_variant_id,multiple_node_variant_matches,https://coveinterior.com/wp-content/uploads/2023/01/Roshina-1-beige-1.jpg,https://coveinterior.com/wp-content/uploads/2023/01/Roshina-1-beige-1.jpg,/media/wordpress-migration/2023/01/Roshina-1-beige-1.jpg,Roshina-1-beige-1.jpg
set_variation_image,12678,12678,12680,12678,"[{""id"": 8, ""name"": ""Select box set"", ""slug"": ""pa_select-box-set"", ""option"": ""Full set""}]",210207,390115,12678,Full set,wc_variant_id,multiple_node_variant_matches,https://coveinterior.com/wp-content/uploads/2023/07/Roshina-3-Light-blue-1.jpg,https://coveinterior.com/wp-content/uploads/2023/07/Roshina-3-Light-blue-1.jpg,/media/wordpress-migration/2023/07/Roshina-3-Light-blue-1.jpg,Roshina-3-Light-blue-1.jpg
set_variation_image,12678,12678,12679,12678,"[{""id"": 8, ""name"": ""Select box set"", ""slug"": ""pa_select-box-set"", ""option"": ""Basic set""}]",210206,390115,12678,Basic set,wc_variant_id,multiple_node_variant_matches,https://coveinterior.com/wp-content/uploads/2023/07/Roshina-3-Light-blue-1.jpg,https://coveinterior.com/wp-content/uploads/2023/07/Roshina-3-Light-blue-1.jpg,/media/wordpress-migration/2023/07/Roshina-3-Light-blue-1.jpg,Roshina-3-Light-blue-1.jpg
set_variation_image,17289,17190,17290,17190,"[{""id"": 16, ""name"": ""Select mubkhar set"", ""slug"": ""pa_select-mubkhar-set"", ""option"": ""Roshina Mubkhar only""}]",210001,390205,17190,Roshina Mubkhar only,wc_variant_id,multiple_node_variant_matches,https://coveinterior.com/wp-content/uploads/2025/02/Mubkhar-black.jpg,https://coveinterior.com/wp-content/uploads/2025/02/Mubkhar-black.jpg,/media/wordpress-migration/2025/02/Mubkhar-black.jpg,Mubkhar-black.jpg
set_variation_image,17494,17494,17495,17494,"[{""id"": 16, ""name"": ""Select mubkhar set"", ""slug"": ""pa_select-mubkhar-set"", ""option"": ""Roshina Mubkhar only""}]",180010,390211,17494,Roshina Mubkhar only,wc_variant_id,multiple_node_variant_matches,https://coveinterior.com/wp-content/uploads/2025/02/Mubkhar-black.jpg,https://coveinterior.com/wp-content/uploads/2025/02/Mubkhar-black.jpg,/media/wordpress-migration/2025/02/Mubkhar-black.jpg,Mubkhar-black.jpg
set_variation_image,17289,17190,17294,17190,"[{""id"": 16, ""name"": ""Select mubkhar set"", ""slug"": ""pa_select-mubkhar-set"", ""option"": ""Roshina 1 full + Roshina Mubkhar""}]",210005,390205,17190,Roshina 1 full + Roshina Mubkhar,wc_variant_id,multiple_node_variant_matches,https://coveinterior.com/wp-content/uploads/2025/02/roshina1-mubkhar-black-set.jpg,https://coveinterior.com/wp-content/uploads/2025/02/roshina1-mubkhar-black-set.jpg,/media/wordpress-migration/2025/02/roshina1-mubkhar-black-set.jpg,roshina1-mubkhar-black-set.jpg
set_variation_image,17289,17190,17293,17190,"[{""id"": 16, ""name"": ""Select mubkhar set"", ""slug"": ""pa_select-mubkhar-set"", ""option"": ""Roshina 1 basic + Roshina Mubkhar""}]",210004,390205,17190,Roshina 1 basic + Roshina Mubkhar,wc_variant_id,multiple_node_variant_matches,https://coveinterior.com/wp-content/uploads/2025/02/roshina1-mubkhar-black-set.jpg,https://coveinterior.com/wp-content/uploads/2025/02/roshina1-mubkhar-black-set.jpg,/media/wordpress-migration/2025/02/roshina1-mubkhar-black-set.jpg,roshina1-mubkhar-black-set.jpg
set_variation_image,17289,17190,17292,17190,"[{""id"": 16, ""name"": ""Select mubkhar set"", ""slug"": ""pa_select-mubkhar-set"", ""option"": ""Roshina mini full + Roshina Mubkhar""}]",210003,390205,17190,Roshina mini full + Roshina Mubkhar,wc_variant_id,multiple_node_variant_matches,https://coveinterior.com/wp-content/uploads/2025/02/Mini-roshina-Mubkhar-set.jpg,https://coveinterior.com/wp-content/uploads/2025/02/Mini-roshina-Mubkhar-set.jpg,/media/wordpress-migration/2025/02/Mini-roshina-Mubkhar-set.jpg,Mini-roshina-Mubkhar-set.jpg
set_variation_image,17289,17190,17291,17190,"[{""id"": 16, ""name"": ""Select mubkhar set"", ""slug"": ""pa_select-mubkhar-set"", ""option"": ""Roshina mini basic + Roshna Mubkhar""}]",210002,390205,17190,Roshina mini basic + Roshna Mubkhar,wc_variant_id,multiple_node_variant_matches,https://coveinterior.com/wp-content/uploads/2025/02/Mini-roshina-Mubkhar-set.jpg,https://coveinterior.com/wp-content/uploads/2025/02/Mini-roshina-Mubkhar-set.jpg,/media/wordpress-migration/2025/02/Mini-roshina-Mubkhar-set.jpg,Mini-roshina-Mubkhar-set.jpg
set_variation_image,14289,12553,17397,12553,"[{""id"": 19, ""name"": ""Select Mini Roshina box set"", ""slug"": ""pa_select-mini-roshina-box-set"", ""option"": ""Full set + Roshina Mubkhar""}]",210152,390147,12553,Full set + Roshina Mubkhar,wc_variant_id,multiple_node_variant_matches,https://coveinterior.com/wp-content/uploads/2025/02/Mini-roshina-Mubkhar-set.jpg,https://coveinterior.com/wp-content/uploads/2025/02/Mini-roshina-Mubkhar-set.jpg,/media/wordpress-migration/2025/02/Mini-roshina-Mubkhar-set.jpg,Mini-roshina-Mubkhar-set.jpg
set_variation_image,14289,12553,17395,12553,"[{""id"": 19, ""name"": ""Select Mini Roshina box set"", ""slug"": ""pa_select-mini-roshina-box-set"", ""option"": ""Basic set + Roshina Mubkhar""}]",210150,390147,12553,Basic set + Roshina Mubkhar,wc_variant_id,multiple_node_variant_matches,https://coveinterior.com/wp-content/uploads/2025/02/Mini-roshina-Mubkhar-set.jpg,https://coveinterior.com/wp-content/uploads/2025/02/Mini-roshina-Mubkhar-set.jpg,/media/wordpress-migration/2025/02/Mini-roshina-Mubkhar-set.jpg,Mini-roshina-Mubkhar-set.jpg
set_variation_image,17306,17191,17307,17191,"[{""id"": 16, ""name"": ""Select mubkhar set"", ""slug"": ""pa_select-mubkhar-set"", ""option"": ""Roshina Mubkhar only""}]",210006,390206,17191,Roshina Mubkhar only,wc_variant_id,multiple_node_variant_matches,https://coveinterior.com/wp-content/uploads/2025/02/Mubkhar-petrol.jpg,https://coveinterior.com/wp-content/uploads/2025/02/Mubkhar-petrol.jpg,/media/wordpress-migration/2025/02/Mubkhar-petrol.jpg,Mubkhar-petrol.jpg
set_variation_image,17512,17512,17513,17512,"[{""id"": 16, ""name"": ""Select mubkhar set"", ""slug"": ""pa_select-mubkhar-set"", ""option"": ""Roshina Mubkhar only""}]",180007,390212,17512,Roshina Mubkhar only,wc_variant_id,multiple_node_variant_matches,https://coveinterior.com/wp-content/uploads/2025/02/Mubkhar-petrol.jpg,https://coveinterior.com/wp-content/uploads/2025/02/Mubkhar-petrol.jpg,/media/wordpress-migration/2025/02/Mubkhar-petrol.jpg,Mubkhar-petrol.jpg
set_variation_image,17306,17191,17311,17191,"[{""id"": 16, ""name"": ""Select mubkhar set"", ""slug"": ""pa_select-mubkhar-set"", ""option"": ""Roshina 1 full + Roshina Mubkhar""}]",210008,390206,17191,Roshina 1 full + Roshina Mubkhar,wc_variant_id,multiple_node_variant_matches,https://coveinterior.com/wp-content/uploads/2025/02/roshina1-mubkhar-petrol-set-1.jpg,https://coveinterior.com/wp-content/uploads/2025/02/roshina1-mubkhar-petrol-set-1.jpg,/media/wordpress-migration/2025/02/roshina1-mubkhar-petrol-set-1.jpg,roshina1-mubkhar-petrol-set-1.jpg
set_variation_image,17306,17191,17310,17191,"[{""id"": 16, ""name"": ""Select mubkhar set"", ""slug"": ""pa_select-mubkhar-set"", ""option"": ""Roshina 1 basic + Roshina Mubkhar""}]",210007,390206,17191,Roshina 1 basic + Roshina Mubkhar,wc_variant_id,multiple_node_variant_matches,https://coveinterior.com/wp-content/uploads/2025/02/roshina1-mubkhar-petrol-set-1.jpg,https://coveinterior.com/wp-content/uploads/2025/02/roshina1-mubkhar-petrol-set-1.jpg,/media/wordpress-migration/2025/02/roshina1-mubkhar-petrol-set-1.jpg,roshina1-mubkhar-petrol-set-1.jpg
set_variation_image,12040,112239,17443,112239,"[{""id"": 18, ""name"": ""Select R1 box set"", ""slug"": ""pa_select-r1-box-set"", ""option"": ""Full set + Roshina Mubkhar""}]",210248,390064,112239,Full set + Roshina Mubkhar,wc_variant_id,multiple_node_variant_matches,https://coveinterior.com/wp-content/uploads/2025/02/roshina1-mubkhar-petrol-set-1.jpg,https://coveinterior.com/wp-content/uploads/2025/02/roshina1-mubkhar-petrol-set-1.jpg,/media/wordpress-migration/2025/02/roshina1-mubkhar-petrol-set-1.jpg,roshina1-mubkhar-petrol-set-1.jpg
set_variation_image,12040,112239,17441,112239,"[{""id"": 18, ""name"": ""Select R1 box set"", ""slug"": ""pa_select-r1-box-set"", ""option"": ""Basic set + Roshina Mubkhar""}]",210246,390064,112239,Basic set + Roshina Mubkhar,wc_variant_id,multiple_node_variant_matches,https://coveinterior.com/wp-content/uploads/2025/02/roshina1-mubkhar-petrol-set-1.jpg,https://coveinterior.com/wp-content/uploads/2025/02/roshina1-mubkhar-petrol-set-1.jpg,/media/wordpress-migration/2025/02/roshina1-mubkhar-petrol-set-1.jpg,roshina1-mubkhar-petrol-set-1.jpg
set_variation_image,17478,17478,17479,17478,"[{""id"": 15, ""name"": ""Trash bin"", ""slug"": ""pa_trash-bin"", ""option"": ""Single""}]",180001,390209,17478,Single,wc_variant_id,multiple_node_variant_matches,https://coveinterior.com/wp-content/uploads/2025/02/Trash-Bin-Bronze.jpg,https://coveinterior.com/wp-content/uploads/2025/02/Trash-Bin-Bronze.jpg,/media/wordpress-migration/2025/02/Trash-Bin-Bronze.jpg,Trash-Bin-Bronze.jpg
set_variation_image,17478,17478,17480,17478,"[{""id"": 15, ""name"": ""Trash bin"", ""slug"": ""pa_trash-bin"", ""option"": ""Set with Tissue Boxes""}]",180002,390209,17478,Set with Tissue Boxes,wc_variant_id,multiple_node_variant_matches,https://coveinterior.com/wp-content/uploads/2025/02/GFX3680-Edit-websize.png,https://coveinterior.com/wp-content/uploads/2025/02/GFX3680-Edit-websize.png,/media/wordpress-migration/2025/02/GFX3680-Edit-websize.png,GFX3680-Edit-websize.png
set_variation_image,17470,17188,18971,17188,"[{""id"": 15, ""name"": ""Trash bin"", ""slug"": ""pa_trash-bin"", ""option"": ""Set with Tissue Boxes""}]",180004,390208,17188,Set with Tissue Boxes,wc_variant_id,multiple_node_variant_matches,https://coveinterior.com/wp-content/uploads/2025/02/Trash-Bin-Beige.jpg,https://coveinterior.com/wp-content/uploads/2025/02/Trash-Bin-Beige.jpg,/media/wordpress-migration/2025/02/Trash-Bin-Beige.jpg,Trash-Bin-Beige.jpg
set_variation_image,17470,17188,17471,17188,"[{""id"": 15, ""name"": ""Trash bin"", ""slug"": ""pa_trash-bin"", ""option"": ""Single""}]",180003,390208,17188,Single,wc_variant_id,multiple_node_variant_matches,https://coveinterior.com/wp-content/uploads/2025/02/Trash-Bin-Beige.jpg,https://coveinterior.com/wp-content/uploads/2025/02/Trash-Bin-Beige.jpg,/media/wordpress-migration/2025/02/Trash-Bin-Beige.jpg,Trash-Bin-Beige.jpg
set_variation_image,17486,17486,17487,17486,"[{""id"": 15, ""name"": ""Trash bin"", ""slug"": ""pa_trash-bin"", ""option"": ""Single""}]",180005,390210,17486,Single,wc_variant_id,multiple_node_variant_matches,https://coveinterior.com/wp-content/uploads/2025/02/Trash-Bin-black.jpg,https://coveinterior.com/wp-content/uploads/2025/02/Trash-Bin-black.jpg,/media/wordpress-migration/2025/02/Trash-Bin-black.jpg,Trash-Bin-black.jpg
set_variation_image,17486,17486,17488,17486,"[{""id"": 15, ""name"": ""Trash bin"", ""slug"": ""pa_trash-bin"", ""option"": ""Set with Tissue Boxes""}]",180006,390210,17486,Set with Tissue Boxes,wc_variant_id,multiple_node_variant_matches,https://coveinterior.com/wp-content/uploads/2025/02/GFX3679-Edit-websize.png,https://coveinterior.com/wp-content/uploads/2025/02/GFX3679-Edit-websize.png,/media/wordpress-migration/2025/02/GFX3679-Edit-websize.png,GFX3679-Edit-websize.png
set_variation_image,17512,17512,17515,17512,"[{""id"": 16, ""name"": ""Select mubkhar set"", ""slug"": ""pa_select-mubkhar-set"", ""option"": ""Roshina 1 full + Roshina Mubkhar""}]",180009,390212,17512,Roshina 1 full + Roshina Mubkhar,wc_variant_id,multiple_node_variant_matches,https://coveinterior.com/wp-content/uploads/2025/02/Mubkhar-R1-petrol.jpg,https://coveinterior.com/wp-content/uploads/2025/02/Mubkhar-R1-petrol.jpg,/media/wordpress-migration/2025/02/Mubkhar-R1-petrol.jpg,Mubkhar-R1-petrol.jpg
set_variation_image,17512,17512,17514,17512,"[{""id"": 16, ""name"": ""Select mubkhar set"", ""slug"": ""pa_select-mubkhar-set"", ""option"": ""Roshina 1 basic + Roshina Mubkhar""}]",180008,390212,17512,Roshina 1 basic + Roshina Mubkhar,wc_variant_id,multiple_node_variant_matches,https://coveinterior.com/wp-content/uploads/2025/02/Mubkhar-R1-petrol.jpg,https://coveinterior.com/wp-content/uploads/2025/02/Mubkhar-R1-petrol.jpg,/media/wordpress-migration/2025/02/Mubkhar-R1-petrol.jpg,Mubkhar-R1-petrol.jpg
set_variation_image,17552,14557,17556,14557,"[{""id"": 19, ""name"": ""Select Mini Roshina box set"", ""slug"": ""pa_select-mini-roshina-box-set"", ""option"": ""Full set + Roshina Mubkhar""}]",180030,390214,14557,Full set + Roshina Mubkhar,wc_variant_id,multiple_node_variant_matches,https://coveinterior.com/wp-content/uploads/2025/02/Mubkhar-R1-petrol.jpg,https://coveinterior.com/wp-content/uploads/2025/02/Mubkhar-R1-petrol.jpg,/media/wordpress-migration/2025/02/Mubkhar-R1-petrol.jpg,Mubkhar-R1-petrol.jpg
set_variation_image,17552,14557,17554,14557,"[{""id"": 19, ""name"": ""Select Mini Roshina box set"", ""slug"": ""pa_select-mini-roshina-box-set"", ""option"": ""Basic set + Roshina Mubkhar""}]",180026,390214,14557,Basic set + Roshina Mubkhar,wc_variant_id,multiple_node_variant_matches,https://coveinterior.com/wp-content/uploads/2025/02/Mubkhar-R1-petrol.jpg,https://coveinterior.com/wp-content/uploads/2025/02/Mubkhar-R1-petrol.jpg,/media/wordpress-migration/2025/02/Mubkhar-R1-petrol.jpg,Mubkhar-R1-petrol.jpg
set_variation_image,12050,112240,17567,112240,"[{""id"": 18, ""name"": ""Select R1 box set"", ""slug"": ""pa_select-r1-box-set"", ""option"": ""Full set + Roshina Mubkhar""}]",180129,390065,112240,Full set + Roshina Mubkhar,wc_variant_id,multiple_node_variant_matches,https://coveinterior.com/wp-content/uploads/2025/02/Mubkhar-R1-petrol.jpg,https://coveinterior.com/wp-content/uploads/2025/02/Mubkhar-R1-petrol.jpg,/media/wordpress-migration/2025/02/Mubkhar-R1-petrol.jpg,Mubkhar-R1-petrol.jpg
set_variation_image,12050,112240,17566,112240,"[{""id"": 18, ""name"": ""Select R1 box set"", ""slug"": ""pa_select-r1-box-set"", ""option"": ""Basic set + Roshina Mubkhar""}]",180126,390065,112240,Basic set + Roshina Mubkhar,wc_variant_id,multiple_node_variant_matches,https://coveinterior.com/wp-content/uploads/2025/02/Mubkhar-R1-petrol.jpg,https://coveinterior.com/wp-content/uploads/2025/02/Mubkhar-R1-petrol.jpg,/media/wordpress-migration/2025/02/Mubkhar-R1-petrol.jpg,Mubkhar-R1-petrol.jpg
set_variation_image,17494,17494,17499,17494,"[{""id"": 16, ""name"": ""Select mubkhar set"", ""slug"": ""pa_select-mubkhar-set"", ""option"": ""Roshina 1 full + Roshina Mubkhar""}]",180014,390211,17494,Roshina 1 full + Roshina Mubkhar,wc_variant_id,multiple_node_variant_matches,https://coveinterior.com/wp-content/uploads/2025/02/Mubkhar-R1-black.jpg,https://coveinterior.com/wp-content/uploads/2025/02/Mubkhar-R1-black.jpg,/media/wordpress-migration/2025/02/Mubkhar-R1-black.jpg,Mubkhar-R1-black.jpg
set_variation_image,17494,17494,17498,17494,"[{""id"": 16, ""name"": ""Select mubkhar set"", ""slug"": ""pa_select-mubkhar-set"", ""option"": ""Roshina 1 basic + Roshina Mubkhar""}]",180013,390211,17494,Roshina 1 basic + Roshina Mubkhar,wc_variant_id,multiple_node_variant_matches,https://coveinterior.com/wp-content/uploads/2025/02/Mubkhar-R1-black.jpg,https://coveinterior.com/wp-content/uploads/2025/02/Mubkhar-R1-black.jpg,/media/wordpress-migration/2025/02/Mubkhar-R1-black.jpg,Mubkhar-R1-black.jpg
set_variation_image,17494,17494,17497,17494,"[{""id"": 16, ""name"": ""Select mubkhar set"", ""slug"": ""pa_select-mubkhar-set"", ""option"": ""Roshina mini full + Roshina Mubkhar""}]",180012,390211,17494,Roshina mini full + Roshina Mubkhar,wc_variant_id,multiple_node_variant_matches,https://coveinterior.com/wp-content/uploads/2025/02/Mubkhar-R1-black.jpg,https://coveinterior.com/wp-content/uploads/2025/02/Mubkhar-R1-black.jpg,/media/wordpress-migration/2025/02/Mubkhar-R1-black.jpg,Mubkhar-R1-black.jpg
set_variation_image,17494,17494,17496,17494,"[{""id"": 16, ""name"": ""Select mubkhar set"", ""slug"": ""pa_select-mubkhar-set"", ""option"": ""Roshina mini basic + Roshna Mubkhar""}]",180011,390211,17494,Roshina mini basic + Roshna Mubkhar,wc_variant_id,multiple_node_variant_matches,https://coveinterior.com/wp-content/uploads/2025/02/Mubkhar-R1-black.jpg,https://coveinterior.com/wp-content/uploads/2025/02/Mubkhar-R1-black.jpg,/media/wordpress-migration/2025/02/Mubkhar-R1-black.jpg,Mubkhar-R1-black.jpg
set_variation_image,12015,112236,17573,112236,"[{""id"": 18, ""name"": ""Select R1 box set"", ""slug"": ""pa_select-r1-box-set"", ""option"": ""Basic set + Roshina Mubkhar""}]",180133,390061,112236,Basic set + Roshina Mubkhar,wc_variant_id,multiple_node_variant_matches,https://coveinterior.com/wp-content/uploads/2025/02/Mubkhar-R1-black.jpg,https://coveinterior.com/wp-content/uploads/2025/02/Mubkhar-R1-black.jpg,/media/wordpress-migration/2025/02/Mubkhar-R1-black.jpg,Mubkhar-R1-black.jpg
set_variation_image,12015,112236,17572,112236,"[{""id"": 18, ""name"": ""Select R1 box set"", ""slug"": ""pa_select-r1-box-set"", ""option"": ""Full set + Roshina Mubkhar""}]",180136,390061,112236,Full set + Roshina Mubkhar,wc_variant_id,multiple_node_variant_matches,https://coveinterior.com/wp-content/uploads/2025/02/Mubkhar-R1-black.jpg,https://coveinterior.com/wp-content/uploads/2025/02/Mubkhar-R1-black.jpg,/media/wordpress-migration/2025/02/Mubkhar-R1-black.jpg,Mubkhar-R1-black.jpg
set_variation_image,17523,17523,17524,17523,"[{""id"": 16, ""name"": ""Select mubkhar set"", ""slug"": ""pa_select-mubkhar-set"", ""option"": ""Roshina Mubkhar only""}]",180016,390213,17523,Roshina Mubkhar only,wc_variant_id,multiple_node_variant_matches,https://coveinterior.com/wp-content/uploads/2025/02/Mubkhar-beige.jpg,https://coveinterior.com/wp-content/uploads/2025/02/Mubkhar-beige.jpg,/media/wordpress-migration/2025/02/Mubkhar-beige.jpg,Mubkhar-beige.jpg
set_variation_image,17253,17189,17278,17189,"[{""id"": 16, ""name"": ""Select mubkhar set"", ""slug"": ""pa_select-mubkhar-set"", ""option"": ""Roshina Mubkhar only""}]",210099,390204,17189,Roshina Mubkhar only,wc_variant_id,multiple_node_variant_matches,https://coveinterior.com/wp-content/uploads/2025/02/Mubkhar-beige.jpg,https://coveinterior.com/wp-content/uploads/2025/02/Mubkhar-beige.jpg,/media/wordpress-migration/2025/02/Mubkhar-beige.jpg,Mubkhar-beige.jpg
set_variation_image,17523,17523,17528,17523,"[{""id"": 16, ""name"": ""Select mubkhar set"", ""slug"": ""pa_select-mubkhar-set"", ""option"": ""Roshina 1 full + Roshina Mubkhar""}]",180023,390213,17523,Roshina 1 full + Roshina Mubkhar,wc_variant_id,multiple_node_variant_matches,https://coveinterior.com/wp-content/uploads/2025/02/Mubkhar-R1-beige.jpg,https://coveinterior.com/wp-content/uploads/2025/02/Mubkhar-R1-beige.jpg,/media/wordpress-migration/2025/02/Mubkhar-R1-beige.jpg,Mubkhar-R1-beige.jpg
set_variation_image,17523,17523,17527,17523,"[{""id"": 16, ""name"": ""Select mubkhar set"", ""slug"": ""pa_select-mubkhar-set"", ""option"": ""Roshina 1 basic + Roshina Mubkhar""}]",180021,390213,17523,Roshina 1 basic + Roshina Mubkhar,wc_variant_id,multiple_node_variant_matches,https://coveinterior.com/wp-content/uploads/2025/02/Mubkhar-R1-beige.jpg,https://coveinterior.com/wp-content/uploads/2025/02/Mubkhar-R1-beige.jpg,/media/wordpress-migration/2025/02/Mubkhar-R1-beige.jpg,Mubkhar-R1-beige.jpg
set_variation_image,17523,17523,17526,17523,"[{""id"": 16, ""name"": ""Select mubkhar set"", ""slug"": ""pa_select-mubkhar-set"", ""option"": ""Roshina mini full + Roshina Mubkhar""}]",180019,390213,17523,Roshina mini full + Roshina Mubkhar,wc_variant_id,multiple_node_variant_matches,https://coveinterior.com/wp-content/uploads/2025/02/Mubkhar-R1-beige.jpg,https://coveinterior.com/wp-content/uploads/2025/02/Mubkhar-R1-beige.jpg,/media/wordpress-migration/2025/02/Mubkhar-R1-beige.jpg,Mubkhar-R1-beige.jpg
set_variation_image,17523,17523,17525,17523,"[{""id"": 16, ""name"": ""Select mubkhar set"", ""slug"": ""pa_select-mubkhar-set"", ""option"": ""Roshina mini basic + Roshna Mubkhar""}]",180018,390213,17523,Roshina mini basic + Roshna Mubkhar,wc_variant_id,multiple_node_variant_matches,https://coveinterior.com/wp-content/uploads/2025/02/Mubkhar-R1-beige.jpg,https://coveinterior.com/wp-content/uploads/2025/02/Mubkhar-R1-beige.jpg,/media/wordpress-migration/2025/02/Mubkhar-R1-beige.jpg,Mubkhar-R1-beige.jpg
set_variation_image,11998,112234,17578,112234,"[{""id"": 18, ""name"": ""Select R1 box set"", ""slug"": ""pa_select-r1-box-set"", ""option"": ""Basic set + Roshina Mubkhar""}]",180140,390060,112234,Basic set + Roshina Mubkhar,wc_variant_id,multiple_node_variant_matches,https://coveinterior.com/wp-content/uploads/2025/02/Mubkhar-R1-beige.jpg,https://coveinterior.com/wp-content/uploads/2025/02/Mubkhar-R1-beige.jpg,/media/wordpress-migration/2025/02/Mubkhar-R1-beige.jpg,Mubkhar-R1-beige.jpg
set_variation_image,11998,112234,17577,112234,"[{""id"": 18, ""name"": ""Select R1 box set"", ""slug"": ""pa_select-r1-box-set"", ""option"": ""Full set + Roshina Mubkhar""}]",180143,390060,112234,Full set + Roshina Mubkhar,wc_variant_id,multiple_node_variant_matches,https://coveinterior.com/wp-content/uploads/2025/02/Mubkhar-R1-beige.jpg,https://coveinterior.com/wp-content/uploads/2025/02/Mubkhar-R1-beige.jpg,/media/wordpress-migration/2025/02/Mubkhar-R1-beige.jpg,Mubkhar-R1-beige.jpg
set_variation_image,17552,14557,17555,14557,"[{""id"": 19, ""name"": ""Select Mini Roshina box set"", ""slug"": ""pa_select-mini-roshina-box-set"", ""option"": ""Full set (Only Box)""}]",180028,390214,14557,Full set (Only Box),wc_variant_id,multiple_node_variant_matches,https://coveinterior.com/wp-content/uploads/2023/12/MR2-gray-closed.jpg,https://coveinterior.com/wp-content/uploads/2023/12/MR2-gray-closed.jpg,/media/wordpress-migration/2023/12/MR2-gray-closed.jpg,MR2-gray-closed.jpg
set_variation_image,17552,14557,17553,14557,"[{""id"": 19, ""name"": ""Select Mini Roshina box set"", ""slug"": ""pa_select-mini-roshina-box-set"", ""option"": ""Basic set (Only Box)""}]",180025,390214,14557,Basic set (Only Box),wc_variant_id,multiple_node_variant_matches,https://coveinterior.com/wp-content/uploads/2023/12/MR2-gray-closed.jpg,https://coveinterior.com/wp-content/uploads/2023/12/MR2-gray-closed.jpg,/media/wordpress-migration/2023/12/MR2-gray-closed.jpg,MR2-gray-closed.jpg
set_variation_image,14431,12561,14433,12561,"[{""id"": 19, ""name"": ""Select Mini Roshina box set"", ""slug"": ""pa_select-mini-roshina-box-set"", ""option"": ""Full set (Only Box)""}]",180058,390155,12561,Full set (Only Box),wc_variant_id,multiple_node_variant_matches,https://coveinterior.com/wp-content/uploads/2023/12/MR2-gray-closed.jpg,https://coveinterior.com/wp-content/uploads/2023/12/MR2-gray-closed.jpg,/media/wordpress-migration/2023/12/MR2-gray-closed.jpg,MR2-gray-closed.jpg
set_variation_image,14431,12561,14432,12561,"[{""id"": 19, ""name"": ""Select Mini Roshina box set"", ""slug"": ""pa_select-mini-roshina-box-set"", ""option"": ""Basic set (Only Box)""}]",180056,390155,12561,Basic set (Only Box),wc_variant_id,multiple_node_variant_matches,https://coveinterior.com/wp-content/uploads/2023/12/MR2-gray-closed.jpg,https://coveinterior.com/wp-content/uploads/2023/12/MR2-gray-closed.jpg,/media/wordpress-migration/2023/12/MR2-gray-closed.jpg,MR2-gray-closed.jpg
set_variation_image,14408,12559,14410,12559,"[{""id"": 8, ""name"": ""Select box set"", ""slug"": ""pa_select-box-set"", ""option"": ""Full set""}]",210142,390152,12559,Full set,wc_variant_id,multiple_node_variant_matches,https://coveinterior.com/wp-content/uploads/2023/12/MR2-gray-closed.jpg,https://coveinterior.com/wp-content/uploads/2023/12/MR2-gray-closed.jpg,/media/wordpress-migration/2023/12/MR2-gray-closed.jpg,MR2-gray-closed.jpg
set_variation_image,14408,12559,14409,12559,"[{""id"": 8, ""name"": ""Select box set"", ""slug"": ""pa_select-box-set"", ""option"": ""Basic set""}]",210141,390152,12559,Basic set,wc_variant_id,multiple_node_variant_matches,https://coveinterior.com/wp-content/uploads/2023/12/MR2-gray-closed.jpg,https://coveinterior.com/wp-content/uploads/2023/12/MR2-gray-closed.jpg,/media/wordpress-migration/2023/12/MR2-gray-closed.jpg,MR2-gray-closed.jpg
set_variation_image,14313,12554,14315,12554,"[{""id"": 19, ""name"": ""Select Mini Roshina box set"", ""slug"": ""pa_select-mini-roshina-box-set"", ""option"": ""Full set (Only Box)""}]",210148,390148,12554,Full set (Only Box),wc_variant_id,multiple_node_variant_matches,https://coveinterior.com/wp-content/uploads/2023/12/MR2-gray-closed.jpg,https://coveinterior.com/wp-content/uploads/2023/12/MR2-gray-closed.jpg,/media/wordpress-migration/2023/12/MR2-gray-closed.jpg,MR2-gray-closed.jpg
set_variation_image,14313,12554,14314,12554,"[{""id"": 19, ""name"": ""Select Mini Roshina box set"", ""slug"": ""pa_select-mini-roshina-box-set"", ""option"": ""Basic set (Only Box)""}]",210147,390148,12554,Basic set (Only Box),wc_variant_id,multiple_node_variant_matches,https://coveinterior.com/wp-content/uploads/2023/12/MR2-gray-closed.jpg,https://coveinterior.com/wp-content/uploads/2023/12/MR2-gray-closed.jpg,/media/wordpress-migration/2023/12/MR2-gray-closed.jpg,MR2-gray-closed.jpg
set_variation_image,17419,12557,17422,12557,"[{""id"": 19, ""name"": ""Select Mini Roshina box set"", ""slug"": ""pa_select-mini-roshina-box-set"", ""option"": ""Full set (Only Box)""}]",210097,390207,12557,Full set (Only Box),wc_variant_id,multiple_node_variant_matches,https://coveinterior.com/wp-content/uploads/2025/02/Mini-Roshina-1.jpg,https://coveinterior.com/wp-content/uploads/2025/02/Mini-Roshina-1.jpg,/media/wordpress-migration/2025/02/Mini-Roshina-1.jpg,Mini-Roshina-1.jpg
set_variation_image,17419,12557,17420,12557,"[{""id"": 19, ""name"": ""Select Mini Roshina box set"", ""slug"": ""pa_select-mini-roshina-box-set"", ""option"": ""Basic set (Only Box)""}]",210095,390207,12557,Basic set (Only Box),wc_variant_id,multiple_node_variant_matches,https://coveinterior.com/wp-content/uploads/2025/02/Mini-Roshina-1.jpg,https://coveinterior.com/wp-content/uploads/2025/02/Mini-Roshina-1.jpg,/media/wordpress-migration/2025/02/Mini-Roshina-1.jpg,Mini-Roshina-1.jpg
set_variation_image,17419,12557,17423,12557,"[{""id"": 19, ""name"": ""Select Mini Roshina box set"", ""slug"": ""pa_select-mini-roshina-box-set"", ""option"": ""Full set + Roshina Mubkhar""}]",210098,390207,12557,Full set + Roshina Mubkhar,wc_variant_id,multiple_node_variant_matches,https://coveinterior.com/wp-content/uploads/2025/02/miniroshina-mubkhar-beige-set.png,https://coveinterior.com/wp-content/uploads/2025/02/miniroshina-mubkhar-beige-set.png,/media/wordpress-migration/2025/02/miniroshina-mubkhar-beige-set.png,miniroshina-mubkhar-beige-set.png
set_variation_image,17419,12557,17421,12557,"[{""id"": 19, ""name"": ""Select Mini Roshina box set"", ""slug"": ""pa_select-mini-roshina-box-set"", ""option"": ""Basic set + Roshina Mubkhar""}]",210096,390207,12557,Basic set + Roshina Mubkhar,wc_variant_id,multiple_node_variant_matches,https://coveinterior.com/wp-content/uploads/2025/02/miniroshina-mubkhar-beige-set.png,https://coveinterior.com/wp-content/uploads/2025/02/miniroshina-mubkhar-beige-set.png,/media/wordpress-migration/2025/02/miniroshina-mubkhar-beige-set.png,miniroshina-mubkhar-beige-set.png
set_variation_image,17253,17189,17456,17189,"[{""id"": 16, ""name"": ""Select mubkhar set"", ""slug"": ""pa_select-mubkhar-set"", ""option"": ""Roshina mini basic + Roshna Mubkhar""}]",210100,390204,17189,Roshina mini basic + Roshna Mubkhar,wc_variant_id,multiple_node_variant_matches,https://coveinterior.com/wp-content/uploads/2025/02/miniroshina-mubkhar-beige-set.png,https://coveinterior.com/wp-content/uploads/2025/02/miniroshina-mubkhar-beige-set.png,/media/wordpress-migration/2025/02/miniroshina-mubkhar-beige-set.png,miniroshina-mubkhar-beige-set.png
set_variation_image,17253,17189,17455,17189,"[{""id"": 16, ""name"": ""Select mubkhar set"", ""slug"": ""pa_select-mubkhar-set"", ""option"": ""Roshina mini full + Roshina Mubkhar""}]",210101,390204,17189,Roshina mini full + Roshina Mubkhar,wc_variant_id,multiple_node_variant_matches,https://coveinterior.com/wp-content/uploads/2025/02/miniroshina-mubkhar-beige-set.png,https://coveinterior.com/wp-content/uploads/2025/02/miniroshina-mubkhar-beige-set.png,/media/wordpress-migration/2025/02/miniroshina-mubkhar-beige-set.png,miniroshina-mubkhar-beige-set.png
set_variation_image,17253,17189,17277,17189,"[{""id"": 16, ""name"": ""Select mubkhar set"", ""slug"": ""pa_select-mubkhar-set"", ""option"": ""Roshina 1 full + Roshina Mubkhar""}]",210103,390204,17189,Roshina 1 full + Roshina Mubkhar,wc_variant_id,multiple_node_variant_matches,https://coveinterior.com/wp-content/uploads/2025/02/roshina1-mubkhar-beige-set.jpg,https://coveinterior.com/wp-content/uploads/2025/02/roshina1-mubkhar-beige-set.jpg,/media/wordpress-migration/2025/02/roshina1-mubkhar-beige-set.jpg,roshina1-mubkhar-beige-set.jpg
set_variation_image,17253,17189,17276,17189,"[{""id"": 16, ""name"": ""Select mubkhar set"", ""slug"": ""pa_select-mubkhar-set"", ""option"": ""Roshina 1 basic + Roshina Mubkhar""}]",210102,390204,17189,Roshina 1 basic + Roshina Mubkhar,wc_variant_id,multiple_node_variant_matches,https://coveinterior.com/wp-content/uploads/2025/02/roshina1-mubkhar-beige-set.jpg,https://coveinterior.com/wp-content/uploads/2025/02/roshina1-mubkhar-beige-set.jpg,/media/wordpress-migration/2025/02/roshina1-mubkhar-beige-set.jpg,roshina1-mubkhar-beige-set.jpg
set_variation_image,11948,112233,17447,112233,"[{""id"": 18, ""name"": ""Select R1 box set"", ""slug"": ""pa_select-r1-box-set"", ""option"": ""Full set + Roshina Mubkhar""}]",210264,390059,112233,Full set + Roshina Mubkhar,wc_variant_id,multiple_node_variant_matches,https://coveinterior.com/wp-content/uploads/2025/02/roshina1-mubkhar-beige-set.jpg,https://coveinterior.com/wp-content/uploads/2025/02/roshina1-mubkhar-beige-set.jpg,/media/wordpress-migration/2025/02/roshina1-mubkhar-beige-set.jpg,roshina1-mubkhar-beige-set.jpg
set_variation_image,11948,112233,17445,112233,"[{""id"": 18, ""name"": ""Select R1 box set"", ""slug"": ""pa_select-r1-box-set"", ""option"": ""Basic set + Roshina Mubkhar""}]",210262,390059,112233,Basic set + Roshina Mubkhar,wc_variant_id,multiple_node_variant_matches,https://coveinterior.com/wp-content/uploads/2025/02/roshina1-mubkhar-beige-set.jpg,https://coveinterior.com/wp-content/uploads/2025/02/roshina1-mubkhar-beige-set.jpg,/media/wordpress-migration/2025/02/roshina1-mubkhar-beige-set.jpg,roshina1-mubkhar-beige-set.jpg
set_variation_image,17244,17195,17245,17195,"[{""id"": 15, ""name"": ""Trash bin"", ""slug"": ""pa_trash-bin"", ""option"": ""Single""}]",210104,390203,17195,Single,wc_variant_id,multiple_node_variant_matches,https://coveinterior.com/wp-content/uploads/2025/02/trash-bin-beige-1-zoom.png,https://coveinterior.com/wp-content/uploads/2025/02/trash-bin-beige-1-zoom.png,/media/wordpress-migration/2025/02/trash-bin-beige-1-zoom.png,trash-bin-beige-1-zoom.png
set_variation_image,17244,17195,17246,17195,"[{""id"": 15, ""name"": ""Trash bin"", ""slug"": ""pa_trash-bin"", ""option"": ""Set with Tissue Boxes""}]",210105,390203,17195,Set with Tissue Boxes,wc_variant_id,multiple_node_variant_matches,https://coveinterior.com/wp-content/uploads/2025/02/trash-bin-beige-set.png,https://coveinterior.com/wp-content/uploads/2025/02/trash-bin-beige-set.png,/media/wordpress-migration/2025/02/trash-bin-beige-set.png,trash-bin-beige-set.png
set_variation_image,14483,12569,17959,12569,"[{""id"": 17, ""name"": ""Select tissue box"", ""slug"": ""pa_select-tissue-box"", ""option"": ""set with trash bin""}]",210124,390163,12569,set with trash bin,wc_variant_id,multiple_node_variant_matches,https://coveinterior.com/wp-content/uploads/2025/02/trash-bin-beige-set.png,https://coveinterior.com/wp-content/uploads/2025/02/trash-bin-beige-set.png,/media/wordpress-migration/2025/02/trash-bin-beige-set.png,trash-bin-beige-set.png
set_variation_image,14475,12566,18177,12566,"[{""id"": 17, ""name"": ""Select tissue box"", ""slug"": ""pa_select-tissue-box"", ""option"": ""set with trash bin""}]",180047,390160,12566,set with trash bin,wc_variant_id,multiple_node_variant_matches,https://coveinterior.com/wp-content/uploads/2025/02/trash-bin-beige-set.png,https://coveinterior.com/wp-content/uploads/2025/02/trash-bin-beige-set.png,/media/wordpress-migration/2025/02/trash-bin-beige-set.png,trash-bin-beige-set.png
set_variation_image,17235,17187,17236,17187,"[{""id"": 15, ""name"": ""Trash bin"", ""slug"": ""pa_trash-bin"", ""option"": ""Single""}]",210106,390202,17187,Single,wc_variant_id,multiple_node_variant_matches,https://coveinterior.com/wp-content/uploads/2025/02/trash-bin-bronze-1-zoom.png,https://coveinterior.com/wp-content/uploads/2025/02/trash-bin-bronze-1-zoom.png,/media/wordpress-migration/2025/02/trash-bin-bronze-1-zoom.png,trash-bin-bronze-1-zoom.png
set_variation_image,17235,17187,20047,17187,"[{""id"": 15, ""name"": ""Trash bin"", ""slug"": ""pa_trash-bin"", ""option"": ""Set with Tissue Boxes""}]",210107,390202,17187,Set with Tissue Boxes,wc_variant_id,multiple_node_variant_matches,https://coveinterior.com/wp-content/uploads/2025/02/trash-bin-bronze-set.png,https://coveinterior.com/wp-content/uploads/2025/02/trash-bin-bronze-set.png,/media/wordpress-migration/2025/02/trash-bin-bronze-set.png,trash-bin-bronze-set.png
set_variation_image,14485,12571,17952,12571,"[{""id"": 17, ""name"": ""Select tissue box"", ""slug"": ""pa_select-tissue-box"", ""option"": ""set with trash bin""}]",210122,390164,12571,set with trash bin,wc_variant_id,multiple_node_variant_matches,https://coveinterior.com/wp-content/uploads/2025/02/trash-bin-bronze-set.png,https://coveinterior.com/wp-content/uploads/2025/02/trash-bin-bronze-set.png,/media/wordpress-migration/2025/02/trash-bin-bronze-set.png,trash-bin-bronze-set.png
set_variation_image,14478,12567,18170,12567,"[{""id"": 17, ""name"": ""Select tissue box"", ""slug"": ""pa_select-tissue-box"", ""option"": ""set with trash bin""}]",180044,390161,12567,set with trash bin,wc_variant_id,multiple_node_variant_matches,https://coveinterior.com/wp-content/uploads/2025/02/trash-bin-bronze-set.png,https://coveinterior.com/wp-content/uploads/2025/02/trash-bin-bronze-set.png,/media/wordpress-migration/2025/02/trash-bin-bronze-set.png,trash-bin-bronze-set.png
set_variation_image,17186,17186,17225,17186,"[{""id"": 15, ""name"": ""Trash bin"", ""slug"": ""pa_trash-bin"", ""option"": ""Single""}]",210108,390201,17186,Single,wc_variant_id,multiple_node_variant_matches,https://coveinterior.com/wp-content/uploads/2025/02/trash-bin-black-1-zoom.png,https://coveinterior.com/wp-content/uploads/2025/02/trash-bin-black-1-zoom.png,/media/wordpress-migration/2025/02/trash-bin-black-1-zoom.png,trash-bin-black-1-zoom.png
set_variation_image,17186,17186,17224,17186,"[{""id"": 15, ""name"": ""Trash bin"", ""slug"": ""pa_trash-bin"", ""option"": ""Set with Tissue Boxes""}]",210109,390201,17186,Set with Tissue Boxes,wc_variant_id,multiple_node_variant_matches,https://coveinterior.com/wp-content/uploads/2025/02/trash-bin-black-set.png,https://coveinterior.com/wp-content/uploads/2025/02/trash-bin-black-set.png,/media/wordpress-migration/2025/02/trash-bin-black-set.png,trash-bin-black-set.png
set_variation_image,14487,12570,17948,12570,"[{""id"": 17, ""name"": ""Select tissue box"", ""slug"": ""pa_select-tissue-box"", ""option"": ""set with trash bin""}]",210120,390165,12570,set with trash bin,wc_variant_id,multiple_node_variant_matches,https://coveinterior.com/wp-content/uploads/2025/02/trash-bin-black-set.png,https://coveinterior.com/wp-content/uploads/2025/02/trash-bin-black-set.png,/media/wordpress-migration/2025/02/trash-bin-black-set.png,trash-bin-black-set.png
set_variation_image,14480,12568,18162,12568,"[{""id"": 17, ""name"": ""Select tissue box"", ""slug"": ""pa_select-tissue-box"", ""option"": ""set with trash bin""}]",180041,390162,12568,set with trash bin,wc_variant_id,multiple_node_variant_matches,https://coveinterior.com/wp-content/uploads/2025/02/trash-bin-black-set.png,https://coveinterior.com/wp-content/uploads/2025/02/trash-bin-black-set.png,/media/wordpress-migration/2025/02/trash-bin-black-set.png,trash-bin-black-set.png
set_variation_image,16065,12475,16066,12475,"[{""id"": 3, ""name"": ""Size"", ""slug"": ""pa_size"", ""option"": ""Width 225cm, Depth 53cm, Height 86cm""}]",210112,390180,12475,"Width 225cm, Depth 53cm, Height 86cm",wc_variant_id,multiple_node_variant_matches,https://coveinterior.com/wp-content/uploads/2022/07/classic-225-gold.jpg,https://coveinterior.com/wp-content/uploads/2022/07/classic-225-gold.jpg,/media/wordpress-migration/2022/07/classic-225-gold.jpg,classic-225-gold.jpg
set_variation_image,12486,12486,12487,10818,"[{""id"": 3, ""name"": ""Size"", ""slug"": ""pa_size"", ""option"": ""Width 225cm, Depth 53cm, Height 86cm""}, {""id"": 6, ""name"": ""Select steel"", ""slug"": ""pa_steel-selected"", ""option"": ""Gold""}, {""id"": 4, ""name"": ""Select top surface"", ""slug"": ""pa_top-selected"", ""option"": ""Clear glass""}, {""id"": 5, ""name"": ""Select coffee capsule tray size (for interior of drawer)"", ""slug"": ""pa_coffee-capsule-size-selected"", ""option"": ""Small capsule""}]",180088,210107,10818,"Width 225cm, Depth 53cm, Height 86cm / Gold / Clear glass / Small capsule",wc_variant_id,multiple_node_variant_matches,https://coveinterior.com/wp-content/uploads/2022/07/classic-225-gold.jpg,https://coveinterior.com/wp-content/uploads/2022/07/classic-225-gold.jpg,/media/wordpress-migration/2022/07/classic-225-gold.jpg,classic-225-gold.jpg
set_variation_image,12470,12470,12471,10817-1,"[{""id"": 3, ""name"": ""Size"", ""slug"": ""pa_size"", ""option"": ""Width 225cm, Depth 53cm, Height 86cm""}, {""id"": 6, ""name"": ""Select steel"", ""slug"": ""pa_steel-selected"", ""option"": ""Gold""}, {""id"": 4, ""name"": ""Select top surface"", ""slug"": ""pa_top-selected"", ""option"": ""Solid top""}]",180090,210108,10817-1,"Width 225cm, Depth 53cm, Height 86cm / Gold / Solid top",wc_variant_id,multiple_node_variant_matches,https://coveinterior.com/wp-content/uploads/2022/07/classic-225-gold.jpg,https://coveinterior.com/wp-content/uploads/2022/07/classic-225-gold.jpg,/media/wordpress-migration/2022/07/classic-225-gold.jpg,classic-225-gold.jpg
set_variation_image,10816,10816,10817,10817,"[{""id"": 3, ""name"": ""Size"", ""slug"": ""pa_size"", ""option"": ""Width 225cm, Depth 53cm, Height 86cm""}, {""id"": 1, ""name"": ""Select color"", ""slug"": ""pa_color"", ""option"": ""225 Classic Gold""}, {""id"": 6, ""name"": ""Select steel"", ""slug"": ""pa_steel-selected"", ""option"": ""Gold""}]",210266,30154,10817,"Width 225cm, Depth 53cm, Height 86cm / 225 Classic Gold / Gold",wc_variant_id,multiple_node_variant_matches,https://coveinterior.com/wp-content/uploads/2022/07/classic-225-gold.jpg,https://coveinterior.com/wp-content/uploads/2022/07/classic-225-gold.jpg,/media/wordpress-migration/2022/07/classic-225-gold.jpg,classic-225-gold.jpg
set_variation_image,14521,112277,14523,112277,"[{""id"": 8, ""name"": ""Select box set"", ""slug"": ""pa_select-box-set"", ""option"": ""Full set""}]",210114,390168,112277,Full set,wc_variant_id,multiple_node_variant_matches,https://coveinterior.com/wp-content/uploads/2023/01/Roshina-2-offwhite-1.jpg,https://coveinterior.com/wp-content/uploads/2023/01/Roshina-2-offwhite-1.jpg,/media/wordpress-migration/2023/01/Roshina-2-offwhite-1.jpg,Roshina-2-offwhite-1.jpg
set_variation_image,14521,112277,14522,112277,"[{""id"": 8, ""name"": ""Select box set"", ""slug"": ""pa_select-box-set"", ""option"": ""Basic set""}]",210113,390168,112277,Basic set,wc_variant_id,multiple_node_variant_matches,https://coveinterior.com/wp-content/uploads/2023/01/Roshina-2-offwhite-1.jpg,https://coveinterior.com/wp-content/uploads/2023/01/Roshina-2-offwhite-1.jpg,/media/wordpress-migration/2023/01/Roshina-2-offwhite-1.jpg,Roshina-2-offwhite-1.jpg
set_variation_image,12197,112259,12199,112259,"[{""id"": 8, ""name"": ""Select box set"", ""slug"": ""pa_select-box-set"", ""option"": ""Full set""}]",210230,390071,112259,Full set,wc_variant_id,multiple_node_variant_matches,https://coveinterior.com/wp-content/uploads/2023/01/Roshina-2-offwhite-1.jpg,https://coveinterior.com/wp-content/uploads/2023/01/Roshina-2-offwhite-1.jpg,/media/wordpress-migration/2023/01/Roshina-2-offwhite-1.jpg,Roshina-2-offwhite-1.jpg
set_variation_image,12197,112259,12198,112259,"[{""id"": 8, ""name"": ""Select box set"", ""slug"": ""pa_select-box-set"", ""option"": ""Basic set""}]",210229,390071,112259,Basic set,wc_variant_id,multiple_node_variant_matches,https://coveinterior.com/wp-content/uploads/2023/01/Roshina-2-offwhite-1.jpg,https://coveinterior.com/wp-content/uploads/2023/01/Roshina-2-offwhite-1.jpg,/media/wordpress-migration/2023/01/Roshina-2-offwhite-1.jpg,Roshina-2-offwhite-1.jpg
set_variation_image,12189,112258,12191,112258,"[{""id"": 8, ""name"": ""Select box set"", ""slug"": ""pa_select-box-set"", ""option"": ""Full set""}]",180115,390070,112258,Full set,wc_variant_id,multiple_node_variant_matches,https://coveinterior.com/wp-content/uploads/2023/01/Roshina-2-offwhite-1.jpg,https://coveinterior.com/wp-content/uploads/2023/01/Roshina-2-offwhite-1.jpg,/media/wordpress-migration/2023/01/Roshina-2-offwhite-1.jpg,Roshina-2-offwhite-1.jpg
set_variation_image,12189,112258,12190,112258,"[{""id"": 8, ""name"": ""Select box set"", ""slug"": ""pa_select-box-set"", ""option"": ""Basic set""}]",180114,390070,112258,Basic set,wc_variant_id,multiple_node_variant_matches,https://coveinterior.com/wp-content/uploads/2023/01/Roshina-2-offwhite-1.jpg,https://coveinterior.com/wp-content/uploads/2023/01/Roshina-2-offwhite-1.jpg,/media/wordpress-migration/2023/01/Roshina-2-offwhite-1.jpg,Roshina-2-offwhite-1.jpg
set_variation_image,14511,112276,14513,112276,"[{""id"": 8, ""name"": ""Select box set"", ""slug"": ""pa_select-box-set"", ""option"": ""Full set""}]",210116,390167,112276,Full set,wc_variant_id,multiple_node_variant_matches,https://coveinterior.com/wp-content/uploads/2023/01/Roshina-2-drakgreen-1.jpg,https://coveinterior.com/wp-content/uploads/2023/01/Roshina-2-drakgreen-1.jpg,/media/wordpress-migration/2023/01/Roshina-2-drakgreen-1.jpg,Roshina-2-drakgreen-1.jpg
set_variation_image,14511,112276,14512,112276,"[{""id"": 8, ""name"": ""Select box set"", ""slug"": ""pa_select-box-set"", ""option"": ""Basic set""}]",210115,390167,112276,Basic set,wc_variant_id,multiple_node_variant_matches,https://coveinterior.com/wp-content/uploads/2023/01/Roshina-2-drakgreen-1.jpg,https://coveinterior.com/wp-content/uploads/2023/01/Roshina-2-drakgreen-1.jpg,/media/wordpress-migration/2023/01/Roshina-2-drakgreen-1.jpg,Roshina-2-drakgreen-1.jpg
set_variation_image,12181,112257,12183,112257,"[{""id"": 8, ""name"": ""Select box set"", ""slug"": ""pa_select-box-set"", ""option"": ""Full set""}]",180119,390069,112257,Full set,wc_variant_id,multiple_node_variant_matches,https://coveinterior.com/wp-content/uploads/2023/01/Roshina-2-drakgreen-1.jpg,https://coveinterior.com/wp-content/uploads/2023/01/Roshina-2-drakgreen-1.jpg,/media/wordpress-migration/2023/01/Roshina-2-drakgreen-1.jpg,Roshina-2-drakgreen-1.jpg
set_variation_image,12181,112257,12182,112257,"[{""id"": 8, ""name"": ""Select box set"", ""slug"": ""pa_select-box-set"", ""option"": ""Basic set""}]",180118,390069,112257,Basic set,wc_variant_id,multiple_node_variant_matches,https://coveinterior.com/wp-content/uploads/2023/01/Roshina-2-drakgreen-1.jpg,https://coveinterior.com/wp-content/uploads/2023/01/Roshina-2-drakgreen-1.jpg,/media/wordpress-migration/2023/01/Roshina-2-drakgreen-1.jpg,Roshina-2-drakgreen-1.jpg
set_variation_image,12173,112256,12175,112256,"[{""id"": 8, ""name"": ""Select box set"", ""slug"": ""pa_select-box-set"", ""option"": ""Full set""}]",210236,390068,112256,Full set,wc_variant_id,multiple_node_variant_matches,https://coveinterior.com/wp-content/uploads/2023/01/Roshina-2-drakgreen-1.jpg,https://coveinterior.com/wp-content/uploads/2023/01/Roshina-2-drakgreen-1.jpg,/media/wordpress-migration/2023/01/Roshina-2-drakgreen-1.jpg,Roshina-2-drakgreen-1.jpg
set_variation_image,12173,112256,12174,112256,"[{""id"": 8, ""name"": ""Select box set"", ""slug"": ""pa_select-box-set"", ""option"": ""Basic set""}]",210235,390068,112256,Basic set,wc_variant_id,multiple_node_variant_matches,https://coveinterior.com/wp-content/uploads/2023/01/Roshina-2-drakgreen-1.jpg,https://coveinterior.com/wp-content/uploads/2023/01/Roshina-2-drakgreen-1.jpg,/media/wordpress-migration/2023/01/Roshina-2-drakgreen-1.jpg,Roshina-2-drakgreen-1.jpg
set_variation_image,14505,112275,14507,112275,"[{""id"": 8, ""name"": ""Select box set"", ""slug"": ""pa_select-box-set"", ""option"": ""Full set""}]",210118,390166,112275,Full set,wc_variant_id,multiple_node_variant_matches,https://coveinterior.com/wp-content/uploads/2023/01/Roshina-2-cementgreen-1.jpg,https://coveinterior.com/wp-content/uploads/2023/01/Roshina-2-cementgreen-1.jpg,/media/wordpress-migration/2023/01/Roshina-2-cementgreen-1.jpg,Roshina-2-cementgreen-1.jpg
set_variation_image,14505,112275,14506,112275,"[{""id"": 8, ""name"": ""Select box set"", ""slug"": ""pa_select-box-set"", ""option"": ""Basic set""}]",210117,390166,112275,Basic set,wc_variant_id,multiple_node_variant_matches,https://coveinterior.com/wp-content/uploads/2023/01/Roshina-2-cementgreen-1.jpg,https://coveinterior.com/wp-content/uploads/2023/01/Roshina-2-cementgreen-1.jpg,/media/wordpress-migration/2023/01/Roshina-2-cementgreen-1.jpg,Roshina-2-cementgreen-1.jpg
set_variation_image,12165,112261,12167,112261,"[{""id"": 8, ""name"": ""Select box set"", ""slug"": ""pa_select-box-set"", ""option"": ""Full set""}]",180122,390067,112261,Full set,wc_variant_id,multiple_node_variant_matches,https://coveinterior.com/wp-content/uploads/2023/01/Roshina-2-cementgreen-1.jpg,https://coveinterior.com/wp-content/uploads/2023/01/Roshina-2-cementgreen-1.jpg,/media/wordpress-migration/2023/01/Roshina-2-cementgreen-1.jpg,Roshina-2-cementgreen-1.jpg
set_variation_image,12165,112261,12166,112261,"[{""id"": 8, ""name"": ""Select box set"", ""slug"": ""pa_select-box-set"", ""option"": ""Basic set""}]",180121,390067,112261,Basic set,wc_variant_id,multiple_node_variant_matches,https://coveinterior.com/wp-content/uploads/2023/01/Roshina-2-cementgreen-1.jpg,https://coveinterior.com/wp-content/uploads/2023/01/Roshina-2-cementgreen-1.jpg,/media/wordpress-migration/2023/01/Roshina-2-cementgreen-1.jpg,Roshina-2-cementgreen-1.jpg
set_variation_image,12157,112255,12159,112255,"[{""id"": 8, ""name"": ""Select box set"", ""slug"": ""pa_select-box-set"", ""option"": ""Full set""}]",210240,390066,112255,Full set,wc_variant_id,multiple_node_variant_matches,https://coveinterior.com/wp-content/uploads/2023/01/Roshina-2-cementgreen-1.jpg,https://coveinterior.com/wp-content/uploads/2023/01/Roshina-2-cementgreen-1.jpg,/media/wordpress-migration/2023/01/Roshina-2-cementgreen-1.jpg,Roshina-2-cementgreen-1.jpg
set_variation_image,12157,112255,12158,112255,"[{""id"": 8, ""name"": ""Select box set"", ""slug"": ""pa_select-box-set"", ""option"": ""Basic set""}]",210239,390066,112255,Basic set,wc_variant_id,multiple_node_variant_matches,https://coveinterior.com/wp-content/uploads/2023/01/Roshina-2-cementgreen-1.jpg,https://coveinterior.com/wp-content/uploads/2023/01/Roshina-2-cementgreen-1.jpg,/media/wordpress-migration/2023/01/Roshina-2-cementgreen-1.jpg,Roshina-2-cementgreen-1.jpg
set_variation_image,14480,12568,18161,12568,"[{""id"": 17, ""name"": ""Select tissue box"", ""slug"": ""pa_select-tissue-box"", ""option"": ""Single""}]",180040,390162,12568,Single,wc_variant_id,multiple_node_variant_matches,https://coveinterior.com/wp-content/uploads/2023/12/tissue-box-black.jpg,https://coveinterior.com/wp-content/uploads/2023/12/tissue-box-black.jpg,/media/wordpress-migration/2023/12/tissue-box-black.jpg,tissue-box-black.jpg
set_variation_image,14487,12570,17947,12570,"[{""id"": 17, ""name"": ""Select tissue box"", ""slug"": ""pa_select-tissue-box"", ""option"": ""Single""}]",210119,390165,12570,Single,wc_variant_id,multiple_node_variant_matches,https://coveinterior.com/wp-content/uploads/2023/12/tissue-box-black.webp,https://coveinterior.com/wp-content/uploads/2023/12/tissue-box-black.webp,/media/wordpress-migration/2023/12/tissue-box-black.webp,tissue-box-black.webp
set_variation_image,14485,12571,17951,12571,"[{""id"": 17, ""name"": ""Select tissue box"", ""slug"": ""pa_select-tissue-box"", ""option"": ""Single""}]",210121,390164,12571,Single,wc_variant_id,multiple_node_variant_matches,https://coveinterior.com/wp-content/uploads/2023/12/tissue-box-Bronze.webp,https://coveinterior.com/wp-content/uploads/2023/12/tissue-box-Bronze.webp,/media/wordpress-migration/2023/12/tissue-box-Bronze.webp,tissue-box-Bronze.webp
set_variation_image,14478,12567,18169,12567,"[{""id"": 17, ""name"": ""Select tissue box"", ""slug"": ""pa_select-tissue-box"", ""option"": ""Single""}]",180043,390161,12567,Single,wc_variant_id,multiple_node_variant_matches,https://coveinterior.com/wp-content/uploads/2023/12/tissue-box-Bronze.webp,https://coveinterior.com/wp-content/uploads/2023/12/tissue-box-Bronze.webp,/media/wordpress-migration/2023/12/tissue-box-Bronze.webp,tissue-box-Bronze.webp
set_variation_image,14483,12569,17958,12569,"[{""id"": 17, ""name"": ""Select tissue box"", ""slug"": ""pa_select-tissue-box"", ""option"": ""Single""}]",210123,390163,12569,Single,wc_variant_id,multiple_node_variant_matches,https://coveinterior.com/wp-content/uploads/2023/12/tissue-box-beige.webp,https://coveinterior.com/wp-content/uploads/2023/12/tissue-box-beige.webp,/media/wordpress-migration/2023/12/tissue-box-beige.webp,tissue-box-beige.webp
set_variation_image,14475,12566,18176,12566,"[{""id"": 17, ""name"": ""Select tissue box"", ""slug"": ""pa_select-tissue-box"", ""option"": ""Single""}]",180046,390160,12566,Single,wc_variant_id,multiple_node_variant_matches,https://coveinterior.com/wp-content/uploads/2023/12/tissue-box-beige.webp,https://coveinterior.com/wp-content/uploads/2023/12/tissue-box-beige.webp,/media/wordpress-migration/2023/12/tissue-box-beige.webp,tissue-box-beige.webp
set_variation_image,14437,12562,14439,12562,"[{""id"": 19, ""name"": ""Select Mini Roshina box set"", ""slug"": ""pa_select-mini-roshina-box-set"", ""option"": ""Full set (Only Box)""}]",180052,390156,12562,Full set (Only Box),wc_variant_id,multiple_node_variant_matches,https://coveinterior.com/wp-content/uploads/2023/12/MR2-black-closed.jpg,https://coveinterior.com/wp-content/uploads/2023/12/MR2-black-closed.jpg,/media/wordpress-migration/2023/12/MR2-black-closed.jpg,MR2-black-closed.jpg
set_variation_image,14437,12562,14438,12562,"[{""id"": 19, ""name"": ""Select Mini Roshina box set"", ""slug"": ""pa_select-mini-roshina-box-set"", ""option"": ""Basic set (Only Box)""}]",180049,390156,12562,Basic set (Only Box),wc_variant_id,multiple_node_variant_matches,https://coveinterior.com/wp-content/uploads/2023/12/MR2-black-closed.jpg,https://coveinterior.com/wp-content/uploads/2023/12/MR2-black-closed.jpg,/media/wordpress-migration/2023/12/MR2-black-closed.jpg,MR2-black-closed.jpg
set_variation_image,14414,12558,14416,12558,"[{""id"": 8, ""name"": ""Select box set"", ""slug"": ""pa_select-box-set"", ""option"": ""Full set""}]",210140,390153,12558,Full set,wc_variant_id,multiple_node_variant_matches,https://coveinterior.com/wp-content/uploads/2023/12/MR2-black-closed.jpg,https://coveinterior.com/wp-content/uploads/2023/12/MR2-black-closed.jpg,/media/wordpress-migration/2023/12/MR2-black-closed.jpg,MR2-black-closed.jpg
set_variation_image,14414,12558,14415,12558,"[{""id"": 8, ""name"": ""Select box set"", ""slug"": ""pa_select-box-set"", ""option"": ""Basic set""}]",210139,390153,12558,Basic set,wc_variant_id,multiple_node_variant_matches,https://coveinterior.com/wp-content/uploads/2023/12/MR2-black-closed.jpg,https://coveinterior.com/wp-content/uploads/2023/12/MR2-black-closed.jpg,/media/wordpress-migration/2023/12/MR2-black-closed.jpg,MR2-black-closed.jpg
set_variation_image,14289,12553,14291,12553,"[{""id"": 19, ""name"": ""Select Mini Roshina box set"", ""slug"": ""pa_select-mini-roshina-box-set"", ""option"": ""Full set (Only Box)""}]",210151,390147,12553,Full set (Only Box),wc_variant_id,multiple_node_variant_matches,https://coveinterior.com/wp-content/uploads/2023/12/MR2-black-closed.jpg,https://coveinterior.com/wp-content/uploads/2023/12/MR2-black-closed.jpg,/media/wordpress-migration/2023/12/MR2-black-closed.jpg,MR2-black-closed.jpg
set_variation_image,14289,12553,14290,12553,"[{""id"": 19, ""name"": ""Select Mini Roshina box set"", ""slug"": ""pa_select-mini-roshina-box-set"", ""option"": ""Basic set (Only Box)""}]",210149,390147,12553,Basic set (Only Box),wc_variant_id,multiple_node_variant_matches,https://coveinterior.com/wp-content/uploads/2023/12/MR2-black-closed.jpg,https://coveinterior.com/wp-content/uploads/2023/12/MR2-black-closed.jpg,/media/wordpress-migration/2023/12/MR2-black-closed.jpg,MR2-black-closed.jpg
set_variation_image,14437,12562,17542,12562,"[{""id"": 19, ""name"": ""Select Mini Roshina box set"", ""slug"": ""pa_select-mini-roshina-box-set"", ""option"": ""Full set + Roshina Mubkhar""}]",180054,390156,12562,Full set + Roshina Mubkhar,wc_variant_id,multiple_node_variant_matches,https://coveinterior.com/wp-content/uploads/2023/12/Mini-Roshina-Mubkhar-black-set.jpg,https://coveinterior.com/wp-content/uploads/2023/12/Mini-Roshina-Mubkhar-black-set.jpg,/media/wordpress-migration/2023/12/Mini-Roshina-Mubkhar-black-set.jpg,Mini-Roshina-Mubkhar-black-set.jpg
set_variation_image,14437,12562,17540,12562,"[{""id"": 19, ""name"": ""Select Mini Roshina box set"", ""slug"": ""pa_select-mini-roshina-box-set"", ""option"": ""Basic set + Roshina Mubkhar""}]",180051,390156,12562,Basic set + Roshina Mubkhar,wc_variant_id,multiple_node_variant_matches,https://coveinterior.com/wp-content/uploads/2023/12/Mini-Roshina-Mubkhar-black-set.jpg,https://coveinterior.com/wp-content/uploads/2023/12/Mini-Roshina-Mubkhar-black-set.jpg,/media/wordpress-migration/2023/12/Mini-Roshina-Mubkhar-black-set.jpg,Mini-Roshina-Mubkhar-black-set.jpg
set_variation_image,14400,12556,14402,12556,"[{""id"": 8, ""name"": ""Select box set"", ""slug"": ""pa_select-box-set"", ""option"": ""Full set""}]",210144,390151,12556,Full set,wc_variant_id,multiple_node_variant_matches,https://coveinterior.com/wp-content/uploads/2023/12/MR2-white-closed.jpg-new.jpg,https://coveinterior.com/wp-content/uploads/2023/12/MR2-white-closed.jpg-new.jpg,/media/wordpress-migration/2023/12/MR2-white-closed.jpg-new.jpg,MR2-white-closed.jpg-new.jpg
set_variation_image,14400,12556,14401,12556,"[{""id"": 8, ""name"": ""Select box set"", ""slug"": ""pa_select-box-set"", ""option"": ""Basic set""}]",210143,390151,12556,Basic set,wc_variant_id,multiple_node_variant_matches,https://coveinterior.com/wp-content/uploads/2023/12/MR2-white-closed.jpg-new.jpg,https://coveinterior.com/wp-content/uploads/2023/12/MR2-white-closed.jpg-new.jpg,/media/wordpress-migration/2023/12/MR2-white-closed.jpg-new.jpg,MR2-white-closed.jpg-new.jpg
set_variation_image,12669,12669,12671,12669,"[{""id"": 8, ""name"": ""Select box set"", ""slug"": ""pa_select-box-set"", ""option"": ""Full set""}]",210209,390114,12669,Full set,wc_variant_id,multiple_node_variant_matches,https://coveinterior.com/wp-content/uploads/2023/07/Roshina-3-Camel-1.jpg,https://coveinterior.com/wp-content/uploads/2023/07/Roshina-3-Camel-1.jpg,/media/wordpress-migration/2023/07/Roshina-3-Camel-1.jpg,Roshina-3-Camel-1.jpg
set_variation_image,12669,12669,12670,12669,"[{""id"": 8, ""name"": ""Select box set"", ""slug"": ""pa_select-box-set"", ""option"": ""Basic set""}]",210208,390114,12669,Basic set,wc_variant_id,multiple_node_variant_matches,https://coveinterior.com/wp-content/uploads/2023/07/Roshina-3-Camel-1.jpg,https://coveinterior.com/wp-content/uploads/2023/07/Roshina-3-Camel-1.jpg,/media/wordpress-migration/2023/07/Roshina-3-Camel-1.jpg,Roshina-3-Camel-1.jpg
set_variation_image,14258,12538,14259,12538,"[{""id"": 8, ""name"": ""Select box set"", ""slug"": ""pa_select-box-set"", ""option"": ""Basic set""}]",210153,390146,12538,Basic set,wc_variant_id,multiple_node_variant_matches,https://coveinterior.com/wp-content/uploads/2023/07/Roshina-3-Camel-2.jpg,https://coveinterior.com/wp-content/uploads/2023/07/Roshina-3-Camel-2.jpg,/media/wordpress-migration/2023/07/Roshina-3-Camel-2.jpg,Roshina-3-Camel-2.jpg
set_variation_image,12636,12636,12637,12636,"[{""id"": 8, ""name"": ""Select box set"", ""slug"": ""pa_select-box-set"", ""option"": ""Basic set""}]",180078,390113,12636,Basic set,wc_variant_id,multiple_node_variant_matches,https://coveinterior.com/wp-content/uploads/2023/07/Roshina-3-Camel-2.jpg,https://coveinterior.com/wp-content/uploads/2023/07/Roshina-3-Camel-2.jpg,/media/wordpress-migration/2023/07/Roshina-3-Camel-2.jpg,Roshina-3-Camel-2.jpg
set_variation_image,14258,12538,14260,12538,"[{""id"": 8, ""name"": ""Select box set"", ""slug"": ""pa_select-box-set"", ""option"": ""Full set""}]",210154,390146,12538,Full set,wc_variant_id,multiple_node_variant_matches,https://coveinterior.com/wp-content/uploads/2023/07/Roshina-3-Camel-3.jpg,https://coveinterior.com/wp-content/uploads/2023/07/Roshina-3-Camel-3.jpg,/media/wordpress-migration/2023/07/Roshina-3-Camel-3.jpg,Roshina-3-Camel-3.jpg
set_variation_image,12636,12636,12638,12636,"[{""id"": 8, ""name"": ""Select box set"", ""slug"": ""pa_select-box-set"", ""option"": ""Full set""}]",180079,390113,12636,Full set,wc_variant_id,multiple_node_variant_matches,https://coveinterior.com/wp-content/uploads/2023/07/Roshina-3-Camel-3.jpg,https://coveinterior.com/wp-content/uploads/2023/07/Roshina-3-Camel-3.jpg,/media/wordpress-migration/2023/07/Roshina-3-Camel-3.jpg,Roshina-3-Camel-3.jpg
set_variation_image,14250,12537,14251,12537,"[{""id"": 8, ""name"": ""Select box set"", ""slug"": ""pa_select-box-set"", ""option"": ""Basic set""}]",210155,390145,12537,Basic set,wc_variant_id,multiple_node_variant_matches,https://coveinterior.com/wp-content/uploads/2023/07/Roshina-3-Light-blue-2.jpg,https://coveinterior.com/wp-content/uploads/2023/07/Roshina-3-Light-blue-2.jpg,/media/wordpress-migration/2023/07/Roshina-3-Light-blue-2.jpg,Roshina-3-Light-blue-2.jpg
set_variation_image,12686,12686,12687,12686,"[{""id"": 8, ""name"": ""Select box set"", ""slug"": ""pa_select-box-set"", ""option"": ""Basic set""}]",180074,390116,12686,Basic set,wc_variant_id,multiple_node_variant_matches,https://coveinterior.com/wp-content/uploads/2023/07/Roshina-3-Light-blue-2.jpg,https://coveinterior.com/wp-content/uploads/2023/07/Roshina-3-Light-blue-2.jpg,/media/wordpress-migration/2023/07/Roshina-3-Light-blue-2.jpg,Roshina-3-Light-blue-2.jpg
set_variation_image,14250,12537,14252,12537,"[{""id"": 8, ""name"": ""Select box set"", ""slug"": ""pa_select-box-set"", ""option"": ""Full set""}]",210156,390145,12537,Full set,wc_variant_id,multiple_node_variant_matches,https://coveinterior.com/wp-content/uploads/2023/07/Roshina-3-Light-blue-3.jpg,https://coveinterior.com/wp-content/uploads/2023/07/Roshina-3-Light-blue-3.jpg,/media/wordpress-migration/2023/07/Roshina-3-Light-blue-3.jpg,Roshina-3-Light-blue-3.jpg
set_variation_image,12686,12686,12688,12686,"[{""id"": 8, ""name"": ""Select box set"", ""slug"": ""pa_select-box-set"", ""option"": ""Full set""}]",180076,390116,12686,Full set,wc_variant_id,multiple_node_variant_matches,https://coveinterior.com/wp-content/uploads/2023/07/Roshina-3-Light-blue-3.jpg,https://coveinterior.com/wp-content/uploads/2023/07/Roshina-3-Light-blue-3.jpg,/media/wordpress-migration/2023/07/Roshina-3-Light-blue-3.jpg,Roshina-3-Light-blue-3.jpg
set_variation_image,12694,12694,12696,12694,"[{""id"": 8, ""name"": ""Select box set"", ""slug"": ""pa_select-box-set"", ""option"": ""Full set""}]",210203,390117,12694,Full set,wc_variant_id,multiple_node_variant_matches,https://coveinterior.com/wp-content/uploads/2023/07/Roshina-3-Maroon-1.jpg,https://coveinterior.com/wp-content/uploads/2023/07/Roshina-3-Maroon-1.jpg,/media/wordpress-migration/2023/07/Roshina-3-Maroon-1.jpg,Roshina-3-Maroon-1.jpg
set_variation_image,12694,12694,12695,12694,"[{""id"": 8, ""name"": ""Select box set"", ""slug"": ""pa_select-box-set"", ""option"": ""Basic set""}]",210202,390117,12694,Basic set,wc_variant_id,multiple_node_variant_matches,https://coveinterior.com/wp-content/uploads/2023/07/Roshina-3-Maroon-1.jpg,https://coveinterior.com/wp-content/uploads/2023/07/Roshina-3-Maroon-1.jpg,/media/wordpress-migration/2023/07/Roshina-3-Maroon-1.jpg,Roshina-3-Maroon-1.jpg
set_variation_image,14242,12535,14243,12535,"[{""id"": 8, ""name"": ""Select box set"", ""slug"": ""pa_select-box-set"", ""option"": ""Basic set""}]",210157,390144,12535,Basic set,wc_variant_id,multiple_node_variant_matches,https://coveinterior.com/wp-content/uploads/2023/07/Roshina-3-Maroon-2.jpg,https://coveinterior.com/wp-content/uploads/2023/07/Roshina-3-Maroon-2.jpg,/media/wordpress-migration/2023/07/Roshina-3-Maroon-2.jpg,Roshina-3-Maroon-2.jpg
set_variation_image,12702,12702,12703,12702,"[{""id"": 8, ""name"": ""Select box set"", ""slug"": ""pa_select-box-set"", ""option"": ""Basic set""}]",180070,390118,12702,Basic set,wc_variant_id,multiple_node_variant_matches,https://coveinterior.com/wp-content/uploads/2023/07/Roshina-3-Maroon-2.jpg,https://coveinterior.com/wp-content/uploads/2023/07/Roshina-3-Maroon-2.jpg,/media/wordpress-migration/2023/07/Roshina-3-Maroon-2.jpg,Roshina-3-Maroon-2.jpg
set_variation_image,14242,12535,14244,12535,"[{""id"": 8, ""name"": ""Select box set"", ""slug"": ""pa_select-box-set"", ""option"": ""Full set""}]",210158,390144,12535,Full set,wc_variant_id,multiple_node_variant_matches,https://coveinterior.com/wp-content/uploads/2023/07/Roshina-3-Maroon-3.jpg,https://coveinterior.com/wp-content/uploads/2023/07/Roshina-3-Maroon-3.jpg,/media/wordpress-migration/2023/07/Roshina-3-Maroon-3.jpg,Roshina-3-Maroon-3.jpg
set_variation_image,12702,12702,12704,12702,"[{""id"": 8, ""name"": ""Select box set"", ""slug"": ""pa_select-box-set"", ""option"": ""Full set""}]",180072,390118,12702,Full set,wc_variant_id,multiple_node_variant_matches,https://coveinterior.com/wp-content/uploads/2023/07/Roshina-3-Maroon-3.jpg,https://coveinterior.com/wp-content/uploads/2023/07/Roshina-3-Maroon-3.jpg,/media/wordpress-migration/2023/07/Roshina-3-Maroon-3.jpg,Roshina-3-Maroon-3.jpg
set_variation_image,14234,12534,14236,12534,"[{""id"": 8, ""name"": ""Select box set"", ""slug"": ""pa_select-box-set"", ""option"": ""Full set""}]",210160,390143,12534,Full set,wc_variant_id,multiple_node_variant_matches,https://coveinterior.com/wp-content/uploads/2023/07/Roshina-2-darkveneer-wood-1.jpg,https://coveinterior.com/wp-content/uploads/2023/07/Roshina-2-darkveneer-wood-1.jpg,/media/wordpress-migration/2023/07/Roshina-2-darkveneer-wood-1.jpg,Roshina-2-darkveneer-wood-1.jpg
set_variation_image,12851,12724,12853,12724,"[{""id"": 8, ""name"": ""Select box set"", ""slug"": ""pa_select-box-set"", ""option"": ""Full set""}]",180066,390121,12724,Full set,wc_variant_id,multiple_node_variant_matches,https://coveinterior.com/wp-content/uploads/2023/07/Roshina-2-darkveneer-wood-1.jpg,https://coveinterior.com/wp-content/uploads/2023/07/Roshina-2-darkveneer-wood-1.jpg,/media/wordpress-migration/2023/07/Roshina-2-darkveneer-wood-1.jpg,Roshina-2-darkveneer-wood-1.jpg
set_variation_image,12721,12721,12723,12721,"[{""id"": 8, ""name"": ""Select box set"", ""slug"": ""pa_select-box-set"", ""option"": ""Full set""}]",210199,390119,12721,Full set,wc_variant_id,multiple_node_variant_matches,https://coveinterior.com/wp-content/uploads/2023/07/Roshina-2-darkveneer-wood-1.jpg,https://coveinterior.com/wp-content/uploads/2023/07/Roshina-2-darkveneer-wood-1.jpg,/media/wordpress-migration/2023/07/Roshina-2-darkveneer-wood-1.jpg,Roshina-2-darkveneer-wood-1.jpg
set_variation_image,14234,12534,14235,12534,"[{""id"": 8, ""name"": ""Select box set"", ""slug"": ""pa_select-box-set"", ""option"": ""Basic set""}]",210159,390143,12534,Basic set,wc_variant_id,multiple_node_variant_matches,https://coveinterior.com/wp-content/uploads/2023/07/Roshina-2-darkveneer-wood-2.jpg,https://coveinterior.com/wp-content/uploads/2023/07/Roshina-2-darkveneer-wood-2.jpg,/media/wordpress-migration/2023/07/Roshina-2-darkveneer-wood-2.jpg,Roshina-2-darkveneer-wood-2.jpg
set_variation_image,12851,12724,12852,12724,"[{""id"": 8, ""name"": ""Select box set"", ""slug"": ""pa_select-box-set"", ""option"": ""Basic set""}]",180065,390121,12724,Basic set,wc_variant_id,multiple_node_variant_matches,https://coveinterior.com/wp-content/uploads/2023/07/Roshina-2-darkveneer-wood-2.jpg,https://coveinterior.com/wp-content/uploads/2023/07/Roshina-2-darkveneer-wood-2.jpg,/media/wordpress-migration/2023/07/Roshina-2-darkveneer-wood-2.jpg,Roshina-2-darkveneer-wood-2.jpg
set_variation_image,12721,12721,12722,12721,"[{""id"": 8, ""name"": ""Select box set"", ""slug"": ""pa_select-box-set"", ""option"": ""Basic set""}]",210198,390119,12721,Basic set,wc_variant_id,multiple_node_variant_matches,https://coveinterior.com/wp-content/uploads/2023/07/Roshina-2-darkveneer-wood-2.jpg,https://coveinterior.com/wp-content/uploads/2023/07/Roshina-2-darkveneer-wood-2.jpg,/media/wordpress-migration/2023/07/Roshina-2-darkveneer-wood-2.jpg,Roshina-2-darkveneer-wood-2.jpg
set_variation_image,14218,12532,14220,12532,"[{""id"": 8, ""name"": ""Select box set"", ""slug"": ""pa_select-box-set"", ""option"": ""Full set""}]",210164,390141,12532,Full set,wc_variant_id,multiple_node_variant_matches,https://coveinterior.com/wp-content/uploads/2023/01/Roshina-1-black-1.jpg,https://coveinterior.com/wp-content/uploads/2023/01/Roshina-1-black-1.jpg,/media/wordpress-migration/2023/01/Roshina-1-black-1.jpg,Roshina-1-black-1.jpg
set_variation_image,14218,12532,14219,12532,"[{""id"": 8, ""name"": ""Select box set"", ""slug"": ""pa_select-box-set"", ""option"": ""Basic set""}]",210163,390141,12532,Basic set,wc_variant_id,multiple_node_variant_matches,https://coveinterior.com/wp-content/uploads/2023/01/Roshina-1-black-1.jpg,https://coveinterior.com/wp-content/uploads/2023/01/Roshina-1-black-1.jpg,/media/wordpress-migration/2023/01/Roshina-1-black-1.jpg,Roshina-1-black-1.jpg
set_variation_image,12610,12610,12612,12610,"[{""id"": 18, ""name"": ""Select R1 box set"", ""slug"": ""pa_select-r1-box-set"", ""option"": ""Full set (Only Box)""}]",210214,390112,12610,Full set (Only Box),wc_variant_id,multiple_node_variant_matches,https://coveinterior.com/wp-content/uploads/2023/01/Roshina-1-black-1.jpg,https://coveinterior.com/wp-content/uploads/2023/01/Roshina-1-black-1.jpg,/media/wordpress-migration/2023/01/Roshina-1-black-1.jpg,Roshina-1-black-1.jpg
set_variation_image,12610,12610,12611,12610,"[{""id"": 18, ""name"": ""Select R1 box set"", ""slug"": ""pa_select-r1-box-set"", ""option"": ""Basic set (Only Box)""}]",210212,390112,12610,Basic set (Only Box),wc_variant_id,multiple_node_variant_matches,https://coveinterior.com/wp-content/uploads/2023/01/Roshina-1-black-1.jpg,https://coveinterior.com/wp-content/uploads/2023/01/Roshina-1-black-1.jpg,/media/wordpress-migration/2023/01/Roshina-1-black-1.jpg,Roshina-1-black-1.jpg
set_variation_image,12015,112236,12017,112236,"[{""id"": 18, ""name"": ""Select R1 box set"", ""slug"": ""pa_select-r1-box-set"", ""option"": ""Full set (Only Box)""}]",180134,390061,112236,Full set (Only Box),wc_variant_id,multiple_node_variant_matches,https://coveinterior.com/wp-content/uploads/2023/01/Roshina-1-black-1.jpg,https://coveinterior.com/wp-content/uploads/2023/01/Roshina-1-black-1.jpg,/media/wordpress-migration/2023/01/Roshina-1-black-1.jpg,Roshina-1-black-1.jpg
set_variation_image,12015,112236,12016,112236,"[{""id"": 18, ""name"": ""Select R1 box set"", ""slug"": ""pa_select-r1-box-set"", ""option"": ""Basic set (Only Box)""}]",180131,390061,112236,Basic set (Only Box),wc_variant_id,multiple_node_variant_matches,https://coveinterior.com/wp-content/uploads/2023/01/Roshina-1-black-1.jpg,https://coveinterior.com/wp-content/uploads/2023/01/Roshina-1-black-1.jpg,/media/wordpress-migration/2023/01/Roshina-1-black-1.jpg,Roshina-1-black-1.jpg
set_variation_image,14210,112242,14212,112242,"[{""id"": 8, ""name"": ""Select box set"", ""slug"": ""pa_select-box-set"", ""option"": ""Full set""}]",210166,390140,112242,Full set,wc_variant_id,multiple_node_variant_matches,https://coveinterior.com/wp-content/uploads/2023/01/Roshina-1-petrol-1.jpg,https://coveinterior.com/wp-content/uploads/2023/01/Roshina-1-petrol-1.jpg,/media/wordpress-migration/2023/01/Roshina-1-petrol-1.jpg,Roshina-1-petrol-1.jpg
set_variation_image,14210,112242,14211,112242,"[{""id"": 8, ""name"": ""Select box set"", ""slug"": ""pa_select-box-set"", ""option"": ""Basic set""}]",210165,390140,112242,Basic set,wc_variant_id,multiple_node_variant_matches,https://coveinterior.com/wp-content/uploads/2023/01/Roshina-1-petrol-1.jpg,https://coveinterior.com/wp-content/uploads/2023/01/Roshina-1-petrol-1.jpg,/media/wordpress-migration/2023/01/Roshina-1-petrol-1.jpg,Roshina-1-petrol-1.jpg
set_variation_image,12050,112240,12052,112240,"[{""id"": 18, ""name"": ""Select R1 box set"", ""slug"": ""pa_select-r1-box-set"", ""option"": ""Full set (Only Box)""}]",180127,390065,112240,Full set (Only Box),wc_variant_id,multiple_node_variant_matches,https://coveinterior.com/wp-content/uploads/2023/01/Roshina-1-petrol-1.jpg,https://coveinterior.com/wp-content/uploads/2023/01/Roshina-1-petrol-1.jpg,/media/wordpress-migration/2023/01/Roshina-1-petrol-1.jpg,Roshina-1-petrol-1.jpg
set_variation_image,12050,112240,12051,112240,"[{""id"": 18, ""name"": ""Select R1 box set"", ""slug"": ""pa_select-r1-box-set"", ""option"": ""Basic set (Only Box)""}]",180124,390065,112240,Basic set (Only Box),wc_variant_id,multiple_node_variant_matches,https://coveinterior.com/wp-content/uploads/2023/01/Roshina-1-petrol-1.jpg,https://coveinterior.com/wp-content/uploads/2023/01/Roshina-1-petrol-1.jpg,/media/wordpress-migration/2023/01/Roshina-1-petrol-1.jpg,Roshina-1-petrol-1.jpg
set_variation_image,12040,112239,12042,112239,"[{""id"": 18, ""name"": ""Select R1 box set"", ""slug"": ""pa_select-r1-box-set"", ""option"": ""Full set (Only Box)""}]",210247,390064,112239,Full set (Only Box),wc_variant_id,multiple_node_variant_matches,https://coveinterior.com/wp-content/uploads/2023/01/Roshina-1-petrol-1.jpg,https://coveinterior.com/wp-content/uploads/2023/01/Roshina-1-petrol-1.jpg,/media/wordpress-migration/2023/01/Roshina-1-petrol-1.jpg,Roshina-1-petrol-1.jpg
set_variation_image,12040,112239,12041,112239,"[{""id"": 18, ""name"": ""Select R1 box set"", ""slug"": ""pa_select-r1-box-set"", ""option"": ""Basic set (Only Box)""}]",210245,390064,112239,Basic set (Only Box),wc_variant_id,multiple_node_variant_matches,https://coveinterior.com/wp-content/uploads/2023/01/Roshina-1-petrol-1.jpg,https://coveinterior.com/wp-content/uploads/2023/01/Roshina-1-petrol-1.jpg,/media/wordpress-migration/2023/01/Roshina-1-petrol-1.jpg,Roshina-1-petrol-1.jpg
set_variation_image,12939,12528,12967,12528,"[{""id"": 11, ""name"": ""Select capsule size"", ""slug"": ""pa_select-capsule-size"", ""option"": ""6x6 (big capsule)""}, {""id"": 12, ""name"": ""Select tray color"", ""slug"": ""pa_select-tray-color"", ""option"": ""Gray""}, {""id"": 13, ""name"": ""Select tray size"", ""slug"": ""pa_select-tray-size"", ""option"": ""Width 43.90 cm - Depth 37.70 cm - Height 4.50 cm""}]",210194,390122,12528,6x6 (big capsule) / Gray / Width 43.90 cm - Depth 37.70 cm - Height 4.50 cm,wc_variant_id,multiple_node_variant_matches,https://coveinterior.com/wp-content/uploads/2023/08/mini-cove-4x4-1.jpg,https://coveinterior.com/wp-content/uploads/2023/08/mini-cove-4x4-1.jpg,/media/wordpress-migration/2023/08/mini-cove-4x4-1.jpg,mini-cove-4x4-1.jpg
set_variation_image,12939,12528,12960,12528,"[{""id"": 11, ""name"": ""Select capsule size"", ""slug"": ""pa_select-capsule-size"", ""option"": ""4x4 (small capsule)""}, {""id"": 12, ""name"": ""Select tray color"", ""slug"": ""pa_select-tray-color"", ""option"": ""Gray""}, {""id"": 13, ""name"": ""Select tray size"", ""slug"": ""pa_select-tray-size"", ""option"": ""Width 43.90 cm - Depth 37.70 cm - Height 4.50 cm""}]",210187,390122,12528,4x4 (small capsule) / Gray / Width 43.90 cm - Depth 37.70 cm - Height 4.50 cm,wc_variant_id,multiple_node_variant_matches,https://coveinterior.com/wp-content/uploads/2023/08/mini-cove-4x4-1.jpg,https://coveinterior.com/wp-content/uploads/2023/08/mini-cove-4x4-1.jpg,/media/wordpress-migration/2023/08/mini-cove-4x4-1.jpg,mini-cove-4x4-1.jpg
set_variation_image,12939,12528,12953,12528,"[{""id"": 11, ""name"": ""Select capsule size"", ""slug"": ""pa_select-capsule-size"", ""option"": ""6x6 (big capsule)""}, {""id"": 12, ""name"": ""Select tray color"", ""slug"": ""pa_select-tray-color"", ""option"": ""Beige""}, {""id"": 13, ""name"": ""Select tray size"", ""slug"": ""pa_select-tray-size"", ""option"": ""Width 43.90 cm - Depth 37.70 cm - Height 4.50 cm""}]",210180,390122,12528,6x6 (big capsule) / Beige / Width 43.90 cm - Depth 37.70 cm - Height 4.50 cm,wc_variant_id,multiple_node_variant_matches,https://coveinterior.com/wp-content/uploads/2023/08/mini-cove-4x4-1.jpg,https://coveinterior.com/wp-content/uploads/2023/08/mini-cove-4x4-1.jpg,/media/wordpress-migration/2023/08/mini-cove-4x4-1.jpg,mini-cove-4x4-1.jpg
set_variation_image,12939,12528,12946,12528,"[{""id"": 11, ""name"": ""Select capsule size"", ""slug"": ""pa_select-capsule-size"", ""option"": ""4x4 (small capsule)""}, {""id"": 12, ""name"": ""Select tray color"", ""slug"": ""pa_select-tray-color"", ""option"": ""Beige""}, {""id"": 13, ""name"": ""Select tray size"", ""slug"": ""pa_select-tray-size"", ""option"": ""Width 43.90 cm - Depth 37.70 cm - Height 4.50 cm""}]",210173,390122,12528,4x4 (small capsule) / Beige / Width 43.90 cm - Depth 37.70 cm - Height 4.50 cm,wc_variant_id,multiple_node_variant_matches,https://coveinterior.com/wp-content/uploads/2023/08/mini-cove-4x4-1.jpg,https://coveinterior.com/wp-content/uploads/2023/08/mini-cove-4x4-1.jpg,/media/wordpress-migration/2023/08/mini-cove-4x4-1.jpg,mini-cove-4x4-1.jpg
set_variation_image,12939,12528,12966,12528,"[{""id"": 11, ""name"": ""Select capsule size"", ""slug"": ""pa_select-capsule-size"", ""option"": ""6x6 (big capsule)""}, {""id"": 12, ""name"": ""Select tray color"", ""slug"": ""pa_select-tray-color"", ""option"": ""Gray""}, {""id"": 13, ""name"": ""Select tray size"", ""slug"": ""pa_select-tray-size"", ""option"": ""Width 47.90 cm - Depth 40.00 cm - Height 6.20 cm""}]",210193,390122,12528,6x6 (big capsule) / Gray / Width 47.90 cm - Depth 40.00 cm - Height 6.20 cm,wc_variant_id,multiple_node_variant_matches,https://coveinterior.com/wp-content/uploads/2023/08/de-cove-4x4-1.jpg,https://coveinterior.com/wp-content/uploads/2023/08/de-cove-4x4-1.jpg,/media/wordpress-migration/2023/08/de-cove-4x4-1.jpg,de-cove-4x4-1.jpg
set_variation_image,12939,12528,12959,12528,"[{""id"": 11, ""name"": ""Select capsule size"", ""slug"": ""pa_select-capsule-size"", ""option"": ""4x4 (small capsule)""}, {""id"": 12, ""name"": ""Select tray color"", ""slug"": ""pa_select-tray-color"", ""option"": ""Gray""}, {""id"": 13, ""name"": ""Select tray size"", ""slug"": ""pa_select-tray-size"", ""option"": ""Width 47.90 cm - Depth 40.00 cm - Height 6.20 cm""}]",210186,390122,12528,4x4 (small capsule) / Gray / Width 47.90 cm - Depth 40.00 cm - Height 6.20 cm,wc_variant_id,multiple_node_variant_matches,https://coveinterior.com/wp-content/uploads/2023/08/de-cove-4x4-1.jpg,https://coveinterior.com/wp-content/uploads/2023/08/de-cove-4x4-1.jpg,/media/wordpress-migration/2023/08/de-cove-4x4-1.jpg,de-cove-4x4-1.jpg
set_variation_image,12939,12528,12952,12528,"[{""id"": 11, ""name"": ""Select capsule size"", ""slug"": ""pa_select-capsule-size"", ""option"": ""6x6 (big capsule)""}, {""id"": 12, ""name"": ""Select tray color"", ""slug"": ""pa_select-tray-color"", ""option"": ""Beige""}, {""id"": 13, ""name"": ""Select tray size"", ""slug"": ""pa_select-tray-size"", ""option"": ""Width 47.90 cm - Depth 40.00 cm - Height 6.20 cm""}]",210179,390122,12528,6x6 (big capsule) / Beige / Width 47.90 cm - Depth 40.00 cm - Height 6.20 cm,wc_variant_id,multiple_node_variant_matches,https://coveinterior.com/wp-content/uploads/2023/08/de-cove-4x4-1.jpg,https://coveinterior.com/wp-content/uploads/2023/08/de-cove-4x4-1.jpg,/media/wordpress-migration/2023/08/de-cove-4x4-1.jpg,de-cove-4x4-1.jpg
set_variation_image,12939,12528,12945,12528,"[{""id"": 11, ""name"": ""Select capsule size"", ""slug"": ""pa_select-capsule-size"", ""option"": ""4x4 (small capsule)""}, {""id"": 12, ""name"": ""Select tray color"", ""slug"": ""pa_select-tray-color"", ""option"": ""Beige""}, {""id"": 13, ""name"": ""Select tray size"", ""slug"": ""pa_select-tray-size"", ""option"": ""Width 47.90 cm - Depth 40.00 cm - Height 6.20 cm""}]",210172,390122,12528,4x4 (small capsule) / Beige / Width 47.90 cm - Depth 40.00 cm - Height 6.20 cm,wc_variant_id,multiple_node_variant_matches,https://coveinterior.com/wp-content/uploads/2023/08/de-cove-4x4-1.jpg,https://coveinterior.com/wp-content/uploads/2023/08/de-cove-4x4-1.jpg,/media/wordpress-migration/2023/08/de-cove-4x4-1.jpg,de-cove-4x4-1.jpg
set_variation_image,12939,12528,12965,12528,"[{""id"": 11, ""name"": ""Select capsule size"", ""slug"": ""pa_select-capsule-size"", ""option"": ""6x6 (big capsule)""}, {""id"": 12, ""name"": ""Select tray color"", ""slug"": ""pa_select-tray-color"", ""option"": ""Gray""}, {""id"": 13, ""name"": ""Select tray size"", ""slug"": ""pa_select-tray-size"", ""option"": ""Width 55.20 cm - Depth 35.70 cm - Height 3.80 cm""}]",210192,390122,12528,6x6 (big capsule) / Gray / Width 55.20 cm - Depth 35.70 cm - Height 3.80 cm,wc_variant_id,multiple_node_variant_matches,https://coveinterior.com/wp-content/uploads/2023/08/curve-4x4-1.jpg,https://coveinterior.com/wp-content/uploads/2023/08/curve-4x4-1.jpg,/media/wordpress-migration/2023/08/curve-4x4-1.jpg,curve-4x4-1.jpg
set_variation_image,12939,12528,12958,12528,"[{""id"": 11, ""name"": ""Select capsule size"", ""slug"": ""pa_select-capsule-size"", ""option"": ""4x4 (small capsule)""}, {""id"": 12, ""name"": ""Select tray color"", ""slug"": ""pa_select-tray-color"", ""option"": ""Gray""}, {""id"": 13, ""name"": ""Select tray size"", ""slug"": ""pa_select-tray-size"", ""option"": ""Width 55.20 cm - Depth 35.70 cm - Height 3.80 cm""}]",210185,390122,12528,4x4 (small capsule) / Gray / Width 55.20 cm - Depth 35.70 cm - Height 3.80 cm,wc_variant_id,multiple_node_variant_matches,https://coveinterior.com/wp-content/uploads/2023/08/curve-4x4-1.jpg,https://coveinterior.com/wp-content/uploads/2023/08/curve-4x4-1.jpg,/media/wordpress-migration/2023/08/curve-4x4-1.jpg,curve-4x4-1.jpg
set_variation_image,12939,12528,12951,12528,"[{""id"": 11, ""name"": ""Select capsule size"", ""slug"": ""pa_select-capsule-size"", ""option"": ""6x6 (big capsule)""}, {""id"": 12, ""name"": ""Select tray color"", ""slug"": ""pa_select-tray-color"", ""option"": ""Beige""}, {""id"": 13, ""name"": ""Select tray size"", ""slug"": ""pa_select-tray-size"", ""option"": ""Width 55.20 cm - Depth 35.70 cm - Height 3.80 cm""}]",210178,390122,12528,6x6 (big capsule) / Beige / Width 55.20 cm - Depth 35.70 cm - Height 3.80 cm,wc_variant_id,multiple_node_variant_matches,https://coveinterior.com/wp-content/uploads/2023/08/curve-4x4-1.jpg,https://coveinterior.com/wp-content/uploads/2023/08/curve-4x4-1.jpg,/media/wordpress-migration/2023/08/curve-4x4-1.jpg,curve-4x4-1.jpg
set_variation_image,12939,12528,12944,12528,"[{""id"": 11, ""name"": ""Select capsule size"", ""slug"": ""pa_select-capsule-size"", ""option"": ""4x4 (small capsule)""}, {""id"": 12, ""name"": ""Select tray color"", ""slug"": ""pa_select-tray-color"", ""option"": ""Beige""}, {""id"": 13, ""name"": ""Select tray size"", ""slug"": ""pa_select-tray-size"", ""option"": ""Width 55.20 cm - Depth 35.70 cm - Height 3.80 cm""}]",210171,390122,12528,4x4 (small capsule) / Beige / Width 55.20 cm - Depth 35.70 cm - Height 3.80 cm,wc_variant_id,multiple_node_variant_matches,https://coveinterior.com/wp-content/uploads/2023/08/curve-4x4-1.jpg,https://coveinterior.com/wp-content/uploads/2023/08/curve-4x4-1.jpg,/media/wordpress-migration/2023/08/curve-4x4-1.jpg,curve-4x4-1.jpg
set_variation_image,12939,12528,12964,12528,"[{""id"": 11, ""name"": ""Select capsule size"", ""slug"": ""pa_select-capsule-size"", ""option"": ""6x6 (big capsule)""}, {""id"": 12, ""name"": ""Select tray color"", ""slug"": ""pa_select-tray-color"", ""option"": ""Gray""}, {""id"": 13, ""name"": ""Select tray size"", ""slug"": ""pa_select-tray-size"", ""option"": ""Width 46.20 cm - Depth 35.00 cm - Height 4.50 cm""}]",210191,390122,12528,6x6 (big capsule) / Gray / Width 46.20 cm - Depth 35.00 cm - Height 4.50 cm,wc_variant_id,multiple_node_variant_matches,https://coveinterior.com/wp-content/uploads/2023/08/country-62-4x4-1-scaled.jpg,https://coveinterior.com/wp-content/uploads/2023/08/country-62-4x4-1.jpg,/media/wordpress-migration/2023/08/country-62-4x4-1.jpg,country-62-4x4-1.jpg
set_variation_image,12939,12528,12957,12528,"[{""id"": 11, ""name"": ""Select capsule size"", ""slug"": ""pa_select-capsule-size"", ""option"": ""4x4 (small capsule)""}, {""id"": 12, ""name"": ""Select tray color"", ""slug"": ""pa_select-tray-color"", ""option"": ""Gray""}, {""id"": 13, ""name"": ""Select tray size"", ""slug"": ""pa_select-tray-size"", ""option"": ""Width 46.20 cm - Depth 35.00 cm - Height 4.50 cm""}]",210184,390122,12528,4x4 (small capsule) / Gray / Width 46.20 cm - Depth 35.00 cm - Height 4.50 cm,wc_variant_id,multiple_node_variant_matches,https://coveinterior.com/wp-content/uploads/2023/08/country-62-4x4-1-scaled.jpg,https://coveinterior.com/wp-content/uploads/2023/08/country-62-4x4-1.jpg,/media/wordpress-migration/2023/08/country-62-4x4-1.jpg,country-62-4x4-1.jpg
set_variation_image,12939,12528,12950,12528,"[{""id"": 11, ""name"": ""Select capsule size"", ""slug"": ""pa_select-capsule-size"", ""option"": ""6x6 (big capsule)""}, {""id"": 12, ""name"": ""Select tray color"", ""slug"": ""pa_select-tray-color"", ""option"": ""Beige""}, {""id"": 13, ""name"": ""Select tray size"", ""slug"": ""pa_select-tray-size"", ""option"": ""Width 46.20 cm - Depth 35.00 cm - Height 4.50 cm""}]",210177,390122,12528,6x6 (big capsule) / Beige / Width 46.20 cm - Depth 35.00 cm - Height 4.50 cm,wc_variant_id,multiple_node_variant_matches,https://coveinterior.com/wp-content/uploads/2023/08/country-62-4x4-1-scaled.jpg,https://coveinterior.com/wp-content/uploads/2023/08/country-62-4x4-1.jpg,/media/wordpress-migration/2023/08/country-62-4x4-1.jpg,country-62-4x4-1.jpg
set_variation_image,12939,12528,12943,12528,"[{""id"": 11, ""name"": ""Select capsule size"", ""slug"": ""pa_select-capsule-size"", ""option"": ""4x4 (small capsule)""}, {""id"": 12, ""name"": ""Select tray color"", ""slug"": ""pa_select-tray-color"", ""option"": ""Beige""}, {""id"": 13, ""name"": ""Select tray size"", ""slug"": ""pa_select-tray-size"", ""option"": ""Width 46.20 cm - Depth 35.00 cm - Height 4.50 cm""}]",210170,390122,12528,4x4 (small capsule) / Beige / Width 46.20 cm - Depth 35.00 cm - Height 4.50 cm,wc_variant_id,multiple_node_variant_matches,https://coveinterior.com/wp-content/uploads/2023/08/country-62-4x4-1-scaled.jpg,https://coveinterior.com/wp-content/uploads/2023/08/country-62-4x4-1.jpg,/media/wordpress-migration/2023/08/country-62-4x4-1.jpg,country-62-4x4-1.jpg
set_variation_image,12939,12528,12963,12528,"[{""id"": 11, ""name"": ""Select capsule size"", ""slug"": ""pa_select-capsule-size"", ""option"": ""6x6 (big capsule)""}, {""id"": 12, ""name"": ""Select tray color"", ""slug"": ""pa_select-tray-color"", ""option"": ""Gray""}, {""id"": 13, ""name"": ""Select tray size"", ""slug"": ""pa_select-tray-size"", ""option"": ""Width 44.20 cm - Depth 35.00 cm - Height 4.50 cm""}]",210190,390122,12528,6x6 (big capsule) / Gray / Width 44.20 cm - Depth 35.00 cm - Height 4.50 cm,wc_variant_id,multiple_node_variant_matches,https://coveinterior.com/wp-content/uploads/2023/08/country-167-4x4-1.jpg,https://coveinterior.com/wp-content/uploads/2023/08/country-167-4x4-1.jpg,/media/wordpress-migration/2023/08/country-167-4x4-1.jpg,country-167-4x4-1.jpg
set_variation_image,12939,12528,12956,12528,"[{""id"": 11, ""name"": ""Select capsule size"", ""slug"": ""pa_select-capsule-size"", ""option"": ""4x4 (small capsule)""}, {""id"": 12, ""name"": ""Select tray color"", ""slug"": ""pa_select-tray-color"", ""option"": ""Gray""}, {""id"": 13, ""name"": ""Select tray size"", ""slug"": ""pa_select-tray-size"", ""option"": ""Width 44.20 cm - Depth 35.00 cm - Height 4.50 cm""}]",210183,390122,12528,4x4 (small capsule) / Gray / Width 44.20 cm - Depth 35.00 cm - Height 4.50 cm,wc_variant_id,multiple_node_variant_matches,https://coveinterior.com/wp-content/uploads/2023/08/country-167-4x4-1.jpg,https://coveinterior.com/wp-content/uploads/2023/08/country-167-4x4-1.jpg,/media/wordpress-migration/2023/08/country-167-4x4-1.jpg,country-167-4x4-1.jpg
set_variation_image,12939,12528,12949,12528,"[{""id"": 11, ""name"": ""Select capsule size"", ""slug"": ""pa_select-capsule-size"", ""option"": ""6x6 (big capsule)""}, {""id"": 12, ""name"": ""Select tray color"", ""slug"": ""pa_select-tray-color"", ""option"": ""Beige""}, {""id"": 13, ""name"": ""Select tray size"", ""slug"": ""pa_select-tray-size"", ""option"": ""Width 44.20 cm - Depth 35.00 cm - Height 4.50 cm""}]",210176,390122,12528,6x6 (big capsule) / Beige / Width 44.20 cm - Depth 35.00 cm - Height 4.50 cm,wc_variant_id,multiple_node_variant_matches,https://coveinterior.com/wp-content/uploads/2023/08/country-167-4x4-1.jpg,https://coveinterior.com/wp-content/uploads/2023/08/country-167-4x4-1.jpg,/media/wordpress-migration/2023/08/country-167-4x4-1.jpg,country-167-4x4-1.jpg
set_variation_image,12939,12528,12942,12528,"[{""id"": 11, ""name"": ""Select capsule size"", ""slug"": ""pa_select-capsule-size"", ""option"": ""4x4 (small capsule)""}, {""id"": 12, ""name"": ""Select tray color"", ""slug"": ""pa_select-tray-color"", ""option"": ""Beige""}, {""id"": 13, ""name"": ""Select tray size"", ""slug"": ""pa_select-tray-size"", ""option"": ""Width 44.20 cm - Depth 35.00 cm - Height 4.50 cm""}]",210169,390122,12528,4x4 (small capsule) / Beige / Width 44.20 cm - Depth 35.00 cm - Height 4.50 cm,wc_variant_id,multiple_node_variant_matches,https://coveinterior.com/wp-content/uploads/2023/08/country-167-4x4-1.jpg,https://coveinterior.com/wp-content/uploads/2023/08/country-167-4x4-1.jpg,/media/wordpress-migration/2023/08/country-167-4x4-1.jpg,country-167-4x4-1.jpg
set_variation_image,12939,12528,12962,12528,"[{""id"": 11, ""name"": ""Select capsule size"", ""slug"": ""pa_select-capsule-size"", ""option"": ""6x6 (big capsule)""}, {""id"": 12, ""name"": ""Select tray color"", ""slug"": ""pa_select-tray-color"", ""option"": ""Gray""}, {""id"": 13, ""name"": ""Select tray size"", ""slug"": ""pa_select-tray-size"", ""option"": ""Width 42.70 cm - Depth 35.00 cm - Height 4.50 cm""}]",210189,390122,12528,6x6 (big capsule) / Gray / Width 42.70 cm - Depth 35.00 cm - Height 4.50 cm,wc_variant_id,multiple_node_variant_matches,https://coveinterior.com/wp-content/uploads/2023/08/country-112-4x4-1.jpg,https://coveinterior.com/wp-content/uploads/2023/08/country-112-4x4-1.jpg,/media/wordpress-migration/2023/08/country-112-4x4-1.jpg,country-112-4x4-1.jpg
set_variation_image,12939,12528,12955,12528,"[{""id"": 11, ""name"": ""Select capsule size"", ""slug"": ""pa_select-capsule-size"", ""option"": ""4x4 (small capsule)""}, {""id"": 12, ""name"": ""Select tray color"", ""slug"": ""pa_select-tray-color"", ""option"": ""Gray""}, {""id"": 13, ""name"": ""Select tray size"", ""slug"": ""pa_select-tray-size"", ""option"": ""Width 42.70 cm - Depth 35.00 cm - Height 4.50 cm""}]",210182,390122,12528,4x4 (small capsule) / Gray / Width 42.70 cm - Depth 35.00 cm - Height 4.50 cm,wc_variant_id,multiple_node_variant_matches,https://coveinterior.com/wp-content/uploads/2023/08/country-112-4x4-1.jpg,https://coveinterior.com/wp-content/uploads/2023/08/country-112-4x4-1.jpg,/media/wordpress-migration/2023/08/country-112-4x4-1.jpg,country-112-4x4-1.jpg
set_variation_image,12939,12528,12948,12528,"[{""id"": 11, ""name"": ""Select capsule size"", ""slug"": ""pa_select-capsule-size"", ""option"": ""6x6 (big capsule)""}, {""id"": 12, ""name"": ""Select tray color"", ""slug"": ""pa_select-tray-color"", ""option"": ""Beige""}, {""id"": 13, ""name"": ""Select tray size"", ""slug"": ""pa_select-tray-size"", ""option"": ""Width 42.70 cm - Depth 35.00 cm - Height 4.50 cm""}]",210175,390122,12528,6x6 (big capsule) / Beige / Width 42.70 cm - Depth 35.00 cm - Height 4.50 cm,wc_variant_id,multiple_node_variant_matches,https://coveinterior.com/wp-content/uploads/2023/08/country-112-4x4-1.jpg,https://coveinterior.com/wp-content/uploads/2023/08/country-112-4x4-1.jpg,/media/wordpress-migration/2023/08/country-112-4x4-1.jpg,country-112-4x4-1.jpg
set_variation_image,12939,12528,12941,12528,"[{""id"": 11, ""name"": ""Select capsule size"", ""slug"": ""pa_select-capsule-size"", ""option"": ""4x4 (small capsule)""}, {""id"": 12, ""name"": ""Select tray color"", ""slug"": ""pa_select-tray-color"", ""option"": ""Beige""}, {""id"": 13, ""name"": ""Select tray size"", ""slug"": ""pa_select-tray-size"", ""option"": ""Width 42.70 cm - Depth 35.00 cm - Height 4.50 cm""}]",210168,390122,12528,4x4 (small capsule) / Beige / Width 42.70 cm - Depth 35.00 cm - Height 4.50 cm,wc_variant_id,multiple_node_variant_matches,https://coveinterior.com/wp-content/uploads/2023/08/country-112-4x4-1.jpg,https://coveinterior.com/wp-content/uploads/2023/08/country-112-4x4-1.jpg,/media/wordpress-migration/2023/08/country-112-4x4-1.jpg,country-112-4x4-1.jpg
set_variation_image,12939,12528,12961,12528,"[{""id"": 11, ""name"": ""Select capsule size"", ""slug"": ""pa_select-capsule-size"", ""option"": ""6x6 (big capsule)""}, {""id"": 12, ""name"": ""Select tray color"", ""slug"": ""pa_select-tray-color"", ""option"": ""Gray""}, {""id"": 13, ""name"": ""Select tray size"", ""slug"": ""pa_select-tray-size"", ""option"": ""Width 36.30 cm - Depth 36.70 cm - Height 4.00 cm""}]",210188,390122,12528,6x6 (big capsule) / Gray / Width 36.30 cm - Depth 36.70 cm - Height 4.00 cm,wc_variant_id,multiple_node_variant_matches,https://coveinterior.com/wp-content/uploads/2023/08/classic-157-225-4x4-1.jpg,https://coveinterior.com/wp-content/uploads/2023/08/classic-157-225-4x4-1.jpg,/media/wordpress-migration/2023/08/classic-157-225-4x4-1.jpg,classic-157-225-4x4-1.jpg
set_variation_image,12939,12528,12954,12528,"[{""id"": 11, ""name"": ""Select capsule size"", ""slug"": ""pa_select-capsule-size"", ""option"": ""4x4 (small capsule)""}, {""id"": 12, ""name"": ""Select tray color"", ""slug"": ""pa_select-tray-color"", ""option"": ""Gray""}, {""id"": 13, ""name"": ""Select tray size"", ""slug"": ""pa_select-tray-size"", ""option"": ""Width 36.30 cm - Depth 36.70 cm - Height 4.00 cm""}]",210181,390122,12528,4x4 (small capsule) / Gray / Width 36.30 cm - Depth 36.70 cm - Height 4.00 cm,wc_variant_id,multiple_node_variant_matches,https://coveinterior.com/wp-content/uploads/2023/08/classic-157-225-4x4-1.jpg,https://coveinterior.com/wp-content/uploads/2023/08/classic-157-225-4x4-1.jpg,/media/wordpress-migration/2023/08/classic-157-225-4x4-1.jpg,classic-157-225-4x4-1.jpg
set_variation_image,12939,12528,12947,12528,"[{""id"": 11, ""name"": ""Select capsule size"", ""slug"": ""pa_select-capsule-size"", ""option"": ""6x6 (big capsule)""}, {""id"": 12, ""name"": ""Select tray color"", ""slug"": ""pa_select-tray-color"", ""option"": ""Beige""}, {""id"": 13, ""name"": ""Select tray size"", ""slug"": ""pa_select-tray-size"", ""option"": ""Width 36.30 cm - Depth 36.70 cm - Height 4.00 cm""}]",210174,390122,12528,6x6 (big capsule) / Beige / Width 36.30 cm - Depth 36.70 cm - Height 4.00 cm,wc_variant_id,multiple_node_variant_matches,https://coveinterior.com/wp-content/uploads/2023/08/classic-157-225-4x4-1.jpg,https://coveinterior.com/wp-content/uploads/2023/08/classic-157-225-4x4-1.jpg,/media/wordpress-migration/2023/08/classic-157-225-4x4-1.jpg,classic-157-225-4x4-1.jpg
set_variation_image,12939,12528,12940,12528,"[{""id"": 11, ""name"": ""Select capsule size"", ""slug"": ""pa_select-capsule-size"", ""option"": ""4x4 (small capsule)""}, {""id"": 12, ""name"": ""Select tray color"", ""slug"": ""pa_select-tray-color"", ""option"": ""Beige""}, {""id"": 13, ""name"": ""Select tray size"", ""slug"": ""pa_select-tray-size"", ""option"": ""Width 36.30 cm - Depth 36.70 cm - Height 4.00 cm""}]",210167,390122,12528,4x4 (small capsule) / Beige / Width 36.30 cm - Depth 36.70 cm - Height 4.00 cm,wc_variant_id,multiple_node_variant_matches,https://coveinterior.com/wp-content/uploads/2023/08/classic-157-225-4x4-1.jpg,https://coveinterior.com/wp-content/uploads/2023/08/classic-157-225-4x4-1.jpg,/media/wordpress-migration/2023/08/classic-157-225-4x4-1.jpg,classic-157-225-4x4-1.jpg
set_variation_image,12745,12745,12746,12745,"[{""id"": 3, ""name"": ""Size"", ""slug"": ""pa_size"", ""option"": ""Width 157cm, Depth 53cm, Height 86cm""}, {""id"": 6, ""name"": ""Select steel"", ""slug"": ""pa_steel-selected"", ""option"": ""Gold""}, {""id"": 4, ""name"": ""Select top surface"", ""slug"": ""pa_top-selected"", ""option"": ""Solid top""}]",180068,390120,12745,"Width 157cm, Depth 53cm, Height 86cm / Gold / Solid top",wc_variant_id,multiple_node_variant_matches,https://coveinterior.com/wp-content/uploads/2021/07/classic-157-gold.jpg,https://coveinterior.com/wp-content/uploads/2021/07/classic-157-gold.jpg,/media/wordpress-migration/2021/07/classic-157-gold.jpg,classic-157-gold.jpg
set_variation_image,12465,12465,12466,9221-1-1,"[{""id"": 3, ""name"": ""Size"", ""slug"": ""pa_size"", ""option"": ""Width 157cm, Depth 53cm, Height 86cm""}, {""id"": 6, ""name"": ""Select steel"", ""slug"": ""pa_steel-selected"", ""option"": ""Gold""}, {""id"": 4, ""name"": ""Select top surface"", ""slug"": ""pa_top-selected"", ""option"": ""Clear glass""}]",180092,210109,9221-1-1,"Width 157cm, Depth 53cm, Height 86cm / Gold / Clear glass",wc_variant_id,multiple_node_variant_matches,https://coveinterior.com/wp-content/uploads/2021/07/classic-157-gold.jpg,https://coveinterior.com/wp-content/uploads/2021/07/classic-157-gold.jpg,/media/wordpress-migration/2021/07/classic-157-gold.jpg,classic-157-gold.jpg
set_variation_image,12438,12438,12439,9221-1,"[{""id"": 3, ""name"": ""Size"", ""slug"": ""pa_size"", ""option"": ""Width 157cm, Depth 53cm, Height 86cm""}, {""id"": 6, ""name"": ""Select steel"", ""slug"": ""pa_steel-selected"", ""option"": ""Gold""}, {""id"": 4, ""name"": ""Select top surface"", ""slug"": ""pa_top-selected"", ""option"": ""Clear glass""}]",180098,210113,9221-1,"Width 157cm, Depth 53cm, Height 86cm / Gold / Clear glass",wc_variant_id,multiple_node_variant_matches,https://coveinterior.com/wp-content/uploads/2021/07/classic-157-gold.jpg,https://coveinterior.com/wp-content/uploads/2021/07/classic-157-gold.jpg,/media/wordpress-migration/2021/07/classic-157-gold.jpg,classic-157-gold.jpg
set_variation_image,1204,1204,9221,9221,"[{""id"": 3, ""name"": ""Size"", ""slug"": ""pa_size"", ""option"": ""Width 157cm, Depth 53cm, Height 86cm""}, {""id"": 1, ""name"": ""Select color"", ""slug"": ""pa_color"", ""option"": ""157 Classic Gold""}, {""id"": 6, ""name"": ""Select steel"", ""slug"": ""pa_steel-selected"", ""option"": ""Gold""}]",210307,30161,9221,"Width 157cm, Depth 53cm, Height 86cm / 157 Classic Gold / Gold",wc_variant_id,multiple_node_variant_matches,https://coveinterior.com/wp-content/uploads/2021/07/classic-157-gold.jpg,https://coveinterior.com/wp-content/uploads/2021/07/classic-157-gold.jpg,/media/wordpress-migration/2021/07/classic-157-gold.jpg,classic-157-gold.jpg
set_variation_image,10816,10816,10821,10821,"[{""id"": 3, ""name"": ""Size"", ""slug"": ""pa_size"", ""option"": ""Width 225cm, Depth 53cm, Height 86cm""}, {""id"": 1, ""name"": ""Select color"", ""slug"": ""pa_color"", ""option"": ""225 Classic Gray / White""}]",210267,30154,10821,"Width 225cm, Depth 53cm, Height 86cm / 225 Classic Gray / White",wc_variant_id,multiple_node_variant_matches,https://coveinterior.com/wp-content/uploads/2022/07/classic-225-gray-gold-1.jpg,https://coveinterior.com/wp-content/uploads/2022/07/classic-225-gray-gold-1.jpg,/media/wordpress-migration/2022/07/classic-225-gray-gold-1.jpg,classic-225-gray-gold-1.jpg
set_variation_image,12460,12460,12461,9635-1,"[{""id"": 3, ""name"": ""Size"", ""slug"": ""pa_size"", ""option"": ""Width 60cm, Depth 55cm, Height 90cm""}]",180094,210111,9635-1,"Width 60cm, Depth 55cm, Height 90cm",wc_variant_id,multiple_node_variant_matches,https://coveinterior.com/wp-content/uploads/2022/08/1.jpg,https://coveinterior.com/wp-content/uploads/2022/08/1.jpg,/media/wordpress-migration/2022/08/1.jpg,1.jpg
set_variation_image,8150,8150,9635,9635,"[{""id"": 3, ""name"": ""Size"", ""slug"": ""pa_size"", ""option"": ""Width 60cm, Depth 55cm, Height 90cm""}]",210278,30156,9635,"Width 60cm, Depth 55cm, Height 90cm",wc_variant_id,multiple_node_variant_matches,https://coveinterior.com/wp-content/uploads/2022/08/1.jpg,https://coveinterior.com/wp-content/uploads/2022/08/1.jpg,/media/wordpress-migration/2022/08/1.jpg,1.jpg
set_variation_image,12450,12450,12451,10880-1,"[{""id"": 3, ""name"": ""Size"", ""slug"": ""pa_size"", ""option"": ""Width 60cm, Depth 55cm, Height 90cm""}]",180096,210112,10880-1,"Width 60cm, Depth 55cm, Height 90cm",wc_variant_id,multiple_node_variant_matches,https://coveinterior.com/wp-content/uploads/2022/10/4.jpeg,https://coveinterior.com/wp-content/uploads/2022/10/4.jpeg,/media/wordpress-migration/2022/10/4.jpeg,4.jpeg
set_variation_image,10879,10879,10880,10880,"[{""id"": 3, ""name"": ""Size"", ""slug"": ""pa_size"", ""option"": ""Width 119cm, Depth 55cm, Height 90cm""}]",210265,30153,10880,"Width 119cm, Depth 55cm, Height 90cm",wc_variant_id,multiple_node_variant_matches,https://coveinterior.com/wp-content/uploads/2022/10/4.jpeg,https://coveinterior.com/wp-content/uploads/2022/10/4.jpeg,/media/wordpress-migration/2022/10/4.jpeg,4.jpeg
set_variation_image,8131,8131,8133,8133,"[{""id"": 3, ""name"": ""Size"", ""slug"": ""pa_size"", ""option"": ""Width 180cm, Depth 55cm, Height 90cm""}, {""id"": 1, ""name"": ""Select color"", ""slug"": ""pa_color"", ""option"": ""Curve 180 Dark Red / Travertine""}]",210280,30157,8133,"Width 180cm, Depth 55cm, Height 90cm / Curve 180 Dark Red / Travertine",wc_variant_id,multiple_node_variant_matches,https://coveinterior.com/wp-content/uploads/2022/07/CURVE-180-Dark-red.jpg,https://coveinterior.com/wp-content/uploads/2022/07/CURVE-180-Dark-red.jpg,/media/wordpress-migration/2022/07/CURVE-180-Dark-red.jpg,CURVE-180-Dark-red.jpg
set_variation_image,12425,12425,12426,9872-1,"[{""id"": 3, ""name"": ""Size"", ""slug"": ""pa_size"", ""option"": ""Width 180cm, Depth 55cm, Height 90cm""}]",180100,210114,9872-1,"Width 180cm, Depth 55cm, Height 90cm",wc_variant_id,multiple_node_variant_matches,https://coveinterior.com/wp-content/uploads/2022/07/CURVE-180-Brown.jpg,https://coveinterior.com/wp-content/uploads/2022/07/CURVE-180-Brown.jpg,/media/wordpress-migration/2022/07/CURVE-180-Brown.jpg,CURVE-180-Brown.jpg
set_variation_image,8131,8131,9872,9872,"[{""id"": 3, ""name"": ""Size"", ""slug"": ""pa_size"", ""option"": ""Width 180cm, Depth 55cm, Height 90cm""}, {""id"": 1, ""name"": ""Select color"", ""slug"": ""pa_color"", ""option"": ""Curve 180 Brown / White Carrara""}]",210279,30157,9872,"Width 180cm, Depth 55cm, Height 90cm / Curve 180 Brown / White Carrara",wc_variant_id,multiple_node_variant_matches,https://coveinterior.com/wp-content/uploads/2022/07/CURVE-180-Brown.jpg,https://coveinterior.com/wp-content/uploads/2022/07/CURVE-180-Brown.jpg,/media/wordpress-migration/2022/07/CURVE-180-Brown.jpg,CURVE-180-Brown.jpg
set_variation_image,8112,8112,8116,8116,"[{""id"": 3, ""name"": ""Size"", ""slug"": ""pa_size"", ""option"": ""Width 120cm, Depth 55cm, Height 90cm""}, {""id"": 1, ""name"": ""Select color"", ""slug"": ""pa_color"", ""option"": ""Curve Navy Blue / White Carrara""}]",210287,30158,8116,"Width 120cm, Depth 55cm, Height 90cm / Curve Navy Blue / White Carrara",wc_variant_id,multiple_node_variant_matches,https://coveinterior.com/wp-content/uploads/2022/07/CURVE-NAVY-BLUE.jpg,https://coveinterior.com/wp-content/uploads/2022/07/CURVE-NAVY-BLUE.jpg,/media/wordpress-migration/2022/07/CURVE-NAVY-BLUE.jpg,CURVE-NAVY-BLUE.jpg
set_variation_image,12416,12416,12417,8113-1-1,"[{""id"": 3, ""name"": ""Size"", ""slug"": ""pa_size"", ""option"": ""Width 120cm, Depth 55cm, Height 90cm""}]",180101,210119,8113-1-1,"Width 120cm, Depth 55cm, Height 90cm",wc_variant_id,multiple_node_variant_matches,https://coveinterior.com/wp-content/uploads/2022/07/CURVE-BROWN.jpg,https://coveinterior.com/wp-content/uploads/2022/07/CURVE-BROWN.jpg,/media/wordpress-migration/2022/07/CURVE-BROWN.jpg,CURVE-BROWN.jpg
set_variation_image,12403,12403,12404,8113-1,"[{""id"": 3, ""name"": ""Size"", ""slug"": ""pa_size"", ""option"": ""Width 120cm, Depth 55cm, Height 90cm""}]",180103,210120,8113-1,"Width 120cm, Depth 55cm, Height 90cm",wc_variant_id,multiple_node_variant_matches,https://coveinterior.com/wp-content/uploads/2022/07/CURVE-BROWN.jpg,https://coveinterior.com/wp-content/uploads/2022/07/CURVE-BROWN.jpg,/media/wordpress-migration/2022/07/CURVE-BROWN.jpg,CURVE-BROWN.jpg
set_variation_image,8112,8112,8113,8113,"[{""id"": 3, ""name"": ""Size"", ""slug"": ""pa_size"", ""option"": ""Width 120cm, Depth 55cm, Height 90cm""}, {""id"": 1, ""name"": ""Select color"", ""slug"": ""pa_color"", ""option"": ""Curve Brown / White Carrara""}]",210284,30158,8113,"Width 120cm, Depth 55cm, Height 90cm / Curve Brown / White Carrara",wc_variant_id,multiple_node_variant_matches,https://coveinterior.com/wp-content/uploads/2022/07/CURVE-BROWN.jpg,https://coveinterior.com/wp-content/uploads/2022/07/CURVE-BROWN.jpg,/media/wordpress-migration/2022/07/CURVE-BROWN.jpg,CURVE-BROWN.jpg
set_variation_image,12382,12382,12383,9142-1,"[{""id"": 3, ""name"": ""Size"", ""slug"": ""pa_size"", ""option"": ""Width 62cm, Depth 57cm, Height 90cm""}]",180105,210121,9142-1,"Width 62cm, Depth 57cm, Height 90cm",wc_variant_id,multiple_node_variant_matches,https://coveinterior.com/wp-content/uploads/2022/07/COUNTRY-62-BEECH.jpg,https://coveinterior.com/wp-content/uploads/2022/07/COUNTRY-62-BEECH.jpg,/media/wordpress-migration/2022/07/COUNTRY-62-BEECH.jpg,COUNTRY-62-BEECH.jpg
set_variation_image,8074,8074,9142,9142,"[{""id"": 3, ""name"": ""Size"", ""slug"": ""pa_size"", ""option"": ""Width 62cm, Depth 57cm, Height 90cm""}, {""id"": 1, ""name"": ""Select color"", ""slug"": ""pa_color"", ""option"": ""Country 62 Beech Wood / Botticino Marble""}]",210298,30160,9142,"Width 62cm, Depth 57cm, Height 90cm / Country 62 Beech Wood / Botticino Marble",wc_variant_id,multiple_node_variant_matches,https://coveinterior.com/wp-content/uploads/2022/07/COUNTRY-62-BEECH.jpg,https://coveinterior.com/wp-content/uploads/2022/07/COUNTRY-62-BEECH.jpg,/media/wordpress-migration/2022/07/COUNTRY-62-BEECH.jpg,COUNTRY-62-BEECH.jpg
set_variation_image,8093,8093,8297,8297,"[{""id"": 3, ""name"": ""Size"", ""slug"": ""pa_size"", ""option"": ""Width 112cm, Depth 57cm, Height 90cm""}, {""id"": 1, ""name"": ""Select color"", ""slug"": ""pa_color"", ""option"": ""Country 112 White / White Marble""}]",210297,30159,8297,"Width 112cm, Depth 57cm, Height 90cm / Country 112 White / White Marble",wc_variant_id,multiple_node_variant_matches,https://coveinterior.com/wp-content/uploads/2022/07/COUNTRY-112-WHITE.jpg,https://coveinterior.com/wp-content/uploads/2022/07/COUNTRY-112-WHITE.jpg,/media/wordpress-migration/2022/07/COUNTRY-112-WHITE.jpg,COUNTRY-112-WHITE.jpg
set_variation_image,12360,12360,12361,8289-1,"[{""id"": 3, ""name"": ""Size"", ""slug"": ""pa_size"", ""option"": ""Width 112cm, Depth 57cm, Height 90cm""}]",180106,210123,8289-1,"Width 112cm, Depth 57cm, Height 90cm",wc_variant_id,multiple_node_variant_matches,https://coveinterior.com/wp-content/uploads/2022/07/COUNTRY-112-BEECH-WOOD.jpg,https://coveinterior.com/wp-content/uploads/2022/07/COUNTRY-112-BEECH-WOOD.jpg,/media/wordpress-migration/2022/07/COUNTRY-112-BEECH-WOOD.jpg,COUNTRY-112-BEECH-WOOD.jpg
set_variation_image,8093,8093,8289,8289,"[{""id"": 3, ""name"": ""Size"", ""slug"": ""pa_size"", ""option"": ""Width 112cm, Depth 57cm, Height 90cm""}, {""id"": 1, ""name"": ""Select color"", ""slug"": ""pa_color"", ""option"": ""Country 112 Beech Wood / Botticino Marble""}]",210289,30159,8289,"Width 112cm, Depth 57cm, Height 90cm / Country 112 Beech Wood / Botticino Marble",wc_variant_id,multiple_node_variant_matches,https://coveinterior.com/wp-content/uploads/2022/07/COUNTRY-112-BEECH-WOOD.jpg,https://coveinterior.com/wp-content/uploads/2022/07/COUNTRY-112-BEECH-WOOD.jpg,/media/wordpress-migration/2022/07/COUNTRY-112-BEECH-WOOD.jpg,COUNTRY-112-BEECH-WOOD.jpg
set_variation_image,12355,12355,12356,10716-1-1,"[{""id"": 3, ""name"": ""Size"", ""slug"": ""pa_size"", ""option"": ""Width 167cm, Depth 57cm, Height 90cm""}]",180108,210124,10716-1-1,"Width 167cm, Depth 57cm, Height 90cm",wc_variant_id,multiple_node_variant_matches,https://coveinterior.com/wp-content/uploads/2022/07/COUNTRY-167-BEECH-2.jpg,https://coveinterior.com/wp-content/uploads/2022/07/COUNTRY-167-BEECH-2.jpg,/media/wordpress-migration/2022/07/COUNTRY-167-BEECH-2.jpg,COUNTRY-167-BEECH-2.jpg
set_variation_image,10715,10715,10716,10716,"[{""id"": 3, ""name"": ""Size"", ""slug"": ""pa_size"", ""option"": ""Width 167cm, Depth 57cm, Height 90cm""}, {""id"": 1, ""name"": ""Select color"", ""slug"": ""pa_color"", ""option"": ""Country 167 Beach Wood/ Botticino Marble""}]",210269,30155,10716,"Width 167cm, Depth 57cm, Height 90cm / Country 167 Beach Wood/ Botticino Marble",wc_variant_id,multiple_node_variant_matches,https://coveinterior.com/wp-content/uploads/2022/07/COUNTRY-167-BEECH-2.jpg,https://coveinterior.com/wp-content/uploads/2022/07/COUNTRY-167-BEECH-2.jpg,/media/wordpress-migration/2022/07/COUNTRY-167-BEECH-2.jpg,COUNTRY-167-BEECH-2.jpg
set_variation_image,12334,12334,12335,10716-1,"[{""id"": 3, ""name"": ""Size"", ""slug"": ""pa_size"", ""option"": ""Width 167cm, Depth 57cm, Height 90cm""}]",180110,210125,10716-1,"Width 167cm, Depth 57cm, Height 90cm",wc_variant_id,multiple_node_variant_matches,https://coveinterior.com/wp-content/uploads/2022/07/COUNTRY-167-GREEN.jpg,https://coveinterior.com/wp-content/uploads/2022/07/COUNTRY-167-GREEN.jpg,/media/wordpress-migration/2022/07/COUNTRY-167-GREEN.jpg,COUNTRY-167-GREEN.jpg
set_variation_image,10715,10715,10724,10724,"[{""id"": 3, ""name"": ""Size"", ""slug"": ""pa_size"", ""option"": ""Width 167cm, Depth 57cm, Height 90cm""}, {""id"": 1, ""name"": ""Select color"", ""slug"": ""pa_color"", ""option"": ""Country 167 Green / Bianco Rossa Marble""}]",210273,30155,10724,"Width 167cm, Depth 57cm, Height 90cm / Country 167 Green / Bianco Rossa Marble",wc_variant_id,multiple_node_variant_matches,https://coveinterior.com/wp-content/uploads/2022/07/COUNTRY-167-GREEN.jpg,https://coveinterior.com/wp-content/uploads/2022/07/COUNTRY-167-GREEN.jpg,/media/wordpress-migration/2022/07/COUNTRY-167-GREEN.jpg,COUNTRY-167-GREEN.jpg
set_variation_image,10816,10816,10829,10829,"[{""id"": 3, ""name"": ""Size"", ""slug"": ""pa_size"", ""option"": ""Width 225cm, Depth 53cm, Height 86cm""}, {""id"": 1, ""name"": ""Select color"", ""slug"": ""pa_color"", ""option"": ""225 Classic Marble / Gray""}]",210268,30154,10829,"Width 225cm, Depth 53cm, Height 86cm / 225 Classic Marble / Gray",wc_variant_id,multiple_node_variant_matches,https://coveinterior.com/wp-content/uploads/2022/07/classic-225-marble-gold.jpg,https://coveinterior.com/wp-content/uploads/2022/07/classic-225-marble-gold.jpg,/media/wordpress-migration/2022/07/classic-225-marble-gold.jpg,classic-225-marble-gold.jpg
set_variation_image,10715,10715,10732,10732,"[{""id"": 3, ""name"": ""Size"", ""slug"": ""pa_size"", ""option"": ""Width 167cm, Depth 57cm, Height 90cm""}, {""id"": 1, ""name"": ""Select color"", ""slug"": ""pa_color"", ""option"": ""Country 167 White / White Marble""}]",210277,30155,10732,"Width 167cm, Depth 57cm, Height 90cm / Country 167 White / White Marble",wc_variant_id,multiple_node_variant_matches,https://coveinterior.com/wp-content/uploads/2022/07/COUNTRY-167-WHITE.jpg,https://coveinterior.com/wp-content/uploads/2022/07/COUNTRY-167-WHITE.jpg,/media/wordpress-migration/2022/07/COUNTRY-167-WHITE.jpg,COUNTRY-167-WHITE.jpg
set_variation_image,10715,10715,10730,10730,"[{""id"": 3, ""name"": ""Size"", ""slug"": ""pa_size"", ""option"": ""Width 167cm, Depth 57cm, Height 90cm""}, {""id"": 1, ""name"": ""Select color"", ""slug"": ""pa_color"", ""option"": ""Country 167 Red / Bianco Rossa Marble""}]",210276,30155,10730,"Width 167cm, Depth 57cm, Height 90cm / Country 167 Red / Bianco Rossa Marble",wc_variant_id,multiple_node_variant_matches,https://coveinterior.com/wp-content/uploads/2022/07/COUNTRY-167-RED.jpg,https://coveinterior.com/wp-content/uploads/2022/07/COUNTRY-167-RED.jpg,/media/wordpress-migration/2022/07/COUNTRY-167-RED.jpg,COUNTRY-167-RED.jpg
set_variation_image,10715,10715,10728,10728,"[{""id"": 3, ""name"": ""Size"", ""slug"": ""pa_size"", ""option"": ""Width 167cm, Depth 57cm, Height 90cm""}, {""id"": 1, ""name"": ""Select color"", ""slug"": ""pa_color"", ""option"": ""Country 167 Pink / Bianco Rossa Marble""}]",210275,30155,10728,"Width 167cm, Depth 57cm, Height 90cm / Country 167 Pink / Bianco Rossa Marble",wc_variant_id,multiple_node_variant_matches,https://coveinterior.com/wp-content/uploads/2022/07/COUNTRY-167-PINK.jpg,https://coveinterior.com/wp-content/uploads/2022/07/COUNTRY-167-PINK.jpg,/media/wordpress-migration/2022/07/COUNTRY-167-PINK.jpg,COUNTRY-167-PINK.jpg
set_variation_image,10715,10715,10726,10726,"[{""id"": 3, ""name"": ""Size"", ""slug"": ""pa_size"", ""option"": ""Width 167cm, Depth 57cm, Height 90cm""}, {""id"": 1, ""name"": ""Select color"", ""slug"": ""pa_color"", ""option"": ""Country 167 Gray / White Marble""}]",210274,30155,10726,"Width 167cm, Depth 57cm, Height 90cm / Country 167 Gray / White Marble",wc_variant_id,multiple_node_variant_matches,https://coveinterior.com/wp-content/uploads/2022/07/COUNTRY-167-GRAY.jpg,https://coveinterior.com/wp-content/uploads/2022/07/COUNTRY-167-GRAY.jpg,/media/wordpress-migration/2022/07/COUNTRY-167-GRAY.jpg,COUNTRY-167-GRAY.jpg
set_variation_image,10715,10715,10722,10722,"[{""id"": 3, ""name"": ""Size"", ""slug"": ""pa_size"", ""option"": ""Width 167cm, Depth 57cm, Height 90cm""}, {""id"": 1, ""name"": ""Select color"", ""slug"": ""pa_color"", ""option"": ""Country 167 Blue / White Marble""}]",210272,30155,10722,"Width 167cm, Depth 57cm, Height 90cm / Country 167 Blue / White Marble",wc_variant_id,multiple_node_variant_matches,https://coveinterior.com/wp-content/uploads/2022/07/COUNTRY-167-BLUE.jpg,https://coveinterior.com/wp-content/uploads/2022/07/COUNTRY-167-BLUE.jpg,/media/wordpress-migration/2022/07/COUNTRY-167-BLUE.jpg,COUNTRY-167-BLUE.jpg
set_variation_image,10715,10715,10720,10720,"[{""id"": 3, ""name"": ""Size"", ""slug"": ""pa_size"", ""option"": ""Width 167cm, Depth 57cm, Height 90cm""}, {""id"": 1, ""name"": ""Select color"", ""slug"": ""pa_color"", ""option"": ""Country 167 Black / Black Marquina Marble""}]",210271,30155,10720,"Width 167cm, Depth 57cm, Height 90cm / Country 167 Black / Black Marquina Marble",wc_variant_id,multiple_node_variant_matches,https://coveinterior.com/wp-content/uploads/2022/07/COUNTRY-167-BLACK-1.jpg,https://coveinterior.com/wp-content/uploads/2022/07/COUNTRY-167-BLACK-1.jpg,/media/wordpress-migration/2022/07/COUNTRY-167-BLACK-1.jpg,COUNTRY-167-BLACK-1.jpg
set_variation_image,10715,10715,10718,10718,"[{""id"": 3, ""name"": ""Size"", ""slug"": ""pa_size"", ""option"": ""Width 167cm, Depth 57cm, Height 90cm""}, {""id"": 1, ""name"": ""Select color"", ""slug"": ""pa_color"", ""option"": ""Country 167 Beige / Bianco Rossa Marble""}]",210270,30155,10718,"Width 167cm, Depth 57cm, Height 90cm / Country 167 Beige / Bianco Rossa Marble",wc_variant_id,multiple_node_variant_matches,https://coveinterior.com/wp-content/uploads/2022/07/COUNTRY-167-BEIGE.jpg,https://coveinterior.com/wp-content/uploads/2022/07/COUNTRY-167-BEIGE.jpg,/media/wordpress-migration/2022/07/COUNTRY-167-BEIGE.jpg,COUNTRY-167-BEIGE.jpg
set_variation_image,8131,8131,8225,8225,"[{""id"": 3, ""name"": ""Size"", ""slug"": ""pa_size"", ""option"": ""Width 180cm, Depth 55cm, Height 90cm""}, {""id"": 1, ""name"": ""Select color"", ""slug"": ""pa_color"", ""option"": ""Curve 180 Royal Green / Travertine""}]",210283,30157,8225,"Width 180cm, Depth 55cm, Height 90cm / Curve 180 Royal Green / Travertine",wc_variant_id,multiple_node_variant_matches,https://coveinterior.com/wp-content/uploads/2022/07/CURVE-180-Royal-green.jpg,https://coveinterior.com/wp-content/uploads/2022/07/CURVE-180-Royal-green.jpg,/media/wordpress-migration/2022/07/CURVE-180-Royal-green.jpg,CURVE-180-Royal-green.jpg
set_variation_image,8131,8131,8135,8135,"[{""id"": 3, ""name"": ""Size"", ""slug"": ""pa_size"", ""option"": ""Width 180cm, Depth 55cm, Height 90cm""}, {""id"": 1, ""name"": ""Select color"", ""slug"": ""pa_color"", ""option"": ""Curve 180 Navy Blue / White Carrara""}]",210282,30157,8135,"Width 180cm, Depth 55cm, Height 90cm / Curve 180 Navy Blue / White Carrara",wc_variant_id,multiple_node_variant_matches,https://coveinterior.com/wp-content/uploads/2022/07/CURVE-180-Navy-blue.jpg,https://coveinterior.com/wp-content/uploads/2022/07/CURVE-180-Navy-blue.jpg,/media/wordpress-migration/2022/07/CURVE-180-Navy-blue.jpg,CURVE-180-Navy-blue.jpg
set_variation_image,8131,8131,8134,8134,"[{""id"": 3, ""name"": ""Size"", ""slug"": ""pa_size"", ""option"": ""Width 180cm, Depth 55cm, Height 90cm""}, {""id"": 1, ""name"": ""Select color"", ""slug"": ""pa_color"", ""option"": ""Curve 180 Light Blue / Travertine""}]",210281,30157,8134,"Width 180cm, Depth 55cm, Height 90cm / Curve 180 Light Blue / Travertine",wc_variant_id,multiple_node_variant_matches,https://coveinterior.com/wp-content/uploads/2022/07/CURVE-180-Light-blue.jpg,https://coveinterior.com/wp-content/uploads/2022/07/CURVE-180-Light-blue.jpg,/media/wordpress-migration/2022/07/CURVE-180-Light-blue.jpg,CURVE-180-Light-blue.jpg
set_variation_image,8112,8112,8251,8251,"[{""id"": 3, ""name"": ""Size"", ""slug"": ""pa_size"", ""option"": ""Width 120cm, Depth 55cm, Height 90cm""}, {""id"": 1, ""name"": ""Select color"", ""slug"": ""pa_color"", ""option"": ""Curve Royal Green / Travertine""}]",210288,30158,8251,"Width 120cm, Depth 55cm, Height 90cm / Curve Royal Green / Travertine",wc_variant_id,multiple_node_variant_matches,https://coveinterior.com/wp-content/uploads/2022/07/CURVE-ROYAL-GREEN.jpg,https://coveinterior.com/wp-content/uploads/2022/07/CURVE-ROYAL-GREEN.jpg,/media/wordpress-migration/2022/07/CURVE-ROYAL-GREEN.jpg,CURVE-ROYAL-GREEN.jpg
set_variation_image,8112,8112,8115,8115,"[{""id"": 3, ""name"": ""Size"", ""slug"": ""pa_size"", ""option"": ""Width 120cm, Depth 55cm, Height 90cm""}, {""id"": 1, ""name"": ""Select color"", ""slug"": ""pa_color"", ""option"": ""Curve Light Blue / Travertine""}]",210286,30158,8115,"Width 120cm, Depth 55cm, Height 90cm / Curve Light Blue / Travertine",wc_variant_id,multiple_node_variant_matches,https://coveinterior.com/wp-content/uploads/2022/07/CURVE-LIGHT-BLUE.jpg,https://coveinterior.com/wp-content/uploads/2022/07/CURVE-LIGHT-BLUE.jpg,/media/wordpress-migration/2022/07/CURVE-LIGHT-BLUE.jpg,CURVE-LIGHT-BLUE.jpg
set_variation_image,8112,8112,8114,8114,"[{""id"": 3, ""name"": ""Size"", ""slug"": ""pa_size"", ""option"": ""Width 120cm, Depth 55cm, Height 90cm""}, {""id"": 1, ""name"": ""Select color"", ""slug"": ""pa_color"", ""option"": ""CURVE Dark Red / Travertine""}]",210285,30158,8114,"Width 120cm, Depth 55cm, Height 90cm / CURVE Dark Red / Travertine",wc_variant_id,multiple_node_variant_matches,https://coveinterior.com/wp-content/uploads/2022/07/CURVE-DARK-RED.jpg,https://coveinterior.com/wp-content/uploads/2022/07/CURVE-DARK-RED.jpg,/media/wordpress-migration/2022/07/CURVE-DARK-RED.jpg,CURVE-DARK-RED.jpg
set_variation_image,8093,8093,8292,8292,"[{""id"": 3, ""name"": ""Size"", ""slug"": ""pa_size"", ""option"": ""Width 112cm, Depth 57cm, Height 90cm""}, {""id"": 1, ""name"": ""Select color"", ""slug"": ""pa_color"", ""option"": ""Country 112 Blue / White Marble""}]",210292,30159,8292,"Width 112cm, Depth 57cm, Height 90cm / Country 112 Blue / White Marble",wc_variant_id,multiple_node_variant_matches,https://coveinterior.com/wp-content/uploads/2022/07/COUNTRY-112-BLUE.jpg,https://coveinterior.com/wp-content/uploads/2022/07/COUNTRY-112-BLUE.jpg,/media/wordpress-migration/2022/07/COUNTRY-112-BLUE.jpg,COUNTRY-112-BLUE.jpg
set_variation_image,8093,8093,8296,8296,"[{""id"": 3, ""name"": ""Size"", ""slug"": ""pa_size"", ""option"": ""Width 112cm, Depth 57cm, Height 90cm""}, {""id"": 1, ""name"": ""Select color"", ""slug"": ""pa_color"", ""option"": ""Country 112 Red / Bianco Rossa Marble""}]",210296,30159,8296,"Width 112cm, Depth 57cm, Height 90cm / Country 112 Red / Bianco Rossa Marble",wc_variant_id,multiple_node_variant_matches,https://coveinterior.com/wp-content/uploads/2022/07/COUNTRY-112-RED.jpg,https://coveinterior.com/wp-content/uploads/2022/07/COUNTRY-112-RED.jpg,/media/wordpress-migration/2022/07/COUNTRY-112-RED.jpg,COUNTRY-112-RED.jpg
set_variation_image,8093,8093,8295,8295,"[{""id"": 3, ""name"": ""Size"", ""slug"": ""pa_size"", ""option"": ""Width 112cm, Depth 57cm, Height 90cm""}, {""id"": 1, ""name"": ""Select color"", ""slug"": ""pa_color"", ""option"": ""Country 112 Pink / Bianco Rossa Marble""}]",210295,30159,8295,"Width 112cm, Depth 57cm, Height 90cm / Country 112 Pink / Bianco Rossa Marble",wc_variant_id,multiple_node_variant_matches,https://coveinterior.com/wp-content/uploads/2022/07/COUNTRY-112-PINK.jpg,https://coveinterior.com/wp-content/uploads/2022/07/COUNTRY-112-PINK.jpg,/media/wordpress-migration/2022/07/COUNTRY-112-PINK.jpg,COUNTRY-112-PINK.jpg
set_variation_image,8093,8093,8294,8294,"[{""id"": 3, ""name"": ""Size"", ""slug"": ""pa_size"", ""option"": ""Width 112cm, Depth 57cm, Height 90cm""}, {""id"": 1, ""name"": ""Select color"", ""slug"": ""pa_color"", ""option"": ""Country 112 Grey / White Marble""}]",210294,30159,8294,"Width 112cm, Depth 57cm, Height 90cm / Country 112 Grey / White Marble",wc_variant_id,multiple_node_variant_matches,https://coveinterior.com/wp-content/uploads/2022/07/COUNTRY-112-GREY.jpg,https://coveinterior.com/wp-content/uploads/2022/07/COUNTRY-112-GREY.jpg,/media/wordpress-migration/2022/07/COUNTRY-112-GREY.jpg,COUNTRY-112-GREY.jpg
set_variation_image,8093,8093,8293,8293,"[{""id"": 3, ""name"": ""Size"", ""slug"": ""pa_size"", ""option"": ""Width 112cm, Depth 57cm, Height 90cm""}, {""id"": 1, ""name"": ""Select color"", ""slug"": ""pa_color"", ""option"": ""Country 112 Green / Bianco Rossa Marble""}]",210293,30159,8293,"Width 112cm, Depth 57cm, Height 90cm / Country 112 Green / Bianco Rossa Marble",wc_variant_id,multiple_node_variant_matches,https://coveinterior.com/wp-content/uploads/2022/07/COUNTRY-112-GREEN.jpg,https://coveinterior.com/wp-content/uploads/2022/07/COUNTRY-112-GREEN.jpg,/media/wordpress-migration/2022/07/COUNTRY-112-GREEN.jpg,COUNTRY-112-GREEN.jpg
set_variation_image,8093,8093,8291,8291,"[{""id"": 3, ""name"": ""Size"", ""slug"": ""pa_size"", ""option"": ""Width 112cm, Depth 57cm, Height 90cm""}, {""id"": 1, ""name"": ""Select color"", ""slug"": ""pa_color"", ""option"": ""Country 112 Black / Black Marquina Marble""}]",210291,30159,8291,"Width 112cm, Depth 57cm, Height 90cm / Country 112 Black / Black Marquina Marble",wc_variant_id,multiple_node_variant_matches,https://coveinterior.com/wp-content/uploads/2022/07/COUNTRY-112-BLACK.jpg,https://coveinterior.com/wp-content/uploads/2022/07/COUNTRY-112-BLACK.jpg,/media/wordpress-migration/2022/07/COUNTRY-112-BLACK.jpg,COUNTRY-112-BLACK.jpg
set_variation_image,8093,8093,8290,8290,"[{""id"": 3, ""name"": ""Size"", ""slug"": ""pa_size"", ""option"": ""Width 112cm, Depth 57cm, Height 90cm""}, {""id"": 1, ""name"": ""Select color"", ""slug"": ""pa_color"", ""option"": ""Country 112 Beige / Bianco Rossa Marble""}]",210290,30159,8290,"Width 112cm, Depth 57cm, Height 90cm / Country 112 Beige / Bianco Rossa Marble",wc_variant_id,multiple_node_variant_matches,https://coveinterior.com/wp-content/uploads/2022/07/COUNTRY-112-BEIGE-1.jpg,https://coveinterior.com/wp-content/uploads/2022/07/COUNTRY-112-BEIGE-1.jpg,/media/wordpress-migration/2022/07/COUNTRY-112-BEIGE-1.jpg,COUNTRY-112-BEIGE-1.jpg
set_variation_image,8074,8074,10900,10900,"[{""id"": 3, ""name"": ""Size"", ""slug"": ""pa_size"", ""option"": ""Width 62cm, Depth 57cm, Height 90cm""}, {""id"": 1, ""name"": ""Select color"", ""slug"": ""pa_color"", ""option"": ""Country 62 Gray / White Marble""}]",210299,30160,10900,"Width 62cm, Depth 57cm, Height 90cm / Country 62 Gray / White Marble",wc_variant_id,multiple_node_variant_matches,https://coveinterior.com/wp-content/uploads/2022/07/COUNTRY-62-BEIGE.jpg,https://coveinterior.com/wp-content/uploads/2022/07/COUNTRY-62-BEIGE.jpg,/media/wordpress-migration/2022/07/COUNTRY-62-BEIGE.jpg,COUNTRY-62-BEIGE.jpg
set_variation_image,8074,8074,9145,9145,"[{""id"": 3, ""name"": ""Size"", ""slug"": ""pa_size"", ""option"": ""Width 62cm, Depth 57cm, Height 90cm""}, {""id"": 1, ""name"": ""Select color"", ""slug"": ""pa_color"", ""option"": ""Country 62 Beige / Bianco Rossa Marble""}]",210300,30160,9145,"Width 62cm, Depth 57cm, Height 90cm / Country 62 Beige / Bianco Rossa Marble",wc_variant_id,multiple_node_variant_matches,https://coveinterior.com/wp-content/uploads/2022/07/COUNTRY-62-BEIGE.jpg,https://coveinterior.com/wp-content/uploads/2022/07/COUNTRY-62-BEIGE.jpg,/media/wordpress-migration/2022/07/COUNTRY-62-BEIGE.jpg,COUNTRY-62-BEIGE.jpg
set_variation_image,8074,8074,9166,000002,"[{""id"": 3, ""name"": ""Size"", ""slug"": ""pa_size"", ""option"": ""Width 62cm, Depth 57cm, Height 90cm""}, {""id"": 1, ""name"": ""Select color"", ""slug"": ""pa_color"", ""option"": ""Country 62 White / White Marble""}]",210305,30160,000002,"Width 62cm, Depth 57cm, Height 90cm / Country 62 White / White Marble",wc_variant_id,multiple_node_variant_matches,https://coveinterior.com/wp-content/uploads/2022/07/COUNTRY-62-WHITE.jpg,https://coveinterior.com/wp-content/uploads/2022/07/COUNTRY-62-WHITE.jpg,/media/wordpress-migration/2022/07/COUNTRY-62-WHITE.jpg,COUNTRY-62-WHITE.jpg
set_variation_image,8074,8074,9163,000003,"[{""id"": 3, ""name"": ""Size"", ""slug"": ""pa_size"", ""option"": ""Width 62cm, Depth 57cm, Height 90cm""}, {""id"": 1, ""name"": ""Select color"", ""slug"": ""pa_color"", ""option"": ""Country 62 Red / Bianco Rossa Marble""}]",210304,30160,000003,"Width 62cm, Depth 57cm, Height 90cm / Country 62 Red / Bianco Rossa Marble",wc_variant_id,multiple_node_variant_matches,https://coveinterior.com/wp-content/uploads/2022/07/COUNTRY-62-RED.jpg,https://coveinterior.com/wp-content/uploads/2022/07/COUNTRY-62-RED.jpg,/media/wordpress-migration/2022/07/COUNTRY-62-RED.jpg,COUNTRY-62-RED.jpg
set_variation_image,8074,8074,9160,0003,"[{""id"": 3, ""name"": ""Size"", ""slug"": ""pa_size"", ""option"": ""Width 62cm, Depth 57cm, Height 90cm""}, {""id"": 1, ""name"": ""Select color"", ""slug"": ""pa_color"", ""option"": ""Country 62 Pink / Bianco Rossa Marble""}]",210303,30160,0003,"Width 62cm, Depth 57cm, Height 90cm / Country 62 Pink / Bianco Rossa Marble",wc_variant_id,multiple_node_variant_matches,https://coveinterior.com/wp-content/uploads/2022/07/COUNTRY-62-PINK.jpg,https://coveinterior.com/wp-content/uploads/2022/07/COUNTRY-62-PINK.jpg,/media/wordpress-migration/2022/07/COUNTRY-62-PINK.jpg,COUNTRY-62-PINK.jpg
set_variation_image,8074,8074,9157,003,"[{""id"": 3, ""name"": ""Size"", ""slug"": ""pa_size"", ""option"": ""Width 62cm, Depth 57cm, Height 90cm""}, {""id"": 1, ""name"": ""Select color"", ""slug"": ""pa_color"", ""option"": ""Country 62 Green / Bianco Rossa Marble""}]",210306,30160,003,"Width 62cm, Depth 57cm, Height 90cm / Country 62 Green / Bianco Rossa Marble",wc_variant_id,multiple_node_variant_matches,https://coveinterior.com/wp-content/uploads/2022/07/COUNTRY-62-GREEN.jpg,https://coveinterior.com/wp-content/uploads/2022/07/COUNTRY-62-GREEN.jpg,/media/wordpress-migration/2022/07/COUNTRY-62-GREEN.jpg,COUNTRY-62-GREEN.jpg
set_variation_image,8074,8074,9151,9151,"[{""id"": 3, ""name"": ""Size"", ""slug"": ""pa_size"", ""option"": ""Width 62cm, Depth 57cm, Height 90cm""}, {""id"": 1, ""name"": ""Select color"", ""slug"": ""pa_color"", ""option"": ""COUNTRY 62 Blue / White Marble""}]",210302,30160,9151,"Width 62cm, Depth 57cm, Height 90cm / COUNTRY 62 Blue / White Marble",wc_variant_id,multiple_node_variant_matches,https://coveinterior.com/wp-content/uploads/2022/07/COUNTRY-62-BLUE.jpg,https://coveinterior.com/wp-content/uploads/2022/07/COUNTRY-62-BLUE.jpg,/media/wordpress-migration/2022/07/COUNTRY-62-BLUE.jpg,COUNTRY-62-BLUE.jpg
set_variation_image,8074,8074,9148,9148,"[{""id"": 3, ""name"": ""Size"", ""slug"": ""pa_size"", ""option"": ""Width 62cm, Depth 57cm, Height 90cm""}, {""id"": 1, ""name"": ""Select color"", ""slug"": ""pa_color"", ""option"": ""Country 62 Black / Black Marquina Marble""}]",210301,30160,9148,"Width 62cm, Depth 57cm, Height 90cm / Country 62 Black / Black Marquina Marble",wc_variant_id,multiple_node_variant_matches,https://coveinterior.com/wp-content/uploads/2022/07/COUNTRY-62-BLACK.jpg,https://coveinterior.com/wp-content/uploads/2022/07/COUNTRY-62-BLACK.jpg,/media/wordpress-migration/2022/07/COUNTRY-62-BLACK.jpg,COUNTRY-62-BLACK.jpg
set_variation_image,1204,1204,9229,9229,"[{""id"": 3, ""name"": ""Size"", ""slug"": ""pa_size"", ""option"": ""Width 157cm, Depth 53cm, Height 86cm""}, {""id"": 1, ""name"": ""Select color"", ""slug"": ""pa_color"", ""option"": ""157 Classic Marble / Gray""}]",210309,30161,9229,"Width 157cm, Depth 53cm, Height 86cm / 157 Classic Marble / Gray",wc_variant_id,multiple_node_variant_matches,https://coveinterior.com/wp-content/uploads/2021/07/classic-157-marble-gold.jpg,https://coveinterior.com/wp-content/uploads/2021/07/classic-157-marble-gold.jpg,/media/wordpress-migration/2021/07/classic-157-marble-gold.jpg,classic-157-marble-gold.jpg
set_variation_image,1204,1204,9225,9225,"[{""id"": 3, ""name"": ""Size"", ""slug"": ""pa_size"", ""option"": ""Width 157cm, Depth 53cm, Height 86cm""}, {""id"": 1, ""name"": ""Select color"", ""slug"": ""pa_color"", ""option"": ""157 Classic Gray / White""}]",210308,30161,9225,"Width 157cm, Depth 53cm, Height 86cm / 157 Classic Gray / White",wc_variant_id,multiple_node_variant_matches,https://coveinterior.com/wp-content/uploads/2021/07/classic-157-gray-gold.jpg,https://coveinterior.com/wp-content/uploads/2021/07/classic-157-gray-gold.jpg,/media/wordpress-migration/2021/07/classic-157-gray-gold.jpg,classic-157-gray-gold.jpg
