approval_action,wp_product_id,wp_sku,wp_product_name,gallery_position,node_product_id,node_product_name,node_product_status,match_status,old_wp_url,canonical_url,target_node_url,filename
set_product_main_image,14226,12533,Roshina 1 Beige event,0,390142,Roshina 1 Beige event,archived,matched,https://coveinterior.com/wp-content/uploads/2023/01/Roshina-1-beige-1.jpg,https://coveinterior.com/wp-content/uploads/2023/01/Roshina-1-beige-1.jpg,/media/wordpress-migration/2023/01/Roshina-1-beige-1.jpg,Roshina-1-beige-1.jpg
set_product_main_image,11998,112234,Roshina 1 Beige Store,0,390060,Roshina 1 Beige Store,archived,matched,https://coveinterior.com/wp-content/uploads/2023/01/Roshina-1-beige-1.jpg,https://coveinterior.com/wp-content/uploads/2023/01/Roshina-1-beige-1.jpg,/media/wordpress-migration/2023/01/Roshina-1-beige-1.jpg,Roshina-1-beige-1.jpg
set_product_main_image,11948,112233,Roshina 1 Beige,0,390059,Roshina 1 Beige,active,matched,https://coveinterior.com/wp-content/uploads/2023/01/Roshina-1-beige-1.jpg,https://coveinterior.com/wp-content/uploads/2023/01/Roshina-1-beige-1.jpg,/media/wordpress-migration/2023/01/Roshina-1-beige-1.jpg,Roshina-1-beige-1.jpg
set_product_main_image,14234,12534,Roshina 2 Wooden event,0,390143,Roshina 2 Wooden event,archived,matched,https://coveinterior.com/wp-content/uploads/2023/07/Roshina-2-darkveneer-wood-3.jpg,https://coveinterior.com/wp-content/uploads/2023/07/Roshina-2-darkveneer-wood-3.jpg,/media/wordpress-migration/2023/07/Roshina-2-darkveneer-wood-3.jpg,Roshina-2-darkveneer-wood-3.jpg
set_product_main_image,12851,12724,Roshina 2 Wooden store,0,390121,Roshina 2 Wooden store,archived,matched,https://coveinterior.com/wp-content/uploads/2023/07/Roshina-2-darkveneer-wood-3.jpg,https://coveinterior.com/wp-content/uploads/2023/07/Roshina-2-darkveneer-wood-3.jpg,/media/wordpress-migration/2023/07/Roshina-2-darkveneer-wood-3.jpg,Roshina-2-darkveneer-wood-3.jpg
set_product_main_image,12721,12721,Roshina 2 Wooden,0,390119,Roshina 2 Wooden,active,matched,https://coveinterior.com/wp-content/uploads/2023/07/Roshina-2-darkveneer-wood-3.jpg,https://coveinterior.com/wp-content/uploads/2023/07/Roshina-2-darkveneer-wood-3.jpg,/media/wordpress-migration/2023/07/Roshina-2-darkveneer-wood-3.jpg,Roshina-2-darkveneer-wood-3.jpg
set_product_main_image,14250,12537,Roshina 3 Light Blue event,0,390145,Roshina 3 Light Blue event,archived,matched,https://coveinterior.com/wp-content/uploads/2023/07/Roshina-3-Light-blue-1.jpg,https://coveinterior.com/wp-content/uploads/2023/07/Roshina-3-Light-blue-1.jpg,/media/wordpress-migration/2023/07/Roshina-3-Light-blue-1.jpg,Roshina-3-Light-blue-1.jpg
set_product_main_image,12686,12686,Roshina 3 Light Blue store,0,390116,Roshina 3 Light Blue store,archived,matched,https://coveinterior.com/wp-content/uploads/2023/07/Roshina-3-Light-blue-1.jpg,https://coveinterior.com/wp-content/uploads/2023/07/Roshina-3-Light-blue-1.jpg,/media/wordpress-migration/2023/07/Roshina-3-Light-blue-1.jpg,Roshina-3-Light-blue-1.jpg
set_product_main_image,12678,12678,Roshina 3 Light Blue,0,390115,Roshina 3 Light Blue,active,matched,https://coveinterior.com/wp-content/uploads/2023/07/Roshina-3-Light-blue-1.jpg,https://coveinterior.com/wp-content/uploads/2023/07/Roshina-3-Light-blue-1.jpg,/media/wordpress-migration/2023/07/Roshina-3-Light-blue-1.jpg,Roshina-3-Light-blue-1.jpg
set_product_main_image,18928,12774,Passage Lamp - Red,0,390239,Passage Lamp - Red,active,matched,https://coveinterior.com/wp-content/uploads/2025/05/Passage-Lamp-Red.jpeg,https://coveinterior.com/wp-content/uploads/2025/05/Passage-Lamp-Red.jpeg,/media/wordpress-migration/2025/05/Passage-Lamp-Red.jpeg,Passage-Lamp-Red.jpeg
set_product_main_image,18924,12773,Passage Refill Lamparfum - cachemire,0,390238,Passage Refill Lamparfum - cachemire,active,matched,https://coveinterior.com/wp-content/uploads/2025/05/cachemire.jpeg,https://coveinterior.com/wp-content/uploads/2025/05/cachemire.jpeg,/media/wordpress-migration/2025/05/cachemire.jpeg,cachemire.jpeg
set_product_main_image,18920,12772,Passage Mini Lighter - Silver,0,390237,Passage Mini Lighter - Silver,active,matched,https://coveinterior.com/wp-content/uploads/2025/05/mini-lighter-silver.jpeg,https://coveinterior.com/wp-content/uploads/2025/05/mini-lighter-silver.jpeg,/media/wordpress-migration/2025/05/mini-lighter-silver.jpeg,mini-lighter-silver.jpeg
set_product_main_image,17289,17190,Roshina Mubkhar Black,0,390205,Roshina Mubkhar Black,active,matched,https://coveinterior.com/wp-content/uploads/2025/02/Mubkhar-black.jpg,https://coveinterior.com/wp-content/uploads/2025/02/Mubkhar-black.jpg,/media/wordpress-migration/2025/02/Mubkhar-black.jpg,Mubkhar-black.jpg
set_product_main_image,17494,17494,Mubkhar Black store,0,390211,Mubkhar Black store,archived,matched,https://coveinterior.com/wp-content/uploads/2025/02/Mubkhar-black.jpg,https://coveinterior.com/wp-content/uploads/2025/02/Mubkhar-black.jpg,/media/wordpress-migration/2025/02/Mubkhar-black.jpg,Mubkhar-black.jpg
set_product_main_image,17306,17191,Roshina Mubkhar Petrol,0,390206,Roshina Mubkhar Petrol,active,matched,https://coveinterior.com/wp-content/uploads/2025/02/Mubkhar-petrol.jpg,https://coveinterior.com/wp-content/uploads/2025/02/Mubkhar-petrol.jpg,/media/wordpress-migration/2025/02/Mubkhar-petrol.jpg,Mubkhar-petrol.jpg
set_product_main_image,17512,17512,Mubkhar Petrol store,0,390212,Mubkhar Petrol store,archived,matched,https://coveinterior.com/wp-content/uploads/2025/02/Mubkhar-petrol.jpg,https://coveinterior.com/wp-content/uploads/2025/02/Mubkhar-petrol.jpg,/media/wordpress-migration/2025/02/Mubkhar-petrol.jpg,Mubkhar-petrol.jpg
set_product_main_image,17478,17478,Bronze Trash Bin store,0,390209,Bronze Trash Bin store,archived,matched,https://coveinterior.com/wp-content/uploads/2025/02/Trash-Bin-Bronze.jpg,https://coveinterior.com/wp-content/uploads/2025/02/Trash-Bin-Bronze.jpg,/media/wordpress-migration/2025/02/Trash-Bin-Bronze.jpg,Trash-Bin-Bronze.jpg
set_product_gallery_image,17478,17478,Bronze Trash Bin store,1,390209,Bronze Trash Bin store,archived,matched,https://coveinterior.com/wp-content/uploads/2025/02/Trash-bin-bronze-1.jpg,https://coveinterior.com/wp-content/uploads/2025/02/Trash-bin-bronze-1.jpg,/media/wordpress-migration/2025/02/Trash-bin-bronze-1.jpg,Trash-bin-bronze-1.jpg
set_product_gallery_image,17235,17187,Bronze Trash Bin,1,390202,Bronze Trash Bin,active,matched,https://coveinterior.com/wp-content/uploads/2025/02/Trash-bin-bronze-1.jpg,https://coveinterior.com/wp-content/uploads/2025/02/Trash-bin-bronze-1.jpg,/media/wordpress-migration/2025/02/Trash-bin-bronze-1.jpg,Trash-bin-bronze-1.jpg
set_product_gallery_image,17478,17478,Bronze Trash Bin store,2,390209,Bronze Trash Bin store,archived,matched,https://coveinterior.com/wp-content/uploads/2025/02/Beige-2.jpg,https://coveinterior.com/wp-content/uploads/2025/02/Beige-2.jpg,/media/wordpress-migration/2025/02/Beige-2.jpg,Beige-2.jpg
set_product_gallery_image,17470,17188,Beige Trash Bin Store,1,390208,Beige Trash Bin Store,archived,matched,https://coveinterior.com/wp-content/uploads/2025/02/Beige-2.jpg,https://coveinterior.com/wp-content/uploads/2025/02/Beige-2.jpg,/media/wordpress-migration/2025/02/Beige-2.jpg,Beige-2.jpg
set_product_gallery_image,17486,17486,Black Trash Bin store,2,390210,Black Trash Bin store,archived,matched,https://coveinterior.com/wp-content/uploads/2025/02/Beige-2.jpg,https://coveinterior.com/wp-content/uploads/2025/02/Beige-2.jpg,/media/wordpress-migration/2025/02/Beige-2.jpg,Beige-2.jpg
set_product_gallery_image,17244,17195,Beige Trash Bin,1,390203,Beige Trash Bin,active,matched,https://coveinterior.com/wp-content/uploads/2025/02/Beige-2.jpg,https://coveinterior.com/wp-content/uploads/2025/02/Beige-2.jpg,/media/wordpress-migration/2025/02/Beige-2.jpg,Beige-2.jpg
set_product_gallery_image,17235,17187,Bronze Trash Bin,2,390202,Bronze Trash Bin,active,matched,https://coveinterior.com/wp-content/uploads/2025/02/Beige-2.jpg,https://coveinterior.com/wp-content/uploads/2025/02/Beige-2.jpg,/media/wordpress-migration/2025/02/Beige-2.jpg,Beige-2.jpg
set_product_gallery_image,17186,17186,Black Trash Bin,2,390201,Black Trash Bin,active,matched,https://coveinterior.com/wp-content/uploads/2025/02/Beige-2.jpg,https://coveinterior.com/wp-content/uploads/2025/02/Beige-2.jpg,/media/wordpress-migration/2025/02/Beige-2.jpg,Beige-2.jpg
set_product_gallery_image,17478,17478,Bronze Trash Bin store,3,390209,Bronze Trash Bin store,archived,matched,https://coveinterior.com/wp-content/uploads/2025/02/beige-3.jpg,https://coveinterior.com/wp-content/uploads/2025/02/beige-3.jpg,/media/wordpress-migration/2025/02/beige-3.jpg,beige-3.jpg
set_product_gallery_image,17470,17188,Beige Trash Bin Store,3,390208,Beige Trash Bin Store,archived,matched,https://coveinterior.com/wp-content/uploads/2025/02/beige-3.jpg,https://coveinterior.com/wp-content/uploads/2025/02/beige-3.jpg,/media/wordpress-migration/2025/02/beige-3.jpg,beige-3.jpg
set_product_gallery_image,17486,17486,Black Trash Bin store,3,390210,Black Trash Bin store,archived,matched,https://coveinterior.com/wp-content/uploads/2025/02/beige-3.jpg,https://coveinterior.com/wp-content/uploads/2025/02/beige-3.jpg,/media/wordpress-migration/2025/02/beige-3.jpg,beige-3.jpg
set_product_gallery_image,17244,17195,Beige Trash Bin,3,390203,Beige Trash Bin,active,matched,https://coveinterior.com/wp-content/uploads/2025/02/beige-3.jpg,https://coveinterior.com/wp-content/uploads/2025/02/beige-3.jpg,/media/wordpress-migration/2025/02/beige-3.jpg,beige-3.jpg
set_product_gallery_image,17235,17187,Bronze Trash Bin,3,390202,Bronze Trash Bin,active,matched,https://coveinterior.com/wp-content/uploads/2025/02/beige-3.jpg,https://coveinterior.com/wp-content/uploads/2025/02/beige-3.jpg,/media/wordpress-migration/2025/02/beige-3.jpg,beige-3.jpg
set_product_gallery_image,17186,17186,Black Trash Bin,3,390201,Black Trash Bin,active,matched,https://coveinterior.com/wp-content/uploads/2025/02/beige-3.jpg,https://coveinterior.com/wp-content/uploads/2025/02/beige-3.jpg,/media/wordpress-migration/2025/02/beige-3.jpg,beige-3.jpg
set_product_gallery_image,17478,17478,Bronze Trash Bin store,4,390209,Bronze Trash Bin store,archived,matched,https://coveinterior.com/wp-content/uploads/2025/02/beige-4.jpg,https://coveinterior.com/wp-content/uploads/2025/02/beige-4.jpg,/media/wordpress-migration/2025/02/beige-4.jpg,beige-4.jpg
set_product_gallery_image,17470,17188,Beige Trash Bin Store,4,390208,Beige Trash Bin Store,archived,matched,https://coveinterior.com/wp-content/uploads/2025/02/beige-4.jpg,https://coveinterior.com/wp-content/uploads/2025/02/beige-4.jpg,/media/wordpress-migration/2025/02/beige-4.jpg,beige-4.jpg
set_product_gallery_image,17486,17486,Black Trash Bin store,4,390210,Black Trash Bin store,archived,matched,https://coveinterior.com/wp-content/uploads/2025/02/beige-4.jpg,https://coveinterior.com/wp-content/uploads/2025/02/beige-4.jpg,/media/wordpress-migration/2025/02/beige-4.jpg,beige-4.jpg
set_product_gallery_image,17244,17195,Beige Trash Bin,4,390203,Beige Trash Bin,active,matched,https://coveinterior.com/wp-content/uploads/2025/02/beige-4.jpg,https://coveinterior.com/wp-content/uploads/2025/02/beige-4.jpg,/media/wordpress-migration/2025/02/beige-4.jpg,beige-4.jpg
set_product_gallery_image,17235,17187,Bronze Trash Bin,4,390202,Bronze Trash Bin,active,matched,https://coveinterior.com/wp-content/uploads/2025/02/beige-4.jpg,https://coveinterior.com/wp-content/uploads/2025/02/beige-4.jpg,/media/wordpress-migration/2025/02/beige-4.jpg,beige-4.jpg
set_product_gallery_image,17186,17186,Black Trash Bin,4,390201,Black Trash Bin,active,matched,https://coveinterior.com/wp-content/uploads/2025/02/beige-4.jpg,https://coveinterior.com/wp-content/uploads/2025/02/beige-4.jpg,/media/wordpress-migration/2025/02/beige-4.jpg,beige-4.jpg
set_product_main_image,17470,17188,Beige Trash Bin Store,0,390208,Beige Trash Bin Store,archived,matched,https://coveinterior.com/wp-content/uploads/2025/02/Trash-Bin-Beige.jpg,https://coveinterior.com/wp-content/uploads/2025/02/Trash-Bin-Beige.jpg,/media/wordpress-migration/2025/02/Trash-Bin-Beige.jpg,Trash-Bin-Beige.jpg
set_product_gallery_image,17470,17188,Beige Trash Bin Store,2,390208,Beige Trash Bin Store,archived,matched,https://coveinterior.com/wp-content/uploads/2025/02/Trash-bin-beige-1.jpg,https://coveinterior.com/wp-content/uploads/2025/02/Trash-bin-beige-1.jpg,/media/wordpress-migration/2025/02/Trash-bin-beige-1.jpg,Trash-bin-beige-1.jpg
set_product_gallery_image,17244,17195,Beige Trash Bin,2,390203,Beige Trash Bin,active,matched,https://coveinterior.com/wp-content/uploads/2025/02/Trash-bin-beige-1.jpg,https://coveinterior.com/wp-content/uploads/2025/02/Trash-bin-beige-1.jpg,/media/wordpress-migration/2025/02/Trash-bin-beige-1.jpg,Trash-bin-beige-1.jpg
set_product_main_image,17486,17486,Black Trash Bin store,0,390210,Black Trash Bin store,archived,matched,https://coveinterior.com/wp-content/uploads/2025/02/Trash-Bin-black.jpg,https://coveinterior.com/wp-content/uploads/2025/02/Trash-Bin-black.jpg,/media/wordpress-migration/2025/02/Trash-Bin-black.jpg,Trash-Bin-black.jpg
set_product_gallery_image,17486,17486,Black Trash Bin store,1,390210,Black Trash Bin store,archived,matched,https://coveinterior.com/wp-content/uploads/2025/02/Trash-bin-black-1.jpg,https://coveinterior.com/wp-content/uploads/2025/02/Trash-bin-black-1.jpg,/media/wordpress-migration/2025/02/Trash-bin-black-1.jpg,Trash-bin-black-1.jpg
set_product_gallery_image,17186,17186,Black Trash Bin,1,390201,Black Trash Bin,active,matched,https://coveinterior.com/wp-content/uploads/2025/02/Trash-bin-black-1.jpg,https://coveinterior.com/wp-content/uploads/2025/02/Trash-bin-black-1.jpg,/media/wordpress-migration/2025/02/Trash-bin-black-1.jpg,Trash-bin-black-1.jpg
set_product_main_image,17523,17523,Mubkhar Beige store,0,390213,Mubkhar Beige store,archived,matched,https://coveinterior.com/wp-content/uploads/2025/02/Mubkhar-beige.jpg,https://coveinterior.com/wp-content/uploads/2025/02/Mubkhar-beige.jpg,/media/wordpress-migration/2025/02/Mubkhar-beige.jpg,Mubkhar-beige.jpg
set_product_main_image,17253,17189,Roshina Mubkhar Beige,0,390204,Roshina Mubkhar Beige,active,matched,https://coveinterior.com/wp-content/uploads/2025/02/Mubkhar-beige.jpg,https://coveinterior.com/wp-content/uploads/2025/02/Mubkhar-beige.jpg,/media/wordpress-migration/2025/02/Mubkhar-beige.jpg,Mubkhar-beige.jpg
set_product_main_image,17552,14557,Mini Roshina Beige store,0,390214,Mini Roshina Beige store,archived,matched,https://coveinterior.com/wp-content/uploads/2023/12/MR2-gray-closed.jpg,https://coveinterior.com/wp-content/uploads/2023/12/MR2-gray-closed.jpg,/media/wordpress-migration/2023/12/MR2-gray-closed.jpg,MR2-gray-closed.jpg
set_product_main_image,14431,12561,Mini Roshina gray store,0,390155,Mini Roshina gray store,archived,matched,https://coveinterior.com/wp-content/uploads/2023/12/MR2-gray-closed.jpg,https://coveinterior.com/wp-content/uploads/2023/12/MR2-gray-closed.jpg,/media/wordpress-migration/2023/12/MR2-gray-closed.jpg,MR2-gray-closed.jpg
set_product_main_image,14408,12559,Mini Roshina gray event,0,390152,Mini Roshina gray event,archived,matched,https://coveinterior.com/wp-content/uploads/2023/12/MR2-gray-closed.jpg,https://coveinterior.com/wp-content/uploads/2023/12/MR2-gray-closed.jpg,/media/wordpress-migration/2023/12/MR2-gray-closed.jpg,MR2-gray-closed.jpg
set_product_main_image,14313,12554,Mini Roshina Gray,0,390148,Mini Roshina Gray,active,matched,https://coveinterior.com/wp-content/uploads/2023/12/MR2-gray-closed.jpg,https://coveinterior.com/wp-content/uploads/2023/12/MR2-gray-closed.jpg,/media/wordpress-migration/2023/12/MR2-gray-closed.jpg,MR2-gray-closed.jpg
set_product_gallery_image,17552,14557,Mini Roshina Beige store,1,390214,Mini Roshina Beige store,archived,matched,https://coveinterior.com/wp-content/uploads/2023/12/MR6-gray.jpg,https://coveinterior.com/wp-content/uploads/2023/12/MR6-gray.jpg,/media/wordpress-migration/2023/12/MR6-gray.jpg,MR6-gray.jpg
set_product_gallery_image,14431,12561,Mini Roshina gray store,1,390155,Mini Roshina gray store,archived,matched,https://coveinterior.com/wp-content/uploads/2023/12/MR6-gray.jpg,https://coveinterior.com/wp-content/uploads/2023/12/MR6-gray.jpg,/media/wordpress-migration/2023/12/MR6-gray.jpg,MR6-gray.jpg
set_product_gallery_image,14408,12559,Mini Roshina gray event,1,390152,Mini Roshina gray event,archived,matched,https://coveinterior.com/wp-content/uploads/2023/12/MR6-gray.jpg,https://coveinterior.com/wp-content/uploads/2023/12/MR6-gray.jpg,/media/wordpress-migration/2023/12/MR6-gray.jpg,MR6-gray.jpg
set_product_gallery_image,14313,12554,Mini Roshina Gray,1,390148,Mini Roshina Gray,active,matched,https://coveinterior.com/wp-content/uploads/2023/12/MR6-gray.jpg,https://coveinterior.com/wp-content/uploads/2023/12/MR6-gray.jpg,/media/wordpress-migration/2023/12/MR6-gray.jpg,MR6-gray.jpg
set_product_gallery_image,17552,14557,Mini Roshina Beige store,2,390214,Mini Roshina Beige store,archived,matched,https://coveinterior.com/wp-content/uploads/2023/12/MR5-gray.jpg,https://coveinterior.com/wp-content/uploads/2023/12/MR5-gray.jpg,/media/wordpress-migration/2023/12/MR5-gray.jpg,MR5-gray.jpg
set_product_gallery_image,14431,12561,Mini Roshina gray store,2,390155,Mini Roshina gray store,archived,matched,https://coveinterior.com/wp-content/uploads/2023/12/MR5-gray.jpg,https://coveinterior.com/wp-content/uploads/2023/12/MR5-gray.jpg,/media/wordpress-migration/2023/12/MR5-gray.jpg,MR5-gray.jpg
set_product_gallery_image,14408,12559,Mini Roshina gray event,2,390152,Mini Roshina gray event,archived,matched,https://coveinterior.com/wp-content/uploads/2023/12/MR5-gray.jpg,https://coveinterior.com/wp-content/uploads/2023/12/MR5-gray.jpg,/media/wordpress-migration/2023/12/MR5-gray.jpg,MR5-gray.jpg
set_product_gallery_image,14313,12554,Mini Roshina Gray,2,390148,Mini Roshina Gray,active,matched,https://coveinterior.com/wp-content/uploads/2023/12/MR5-gray.jpg,https://coveinterior.com/wp-content/uploads/2023/12/MR5-gray.jpg,/media/wordpress-migration/2023/12/MR5-gray.jpg,MR5-gray.jpg
set_product_gallery_image,17552,14557,Mini Roshina Beige store,3,390214,Mini Roshina Beige store,archived,matched,https://coveinterior.com/wp-content/uploads/2023/12/MR4-gray.jpg,https://coveinterior.com/wp-content/uploads/2023/12/MR4-gray.jpg,/media/wordpress-migration/2023/12/MR4-gray.jpg,MR4-gray.jpg
set_product_gallery_image,14431,12561,Mini Roshina gray store,3,390155,Mini Roshina gray store,archived,matched,https://coveinterior.com/wp-content/uploads/2023/12/MR4-gray.jpg,https://coveinterior.com/wp-content/uploads/2023/12/MR4-gray.jpg,/media/wordpress-migration/2023/12/MR4-gray.jpg,MR4-gray.jpg
set_product_gallery_image,14408,12559,Mini Roshina gray event,3,390152,Mini Roshina gray event,archived,matched,https://coveinterior.com/wp-content/uploads/2023/12/MR4-gray.jpg,https://coveinterior.com/wp-content/uploads/2023/12/MR4-gray.jpg,/media/wordpress-migration/2023/12/MR4-gray.jpg,MR4-gray.jpg
set_product_gallery_image,14313,12554,Mini Roshina Gray,3,390148,Mini Roshina Gray,active,matched,https://coveinterior.com/wp-content/uploads/2023/12/MR4-gray.jpg,https://coveinterior.com/wp-content/uploads/2023/12/MR4-gray.jpg,/media/wordpress-migration/2023/12/MR4-gray.jpg,MR4-gray.jpg
set_product_gallery_image,17552,14557,Mini Roshina Beige store,4,390214,Mini Roshina Beige store,archived,matched,https://coveinterior.com/wp-content/uploads/2023/12/MR3-gray-closed.jpg,https://coveinterior.com/wp-content/uploads/2023/12/MR3-gray-closed.jpg,/media/wordpress-migration/2023/12/MR3-gray-closed.jpg,MR3-gray-closed.jpg
set_product_gallery_image,14431,12561,Mini Roshina gray store,4,390155,Mini Roshina gray store,archived,matched,https://coveinterior.com/wp-content/uploads/2023/12/MR3-gray-closed.jpg,https://coveinterior.com/wp-content/uploads/2023/12/MR3-gray-closed.jpg,/media/wordpress-migration/2023/12/MR3-gray-closed.jpg,MR3-gray-closed.jpg
set_product_gallery_image,14408,12559,Mini Roshina gray event,4,390152,Mini Roshina gray event,archived,matched,https://coveinterior.com/wp-content/uploads/2023/12/MR3-gray-closed.jpg,https://coveinterior.com/wp-content/uploads/2023/12/MR3-gray-closed.jpg,/media/wordpress-migration/2023/12/MR3-gray-closed.jpg,MR3-gray-closed.jpg
set_product_gallery_image,14313,12554,Mini Roshina Gray,4,390148,Mini Roshina Gray,active,matched,https://coveinterior.com/wp-content/uploads/2023/12/MR3-gray-closed.jpg,https://coveinterior.com/wp-content/uploads/2023/12/MR3-gray-closed.jpg,/media/wordpress-migration/2023/12/MR3-gray-closed.jpg,MR3-gray-closed.jpg
set_product_gallery_image,17552,14557,Mini Roshina Beige store,5,390214,Mini Roshina Beige store,archived,matched,https://coveinterior.com/wp-content/uploads/2023/12/MR3-gray-opened.jpg,https://coveinterior.com/wp-content/uploads/2023/12/MR3-gray-opened.jpg,/media/wordpress-migration/2023/12/MR3-gray-opened.jpg,MR3-gray-opened.jpg
set_product_gallery_image,14431,12561,Mini Roshina gray store,5,390155,Mini Roshina gray store,archived,matched,https://coveinterior.com/wp-content/uploads/2023/12/MR3-gray-opened.jpg,https://coveinterior.com/wp-content/uploads/2023/12/MR3-gray-opened.jpg,/media/wordpress-migration/2023/12/MR3-gray-opened.jpg,MR3-gray-opened.jpg
set_product_gallery_image,14408,12559,Mini Roshina gray event,5,390152,Mini Roshina gray event,archived,matched,https://coveinterior.com/wp-content/uploads/2023/12/MR3-gray-opened.jpg,https://coveinterior.com/wp-content/uploads/2023/12/MR3-gray-opened.jpg,/media/wordpress-migration/2023/12/MR3-gray-opened.jpg,MR3-gray-opened.jpg
set_product_gallery_image,14313,12554,Mini Roshina Gray,5,390148,Mini Roshina Gray,active,matched,https://coveinterior.com/wp-content/uploads/2023/12/MR3-gray-opened.jpg,https://coveinterior.com/wp-content/uploads/2023/12/MR3-gray-opened.jpg,/media/wordpress-migration/2023/12/MR3-gray-opened.jpg,MR3-gray-opened.jpg
set_product_gallery_image,17552,14557,Mini Roshina Beige store,6,390214,Mini Roshina Beige store,archived,matched,https://coveinterior.com/wp-content/uploads/2023/01/roshina-package.jpeg,https://coveinterior.com/wp-content/uploads/2023/01/roshina-package.jpeg,/media/wordpress-migration/2023/01/roshina-package.jpeg,roshina-package.jpeg
set_product_gallery_image,17419,12557,Mini Roshina Beige,5,390207,Mini Roshina Beige,active,matched,https://coveinterior.com/wp-content/uploads/2023/01/roshina-package.jpeg,https://coveinterior.com/wp-content/uploads/2023/01/roshina-package.jpeg,/media/wordpress-migration/2023/01/roshina-package.jpeg,roshina-package.jpeg
set_product_gallery_image,14521,112277,Roshina 2 Off White event,5,390168,Roshina 2 Off White event,archived,matched,https://coveinterior.com/wp-content/uploads/2023/01/roshina-package.jpeg,https://coveinterior.com/wp-content/uploads/2023/01/roshina-package.jpeg,/media/wordpress-migration/2023/01/roshina-package.jpeg,roshina-package.jpeg
set_product_gallery_image,14511,112276,Roshina 2 Dark Green event,5,390167,Roshina 2 Dark Green event,archived,matched,https://coveinterior.com/wp-content/uploads/2023/01/roshina-package.jpeg,https://coveinterior.com/wp-content/uploads/2023/01/roshina-package.jpeg,/media/wordpress-migration/2023/01/roshina-package.jpeg,roshina-package.jpeg
set_product_gallery_image,14505,112275,Roshina 2 Cement green event,5,390166,Roshina 2 Cement green event,archived,matched,https://coveinterior.com/wp-content/uploads/2023/01/roshina-package.jpeg,https://coveinterior.com/wp-content/uploads/2023/01/roshina-package.jpeg,/media/wordpress-migration/2023/01/roshina-package.jpeg,roshina-package.jpeg
set_product_gallery_image,14437,12562,Mini Roshina Black store,6,390156,Mini Roshina Black store,archived,matched,https://coveinterior.com/wp-content/uploads/2023/01/roshina-package.jpeg,https://coveinterior.com/wp-content/uploads/2023/01/roshina-package.jpeg,/media/wordpress-migration/2023/01/roshina-package.jpeg,roshina-package.jpeg
set_product_gallery_image,14431,12561,Mini Roshina gray store,6,390155,Mini Roshina gray store,archived,matched,https://coveinterior.com/wp-content/uploads/2023/01/roshina-package.jpeg,https://coveinterior.com/wp-content/uploads/2023/01/roshina-package.jpeg,/media/wordpress-migration/2023/01/roshina-package.jpeg,roshina-package.jpeg
set_product_gallery_image,14414,12558,Mini Roshina Black event,6,390153,Mini Roshina Black event,archived,matched,https://coveinterior.com/wp-content/uploads/2023/01/roshina-package.jpeg,https://coveinterior.com/wp-content/uploads/2023/01/roshina-package.jpeg,/media/wordpress-migration/2023/01/roshina-package.jpeg,roshina-package.jpeg
set_product_gallery_image,14408,12559,Mini Roshina gray event,6,390152,Mini Roshina gray event,archived,matched,https://coveinterior.com/wp-content/uploads/2023/01/roshina-package.jpeg,https://coveinterior.com/wp-content/uploads/2023/01/roshina-package.jpeg,/media/wordpress-migration/2023/01/roshina-package.jpeg,roshina-package.jpeg
set_product_gallery_image,14400,12556,Mini Roshina White event,6,390151,Mini Roshina White event,archived,matched,https://coveinterior.com/wp-content/uploads/2023/01/roshina-package.jpeg,https://coveinterior.com/wp-content/uploads/2023/01/roshina-package.jpeg,/media/wordpress-migration/2023/01/roshina-package.jpeg,roshina-package.jpeg
set_product_gallery_image,14313,12554,Mini Roshina Gray,6,390148,Mini Roshina Gray,active,matched,https://coveinterior.com/wp-content/uploads/2023/01/roshina-package.jpeg,https://coveinterior.com/wp-content/uploads/2023/01/roshina-package.jpeg,/media/wordpress-migration/2023/01/roshina-package.jpeg,roshina-package.jpeg
set_product_gallery_image,14289,12553,Mini Roshina Black,6,390147,Mini Roshina Black,active,matched,https://coveinterior.com/wp-content/uploads/2023/01/roshina-package.jpeg,https://coveinterior.com/wp-content/uploads/2023/01/roshina-package.jpeg,/media/wordpress-migration/2023/01/roshina-package.jpeg,roshina-package.jpeg
set_product_gallery_image,14258,12538,Roshina 3 Camel event,4,390146,Roshina 3 Camel event,archived,matched,https://coveinterior.com/wp-content/uploads/2023/01/roshina-package.jpeg,https://coveinterior.com/wp-content/uploads/2023/01/roshina-package.jpeg,/media/wordpress-migration/2023/01/roshina-package.jpeg,roshina-package.jpeg
set_product_gallery_image,14250,12537,Roshina 3 Light Blue event,4,390145,Roshina 3 Light Blue event,archived,matched,https://coveinterior.com/wp-content/uploads/2023/01/roshina-package.jpeg,https://coveinterior.com/wp-content/uploads/2023/01/roshina-package.jpeg,/media/wordpress-migration/2023/01/roshina-package.jpeg,roshina-package.jpeg
set_product_gallery_image,14242,12535,Roshina 3 Maroon event,4,390144,Roshina 3 Maroon event,archived,matched,https://coveinterior.com/wp-content/uploads/2023/01/roshina-package.jpeg,https://coveinterior.com/wp-content/uploads/2023/01/roshina-package.jpeg,/media/wordpress-migration/2023/01/roshina-package.jpeg,roshina-package.jpeg
set_product_gallery_image,14234,12534,Roshina 2 Wooden event,4,390143,Roshina 2 Wooden event,archived,matched,https://coveinterior.com/wp-content/uploads/2023/01/roshina-package.jpeg,https://coveinterior.com/wp-content/uploads/2023/01/roshina-package.jpeg,/media/wordpress-migration/2023/01/roshina-package.jpeg,roshina-package.jpeg
set_product_gallery_image,12851,12724,Roshina 2 Wooden store,4,390121,Roshina 2 Wooden store,archived,matched,https://coveinterior.com/wp-content/uploads/2023/01/roshina-package.jpeg,https://coveinterior.com/wp-content/uploads/2023/01/roshina-package.jpeg,/media/wordpress-migration/2023/01/roshina-package.jpeg,roshina-package.jpeg
set_product_gallery_image,12721,12721,Roshina 2 Wooden,4,390119,Roshina 2 Wooden,active,matched,https://coveinterior.com/wp-content/uploads/2023/01/roshina-package.jpeg,https://coveinterior.com/wp-content/uploads/2023/01/roshina-package.jpeg,/media/wordpress-migration/2023/01/roshina-package.jpeg,roshina-package.jpeg
set_product_gallery_image,12702,12702,Roshina 3 Maroon store,4,390118,Roshina 3 Maroon store,archived,matched,https://coveinterior.com/wp-content/uploads/2023/01/roshina-package.jpeg,https://coveinterior.com/wp-content/uploads/2023/01/roshina-package.jpeg,/media/wordpress-migration/2023/01/roshina-package.jpeg,roshina-package.jpeg
set_product_gallery_image,12694,12694,Roshina 3 Maroon,6,390117,Roshina 3 Maroon,active,matched,https://coveinterior.com/wp-content/uploads/2023/01/roshina-package.jpeg,https://coveinterior.com/wp-content/uploads/2023/01/roshina-package.jpeg,/media/wordpress-migration/2023/01/roshina-package.jpeg,roshina-package.jpeg
set_product_gallery_image,12686,12686,Roshina 3 Light Blue store,4,390116,Roshina 3 Light Blue store,archived,matched,https://coveinterior.com/wp-content/uploads/2023/01/roshina-package.jpeg,https://coveinterior.com/wp-content/uploads/2023/01/roshina-package.jpeg,/media/wordpress-migration/2023/01/roshina-package.jpeg,roshina-package.jpeg
set_product_gallery_image,12678,12678,Roshina 3 Light Blue,6,390115,Roshina 3 Light Blue,active,matched,https://coveinterior.com/wp-content/uploads/2023/01/roshina-package.jpeg,https://coveinterior.com/wp-content/uploads/2023/01/roshina-package.jpeg,/media/wordpress-migration/2023/01/roshina-package.jpeg,roshina-package.jpeg
set_product_gallery_image,12669,12669,Roshina 3 Camel,6,390114,Roshina 3 Camel,active,matched,https://coveinterior.com/wp-content/uploads/2023/01/roshina-package.jpeg,https://coveinterior.com/wp-content/uploads/2023/01/roshina-package.jpeg,/media/wordpress-migration/2023/01/roshina-package.jpeg,roshina-package.jpeg
set_product_gallery_image,12636,12636,Roshina 3 Camel store,4,390113,Roshina 3 Camel store,archived,matched,https://coveinterior.com/wp-content/uploads/2023/01/roshina-package.jpeg,https://coveinterior.com/wp-content/uploads/2023/01/roshina-package.jpeg,/media/wordpress-migration/2023/01/roshina-package.jpeg,roshina-package.jpeg
set_product_gallery_image,12610,12610,Roshina 1 Black,6,390112,Roshina 1 Black,active,matched,https://coveinterior.com/wp-content/uploads/2023/01/roshina-package.jpeg,https://coveinterior.com/wp-content/uploads/2023/01/roshina-package.jpeg,/media/wordpress-migration/2023/01/roshina-package.jpeg,roshina-package.jpeg
set_product_gallery_image,12197,112259,Roshina 2 Off White,5,390071,Roshina 2 Off White,active,matched,https://coveinterior.com/wp-content/uploads/2023/01/roshina-package.jpeg,https://coveinterior.com/wp-content/uploads/2023/01/roshina-package.jpeg,/media/wordpress-migration/2023/01/roshina-package.jpeg,roshina-package.jpeg
set_product_gallery_image,12181,112257,Roshina 2 Dark Green Store,5,390069,Roshina 2 Dark Green Store,archived,matched,https://coveinterior.com/wp-content/uploads/2023/01/roshina-package.jpeg,https://coveinterior.com/wp-content/uploads/2023/01/roshina-package.jpeg,/media/wordpress-migration/2023/01/roshina-package.jpeg,roshina-package.jpeg
set_product_gallery_image,12173,112256,Roshina 2 Dark Green,5,390068,Roshina 2 Dark Green,active,matched,https://coveinterior.com/wp-content/uploads/2023/01/roshina-package.jpeg,https://coveinterior.com/wp-content/uploads/2023/01/roshina-package.jpeg,/media/wordpress-migration/2023/01/roshina-package.jpeg,roshina-package.jpeg
set_product_gallery_image,12157,112255,Roshina 2 Cement green,5,390066,Roshina 2 Cement green,active,matched,https://coveinterior.com/wp-content/uploads/2023/01/roshina-package.jpeg,https://coveinterior.com/wp-content/uploads/2023/01/roshina-package.jpeg,/media/wordpress-migration/2023/01/roshina-package.jpeg,roshina-package.jpeg
set_product_gallery_image,12040,112239,Roshina 1 Petrol,6,390064,Roshina 1 Petrol,active,matched,https://coveinterior.com/wp-content/uploads/2023/01/roshina-package.jpeg,https://coveinterior.com/wp-content/uploads/2023/01/roshina-package.jpeg,/media/wordpress-migration/2023/01/roshina-package.jpeg,roshina-package.jpeg
set_product_gallery_image,11948,112233,Roshina 1 Beige,6,390059,Roshina 1 Beige,active,matched,https://coveinterior.com/wp-content/uploads/2023/01/roshina-package.jpeg,https://coveinterior.com/wp-content/uploads/2023/01/roshina-package.jpeg,/media/wordpress-migration/2023/01/roshina-package.jpeg,roshina-package.jpeg
set_product_main_image,17419,12557,Mini Roshina Beige,0,390207,Mini Roshina Beige,active,matched,https://coveinterior.com/wp-content/uploads/2025/02/Mini-Roshina-1.jpg,https://coveinterior.com/wp-content/uploads/2025/02/Mini-Roshina-1.jpg,/media/wordpress-migration/2025/02/Mini-Roshina-1.jpg,Mini-Roshina-1.jpg
set_product_gallery_image,17419,12557,Mini Roshina Beige,1,390207,Mini Roshina Beige,active,matched,https://coveinterior.com/wp-content/uploads/2025/02/Mini-Roshina-9.jpg,https://coveinterior.com/wp-content/uploads/2025/02/Mini-Roshina-9.jpg,/media/wordpress-migration/2025/02/Mini-Roshina-9.jpg,Mini-Roshina-9.jpg
set_product_gallery_image,17419,12557,Mini Roshina Beige,2,390207,Mini Roshina Beige,active,matched,https://coveinterior.com/wp-content/uploads/2025/02/Mini-Roshina-8.jpg,https://coveinterior.com/wp-content/uploads/2025/02/Mini-Roshina-8.jpg,/media/wordpress-migration/2025/02/Mini-Roshina-8.jpg,Mini-Roshina-8.jpg
set_product_gallery_image,17419,12557,Mini Roshina Beige,3,390207,Mini Roshina Beige,active,matched,https://coveinterior.com/wp-content/uploads/2025/02/Mini-Roshina-3.jpg,https://coveinterior.com/wp-content/uploads/2025/02/Mini-Roshina-3.jpg,/media/wordpress-migration/2025/02/Mini-Roshina-3.jpg,Mini-Roshina-3.jpg
set_product_gallery_image,17419,12557,Mini Roshina Beige,4,390207,Mini Roshina Beige,active,matched,https://coveinterior.com/wp-content/uploads/2025/02/Mini-Roshina-4.jpg,https://coveinterior.com/wp-content/uploads/2025/02/Mini-Roshina-4.jpg,/media/wordpress-migration/2025/02/Mini-Roshina-4.jpg,Mini-Roshina-4.jpg
set_product_main_image,17244,17195,Beige Trash Bin,0,390203,Beige Trash Bin,active,matched,https://coveinterior.com/wp-content/uploads/2025/02/trash-bin-beige-1-zoom.png,https://coveinterior.com/wp-content/uploads/2025/02/trash-bin-beige-1-zoom.png,/media/wordpress-migration/2025/02/trash-bin-beige-1-zoom.png,trash-bin-beige-1-zoom.png
set_product_main_image,17235,17187,Bronze Trash Bin,0,390202,Bronze Trash Bin,active,matched,https://coveinterior.com/wp-content/uploads/2025/02/trash-bin-bronze-1-zoom.png,https://coveinterior.com/wp-content/uploads/2025/02/trash-bin-bronze-1-zoom.png,/media/wordpress-migration/2025/02/trash-bin-bronze-1-zoom.png,trash-bin-bronze-1-zoom.png
set_product_main_image,17186,17186,Black Trash Bin,0,390201,Black Trash Bin,active,matched,https://coveinterior.com/wp-content/uploads/2025/02/trash-bin-black-1-zoom.png,https://coveinterior.com/wp-content/uploads/2025/02/trash-bin-black-1-zoom.png,/media/wordpress-migration/2025/02/trash-bin-black-1-zoom.png,trash-bin-black-1-zoom.png
set_product_main_image,16930,,chair,0,390200,chair,active,matched,https://coveinterior.com/wp-content/uploads/2024/12/chair.jpeg,https://coveinterior.com/wp-content/uploads/2024/12/chair.jpeg,/media/wordpress-migration/2024/12/chair.jpeg,chair.jpeg
set_product_main_image,16926,,sofa 2,0,390199,sofa 2,active,matched,https://coveinterior.com/wp-content/uploads/2024/12/sofa-2.jpeg,https://coveinterior.com/wp-content/uploads/2024/12/sofa-2.jpeg,/media/wordpress-migration/2024/12/sofa-2.jpeg,sofa-2.jpeg
set_product_main_image,16922,,sofa,0,390198,sofa,active,matched,https://coveinterior.com/wp-content/uploads/2024/12/sofa.jpeg,https://coveinterior.com/wp-content/uploads/2024/12/sofa.jpeg,/media/wordpress-migration/2024/12/sofa.jpeg,sofa.jpeg
set_product_main_image,16798,,Wall Light B shop,0,390197,Wall Light B shop,active,matched,https://coveinterior.com/wp-content/uploads/2024/10/standard.png,https://coveinterior.com/wp-content/uploads/2024/10/standard.png,/media/wordpress-migration/2024/10/standard.png,standard.png
set_product_main_image,16796,,Wall Light A shop,0,390196,Wall Light A shop,active,matched,https://coveinterior.com/wp-content/uploads/2024/10/long.png,https://coveinterior.com/wp-content/uploads/2024/10/long.png,/media/wordpress-migration/2024/10/long.png,long.png
set_product_main_image,16226,12771,Passage Mini Lighter - Rose Gold,0,390192,Passage Mini Lighter - Rose Gold,active,matched,https://coveinterior.com/wp-content/uploads/2024/08/Rose-Mini-Lighter.jpeg,https://coveinterior.com/wp-content/uploads/2024/08/Rose-Mini-Lighter.jpeg,/media/wordpress-migration/2024/08/Rose-Mini-Lighter.jpeg,Rose-Mini-Lighter.jpeg
set_product_main_image,16225,12770,Passage Mini Lighter - Black,0,390191,Passage Mini Lighter - Black,active,matched,https://coveinterior.com/wp-content/uploads/2024/08/Black-Mini-lighter.jpeg,https://coveinterior.com/wp-content/uploads/2024/08/Black-Mini-lighter.jpeg,/media/wordpress-migration/2024/08/Black-Mini-lighter.jpeg,Black-Mini-lighter.jpeg
set_product_main_image,16224,12769,Passage Lighter - Black,0,390190,Passage Lighter - Black,active,matched,https://coveinterior.com/wp-content/uploads/2024/08/Big-lighter.jpeg,https://coveinterior.com/wp-content/uploads/2024/08/Big-lighter.jpeg,/media/wordpress-migration/2024/08/Big-lighter.jpeg,Big-lighter.jpeg
set_product_main_image,16223,12768,Passage Golden Lamp Wick,0,390189,Passage Golden Lamp Wick,active,matched,https://coveinterior.com/wp-content/uploads/2024/08/Wick-lamp.jpeg,https://coveinterior.com/wp-content/uploads/2024/08/Wick-lamp.jpeg,/media/wordpress-migration/2024/08/Wick-lamp.jpeg,Wick-lamp.jpeg
set_product_main_image,16222,12767,Passage Refill Lamparfum - Vanilla,0,390188,Passage Refill Lamparfum - Vanilla,active,matched,https://coveinterior.com/wp-content/uploads/2024/08/Oil-Vanilla.jpeg,https://coveinterior.com/wp-content/uploads/2024/08/Oil-Vanilla.jpeg,/media/wordpress-migration/2024/08/Oil-Vanilla.jpeg,Oil-Vanilla.jpeg
set_product_main_image,16221,12766,Passage Refill Lamparfum - Spa,0,390187,Passage Refill Lamparfum - Spa,active,matched,https://coveinterior.com/wp-content/uploads/2024/08/Oil-Spa.jpeg,https://coveinterior.com/wp-content/uploads/2024/08/Oil-Spa.jpeg,/media/wordpress-migration/2024/08/Oil-Spa.jpeg,Oil-Spa.jpeg
set_product_main_image,16220,12765,Passage Refill Lamparfum - Hotel,0,390186,Passage Refill Lamparfum - Hotel,active,matched,https://coveinterior.com/wp-content/uploads/2024/08/Oil-Hotel.jpeg,https://coveinterior.com/wp-content/uploads/2024/08/Oil-Hotel.jpeg,/media/wordpress-migration/2024/08/Oil-Hotel.jpeg,Oil-Hotel.jpeg
set_product_main_image,16219,12764,Passage Refill Lamparfum - Flora,0,390185,Passage Refill Lamparfum - Flora,active,matched,https://coveinterior.com/wp-content/uploads/2024/08/Oil-Flora.jpeg,https://coveinterior.com/wp-content/uploads/2024/08/Oil-Flora.jpeg,/media/wordpress-migration/2024/08/Oil-Flora.jpeg,Oil-Flora.jpeg
set_product_main_image,16218,12763,Passage Lamp - Blue,0,390184,Passage Lamp - Blue,active,matched,https://coveinterior.com/wp-content/uploads/2024/08/Blue-lamp.jpeg,https://coveinterior.com/wp-content/uploads/2024/08/Blue-lamp.jpeg,/media/wordpress-migration/2024/08/Blue-lamp.jpeg,Blue-lamp.jpeg
set_product_main_image,16217,12762,Passage Lamp - Rose Gold,0,390183,Passage Lamp - Rose Gold,active,matched,https://coveinterior.com/wp-content/uploads/2024/08/Rose-Gold-lamp.jpeg,https://coveinterior.com/wp-content/uploads/2024/08/Rose-Gold-lamp.jpeg,/media/wordpress-migration/2024/08/Rose-Gold-lamp.jpeg,Rose-Gold-lamp.jpeg
set_product_main_image,16216,12761,Passage Lamp - Black,0,390182,Passage Lamp - Black,active,matched,https://coveinterior.com/wp-content/uploads/2024/08/Black-lamp.jpeg,https://coveinterior.com/wp-content/uploads/2024/08/Black-lamp.jpeg,/media/wordpress-migration/2024/08/Black-lamp.jpeg,Black-lamp.jpeg
set_product_main_image,16215,12760,Passage Lamp - Gold,0,390181,Passage Lamp - Gold,active,matched,https://coveinterior.com/wp-content/uploads/2024/08/Gold-lamp.jpeg,https://coveinterior.com/wp-content/uploads/2024/08/Gold-lamp.jpeg,/media/wordpress-migration/2024/08/Gold-lamp.jpeg,Gold-lamp.jpeg
set_product_main_image,16065,12475,Classic 225 Brown,0,390180,Classic 225 Brown,active,matched,https://coveinterior.com/wp-content/uploads/2022/07/classic-225-gold.jpg,https://coveinterior.com/wp-content/uploads/2022/07/classic-225-gold.jpg,/media/wordpress-migration/2022/07/classic-225-gold.jpg,classic-225-gold.jpg
set_product_main_image,12486,12486,Classic 225 Gold,0,390089,Classic 225 Gold,active,matched,https://coveinterior.com/wp-content/uploads/2022/07/classic-225-gold.jpg,https://coveinterior.com/wp-content/uploads/2022/07/classic-225-gold.jpg,/media/wordpress-migration/2022/07/classic-225-gold.jpg,classic-225-gold.jpg
set_product_main_image,15536,,لوحة المراية المزخرفة,0,390179,لوحة المراية المزخرفة,active,matched,https://coveinterior.com/wp-content/uploads/2024/05/1.jpeg,https://coveinterior.com/wp-content/uploads/2024/05/1.jpeg,/media/wordpress-migration/2024/05/1.jpeg,1.jpeg
set_product_main_image,14962,12581,لوحة اسماء الله الحسنى الرباعية,0,390178,لوحة اسماء الله الحسنى الرباعية,active,matched,https://coveinterior.com/wp-content/uploads/2024/01/لوحة-اسماء-الله-الحسنى-الرباعية-450.jpeg,https://coveinterior.com/wp-content/uploads/2024/01/لوحة-اسماء-الله-الحسنى-الرباعية-450.jpeg,/media/wordpress-migration/2024/01/لوحة-اسماء-الله-الحسنى-الرباعية-450.jpeg,لوحة-اسماء-الله-الحسنى-الرباعية-450.jpeg
set_product_main_image,14960,12580,لوحة الطاووس,0,390177,لوحة الطاووس,active,matched,https://coveinterior.com/wp-content/uploads/2024/01/لوحة-الطاووس-150.jpeg,https://coveinterior.com/wp-content/uploads/2024/01/لوحة-الطاووس-150.jpeg,/media/wordpress-migration/2024/01/لوحة-الطاووس-150.jpeg,لوحة-الطاووس-150.jpeg
set_product_main_image,14958,12579,لوحة الأبواب,0,390176,لوحة الأبواب,active,matched,https://coveinterior.com/wp-content/uploads/2024/01/لوحة-الأبواب-130.jpeg,https://coveinterior.com/wp-content/uploads/2024/01/لوحة-الأبواب-130.jpeg,/media/wordpress-migration/2024/01/لوحة-الأبواب-130.jpeg,لوحة-الأبواب-130.jpeg
set_product_main_image,14956,12578,لوحة تكرار الله,0,390175,لوحة تكرار الله,active,matched,https://coveinterior.com/wp-content/uploads/2024/01/لوحة-تكرار-الله-130.jpeg,https://coveinterior.com/wp-content/uploads/2024/01/لوحة-تكرار-الله-130.jpeg,/media/wordpress-migration/2024/01/لوحة-تكرار-الله-130.jpeg,لوحة-تكرار-الله-130.jpeg
set_product_main_image,14954,12577,لوحة البسملة,0,390174,لوحة البسملة,active,matched,https://coveinterior.com/wp-content/uploads/2024/01/لوحة-البسملة-60.jpeg,https://coveinterior.com/wp-content/uploads/2024/01/لوحة-البسملة-60.jpeg,/media/wordpress-migration/2024/01/لوحة-البسملة-60.jpeg,لوحة-البسملة-60.jpeg
set_product_main_image,14952,12576,لوحة العفو,0,390173,لوحة العفو,active,matched,https://coveinterior.com/wp-content/uploads/2024/01/لوحة-العفو-150.jpeg,https://coveinterior.com/wp-content/uploads/2024/01/لوحة-العفو-150.jpeg,/media/wordpress-migration/2024/01/لوحة-العفو-150.jpeg,لوحة-العفو-150.jpeg
set_product_main_image,14950,12575,لوحة كن جميلاً,0,390172,لوحة كن جميلاً,active,matched,https://coveinterior.com/wp-content/uploads/2024/01/لوحة-كن-جميلاً-60.jpeg,https://coveinterior.com/wp-content/uploads/2024/01/لوحة-كن-جميلاً-60.jpeg,/media/wordpress-migration/2024/01/لوحة-كن-جميلاً-60.jpeg,لوحة-كن-جميلاً-60.jpeg
set_product_main_image,14947,12574,لوحة الفلق,0,390171,لوحة الفلق,active,matched,https://coveinterior.com/wp-content/uploads/2024/01/لوحة-الفلق-140.jpeg,https://coveinterior.com/wp-content/uploads/2024/01/لوحة-الفلق-140.jpeg,/media/wordpress-migration/2024/01/لوحة-الفلق-140.jpeg,لوحة-الفلق-140.jpeg
set_product_main_image,14945,12573,لوحة الكرسي,0,390170,لوحة الكرسي,active,matched,https://coveinterior.com/wp-content/uploads/2024/01/لوحة-الكرسي-150.jpeg,https://coveinterior.com/wp-content/uploads/2024/01/لوحة-الكرسي-150.jpeg,/media/wordpress-migration/2024/01/لوحة-الكرسي-150.jpeg,لوحة-الكرسي-150.jpeg
set_product_main_image,14923,12572,لوحة لا اله الا الله,0,390169,لوحة لا اله الا الله,active,matched,https://coveinterior.com/wp-content/uploads/2024/01/لوحة-لا-اله-الا-الله-130.jpeg,https://coveinterior.com/wp-content/uploads/2024/01/لوحة-لا-اله-الا-الله-130.jpeg,/media/wordpress-migration/2024/01/لوحة-لا-اله-الا-الله-130.jpeg,لوحة-لا-اله-الا-الله-130.jpeg
set_product_main_image,14521,112277,Roshina 2 Off White event,0,390168,Roshina 2 Off White event,archived,matched,https://coveinterior.com/wp-content/uploads/2023/01/Roshina-2-offwhite-1.jpg,https://coveinterior.com/wp-content/uploads/2023/01/Roshina-2-offwhite-1.jpg,/media/wordpress-migration/2023/01/Roshina-2-offwhite-1.jpg,Roshina-2-offwhite-1.jpg
set_product_main_image,12197,112259,Roshina 2 Off White,0,390071,Roshina 2 Off White,active,matched,https://coveinterior.com/wp-content/uploads/2023/01/Roshina-2-offwhite-1.jpg,https://coveinterior.com/wp-content/uploads/2023/01/Roshina-2-offwhite-1.jpg,/media/wordpress-migration/2023/01/Roshina-2-offwhite-1.jpg,Roshina-2-offwhite-1.jpg
set_product_main_image,12189,112258,Roshina 2 Off White Store,0,390070,Roshina 2 Off White Store,archived,matched,https://coveinterior.com/wp-content/uploads/2023/01/Roshina-2-offwhite-1.jpg,https://coveinterior.com/wp-content/uploads/2023/01/Roshina-2-offwhite-1.jpg,/media/wordpress-migration/2023/01/Roshina-2-offwhite-1.jpg,Roshina-2-offwhite-1.jpg
set_product_gallery_image,14521,112277,Roshina 2 Off White event,1,390168,Roshina 2 Off White event,archived,matched,https://coveinterior.com/wp-content/uploads/2023/01/Roshina-2-white-4.jpg,https://coveinterior.com/wp-content/uploads/2023/01/Roshina-2-white-4.jpg,/media/wordpress-migration/2023/01/Roshina-2-white-4.jpg,Roshina-2-white-4.jpg
set_product_gallery_image,12197,112259,Roshina 2 Off White,1,390071,Roshina 2 Off White,active,matched,https://coveinterior.com/wp-content/uploads/2023/01/Roshina-2-white-4.jpg,https://coveinterior.com/wp-content/uploads/2023/01/Roshina-2-white-4.jpg,/media/wordpress-migration/2023/01/Roshina-2-white-4.jpg,Roshina-2-white-4.jpg
set_product_gallery_image,14521,112277,Roshina 2 Off White event,2,390168,Roshina 2 Off White event,archived,matched,https://coveinterior.com/wp-content/uploads/2023/01/Roshina-2-offwhite-3.jpg,https://coveinterior.com/wp-content/uploads/2023/01/Roshina-2-offwhite-3.jpg,/media/wordpress-migration/2023/01/Roshina-2-offwhite-3.jpg,Roshina-2-offwhite-3.jpg
set_product_gallery_image,12197,112259,Roshina 2 Off White,2,390071,Roshina 2 Off White,active,matched,https://coveinterior.com/wp-content/uploads/2023/01/Roshina-2-offwhite-3.jpg,https://coveinterior.com/wp-content/uploads/2023/01/Roshina-2-offwhite-3.jpg,/media/wordpress-migration/2023/01/Roshina-2-offwhite-3.jpg,Roshina-2-offwhite-3.jpg
set_product_gallery_image,14521,112277,Roshina 2 Off White event,3,390168,Roshina 2 Off White event,archived,matched,https://coveinterior.com/wp-content/uploads/2023/01/Roshina-2-offwhite-2.jpg,https://coveinterior.com/wp-content/uploads/2023/01/Roshina-2-offwhite-2.jpg,/media/wordpress-migration/2023/01/Roshina-2-offwhite-2.jpg,Roshina-2-offwhite-2.jpg
set_product_gallery_image,12197,112259,Roshina 2 Off White,3,390071,Roshina 2 Off White,active,matched,https://coveinterior.com/wp-content/uploads/2023/01/Roshina-2-offwhite-2.jpg,https://coveinterior.com/wp-content/uploads/2023/01/Roshina-2-offwhite-2.jpg,/media/wordpress-migration/2023/01/Roshina-2-offwhite-2.jpg,Roshina-2-offwhite-2.jpg
set_product_gallery_image,14521,112277,Roshina 2 Off White event,4,390168,Roshina 2 Off White event,archived,matched,https://coveinterior.com/wp-content/uploads/2023/01/Roshina-2-white-5.jpg,https://coveinterior.com/wp-content/uploads/2023/01/Roshina-2-white-5.jpg,/media/wordpress-migration/2023/01/Roshina-2-white-5.jpg,Roshina-2-white-5.jpg
set_product_gallery_image,12197,112259,Roshina 2 Off White,4,390071,Roshina 2 Off White,active,matched,https://coveinterior.com/wp-content/uploads/2023/01/Roshina-2-white-5.jpg,https://coveinterior.com/wp-content/uploads/2023/01/Roshina-2-white-5.jpg,/media/wordpress-migration/2023/01/Roshina-2-white-5.jpg,Roshina-2-white-5.jpg
set_product_main_image,14511,112276,Roshina 2 Dark Green event,0,390167,Roshina 2 Dark Green event,archived,matched,https://coveinterior.com/wp-content/uploads/2023/01/Roshina-2-drakgreen-1.jpg,https://coveinterior.com/wp-content/uploads/2023/01/Roshina-2-drakgreen-1.jpg,/media/wordpress-migration/2023/01/Roshina-2-drakgreen-1.jpg,Roshina-2-drakgreen-1.jpg
set_product_main_image,12181,112257,Roshina 2 Dark Green Store,0,390069,Roshina 2 Dark Green Store,archived,matched,https://coveinterior.com/wp-content/uploads/2023/01/Roshina-2-drakgreen-1.jpg,https://coveinterior.com/wp-content/uploads/2023/01/Roshina-2-drakgreen-1.jpg,/media/wordpress-migration/2023/01/Roshina-2-drakgreen-1.jpg,Roshina-2-drakgreen-1.jpg
set_product_main_image,12173,112256,Roshina 2 Dark Green,0,390068,Roshina 2 Dark Green,active,matched,https://coveinterior.com/wp-content/uploads/2023/01/Roshina-2-drakgreen-1.jpg,https://coveinterior.com/wp-content/uploads/2023/01/Roshina-2-drakgreen-1.jpg,/media/wordpress-migration/2023/01/Roshina-2-drakgreen-1.jpg,Roshina-2-drakgreen-1.jpg
set_product_gallery_image,14511,112276,Roshina 2 Dark Green event,1,390167,Roshina 2 Dark Green event,archived,matched,https://coveinterior.com/wp-content/uploads/2023/01/Roshina-2-drakgreen-4.jpg,https://coveinterior.com/wp-content/uploads/2023/01/Roshina-2-drakgreen-4.jpg,/media/wordpress-migration/2023/01/Roshina-2-drakgreen-4.jpg,Roshina-2-drakgreen-4.jpg
set_product_gallery_image,12181,112257,Roshina 2 Dark Green Store,2,390069,Roshina 2 Dark Green Store,archived,matched,https://coveinterior.com/wp-content/uploads/2023/01/Roshina-2-drakgreen-4.jpg,https://coveinterior.com/wp-content/uploads/2023/01/Roshina-2-drakgreen-4.jpg,/media/wordpress-migration/2023/01/Roshina-2-drakgreen-4.jpg,Roshina-2-drakgreen-4.jpg
set_product_gallery_image,12173,112256,Roshina 2 Dark Green,1,390068,Roshina 2 Dark Green,active,matched,https://coveinterior.com/wp-content/uploads/2023/01/Roshina-2-drakgreen-4.jpg,https://coveinterior.com/wp-content/uploads/2023/01/Roshina-2-drakgreen-4.jpg,/media/wordpress-migration/2023/01/Roshina-2-drakgreen-4.jpg,Roshina-2-drakgreen-4.jpg
set_product_gallery_image,14511,112276,Roshina 2 Dark Green event,2,390167,Roshina 2 Dark Green event,archived,matched,https://coveinterior.com/wp-content/uploads/2023/01/Roshina-2-drakgreen-3.jpg,https://coveinterior.com/wp-content/uploads/2023/01/Roshina-2-drakgreen-3.jpg,/media/wordpress-migration/2023/01/Roshina-2-drakgreen-3.jpg,Roshina-2-drakgreen-3.jpg
set_product_gallery_image,12181,112257,Roshina 2 Dark Green Store,3,390069,Roshina 2 Dark Green Store,archived,matched,https://coveinterior.com/wp-content/uploads/2023/01/Roshina-2-drakgreen-3.jpg,https://coveinterior.com/wp-content/uploads/2023/01/Roshina-2-drakgreen-3.jpg,/media/wordpress-migration/2023/01/Roshina-2-drakgreen-3.jpg,Roshina-2-drakgreen-3.jpg
set_product_gallery_image,12173,112256,Roshina 2 Dark Green,2,390068,Roshina 2 Dark Green,active,matched,https://coveinterior.com/wp-content/uploads/2023/01/Roshina-2-drakgreen-3.jpg,https://coveinterior.com/wp-content/uploads/2023/01/Roshina-2-drakgreen-3.jpg,/media/wordpress-migration/2023/01/Roshina-2-drakgreen-3.jpg,Roshina-2-drakgreen-3.jpg
set_product_gallery_image,14511,112276,Roshina 2 Dark Green event,3,390167,Roshina 2 Dark Green event,archived,matched,https://coveinterior.com/wp-content/uploads/2023/01/Roshina-2-drakgreen-2.jpg,https://coveinterior.com/wp-content/uploads/2023/01/Roshina-2-drakgreen-2.jpg,/media/wordpress-migration/2023/01/Roshina-2-drakgreen-2.jpg,Roshina-2-drakgreen-2.jpg
set_product_gallery_image,12181,112257,Roshina 2 Dark Green Store,4,390069,Roshina 2 Dark Green Store,archived,matched,https://coveinterior.com/wp-content/uploads/2023/01/Roshina-2-drakgreen-2.jpg,https://coveinterior.com/wp-content/uploads/2023/01/Roshina-2-drakgreen-2.jpg,/media/wordpress-migration/2023/01/Roshina-2-drakgreen-2.jpg,Roshina-2-drakgreen-2.jpg
set_product_gallery_image,12173,112256,Roshina 2 Dark Green,3,390068,Roshina 2 Dark Green,active,matched,https://coveinterior.com/wp-content/uploads/2023/01/Roshina-2-drakgreen-2.jpg,https://coveinterior.com/wp-content/uploads/2023/01/Roshina-2-drakgreen-2.jpg,/media/wordpress-migration/2023/01/Roshina-2-drakgreen-2.jpg,Roshina-2-drakgreen-2.jpg
set_product_gallery_image,14511,112276,Roshina 2 Dark Green event,4,390167,Roshina 2 Dark Green event,archived,matched,https://coveinterior.com/wp-content/uploads/2023/01/Roshina-2-drakgreen-5.jpg,https://coveinterior.com/wp-content/uploads/2023/01/Roshina-2-drakgreen-5.jpg,/media/wordpress-migration/2023/01/Roshina-2-drakgreen-5.jpg,Roshina-2-drakgreen-5.jpg
set_product_gallery_image,12181,112257,Roshina 2 Dark Green Store,1,390069,Roshina 2 Dark Green Store,archived,matched,https://coveinterior.com/wp-content/uploads/2023/01/Roshina-2-drakgreen-5.jpg,https://coveinterior.com/wp-content/uploads/2023/01/Roshina-2-drakgreen-5.jpg,/media/wordpress-migration/2023/01/Roshina-2-drakgreen-5.jpg,Roshina-2-drakgreen-5.jpg
set_product_gallery_image,12173,112256,Roshina 2 Dark Green,4,390068,Roshina 2 Dark Green,active,matched,https://coveinterior.com/wp-content/uploads/2023/01/Roshina-2-drakgreen-5.jpg,https://coveinterior.com/wp-content/uploads/2023/01/Roshina-2-drakgreen-5.jpg,/media/wordpress-migration/2023/01/Roshina-2-drakgreen-5.jpg,Roshina-2-drakgreen-5.jpg
set_product_main_image,14505,112275,Roshina 2 Cement green event,0,390166,Roshina 2 Cement green event,archived,matched,https://coveinterior.com/wp-content/uploads/2023/01/Roshina-2-cementgreen-1.jpg,https://coveinterior.com/wp-content/uploads/2023/01/Roshina-2-cementgreen-1.jpg,/media/wordpress-migration/2023/01/Roshina-2-cementgreen-1.jpg,Roshina-2-cementgreen-1.jpg
set_product_main_image,12165,112261,Roshina 2 Cement Green store,0,390067,Roshina 2 Cement Green store,archived,matched,https://coveinterior.com/wp-content/uploads/2023/01/Roshina-2-cementgreen-1.jpg,https://coveinterior.com/wp-content/uploads/2023/01/Roshina-2-cementgreen-1.jpg,/media/wordpress-migration/2023/01/Roshina-2-cementgreen-1.jpg,Roshina-2-cementgreen-1.jpg
set_product_main_image,12157,112255,Roshina 2 Cement green,0,390066,Roshina 2 Cement green,active,matched,https://coveinterior.com/wp-content/uploads/2023/01/Roshina-2-cementgreen-1.jpg,https://coveinterior.com/wp-content/uploads/2023/01/Roshina-2-cementgreen-1.jpg,/media/wordpress-migration/2023/01/Roshina-2-cementgreen-1.jpg,Roshina-2-cementgreen-1.jpg
set_product_gallery_image,14505,112275,Roshina 2 Cement green event,1,390166,Roshina 2 Cement green event,archived,matched,https://coveinterior.com/wp-content/uploads/2023/01/Roshina-2-cementgreen-4.jpeg,https://coveinterior.com/wp-content/uploads/2023/01/Roshina-2-cementgreen-4.jpeg,/media/wordpress-migration/2023/01/Roshina-2-cementgreen-4.jpeg,Roshina-2-cementgreen-4.jpeg
set_product_gallery_image,12165,112261,Roshina 2 Cement Green store,1,390067,Roshina 2 Cement Green store,archived,matched,https://coveinterior.com/wp-content/uploads/2023/01/Roshina-2-cementgreen-4.jpeg,https://coveinterior.com/wp-content/uploads/2023/01/Roshina-2-cementgreen-4.jpeg,/media/wordpress-migration/2023/01/Roshina-2-cementgreen-4.jpeg,Roshina-2-cementgreen-4.jpeg
set_product_gallery_image,12157,112255,Roshina 2 Cement green,1,390066,Roshina 2 Cement green,active,matched,https://coveinterior.com/wp-content/uploads/2023/01/Roshina-2-cementgreen-4.jpeg,https://coveinterior.com/wp-content/uploads/2023/01/Roshina-2-cementgreen-4.jpeg,/media/wordpress-migration/2023/01/Roshina-2-cementgreen-4.jpeg,Roshina-2-cementgreen-4.jpeg
set_product_gallery_image,14505,112275,Roshina 2 Cement green event,2,390166,Roshina 2 Cement green event,archived,matched,https://coveinterior.com/wp-content/uploads/2023/01/Roshina-2-cementgreen-3.jpg,https://coveinterior.com/wp-content/uploads/2023/01/Roshina-2-cementgreen-3.jpg,/media/wordpress-migration/2023/01/Roshina-2-cementgreen-3.jpg,Roshina-2-cementgreen-3.jpg
set_product_gallery_image,12165,112261,Roshina 2 Cement Green store,4,390067,Roshina 2 Cement Green store,archived,matched,https://coveinterior.com/wp-content/uploads/2023/01/Roshina-2-cementgreen-3.jpg,https://coveinterior.com/wp-content/uploads/2023/01/Roshina-2-cementgreen-3.jpg,/media/wordpress-migration/2023/01/Roshina-2-cementgreen-3.jpg,Roshina-2-cementgreen-3.jpg
set_product_gallery_image,12157,112255,Roshina 2 Cement green,2,390066,Roshina 2 Cement green,active,matched,https://coveinterior.com/wp-content/uploads/2023/01/Roshina-2-cementgreen-3.jpg,https://coveinterior.com/wp-content/uploads/2023/01/Roshina-2-cementgreen-3.jpg,/media/wordpress-migration/2023/01/Roshina-2-cementgreen-3.jpg,Roshina-2-cementgreen-3.jpg
set_product_gallery_image,14505,112275,Roshina 2 Cement green event,3,390166,Roshina 2 Cement green event,archived,matched,https://coveinterior.com/wp-content/uploads/2023/01/Roshina-2-cementgreen-2.jpg,https://coveinterior.com/wp-content/uploads/2023/01/Roshina-2-cementgreen-2.jpg,/media/wordpress-migration/2023/01/Roshina-2-cementgreen-2.jpg,Roshina-2-cementgreen-2.jpg
set_product_gallery_image,12165,112261,Roshina 2 Cement Green store,5,390067,Roshina 2 Cement Green store,archived,matched,https://coveinterior.com/wp-content/uploads/2023/01/Roshina-2-cementgreen-2.jpg,https://coveinterior.com/wp-content/uploads/2023/01/Roshina-2-cementgreen-2.jpg,/media/wordpress-migration/2023/01/Roshina-2-cementgreen-2.jpg,Roshina-2-cementgreen-2.jpg
set_product_gallery_image,12157,112255,Roshina 2 Cement green,3,390066,Roshina 2 Cement green,active,matched,https://coveinterior.com/wp-content/uploads/2023/01/Roshina-2-cementgreen-2.jpg,https://coveinterior.com/wp-content/uploads/2023/01/Roshina-2-cementgreen-2.jpg,/media/wordpress-migration/2023/01/Roshina-2-cementgreen-2.jpg,Roshina-2-cementgreen-2.jpg
set_product_gallery_image,14505,112275,Roshina 2 Cement green event,4,390166,Roshina 2 Cement green event,archived,matched,https://coveinterior.com/wp-content/uploads/2023/01/Roshina-2-cementgreen-5.jpg,https://coveinterior.com/wp-content/uploads/2023/01/Roshina-2-cementgreen-5.jpg,/media/wordpress-migration/2023/01/Roshina-2-cementgreen-5.jpg,Roshina-2-cementgreen-5.jpg
set_product_gallery_image,12165,112261,Roshina 2 Cement Green store,2,390067,Roshina 2 Cement Green store,archived,matched,https://coveinterior.com/wp-content/uploads/2023/01/Roshina-2-cementgreen-5.jpg,https://coveinterior.com/wp-content/uploads/2023/01/Roshina-2-cementgreen-5.jpg,/media/wordpress-migration/2023/01/Roshina-2-cementgreen-5.jpg,Roshina-2-cementgreen-5.jpg
set_product_gallery_image,12157,112255,Roshina 2 Cement green,4,390066,Roshina 2 Cement green,active,matched,https://coveinterior.com/wp-content/uploads/2023/01/Roshina-2-cementgreen-5.jpg,https://coveinterior.com/wp-content/uploads/2023/01/Roshina-2-cementgreen-5.jpg,/media/wordpress-migration/2023/01/Roshina-2-cementgreen-5.jpg,Roshina-2-cementgreen-5.jpg
set_product_main_image,14487,12570,Tissue box Black,0,390165,Tissue box Black,active,matched,https://coveinterior.com/wp-content/uploads/2023/12/tissue-box-black.jpg,https://coveinterior.com/wp-content/uploads/2023/12/tissue-box-black.jpg,/media/wordpress-migration/2023/12/tissue-box-black.jpg,tissue-box-black.jpg
set_product_main_image,14480,12568,Tissue box Black Store,0,390162,Tissue box Black Store,archived,matched,https://coveinterior.com/wp-content/uploads/2023/12/tissue-box-black.jpg,https://coveinterior.com/wp-content/uploads/2023/12/tissue-box-black.jpg,/media/wordpress-migration/2023/12/tissue-box-black.jpg,tissue-box-black.jpg
set_product_main_image,14449,12563,Tissue box Black event,0,390157,Tissue box Black event,archived,matched,https://coveinterior.com/wp-content/uploads/2023/12/tissue-box-black.jpg,https://coveinterior.com/wp-content/uploads/2023/12/tissue-box-black.jpg,/media/wordpress-migration/2023/12/tissue-box-black.jpg,tissue-box-black.jpg
set_product_gallery_image,14487,12570,Tissue box Black,1,390165,Tissue box Black,active,matched,https://coveinterior.com/wp-content/uploads/2023/12/DSF6832-Websize-1.jpg,https://coveinterior.com/wp-content/uploads/2023/12/DSF6832-Websize-1.jpg,/media/wordpress-migration/2023/12/DSF6832-Websize-1.jpg,DSF6832-Websize-1.jpg
set_product_gallery_image,14485,12571,Tissue box Bronze,1,390164,Tissue box Bronze,active,matched,https://coveinterior.com/wp-content/uploads/2023/12/DSF6832-Websize-1.jpg,https://coveinterior.com/wp-content/uploads/2023/12/DSF6832-Websize-1.jpg,/media/wordpress-migration/2023/12/DSF6832-Websize-1.jpg,DSF6832-Websize-1.jpg
set_product_gallery_image,14483,12569,Tissue box Beige,1,390163,Tissue box Beige,active,matched,https://coveinterior.com/wp-content/uploads/2023/12/DSF6832-Websize-1.jpg,https://coveinterior.com/wp-content/uploads/2023/12/DSF6832-Websize-1.jpg,/media/wordpress-migration/2023/12/DSF6832-Websize-1.jpg,DSF6832-Websize-1.jpg
set_product_gallery_image,14480,12568,Tissue box Black Store,1,390162,Tissue box Black Store,archived,matched,https://coveinterior.com/wp-content/uploads/2023/12/DSF6832-Websize-1.jpg,https://coveinterior.com/wp-content/uploads/2023/12/DSF6832-Websize-1.jpg,/media/wordpress-migration/2023/12/DSF6832-Websize-1.jpg,DSF6832-Websize-1.jpg
set_product_gallery_image,14478,12567,Tissue box Bronze Store,1,390161,Tissue box Bronze Store,archived,matched,https://coveinterior.com/wp-content/uploads/2023/12/DSF6832-Websize-1.jpg,https://coveinterior.com/wp-content/uploads/2023/12/DSF6832-Websize-1.jpg,/media/wordpress-migration/2023/12/DSF6832-Websize-1.jpg,DSF6832-Websize-1.jpg
set_product_gallery_image,14475,12566,Tissue box Beige store,1,390160,Tissue box Beige store,archived,matched,https://coveinterior.com/wp-content/uploads/2023/12/DSF6832-Websize-1.jpg,https://coveinterior.com/wp-content/uploads/2023/12/DSF6832-Websize-1.jpg,/media/wordpress-migration/2023/12/DSF6832-Websize-1.jpg,DSF6832-Websize-1.jpg
set_product_gallery_image,14473,12565,Tissue box Beige event,1,390159,Tissue box Beige event,archived,matched,https://coveinterior.com/wp-content/uploads/2023/12/DSF6832-Websize-1.jpg,https://coveinterior.com/wp-content/uploads/2023/12/DSF6832-Websize-1.jpg,/media/wordpress-migration/2023/12/DSF6832-Websize-1.jpg,DSF6832-Websize-1.jpg
set_product_gallery_image,14471,12564,Tissue box Bronze event,1,390158,Tissue box Bronze event,archived,matched,https://coveinterior.com/wp-content/uploads/2023/12/DSF6832-Websize-1.jpg,https://coveinterior.com/wp-content/uploads/2023/12/DSF6832-Websize-1.jpg,/media/wordpress-migration/2023/12/DSF6832-Websize-1.jpg,DSF6832-Websize-1.jpg
set_product_gallery_image,14449,12563,Tissue box Black event,1,390157,Tissue box Black event,archived,matched,https://coveinterior.com/wp-content/uploads/2023/12/DSF6832-Websize-1.jpg,https://coveinterior.com/wp-content/uploads/2023/12/DSF6832-Websize-1.jpg,/media/wordpress-migration/2023/12/DSF6832-Websize-1.jpg,DSF6832-Websize-1.jpg
set_product_gallery_image,14487,12570,Tissue box Black,2,390165,Tissue box Black,active,matched,https://coveinterior.com/wp-content/uploads/2023/12/tissue-box-sizes.jpg,https://coveinterior.com/wp-content/uploads/2023/12/tissue-box-sizes.jpg,/media/wordpress-migration/2023/12/tissue-box-sizes.jpg,tissue-box-sizes.jpg
set_product_gallery_image,14485,12571,Tissue box Bronze,2,390164,Tissue box Bronze,active,matched,https://coveinterior.com/wp-content/uploads/2023/12/tissue-box-sizes.jpg,https://coveinterior.com/wp-content/uploads/2023/12/tissue-box-sizes.jpg,/media/wordpress-migration/2023/12/tissue-box-sizes.jpg,tissue-box-sizes.jpg
set_product_gallery_image,14483,12569,Tissue box Beige,2,390163,Tissue box Beige,active,matched,https://coveinterior.com/wp-content/uploads/2023/12/tissue-box-sizes.jpg,https://coveinterior.com/wp-content/uploads/2023/12/tissue-box-sizes.jpg,/media/wordpress-migration/2023/12/tissue-box-sizes.jpg,tissue-box-sizes.jpg
set_product_main_image,14485,12571,Tissue box Bronze,0,390164,Tissue box Bronze,active,matched,https://coveinterior.com/wp-content/uploads/2023/12/tissue-box-Bronze.jpg,https://coveinterior.com/wp-content/uploads/2023/12/tissue-box-Bronze.jpg,/media/wordpress-migration/2023/12/tissue-box-Bronze.jpg,tissue-box-Bronze.jpg
set_product_main_image,14478,12567,Tissue box Bronze Store,0,390161,Tissue box Bronze Store,archived,matched,https://coveinterior.com/wp-content/uploads/2023/12/tissue-box-Bronze.jpg,https://coveinterior.com/wp-content/uploads/2023/12/tissue-box-Bronze.jpg,/media/wordpress-migration/2023/12/tissue-box-Bronze.jpg,tissue-box-Bronze.jpg
set_product_main_image,14471,12564,Tissue box Bronze event,0,390158,Tissue box Bronze event,archived,matched,https://coveinterior.com/wp-content/uploads/2023/12/tissue-box-Bronze.jpg,https://coveinterior.com/wp-content/uploads/2023/12/tissue-box-Bronze.jpg,/media/wordpress-migration/2023/12/tissue-box-Bronze.jpg,tissue-box-Bronze.jpg
set_product_main_image,14483,12569,Tissue box Beige,0,390163,Tissue box Beige,active,matched,https://coveinterior.com/wp-content/uploads/2023/12/tissue-box-beige.jpg,https://coveinterior.com/wp-content/uploads/2023/12/tissue-box-beige.jpg,/media/wordpress-migration/2023/12/tissue-box-beige.jpg,tissue-box-beige.jpg
set_product_main_image,14475,12566,Tissue box Beige store,0,390160,Tissue box Beige store,archived,matched,https://coveinterior.com/wp-content/uploads/2023/12/tissue-box-beige.jpg,https://coveinterior.com/wp-content/uploads/2023/12/tissue-box-beige.jpg,/media/wordpress-migration/2023/12/tissue-box-beige.jpg,tissue-box-beige.jpg
set_product_main_image,14473,12565,Tissue box Beige event,0,390159,Tissue box Beige event,archived,matched,https://coveinterior.com/wp-content/uploads/2023/12/tissue-box-beige.jpg,https://coveinterior.com/wp-content/uploads/2023/12/tissue-box-beige.jpg,/media/wordpress-migration/2023/12/tissue-box-beige.jpg,tissue-box-beige.jpg
set_product_main_image,14437,12562,Mini Roshina Black store,0,390156,Mini Roshina Black store,archived,matched,https://coveinterior.com/wp-content/uploads/2023/12/MR2-black-closed.jpg,https://coveinterior.com/wp-content/uploads/2023/12/MR2-black-closed.jpg,/media/wordpress-migration/2023/12/MR2-black-closed.jpg,MR2-black-closed.jpg
set_product_main_image,14414,12558,Mini Roshina Black event,0,390153,Mini Roshina Black event,archived,matched,https://coveinterior.com/wp-content/uploads/2023/12/MR2-black-closed.jpg,https://coveinterior.com/wp-content/uploads/2023/12/MR2-black-closed.jpg,/media/wordpress-migration/2023/12/MR2-black-closed.jpg,MR2-black-closed.jpg
set_product_main_image,14289,12553,Mini Roshina Black,0,390147,Mini Roshina Black,active,matched,https://coveinterior.com/wp-content/uploads/2023/12/MR2-black-closed.jpg,https://coveinterior.com/wp-content/uploads/2023/12/MR2-black-closed.jpg,/media/wordpress-migration/2023/12/MR2-black-closed.jpg,MR2-black-closed.jpg
set_product_gallery_image,14437,12562,Mini Roshina Black store,1,390156,Mini Roshina Black store,archived,matched,https://coveinterior.com/wp-content/uploads/2023/12/MR6-black.jpg,https://coveinterior.com/wp-content/uploads/2023/12/MR6-black.jpg,/media/wordpress-migration/2023/12/MR6-black.jpg,MR6-black.jpg
set_product_gallery_image,14414,12558,Mini Roshina Black event,1,390153,Mini Roshina Black event,archived,matched,https://coveinterior.com/wp-content/uploads/2023/12/MR6-black.jpg,https://coveinterior.com/wp-content/uploads/2023/12/MR6-black.jpg,/media/wordpress-migration/2023/12/MR6-black.jpg,MR6-black.jpg
set_product_gallery_image,14289,12553,Mini Roshina Black,1,390147,Mini Roshina Black,active,matched,https://coveinterior.com/wp-content/uploads/2023/12/MR6-black.jpg,https://coveinterior.com/wp-content/uploads/2023/12/MR6-black.jpg,/media/wordpress-migration/2023/12/MR6-black.jpg,MR6-black.jpg
set_product_gallery_image,14437,12562,Mini Roshina Black store,2,390156,Mini Roshina Black store,archived,matched,https://coveinterior.com/wp-content/uploads/2023/12/MR5-black.jpg,https://coveinterior.com/wp-content/uploads/2023/12/MR5-black.jpg,/media/wordpress-migration/2023/12/MR5-black.jpg,MR5-black.jpg
set_product_gallery_image,14414,12558,Mini Roshina Black event,2,390153,Mini Roshina Black event,archived,matched,https://coveinterior.com/wp-content/uploads/2023/12/MR5-black.jpg,https://coveinterior.com/wp-content/uploads/2023/12/MR5-black.jpg,/media/wordpress-migration/2023/12/MR5-black.jpg,MR5-black.jpg
set_product_gallery_image,14289,12553,Mini Roshina Black,2,390147,Mini Roshina Black,active,matched,https://coveinterior.com/wp-content/uploads/2023/12/MR5-black.jpg,https://coveinterior.com/wp-content/uploads/2023/12/MR5-black.jpg,/media/wordpress-migration/2023/12/MR5-black.jpg,MR5-black.jpg
set_product_gallery_image,14437,12562,Mini Roshina Black store,3,390156,Mini Roshina Black store,archived,matched,https://coveinterior.com/wp-content/uploads/2023/12/MR3-black-closed.jpg,https://coveinterior.com/wp-content/uploads/2023/12/MR3-black-closed.jpg,/media/wordpress-migration/2023/12/MR3-black-closed.jpg,MR3-black-closed.jpg
set_product_gallery_image,14414,12558,Mini Roshina Black event,3,390153,Mini Roshina Black event,archived,matched,https://coveinterior.com/wp-content/uploads/2023/12/MR3-black-closed.jpg,https://coveinterior.com/wp-content/uploads/2023/12/MR3-black-closed.jpg,/media/wordpress-migration/2023/12/MR3-black-closed.jpg,MR3-black-closed.jpg
set_product_gallery_image,14289,12553,Mini Roshina Black,3,390147,Mini Roshina Black,active,matched,https://coveinterior.com/wp-content/uploads/2023/12/MR3-black-closed.jpg,https://coveinterior.com/wp-content/uploads/2023/12/MR3-black-closed.jpg,/media/wordpress-migration/2023/12/MR3-black-closed.jpg,MR3-black-closed.jpg
set_product_gallery_image,14437,12562,Mini Roshina Black store,4,390156,Mini Roshina Black store,archived,matched,https://coveinterior.com/wp-content/uploads/2023/12/MR3-black-opened.jpg,https://coveinterior.com/wp-content/uploads/2023/12/MR3-black-opened.jpg,/media/wordpress-migration/2023/12/MR3-black-opened.jpg,MR3-black-opened.jpg
set_product_gallery_image,14414,12558,Mini Roshina Black event,4,390153,Mini Roshina Black event,archived,matched,https://coveinterior.com/wp-content/uploads/2023/12/MR3-black-opened.jpg,https://coveinterior.com/wp-content/uploads/2023/12/MR3-black-opened.jpg,/media/wordpress-migration/2023/12/MR3-black-opened.jpg,MR3-black-opened.jpg
set_product_gallery_image,14289,12553,Mini Roshina Black,4,390147,Mini Roshina Black,active,matched,https://coveinterior.com/wp-content/uploads/2023/12/MR3-black-opened.jpg,https://coveinterior.com/wp-content/uploads/2023/12/MR3-black-opened.jpg,/media/wordpress-migration/2023/12/MR3-black-opened.jpg,MR3-black-opened.jpg
set_product_gallery_image,14437,12562,Mini Roshina Black store,5,390156,Mini Roshina Black store,archived,matched,https://coveinterior.com/wp-content/uploads/2023/12/MR1-black-opened.jpg,https://coveinterior.com/wp-content/uploads/2023/12/MR1-black-opened.jpg,/media/wordpress-migration/2023/12/MR1-black-opened.jpg,MR1-black-opened.jpg
set_product_gallery_image,14414,12558,Mini Roshina Black event,5,390153,Mini Roshina Black event,archived,matched,https://coveinterior.com/wp-content/uploads/2023/12/MR1-black-opened.jpg,https://coveinterior.com/wp-content/uploads/2023/12/MR1-black-opened.jpg,/media/wordpress-migration/2023/12/MR1-black-opened.jpg,MR1-black-opened.jpg
set_product_gallery_image,14289,12553,Mini Roshina Black,5,390147,Mini Roshina Black,active,matched,https://coveinterior.com/wp-content/uploads/2023/12/MR1-black-opened.jpg,https://coveinterior.com/wp-content/uploads/2023/12/MR1-black-opened.jpg,/media/wordpress-migration/2023/12/MR1-black-opened.jpg,MR1-black-opened.jpg
set_product_main_image,14400,12556,Mini Roshina White event,0,390151,Mini Roshina White event,archived,matched,https://coveinterior.com/wp-content/uploads/2023/12/MR2-white-closed.jpg-new.jpg,https://coveinterior.com/wp-content/uploads/2023/12/MR2-white-closed.jpg-new.jpg,/media/wordpress-migration/2023/12/MR2-white-closed.jpg-new.jpg,MR2-white-closed.jpg-new.jpg
set_product_gallery_image,14400,12556,Mini Roshina White event,1,390151,Mini Roshina White event,archived,matched,https://coveinterior.com/wp-content/uploads/2023/12/MR6-white.jpg,https://coveinterior.com/wp-content/uploads/2023/12/MR6-white.jpg,/media/wordpress-migration/2023/12/MR6-white.jpg,MR6-white.jpg
set_product_gallery_image,14400,12556,Mini Roshina White event,2,390151,Mini Roshina White event,archived,matched,https://coveinterior.com/wp-content/uploads/2023/12/MR5-white.jpg-new.jpg,https://coveinterior.com/wp-content/uploads/2023/12/MR5-white.jpg-new.jpg,/media/wordpress-migration/2023/12/MR5-white.jpg-new.jpg,MR5-white.jpg-new.jpg
set_product_gallery_image,14400,12556,Mini Roshina White event,3,390151,Mini Roshina White event,archived,matched,https://coveinterior.com/wp-content/uploads/2023/12/MR3-white-closed.jpg-new.jpg,https://coveinterior.com/wp-content/uploads/2023/12/MR3-white-closed.jpg-new.jpg,/media/wordpress-migration/2023/12/MR3-white-closed.jpg-new.jpg,MR3-white-closed.jpg-new.jpg
set_product_gallery_image,14400,12556,Mini Roshina White event,4,390151,Mini Roshina White event,archived,matched,https://coveinterior.com/wp-content/uploads/2023/12/MR3-white-opened.jpg-new.jpg,https://coveinterior.com/wp-content/uploads/2023/12/MR3-white-opened.jpg-new.jpg,/media/wordpress-migration/2023/12/MR3-white-opened.jpg-new.jpg,MR3-white-opened.jpg-new.jpg
set_product_gallery_image,14400,12556,Mini Roshina White event,5,390151,Mini Roshina White event,archived,matched,https://coveinterior.com/wp-content/uploads/2023/12/MR1-white-opened.jpg-new.jpg,https://coveinterior.com/wp-content/uploads/2023/12/MR1-white-opened.jpg-new.jpg,/media/wordpress-migration/2023/12/MR1-white-opened.jpg-new.jpg,MR1-white-opened.jpg-new.jpg
set_product_main_image,14367,1,Oak Table,0,390150,Oak Table,active,matched,https://coveinterior.com/wp-content/uploads/2023/12/oak-table-1.png,https://coveinterior.com/wp-content/uploads/2023/12/oak-table-1.png,/media/wordpress-migration/2023/12/oak-table-1.png,oak-table-1.png
set_product_main_image,14258,12538,Roshina 3 Camel event,0,390146,Roshina 3 Camel event,archived,matched,https://coveinterior.com/wp-content/uploads/2023/07/Roshina-3-Camel-1.jpg,https://coveinterior.com/wp-content/uploads/2023/07/Roshina-3-Camel-1.jpg,/media/wordpress-migration/2023/07/Roshina-3-Camel-1.jpg,Roshina-3-Camel-1.jpg
set_product_main_image,12669,12669,Roshina 3 Camel,0,390114,Roshina 3 Camel,active,matched,https://coveinterior.com/wp-content/uploads/2023/07/Roshina-3-Camel-1.jpg,https://coveinterior.com/wp-content/uploads/2023/07/Roshina-3-Camel-1.jpg,/media/wordpress-migration/2023/07/Roshina-3-Camel-1.jpg,Roshina-3-Camel-1.jpg
set_product_main_image,12636,12636,Roshina 3 Camel store,0,390113,Roshina 3 Camel store,archived,matched,https://coveinterior.com/wp-content/uploads/2023/07/Roshina-3-Camel-1.jpg,https://coveinterior.com/wp-content/uploads/2023/07/Roshina-3-Camel-1.jpg,/media/wordpress-migration/2023/07/Roshina-3-Camel-1.jpg,Roshina-3-Camel-1.jpg
set_product_gallery_image,14258,12538,Roshina 3 Camel event,1,390146,Roshina 3 Camel event,archived,matched,https://coveinterior.com/wp-content/uploads/2023/07/Roshina-3-Camel-2.jpg,https://coveinterior.com/wp-content/uploads/2023/07/Roshina-3-Camel-2.jpg,/media/wordpress-migration/2023/07/Roshina-3-Camel-2.jpg,Roshina-3-Camel-2.jpg
set_product_gallery_image,12669,12669,Roshina 3 Camel,2,390114,Roshina 3 Camel,active,matched,https://coveinterior.com/wp-content/uploads/2023/07/Roshina-3-Camel-2.jpg,https://coveinterior.com/wp-content/uploads/2023/07/Roshina-3-Camel-2.jpg,/media/wordpress-migration/2023/07/Roshina-3-Camel-2.jpg,Roshina-3-Camel-2.jpg
set_product_gallery_image,12636,12636,Roshina 3 Camel store,1,390113,Roshina 3 Camel store,archived,matched,https://coveinterior.com/wp-content/uploads/2023/07/Roshina-3-Camel-2.jpg,https://coveinterior.com/wp-content/uploads/2023/07/Roshina-3-Camel-2.jpg,/media/wordpress-migration/2023/07/Roshina-3-Camel-2.jpg,Roshina-3-Camel-2.jpg
set_product_gallery_image,14258,12538,Roshina 3 Camel event,2,390146,Roshina 3 Camel event,archived,matched,https://coveinterior.com/wp-content/uploads/2023/07/Roshina-3-Camel-3.jpg,https://coveinterior.com/wp-content/uploads/2023/07/Roshina-3-Camel-3.jpg,/media/wordpress-migration/2023/07/Roshina-3-Camel-3.jpg,Roshina-3-Camel-3.jpg
set_product_gallery_image,12669,12669,Roshina 3 Camel,1,390114,Roshina 3 Camel,active,matched,https://coveinterior.com/wp-content/uploads/2023/07/Roshina-3-Camel-3.jpg,https://coveinterior.com/wp-content/uploads/2023/07/Roshina-3-Camel-3.jpg,/media/wordpress-migration/2023/07/Roshina-3-Camel-3.jpg,Roshina-3-Camel-3.jpg
set_product_gallery_image,12636,12636,Roshina 3 Camel store,2,390113,Roshina 3 Camel store,archived,matched,https://coveinterior.com/wp-content/uploads/2023/07/Roshina-3-Camel-3.jpg,https://coveinterior.com/wp-content/uploads/2023/07/Roshina-3-Camel-3.jpg,/media/wordpress-migration/2023/07/Roshina-3-Camel-3.jpg,Roshina-3-Camel-3.jpg
set_product_gallery_image,14258,12538,Roshina 3 Camel event,3,390146,Roshina 3 Camel event,archived,matched,https://coveinterior.com/wp-content/uploads/2023/07/Roshina-3-camel-4.jpg,https://coveinterior.com/wp-content/uploads/2023/07/Roshina-3-camel-4.jpg,/media/wordpress-migration/2023/07/Roshina-3-camel-4.jpg,Roshina-3-camel-4.jpg
set_product_gallery_image,12669,12669,Roshina 3 Camel,3,390114,Roshina 3 Camel,active,matched,https://coveinterior.com/wp-content/uploads/2023/07/Roshina-3-camel-4.jpg,https://coveinterior.com/wp-content/uploads/2023/07/Roshina-3-camel-4.jpg,/media/wordpress-migration/2023/07/Roshina-3-camel-4.jpg,Roshina-3-camel-4.jpg
set_product_gallery_image,12636,12636,Roshina 3 Camel store,3,390113,Roshina 3 Camel store,archived,matched,https://coveinterior.com/wp-content/uploads/2023/07/Roshina-3-camel-4.jpg,https://coveinterior.com/wp-content/uploads/2023/07/Roshina-3-camel-4.jpg,/media/wordpress-migration/2023/07/Roshina-3-camel-4.jpg,Roshina-3-camel-4.jpg
set_product_gallery_image,14250,12537,Roshina 3 Light Blue event,1,390145,Roshina 3 Light Blue event,archived,matched,https://coveinterior.com/wp-content/uploads/2023/07/Roshina-3-Light-blue-2.jpg,https://coveinterior.com/wp-content/uploads/2023/07/Roshina-3-Light-blue-2.jpg,/media/wordpress-migration/2023/07/Roshina-3-Light-blue-2.jpg,Roshina-3-Light-blue-2.jpg
set_product_gallery_image,12686,12686,Roshina 3 Light Blue store,1,390116,Roshina 3 Light Blue store,archived,matched,https://coveinterior.com/wp-content/uploads/2023/07/Roshina-3-Light-blue-2.jpg,https://coveinterior.com/wp-content/uploads/2023/07/Roshina-3-Light-blue-2.jpg,/media/wordpress-migration/2023/07/Roshina-3-Light-blue-2.jpg,Roshina-3-Light-blue-2.jpg
set_product_gallery_image,12678,12678,Roshina 3 Light Blue,2,390115,Roshina 3 Light Blue,active,matched,https://coveinterior.com/wp-content/uploads/2023/07/Roshina-3-Light-blue-2.jpg,https://coveinterior.com/wp-content/uploads/2023/07/Roshina-3-Light-blue-2.jpg,/media/wordpress-migration/2023/07/Roshina-3-Light-blue-2.jpg,Roshina-3-Light-blue-2.jpg
set_product_gallery_image,14250,12537,Roshina 3 Light Blue event,2,390145,Roshina 3 Light Blue event,archived,matched,https://coveinterior.com/wp-content/uploads/2023/07/Roshina-3-light-blue-4.jpg,https://coveinterior.com/wp-content/uploads/2023/07/Roshina-3-light-blue-4.jpg,/media/wordpress-migration/2023/07/Roshina-3-light-blue-4.jpg,Roshina-3-light-blue-4.jpg
set_product_gallery_image,12686,12686,Roshina 3 Light Blue store,2,390116,Roshina 3 Light Blue store,archived,matched,https://coveinterior.com/wp-content/uploads/2023/07/Roshina-3-light-blue-4.jpg,https://coveinterior.com/wp-content/uploads/2023/07/Roshina-3-light-blue-4.jpg,/media/wordpress-migration/2023/07/Roshina-3-light-blue-4.jpg,Roshina-3-light-blue-4.jpg
set_product_gallery_image,12678,12678,Roshina 3 Light Blue,3,390115,Roshina 3 Light Blue,active,matched,https://coveinterior.com/wp-content/uploads/2023/07/Roshina-3-light-blue-4.jpg,https://coveinterior.com/wp-content/uploads/2023/07/Roshina-3-light-blue-4.jpg,/media/wordpress-migration/2023/07/Roshina-3-light-blue-4.jpg,Roshina-3-light-blue-4.jpg
set_product_gallery_image,14250,12537,Roshina 3 Light Blue event,3,390145,Roshina 3 Light Blue event,archived,matched,https://coveinterior.com/wp-content/uploads/2023/07/Roshina-3-Light-blue-3.jpg,https://coveinterior.com/wp-content/uploads/2023/07/Roshina-3-Light-blue-3.jpg,/media/wordpress-migration/2023/07/Roshina-3-Light-blue-3.jpg,Roshina-3-Light-blue-3.jpg
set_product_gallery_image,12686,12686,Roshina 3 Light Blue store,3,390116,Roshina 3 Light Blue store,archived,matched,https://coveinterior.com/wp-content/uploads/2023/07/Roshina-3-Light-blue-3.jpg,https://coveinterior.com/wp-content/uploads/2023/07/Roshina-3-Light-blue-3.jpg,/media/wordpress-migration/2023/07/Roshina-3-Light-blue-3.jpg,Roshina-3-Light-blue-3.jpg
set_product_gallery_image,12678,12678,Roshina 3 Light Blue,1,390115,Roshina 3 Light Blue,active,matched,https://coveinterior.com/wp-content/uploads/2023/07/Roshina-3-Light-blue-3.jpg,https://coveinterior.com/wp-content/uploads/2023/07/Roshina-3-Light-blue-3.jpg,/media/wordpress-migration/2023/07/Roshina-3-Light-blue-3.jpg,Roshina-3-Light-blue-3.jpg
set_product_main_image,14242,12535,Roshina 3 Maroon event,0,390144,Roshina 3 Maroon event,archived,matched,https://coveinterior.com/wp-content/uploads/2023/07/Roshina-3-Maroon-1.jpg,https://coveinterior.com/wp-content/uploads/2023/07/Roshina-3-Maroon-1.jpg,/media/wordpress-migration/2023/07/Roshina-3-Maroon-1.jpg,Roshina-3-Maroon-1.jpg
set_product_main_image,12702,12702,Roshina 3 Maroon store,0,390118,Roshina 3 Maroon store,archived,matched,https://coveinterior.com/wp-content/uploads/2023/07/Roshina-3-Maroon-1.jpg,https://coveinterior.com/wp-content/uploads/2023/07/Roshina-3-Maroon-1.jpg,/media/wordpress-migration/2023/07/Roshina-3-Maroon-1.jpg,Roshina-3-Maroon-1.jpg
set_product_main_image,12694,12694,Roshina 3 Maroon,0,390117,Roshina 3 Maroon,active,matched,https://coveinterior.com/wp-content/uploads/2023/07/Roshina-3-Maroon-1.jpg,https://coveinterior.com/wp-content/uploads/2023/07/Roshina-3-Maroon-1.jpg,/media/wordpress-migration/2023/07/Roshina-3-Maroon-1.jpg,Roshina-3-Maroon-1.jpg
set_product_gallery_image,14242,12535,Roshina 3 Maroon event,1,390144,Roshina 3 Maroon event,archived,matched,https://coveinterior.com/wp-content/uploads/2023/07/Roshina-3-Maroon-2.jpg,https://coveinterior.com/wp-content/uploads/2023/07/Roshina-3-Maroon-2.jpg,/media/wordpress-migration/2023/07/Roshina-3-Maroon-2.jpg,Roshina-3-Maroon-2.jpg
set_product_gallery_image,12702,12702,Roshina 3 Maroon store,1,390118,Roshina 3 Maroon store,archived,matched,https://coveinterior.com/wp-content/uploads/2023/07/Roshina-3-Maroon-2.jpg,https://coveinterior.com/wp-content/uploads/2023/07/Roshina-3-Maroon-2.jpg,/media/wordpress-migration/2023/07/Roshina-3-Maroon-2.jpg,Roshina-3-Maroon-2.jpg
set_product_gallery_image,12694,12694,Roshina 3 Maroon,2,390117,Roshina 3 Maroon,active,matched,https://coveinterior.com/wp-content/uploads/2023/07/Roshina-3-Maroon-2.jpg,https://coveinterior.com/wp-content/uploads/2023/07/Roshina-3-Maroon-2.jpg,/media/wordpress-migration/2023/07/Roshina-3-Maroon-2.jpg,Roshina-3-Maroon-2.jpg
set_product_gallery_image,14242,12535,Roshina 3 Maroon event,2,390144,Roshina 3 Maroon event,archived,matched,https://coveinterior.com/wp-content/uploads/2023/07/Roshina-3-Maroon-4.jpg,https://coveinterior.com/wp-content/uploads/2023/07/Roshina-3-Maroon-4.jpg,/media/wordpress-migration/2023/07/Roshina-3-Maroon-4.jpg,Roshina-3-Maroon-4.jpg
set_product_gallery_image,12702,12702,Roshina 3 Maroon store,2,390118,Roshina 3 Maroon store,archived,matched,https://coveinterior.com/wp-content/uploads/2023/07/Roshina-3-Maroon-4.jpg,https://coveinterior.com/wp-content/uploads/2023/07/Roshina-3-Maroon-4.jpg,/media/wordpress-migration/2023/07/Roshina-3-Maroon-4.jpg,Roshina-3-Maroon-4.jpg
set_product_gallery_image,12694,12694,Roshina 3 Maroon,3,390117,Roshina 3 Maroon,active,matched,https://coveinterior.com/wp-content/uploads/2023/07/Roshina-3-Maroon-4.jpg,https://coveinterior.com/wp-content/uploads/2023/07/Roshina-3-Maroon-4.jpg,/media/wordpress-migration/2023/07/Roshina-3-Maroon-4.jpg,Roshina-3-Maroon-4.jpg
set_product_gallery_image,14242,12535,Roshina 3 Maroon event,3,390144,Roshina 3 Maroon event,archived,matched,https://coveinterior.com/wp-content/uploads/2023/07/Roshina-3-Maroon-3.jpg,https://coveinterior.com/wp-content/uploads/2023/07/Roshina-3-Maroon-3.jpg,/media/wordpress-migration/2023/07/Roshina-3-Maroon-3.jpg,Roshina-3-Maroon-3.jpg
set_product_gallery_image,12702,12702,Roshina 3 Maroon store,3,390118,Roshina 3 Maroon store,archived,matched,https://coveinterior.com/wp-content/uploads/2023/07/Roshina-3-Maroon-3.jpg,https://coveinterior.com/wp-content/uploads/2023/07/Roshina-3-Maroon-3.jpg,/media/wordpress-migration/2023/07/Roshina-3-Maroon-3.jpg,Roshina-3-Maroon-3.jpg
set_product_gallery_image,12694,12694,Roshina 3 Maroon,1,390117,Roshina 3 Maroon,active,matched,https://coveinterior.com/wp-content/uploads/2023/07/Roshina-3-Maroon-3.jpg,https://coveinterior.com/wp-content/uploads/2023/07/Roshina-3-Maroon-3.jpg,/media/wordpress-migration/2023/07/Roshina-3-Maroon-3.jpg,Roshina-3-Maroon-3.jpg
set_product_gallery_image,14234,12534,Roshina 2 Wooden event,1,390143,Roshina 2 Wooden event,archived,matched,https://coveinterior.com/wp-content/uploads/2023/07/Roshina-2-darkveneer-wood-1.jpg,https://coveinterior.com/wp-content/uploads/2023/07/Roshina-2-darkveneer-wood-1.jpg,/media/wordpress-migration/2023/07/Roshina-2-darkveneer-wood-1.jpg,Roshina-2-darkveneer-wood-1.jpg
set_product_gallery_image,12851,12724,Roshina 2 Wooden store,1,390121,Roshina 2 Wooden store,archived,matched,https://coveinterior.com/wp-content/uploads/2023/07/Roshina-2-darkveneer-wood-1.jpg,https://coveinterior.com/wp-content/uploads/2023/07/Roshina-2-darkveneer-wood-1.jpg,/media/wordpress-migration/2023/07/Roshina-2-darkveneer-wood-1.jpg,Roshina-2-darkveneer-wood-1.jpg
set_product_gallery_image,12721,12721,Roshina 2 Wooden,1,390119,Roshina 2 Wooden,active,matched,https://coveinterior.com/wp-content/uploads/2023/07/Roshina-2-darkveneer-wood-1.jpg,https://coveinterior.com/wp-content/uploads/2023/07/Roshina-2-darkveneer-wood-1.jpg,/media/wordpress-migration/2023/07/Roshina-2-darkveneer-wood-1.jpg,Roshina-2-darkveneer-wood-1.jpg
set_product_gallery_image,14234,12534,Roshina 2 Wooden event,2,390143,Roshina 2 Wooden event,archived,matched,https://coveinterior.com/wp-content/uploads/2023/07/Roshina-2-darkveneer-wood-2.jpg,https://coveinterior.com/wp-content/uploads/2023/07/Roshina-2-darkveneer-wood-2.jpg,/media/wordpress-migration/2023/07/Roshina-2-darkveneer-wood-2.jpg,Roshina-2-darkveneer-wood-2.jpg
set_product_gallery_image,12851,12724,Roshina 2 Wooden store,2,390121,Roshina 2 Wooden store,archived,matched,https://coveinterior.com/wp-content/uploads/2023/07/Roshina-2-darkveneer-wood-2.jpg,https://coveinterior.com/wp-content/uploads/2023/07/Roshina-2-darkveneer-wood-2.jpg,/media/wordpress-migration/2023/07/Roshina-2-darkveneer-wood-2.jpg,Roshina-2-darkveneer-wood-2.jpg
set_product_gallery_image,12721,12721,Roshina 2 Wooden,2,390119,Roshina 2 Wooden,active,matched,https://coveinterior.com/wp-content/uploads/2023/07/Roshina-2-darkveneer-wood-2.jpg,https://coveinterior.com/wp-content/uploads/2023/07/Roshina-2-darkveneer-wood-2.jpg,/media/wordpress-migration/2023/07/Roshina-2-darkveneer-wood-2.jpg,Roshina-2-darkveneer-wood-2.jpg
set_product_gallery_image,14234,12534,Roshina 2 Wooden event,3,390143,Roshina 2 Wooden event,archived,matched,https://coveinterior.com/wp-content/uploads/2023/07/Roshina-2-darkveneer-wood-4.jpg,https://coveinterior.com/wp-content/uploads/2023/07/Roshina-2-darkveneer-wood-4.jpg,/media/wordpress-migration/2023/07/Roshina-2-darkveneer-wood-4.jpg,Roshina-2-darkveneer-wood-4.jpg
set_product_gallery_image,12851,12724,Roshina 2 Wooden store,3,390121,Roshina 2 Wooden store,archived,matched,https://coveinterior.com/wp-content/uploads/2023/07/Roshina-2-darkveneer-wood-4.jpg,https://coveinterior.com/wp-content/uploads/2023/07/Roshina-2-darkveneer-wood-4.jpg,/media/wordpress-migration/2023/07/Roshina-2-darkveneer-wood-4.jpg,Roshina-2-darkveneer-wood-4.jpg
set_product_gallery_image,12721,12721,Roshina 2 Wooden,3,390119,Roshina 2 Wooden,active,matched,https://coveinterior.com/wp-content/uploads/2023/07/Roshina-2-darkveneer-wood-4.jpg,https://coveinterior.com/wp-content/uploads/2023/07/Roshina-2-darkveneer-wood-4.jpg,/media/wordpress-migration/2023/07/Roshina-2-darkveneer-wood-4.jpg,Roshina-2-darkveneer-wood-4.jpg
set_product_main_image,14218,12532,Roshina 1 Black event,0,390141,Roshina 1 Black event,archived,matched,https://coveinterior.com/wp-content/uploads/2023/01/Roshina-1-black-1.jpg,https://coveinterior.com/wp-content/uploads/2023/01/Roshina-1-black-1.jpg,/media/wordpress-migration/2023/01/Roshina-1-black-1.jpg,Roshina-1-black-1.jpg
set_product_main_image,12610,12610,Roshina 1 Black,0,390112,Roshina 1 Black,active,matched,https://coveinterior.com/wp-content/uploads/2023/01/Roshina-1-black-1.jpg,https://coveinterior.com/wp-content/uploads/2023/01/Roshina-1-black-1.jpg,/media/wordpress-migration/2023/01/Roshina-1-black-1.jpg,Roshina-1-black-1.jpg
set_product_main_image,12015,112236,Roshina 1 Black Store,0,390061,Roshina 1 Black Store,archived,matched,https://coveinterior.com/wp-content/uploads/2023/01/Roshina-1-black-1.jpg,https://coveinterior.com/wp-content/uploads/2023/01/Roshina-1-black-1.jpg,/media/wordpress-migration/2023/01/Roshina-1-black-1.jpg,Roshina-1-black-1.jpg
set_product_main_image,14210,112242,Roshina 1 Petrol event,0,390140,Roshina 1 Petrol event,archived,matched,https://coveinterior.com/wp-content/uploads/2023/01/Roshina-1-petrol-1.jpg,https://coveinterior.com/wp-content/uploads/2023/01/Roshina-1-petrol-1.jpg,/media/wordpress-migration/2023/01/Roshina-1-petrol-1.jpg,Roshina-1-petrol-1.jpg
set_product_main_image,12050,112240,Roshina 1 Petrol Store,0,390065,Roshina 1 Petrol Store,archived,matched,https://coveinterior.com/wp-content/uploads/2023/01/Roshina-1-petrol-1.jpg,https://coveinterior.com/wp-content/uploads/2023/01/Roshina-1-petrol-1.jpg,/media/wordpress-migration/2023/01/Roshina-1-petrol-1.jpg,Roshina-1-petrol-1.jpg
set_product_main_image,12040,112239,Roshina 1 Petrol,0,390064,Roshina 1 Petrol,active,matched,https://coveinterior.com/wp-content/uploads/2023/01/Roshina-1-petrol-1.jpg,https://coveinterior.com/wp-content/uploads/2023/01/Roshina-1-petrol-1.jpg,/media/wordpress-migration/2023/01/Roshina-1-petrol-1.jpg,Roshina-1-petrol-1.jpg
set_product_main_image,14157,12531,paint 2,0,390139,paint 2,active,matched,https://coveinterior.com/wp-content/uploads/2023/11/paint-2.png,https://coveinterior.com/wp-content/uploads/2023/11/paint-2.png,/media/wordpress-migration/2023/11/paint-2.png,paint-2.png
set_product_main_image,14151,12530,paint 1,0,390138,paint 1,active,matched,https://coveinterior.com/wp-content/uploads/2023/11/paint-1.png,https://coveinterior.com/wp-content/uploads/2023/11/paint-1.png,/media/wordpress-migration/2023/11/paint-1.png,paint-1.png
set_product_main_image,14108,12539,dark painting,0,390137,dark painting,active,matched,https://coveinterior.com/wp-content/uploads/2023/11/dark-paint.jpeg,https://coveinterior.com/wp-content/uploads/2023/11/dark-paint.jpeg,/media/wordpress-migration/2023/11/dark-paint.jpeg,dark-paint.jpeg
set_product_main_image,14103,12540,light painting,0,390136,light painting,active,matched,https://coveinterior.com/wp-content/uploads/2023/11/light-paint.jpeg,https://coveinterior.com/wp-content/uploads/2023/11/light-paint.jpeg,/media/wordpress-migration/2023/11/light-paint.jpeg,light-paint.jpeg
set_product_main_image,14100,12541,mirror,0,390135,mirror,active,matched,https://coveinterior.com/wp-content/uploads/2023/11/mirror.jpeg,https://coveinterior.com/wp-content/uploads/2023/11/mirror.jpeg,/media/wordpress-migration/2023/11/mirror.jpeg,mirror.jpeg
set_product_main_image,14097,12542,God Names 3 rows,0,390134,God Names 3 rows,active,matched,https://coveinterior.com/wp-content/uploads/2023/11/God-Names.jpeg,https://coveinterior.com/wp-content/uploads/2023/11/God-Names.jpeg,/media/wordpress-migration/2023/11/God-Names.jpeg,God-Names.jpeg
set_product_main_image,13611,12543,Secret Potion – N3,0,390133,Secret Potion – N3,active,matched,https://coveinterior.com/wp-content/uploads/2023/10/Secret-Potion-–-N3.jpeg,https://coveinterior.com/wp-content/uploads/2023/10/Secret-Potion-–-N3.jpeg,/media/wordpress-migration/2023/10/Secret-Potion-–-N3.jpeg,Secret-Potion-–-N3.jpeg
set_product_main_image,13609,12544,Secret Potion – N2,0,390132,Secret Potion – N2,active,matched,https://coveinterior.com/wp-content/uploads/2023/10/Secret-Potion-–-N1.jpeg,https://coveinterior.com/wp-content/uploads/2023/10/Secret-Potion-–-N1.jpeg,/media/wordpress-migration/2023/10/Secret-Potion-–-N1.jpeg,Secret-Potion-–-N1.jpeg
set_product_main_image,13601,12545,Secret Potion – N1,0,390131,Secret Potion – N1,active,matched,https://coveinterior.com/wp-content/uploads/2023/10/Secret-Potion-–-N1.jpeg,https://coveinterior.com/wp-content/uploads/2023/10/Secret-Potion-–-N1.jpeg,/media/wordpress-migration/2023/10/Secret-Potion-–-N1.jpeg,Secret-Potion-–-N1.jpeg
set_product_main_image,13365,12546,Shelf Unit - Black,0,390130,Shelf Unit - Black,active,matched,https://coveinterior.com/wp-content/uploads/2023/10/Shelf-Unit-Black.jpg,https://coveinterior.com/wp-content/uploads/2023/10/Shelf-Unit-Black.jpg,/media/wordpress-migration/2023/10/Shelf-Unit-Black.jpg,Shelf-Unit-Black.jpg
set_product_main_image,13361,12547,Shelf Unit - Light Gray,0,390129,Shelf Unit - Light Gray,active,matched,https://coveinterior.com/wp-content/uploads/2023/10/Shelf-Unit-Dark-Gray.jpg,https://coveinterior.com/wp-content/uploads/2023/10/Shelf-Unit-Dark-Gray.jpg,/media/wordpress-migration/2023/10/Shelf-Unit-Dark-Gray.jpg,Shelf-Unit-Dark-Gray.jpg
set_product_main_image,13357,12548,Shelf Unit - Dark Gray,0,390128,Shelf Unit - Dark Gray,active,matched,https://coveinterior.com/wp-content/uploads/2023/10/Shelf-Unit-Dark-Gray.jpg,https://coveinterior.com/wp-content/uploads/2023/10/Shelf-Unit-Dark-Gray.jpg,/media/wordpress-migration/2023/10/Shelf-Unit-Dark-Gray.jpg,Shelf-Unit-Dark-Gray.jpg
set_product_main_image,13353,12549,Circle - Off White,0,390127,Circle - Off White,active,matched,https://coveinterior.com/wp-content/uploads/2023/10/Circle-Off-White.jpg,https://coveinterior.com/wp-content/uploads/2023/10/Circle-Off-White.jpg,/media/wordpress-migration/2023/10/Circle-Off-White.jpg,Circle-Off-White.jpg
set_product_main_image,13349,12550,Trapezoid - Light Beige,0,390126,Trapezoid - Light Beige,active,matched,https://coveinterior.com/wp-content/uploads/2023/10/Trapezoid-Light-Beige.jpg,https://coveinterior.com/wp-content/uploads/2023/10/Trapezoid-Light-Beige.jpg,/media/wordpress-migration/2023/10/Trapezoid-Light-Beige.jpg,Trapezoid-Light-Beige.jpg
set_product_main_image,13345,12551,Trapezoid - White and Gray,0,390125,Trapezoid - White and Gray,active,matched,https://coveinterior.com/wp-content/uploads/2023/10/Trapezoid-White-and-Gray.jpg,https://coveinterior.com/wp-content/uploads/2023/10/Trapezoid-White-and-Gray.jpg,/media/wordpress-migration/2023/10/Trapezoid-White-and-Gray.jpg,Trapezoid-White-and-Gray.jpg
set_product_main_image,13341,12552,Trapezoid - Dark Gray,0,390124,Trapezoid - Dark Gray,active,matched,https://coveinterior.com/wp-content/uploads/2023/10/Trapezoid-Dark-Gray.jpg,https://coveinterior.com/wp-content/uploads/2023/10/Trapezoid-Dark-Gray.jpg,/media/wordpress-migration/2023/10/Trapezoid-Dark-Gray.jpg,Trapezoid-Dark-Gray.jpg
set_product_main_image,12939,12528,trays,0,390122,trays,active,matched,https://coveinterior.com/wp-content/uploads/2023/08/tray.jpg,https://coveinterior.com/wp-content/uploads/2023/08/tray.jpg,/media/wordpress-migration/2023/08/tray.jpg,tray.jpg
set_product_gallery_image,12939,12528,trays,1,390122,trays,active,matched,https://coveinterior.com/wp-content/uploads/2021/07/small-capsules-1.webp,https://coveinterior.com/wp-content/uploads/2021/07/small-capsules-1.webp,/media/wordpress-migration/2021/07/small-capsules-1.webp,small-capsules-1.webp
set_product_gallery_image,12939,12528,trays,2,390122,trays,active,matched,https://coveinterior.com/wp-content/uploads/2021/07/big-capsules-1.webp,https://coveinterior.com/wp-content/uploads/2021/07/big-capsules-1.webp,/media/wordpress-migration/2021/07/big-capsules-1.webp,big-capsules-1.webp
set_product_main_image,12745,12745,Classic 157 gold,0,390120,Classic 157 gold,active,matched,https://coveinterior.com/wp-content/uploads/2021/07/classic-157-gold.jpg,https://coveinterior.com/wp-content/uploads/2021/07/classic-157-gold.jpg,/media/wordpress-migration/2021/07/classic-157-gold.jpg,classic-157-gold.jpg
set_product_gallery_image,12694,12694,Roshina 3 Maroon,4,390117,Roshina 3 Maroon,active,matched,https://coveinterior.com/wp-content/uploads/2023/07/Roshina-3-Maroon-4-1.jpg,https://coveinterior.com/wp-content/uploads/2023/07/Roshina-3-Maroon-4-1.jpg,/media/wordpress-migration/2023/07/Roshina-3-Maroon-4-1.jpg,Roshina-3-Maroon-4-1.jpg
set_product_gallery_image,12694,12694,Roshina 3 Maroon,5,390117,Roshina 3 Maroon,active,matched,https://coveinterior.com/wp-content/uploads/2023/07/Roshina-3-Maroon-5.jpg,https://coveinterior.com/wp-content/uploads/2023/07/Roshina-3-Maroon-5.jpg,/media/wordpress-migration/2023/07/Roshina-3-Maroon-5.jpg,Roshina-3-Maroon-5.jpg
set_product_gallery_image,12678,12678,Roshina 3 Light Blue,4,390115,Roshina 3 Light Blue,active,matched,https://coveinterior.com/wp-content/uploads/2023/07/Roshina-3-light-blue-4-1.jpg,https://coveinterior.com/wp-content/uploads/2023/07/Roshina-3-light-blue-4-1.jpg,/media/wordpress-migration/2023/07/Roshina-3-light-blue-4-1.jpg,Roshina-3-light-blue-4-1.jpg
set_product_gallery_image,12678,12678,Roshina 3 Light Blue,5,390115,Roshina 3 Light Blue,active,matched,https://coveinterior.com/wp-content/uploads/2023/07/Roshina-3-light-blue-5.jpg,https://coveinterior.com/wp-content/uploads/2023/07/Roshina-3-light-blue-5.jpg,/media/wordpress-migration/2023/07/Roshina-3-light-blue-5.jpg,Roshina-3-light-blue-5.jpg
set_product_gallery_image,12669,12669,Roshina 3 Camel,4,390114,Roshina 3 Camel,active,matched,https://coveinterior.com/wp-content/uploads/2023/07/Roshina-3-camel-4-1.jpg,https://coveinterior.com/wp-content/uploads/2023/07/Roshina-3-camel-4-1.jpg,/media/wordpress-migration/2023/07/Roshina-3-camel-4-1.jpg,Roshina-3-camel-4-1.jpg
set_product_gallery_image,12669,12669,Roshina 3 Camel,5,390114,Roshina 3 Camel,active,matched,https://coveinterior.com/wp-content/uploads/2023/07/Roshina-3-camel-5.jpg,https://coveinterior.com/wp-content/uploads/2023/07/Roshina-3-camel-5.jpg,/media/wordpress-migration/2023/07/Roshina-3-camel-5.jpg,Roshina-3-camel-5.jpg
set_product_gallery_image,12610,12610,Roshina 1 Black,1,390112,Roshina 1 Black,active,matched,https://coveinterior.com/wp-content/uploads/2023/01/Roshina-1-black-2.jpg,https://coveinterior.com/wp-content/uploads/2023/01/Roshina-1-black-2.jpg,/media/wordpress-migration/2023/01/Roshina-1-black-2.jpg,Roshina-1-black-2.jpg
set_product_gallery_image,12610,12610,Roshina 1 Black,2,390112,Roshina 1 Black,active,matched,https://coveinterior.com/wp-content/uploads/2023/01/Roshina-1-black-5.jpg,https://coveinterior.com/wp-content/uploads/2023/01/Roshina-1-black-5.jpg,/media/wordpress-migration/2023/01/Roshina-1-black-5.jpg,Roshina-1-black-5.jpg
set_product_gallery_image,12610,12610,Roshina 1 Black,3,390112,Roshina 1 Black,active,matched,https://coveinterior.com/wp-content/uploads/2023/01/Roshina-1-black-4.jpg,https://coveinterior.com/wp-content/uploads/2023/01/Roshina-1-black-4.jpg,/media/wordpress-migration/2023/01/Roshina-1-black-4.jpg,Roshina-1-black-4.jpg
set_product_gallery_image,12610,12610,Roshina 1 Black,4,390112,Roshina 1 Black,active,matched,https://coveinterior.com/wp-content/uploads/2023/01/Roshina-1-black-3.jpg,https://coveinterior.com/wp-content/uploads/2023/01/Roshina-1-black-3.jpg,/media/wordpress-migration/2023/01/Roshina-1-black-3.jpg,Roshina-1-black-3.jpg
set_product_gallery_image,12610,12610,Roshina 1 Black,5,390112,Roshina 1 Black,active,matched,https://coveinterior.com/wp-content/uploads/2023/01/Roshina-1-Details.jpg,https://coveinterior.com/wp-content/uploads/2023/01/Roshina-1-Details.jpg,/media/wordpress-migration/2023/01/Roshina-1-Details.jpg,Roshina-1-Details.jpg
set_product_gallery_image,12040,112239,Roshina 1 Petrol,5,390064,Roshina 1 Petrol,active,matched,https://coveinterior.com/wp-content/uploads/2023/01/Roshina-1-Details.jpg,https://coveinterior.com/wp-content/uploads/2023/01/Roshina-1-Details.jpg,/media/wordpress-migration/2023/01/Roshina-1-Details.jpg,Roshina-1-Details.jpg
set_product_gallery_image,11948,112233,Roshina 1 Beige,5,390059,Roshina 1 Beige,active,matched,https://coveinterior.com/wp-content/uploads/2023/01/Roshina-1-Details.jpg,https://coveinterior.com/wp-content/uploads/2023/01/Roshina-1-Details.jpg,/media/wordpress-migration/2023/01/Roshina-1-Details.jpg,Roshina-1-Details.jpg
set_product_main_image,12527,12527,Mini Cove 6x6 Gray,0,390111,Mini Cove 6x6 Gray,active,matched,https://coveinterior.com/wp-content/uploads/2021/07/big-capsule-bl.webp,https://coveinterior.com/wp-content/uploads/2021/07/big-capsule-bl.webp,/media/wordpress-migration/2021/07/big-capsule-bl.webp,big-capsule-bl.webp
set_product_main_image,12525,12525,De Cove 6x6	Gray,0,390109,De Cove 6x6	Gray,active,matched,https://coveinterior.com/wp-content/uploads/2021/07/big-capsule-bl.webp,https://coveinterior.com/wp-content/uploads/2021/07/big-capsule-bl.webp,/media/wordpress-migration/2021/07/big-capsule-bl.webp,big-capsule-bl.webp
set_product_main_image,12523,12523,Classic 157-225 6x6 Beige,0,390107,Classic 157-225 6x6 Beige,active,matched,https://coveinterior.com/wp-content/uploads/2021/07/big-capsule-bl.webp,https://coveinterior.com/wp-content/uploads/2021/07/big-capsule-bl.webp,/media/wordpress-migration/2021/07/big-capsule-bl.webp,big-capsule-bl.webp
set_product_main_image,12522,12522,Classic 157-225 6x6 Gray,0,390106,Classic 157-225 6x6 Gray,active,matched,https://coveinterior.com/wp-content/uploads/2021/07/big-capsule-bl.webp,https://coveinterior.com/wp-content/uploads/2021/07/big-capsule-bl.webp,/media/wordpress-migration/2021/07/big-capsule-bl.webp,big-capsule-bl.webp
set_product_main_image,12519,12519,Curve 120-180 6x6 Beige,0,390103,Curve 120-180 6x6 Beige,active,matched,https://coveinterior.com/wp-content/uploads/2021/07/big-capsule-bl.webp,https://coveinterior.com/wp-content/uploads/2021/07/big-capsule-bl.webp,/media/wordpress-migration/2021/07/big-capsule-bl.webp,big-capsule-bl.webp
set_product_main_image,12517,12517,Country 167 6x6 Beige,0,390101,Country 167 6x6 Beige,active,matched,https://coveinterior.com/wp-content/uploads/2021/07/big-capsule-bl.webp,https://coveinterior.com/wp-content/uploads/2021/07/big-capsule-bl.webp,/media/wordpress-migration/2021/07/big-capsule-bl.webp,big-capsule-bl.webp
set_product_main_image,12516,12516,Country 167 6x6 Gray,0,390100,Country 167 6x6 Gray,active,matched,https://coveinterior.com/wp-content/uploads/2021/07/big-capsule-bl.webp,https://coveinterior.com/wp-content/uploads/2021/07/big-capsule-bl.webp,/media/wordpress-migration/2021/07/big-capsule-bl.webp,big-capsule-bl.webp
set_product_main_image,12513,12513,Country 112 6x6 Beige,0,390097,Country 112 6x6 Beige,active,matched,https://coveinterior.com/wp-content/uploads/2021/07/big-capsule-bl.webp,https://coveinterior.com/wp-content/uploads/2021/07/big-capsule-bl.webp,/media/wordpress-migration/2021/07/big-capsule-bl.webp,big-capsule-bl.webp
set_product_main_image,12512,12512,Country 112 6x6 Gray,0,390096,Country 112 6x6 Gray,active,matched,https://coveinterior.com/wp-content/uploads/2021/07/big-capsule-bl.webp,https://coveinterior.com/wp-content/uploads/2021/07/big-capsule-bl.webp,/media/wordpress-migration/2021/07/big-capsule-bl.webp,big-capsule-bl.webp
set_product_main_image,12509,12509,Country 62 6x6 Beige,0,390093,Country 62 6x6 Beige,active,matched,https://coveinterior.com/wp-content/uploads/2021/07/big-capsule-bl.webp,https://coveinterior.com/wp-content/uploads/2021/07/big-capsule-bl.webp,/media/wordpress-migration/2021/07/big-capsule-bl.webp,big-capsule-bl.webp
set_product_main_image,12508,12508,Country 62 6x6 Gray,0,390092,Country 62 6x6 Gray,active,matched,https://coveinterior.com/wp-content/uploads/2021/07/big-capsule-bl.webp,https://coveinterior.com/wp-content/uploads/2021/07/big-capsule-bl.webp,/media/wordpress-migration/2021/07/big-capsule-bl.webp,big-capsule-bl.webp
set_product_main_image,12507,12507,Country 62 4x4 Beige,0,390091,Country 62 4x4 Beige,active,matched,https://coveinterior.com/wp-content/uploads/2021/07/big-capsule-bl.webp,https://coveinterior.com/wp-content/uploads/2021/07/big-capsule-bl.webp,/media/wordpress-migration/2021/07/big-capsule-bl.webp,big-capsule-bl.webp
set_product_main_image,12526,12526,Mini Cove 4x4 Gray,0,390110,Mini Cove 4x4 Gray,active,matched,https://coveinterior.com/wp-content/uploads/2021/07/small-capsule-bl.webp,https://coveinterior.com/wp-content/uploads/2021/07/small-capsule-bl.webp,/media/wordpress-migration/2021/07/small-capsule-bl.webp,small-capsule-bl.webp
set_product_main_image,12524,12524,De Cove 4x4	Gray,0,390108,De Cove 4x4	Gray,active,matched,https://coveinterior.com/wp-content/uploads/2021/07/small-capsule-bl.webp,https://coveinterior.com/wp-content/uploads/2021/07/small-capsule-bl.webp,/media/wordpress-migration/2021/07/small-capsule-bl.webp,small-capsule-bl.webp
set_product_main_image,12521,12521,Classic 157-225 4x4 Beige web,0,390105,Classic 157-225 4x4 Beige web,archived,matched,https://coveinterior.com/wp-content/uploads/2021/07/small-capsule-bl.webp,https://coveinterior.com/wp-content/uploads/2021/07/small-capsule-bl.webp,/media/wordpress-migration/2021/07/small-capsule-bl.webp,small-capsule-bl.webp
set_product_main_image,12520,12520,Classic 157-225 4x4 Gray,0,390104,Classic 157-225 4x4 Gray,active,matched,https://coveinterior.com/wp-content/uploads/2021/07/small-capsule-bl.webp,https://coveinterior.com/wp-content/uploads/2021/07/small-capsule-bl.webp,/media/wordpress-migration/2021/07/small-capsule-bl.webp,small-capsule-bl.webp
set_product_main_image,12518,12518,Curve 120-180 4x4 Beige,0,390102,Curve 120-180 4x4 Beige,active,matched,https://coveinterior.com/wp-content/uploads/2021/07/small-capsule-bl.webp,https://coveinterior.com/wp-content/uploads/2021/07/small-capsule-bl.webp,/media/wordpress-migration/2021/07/small-capsule-bl.webp,small-capsule-bl.webp
set_product_main_image,12515,12515,Country 167 4x4 Beige,0,390099,Country 167 4x4 Beige,active,matched,https://coveinterior.com/wp-content/uploads/2021/07/small-capsule-bl.webp,https://coveinterior.com/wp-content/uploads/2021/07/small-capsule-bl.webp,/media/wordpress-migration/2021/07/small-capsule-bl.webp,small-capsule-bl.webp
set_product_main_image,12514,12514,Country 167 4x4 Gray,0,390098,Country 167 4x4 Gray,active,matched,https://coveinterior.com/wp-content/uploads/2021/07/small-capsule-bl.webp,https://coveinterior.com/wp-content/uploads/2021/07/small-capsule-bl.webp,/media/wordpress-migration/2021/07/small-capsule-bl.webp,small-capsule-bl.webp
set_product_main_image,12511,12511,Country 112 4x4 Beige,0,390095,Country 112 4x4 Beige,active,matched,https://coveinterior.com/wp-content/uploads/2021/07/small-capsule-bl.webp,https://coveinterior.com/wp-content/uploads/2021/07/small-capsule-bl.webp,/media/wordpress-migration/2021/07/small-capsule-bl.webp,small-capsule-bl.webp
set_product_main_image,12510,12510,Country 112 4x4 Gray,0,390094,Country 112 4x4 Gray,active,matched,https://coveinterior.com/wp-content/uploads/2021/07/small-capsule-bl.webp,https://coveinterior.com/wp-content/uploads/2021/07/small-capsule-bl.webp,/media/wordpress-migration/2021/07/small-capsule-bl.webp,small-capsule-bl.webp
set_product_main_image,12506,12506,Country 62 4x4 Gray,0,390090,Country 62 4x4 Gray,active,matched,https://coveinterior.com/wp-content/uploads/2021/07/small-capsule-bl.webp,https://coveinterior.com/wp-content/uploads/2021/07/small-capsule-bl.webp,/media/wordpress-migration/2021/07/small-capsule-bl.webp,small-capsule-bl.webp
set_product_main_image,12470,12470,Classic 225 Bohemian,0,390088,Classic 225 Bohemian,active,matched,https://coveinterior.com/wp-content/uploads/2022/07/classic-225-gray-gold-1.jpg,https://coveinterior.com/wp-content/uploads/2022/07/classic-225-gray-gold-1.jpg,/media/wordpress-migration/2022/07/classic-225-gray-gold-1.jpg,classic-225-gray-gold-1.jpg
set_product_main_image,10816,10816,Classic 225,0,390057,Classic 225,active,matched,https://coveinterior.com/wp-content/uploads/2022/07/classic-225-gray-gold-1.jpg,https://coveinterior.com/wp-content/uploads/2022/07/classic-225-gray-gold-1.jpg,/media/wordpress-migration/2022/07/classic-225-gray-gold-1.jpg,classic-225-gray-gold-1.jpg
set_product_main_image,12465,12465,Classic 157 Bohemian,0,390087,Classic 157 Bohemian,active,matched,https://coveinterior.com/wp-content/uploads/2021/07/classic-157-marble-silver.jpg,https://coveinterior.com/wp-content/uploads/2021/07/classic-157-marble-silver.jpg,/media/wordpress-migration/2021/07/classic-157-marble-silver.jpg,classic-157-marble-silver.jpg
set_product_main_image,12438,12438,Classic 157 Gray / White,0,390084,Classic 157 Gray / White,active,matched,https://coveinterior.com/wp-content/uploads/2021/07/classic-157-marble-silver.jpg,https://coveinterior.com/wp-content/uploads/2021/07/classic-157-marble-silver.jpg,/media/wordpress-migration/2021/07/classic-157-marble-silver.jpg,classic-157-marble-silver.jpg
set_product_main_image,1204,1204,Classic 157,0,390050,Classic 157,active,matched,https://coveinterior.com/wp-content/uploads/2021/07/classic-157-marble-silver.jpg,https://coveinterior.com/wp-content/uploads/2021/07/classic-157-marble-silver.jpg,/media/wordpress-migration/2021/07/classic-157-marble-silver.jpg,classic-157-marble-silver.jpg
set_product_main_image,12460,12460,Mini Caf Green Forest,0,390086,Mini Caf Green Forest,active,matched,https://coveinterior.com/wp-content/uploads/2022/07/1-4.jpg,https://coveinterior.com/wp-content/uploads/2022/07/1-4.jpg,/media/wordpress-migration/2022/07/1-4.jpg,1-4.jpg
set_product_main_image,8150,8150,Mini Caf,0,390055,Mini Caf,active,matched,https://coveinterior.com/wp-content/uploads/2022/07/1-4.jpg,https://coveinterior.com/wp-content/uploads/2022/07/1-4.jpg,/media/wordpress-migration/2022/07/1-4.jpg,1-4.jpg
set_product_gallery_image,12460,12460,Mini Caf Green Forest,1,390086,Mini Caf Green Forest,active,matched,https://coveinterior.com/wp-content/uploads/2022/07/2-3.jpg,https://coveinterior.com/wp-content/uploads/2022/07/2-3.jpg,/media/wordpress-migration/2022/07/2-3.jpg,2-3.jpg
set_product_gallery_image,8150,8150,Mini Caf,1,390055,Mini Caf,active,matched,https://coveinterior.com/wp-content/uploads/2022/07/2-3.jpg,https://coveinterior.com/wp-content/uploads/2022/07/2-3.jpg,/media/wordpress-migration/2022/07/2-3.jpg,2-3.jpg
set_product_gallery_image,12460,12460,Mini Caf Green Forest,2,390086,Mini Caf Green Forest,active,matched,https://coveinterior.com/wp-content/uploads/2022/07/3-4.jpg,https://coveinterior.com/wp-content/uploads/2022/07/3-4.jpg,/media/wordpress-migration/2022/07/3-4.jpg,3-4.jpg
set_product_gallery_image,8150,8150,Mini Caf,2,390055,Mini Caf,active,matched,https://coveinterior.com/wp-content/uploads/2022/07/3-4.jpg,https://coveinterior.com/wp-content/uploads/2022/07/3-4.jpg,/media/wordpress-migration/2022/07/3-4.jpg,3-4.jpg
set_product_main_image,12450,12450,DeCaf,0,390085,DeCaf,active,matched,https://coveinterior.com/wp-content/uploads/2022/10/4.jpeg,https://coveinterior.com/wp-content/uploads/2022/10/4.jpeg,/media/wordpress-migration/2022/10/4.jpeg,4.jpeg
set_product_main_image,10879,10879,DeCaf,0,390058,DeCaf,active,matched,https://coveinterior.com/wp-content/uploads/2022/10/4.jpeg,https://coveinterior.com/wp-content/uploads/2022/10/4.jpeg,/media/wordpress-migration/2022/10/4.jpeg,4.jpeg
set_product_gallery_image,12450,12450,DeCaf,1,390085,DeCaf,active,matched,https://coveinterior.com/wp-content/uploads/2022/10/5.jpeg,https://coveinterior.com/wp-content/uploads/2022/10/5.jpeg,/media/wordpress-migration/2022/10/5.jpeg,5.jpeg
set_product_gallery_image,10879,10879,DeCaf,1,390058,DeCaf,active,matched,https://coveinterior.com/wp-content/uploads/2022/10/5.jpeg,https://coveinterior.com/wp-content/uploads/2022/10/5.jpeg,/media/wordpress-migration/2022/10/5.jpeg,5.jpeg
set_product_gallery_image,12450,12450,DeCaf,2,390085,DeCaf,active,matched,https://coveinterior.com/wp-content/uploads/2022/10/Decaf.jpeg,https://coveinterior.com/wp-content/uploads/2022/10/Decaf.jpeg,/media/wordpress-migration/2022/10/Decaf.jpeg,Decaf.jpeg
set_product_gallery_image,10879,10879,DeCaf,2,390058,DeCaf,active,matched,https://coveinterior.com/wp-content/uploads/2022/10/Decaf.jpeg,https://coveinterior.com/wp-content/uploads/2022/10/Decaf.jpeg,/media/wordpress-migration/2022/10/Decaf.jpeg,Decaf.jpeg
set_product_gallery_image,12450,12450,DeCaf,3,390085,DeCaf,active,matched,https://coveinterior.com/wp-content/uploads/2022/10/3.jpeg,https://coveinterior.com/wp-content/uploads/2022/10/3.jpeg,/media/wordpress-migration/2022/10/3.jpeg,3.jpeg
set_product_gallery_image,10879,10879,DeCaf,3,390058,DeCaf,active,matched,https://coveinterior.com/wp-content/uploads/2022/10/3.jpeg,https://coveinterior.com/wp-content/uploads/2022/10/3.jpeg,/media/wordpress-migration/2022/10/3.jpeg,3.jpeg
set_product_gallery_image,12450,12450,DeCaf,4,390085,DeCaf,active,matched,https://coveinterior.com/wp-content/uploads/2022/10/1.jpeg,https://coveinterior.com/wp-content/uploads/2022/10/1.jpeg,/media/wordpress-migration/2022/10/1.jpeg,1.jpeg
set_product_gallery_image,10879,10879,DeCaf,4,390058,DeCaf,active,matched,https://coveinterior.com/wp-content/uploads/2022/10/1.jpeg,https://coveinterior.com/wp-content/uploads/2022/10/1.jpeg,/media/wordpress-migration/2022/10/1.jpeg,1.jpeg
set_product_main_image,12425,12425,Curve 180 Dark Red,0,390083,Curve 180 Dark Red,active,matched,https://coveinterior.com/wp-content/uploads/2022/07/CURVE-180-Dark-red.jpg,https://coveinterior.com/wp-content/uploads/2022/07/CURVE-180-Dark-red.jpg,/media/wordpress-migration/2022/07/CURVE-180-Dark-red.jpg,CURVE-180-Dark-red.jpg
set_product_main_image,12416,12416,Curve 120 Navy Blue,0,390082,Curve 120 Navy Blue,active,matched,https://coveinterior.com/wp-content/uploads/2022/07/CURVE-NAVY-BLUE.jpg,https://coveinterior.com/wp-content/uploads/2022/07/CURVE-NAVY-BLUE.jpg,/media/wordpress-migration/2022/07/CURVE-NAVY-BLUE.jpg,CURVE-NAVY-BLUE.jpg
set_product_main_image,12403,12403,Curve 120 Light Blue,0,390081,Curve 120 Light Blue,active,matched,https://coveinterior.com/wp-content/uploads/2022/07/CURVE-LIGHT-BLUE-1.jpg,https://coveinterior.com/wp-content/uploads/2022/07/CURVE-LIGHT-BLUE-1.jpg,/media/wordpress-migration/2022/07/CURVE-LIGHT-BLUE-1.jpg,CURVE-LIGHT-BLUE-1.jpg
set_product_main_image,8112,8112,Curve 120,0,390053,Curve 120,active,matched,https://coveinterior.com/wp-content/uploads/2022/07/CURVE-LIGHT-BLUE-1.jpg,https://coveinterior.com/wp-content/uploads/2022/07/CURVE-LIGHT-BLUE-1.jpg,/media/wordpress-migration/2022/07/CURVE-LIGHT-BLUE-1.jpg,CURVE-LIGHT-BLUE-1.jpg
set_product_main_image,12382,12382,Country 62  Gray,0,390080,Country 62  Gray,active,matched,https://coveinterior.com/wp-content/uploads/2022/07/COUNTRY-62-BEIGE-DETAILS.jpg,https://coveinterior.com/wp-content/uploads/2022/07/COUNTRY-62-BEIGE-DETAILS.jpg,/media/wordpress-migration/2022/07/COUNTRY-62-BEIGE-DETAILS.jpg,COUNTRY-62-BEIGE-DETAILS.jpg
set_product_main_image,8074,8074,Country 62,0,390051,Country 62,active,matched,https://coveinterior.com/wp-content/uploads/2022/07/COUNTRY-62-BEIGE-DETAILS.jpg,https://coveinterior.com/wp-content/uploads/2022/07/COUNTRY-62-BEIGE-DETAILS.jpg,/media/wordpress-migration/2022/07/COUNTRY-62-BEIGE-DETAILS.jpg,COUNTRY-62-BEIGE-DETAILS.jpg
set_product_main_image,12360,12360,Country 112 White,0,390079,Country 112 White,active,matched,https://coveinterior.com/wp-content/uploads/2022/07/COUNTRY-112-WHITE.jpg,https://coveinterior.com/wp-content/uploads/2022/07/COUNTRY-112-WHITE.jpg,/media/wordpress-migration/2022/07/COUNTRY-112-WHITE.jpg,COUNTRY-112-WHITE.jpg
set_product_main_image,12355,12355,Country 167 Beech Wood,0,390078,Country 167 Beech Wood,active,matched,https://coveinterior.com/wp-content/uploads/2022/07/COUNTRY-167-BEECH-2.jpg,https://coveinterior.com/wp-content/uploads/2022/07/COUNTRY-167-BEECH-2.jpg,/media/wordpress-migration/2022/07/COUNTRY-167-BEECH-2.jpg,COUNTRY-167-BEECH-2.jpg
set_product_main_image,10715,10715,Country 167,0,390056,Country 167,active,matched,https://coveinterior.com/wp-content/uploads/2022/07/COUNTRY-167-BEECH-2.jpg,https://coveinterior.com/wp-content/uploads/2022/07/COUNTRY-167-BEECH-2.jpg,/media/wordpress-migration/2022/07/COUNTRY-167-BEECH-2.jpg,COUNTRY-167-BEECH-2.jpg
set_product_main_image,12334,12334,Country 167 Green,0,390077,Country 167 Green,active,matched,https://coveinterior.com/wp-content/uploads/2022/07/COUNTRY-167-GREEN.jpg,https://coveinterior.com/wp-content/uploads/2022/07/COUNTRY-167-GREEN.jpg,/media/wordpress-migration/2022/07/COUNTRY-167-GREEN.jpg,COUNTRY-167-GREEN.jpg
set_product_main_image,12249,12249,Wall Painting Blue,0,390076,Wall Painting Blue,active,matched,https://coveinterior.com/wp-content/uploads/2023/05/Wall-Painting-Blue.jpeg,https://coveinterior.com/wp-content/uploads/2023/05/Wall-Painting-Blue.jpeg,/media/wordpress-migration/2023/05/Wall-Painting-Blue.jpeg,Wall-Painting-Blue.jpeg
set_product_main_image,12248,12248,Hairstyle,0,390075,Hairstyle,active,matched,https://coveinterior.com/wp-content/uploads/2023/05/Hairstyle.jpeg,https://coveinterior.com/wp-content/uploads/2023/05/Hairstyle.jpeg,/media/wordpress-migration/2023/05/Hairstyle.jpeg,Hairstyle.jpeg
set_product_main_image,12247,12247,Wall Painting Pink,0,390074,Wall Painting Pink,active,matched,https://coveinterior.com/wp-content/uploads/2023/05/Wall-Painting-pink.jpeg,https://coveinterior.com/wp-content/uploads/2023/05/Wall-Painting-pink.jpeg,/media/wordpress-migration/2023/05/Wall-Painting-pink.jpeg,Wall-Painting-pink.jpeg
set_product_main_image,12246,12246,Beauty Night Stand,0,390073,Beauty Night Stand,active,matched,https://coveinterior.com/wp-content/uploads/2023/05/Beauty-Night-Stand.jpeg,https://coveinterior.com/wp-content/uploads/2023/05/Beauty-Night-Stand.jpeg,/media/wordpress-migration/2023/05/Beauty-Night-Stand.jpeg,Beauty-Night-Stand.jpeg
set_product_main_image,12245,12245,Mirror,0,390072,Mirror,active,matched,https://coveinterior.com/wp-content/uploads/2023/05/Mirror.jpeg,https://coveinterior.com/wp-content/uploads/2023/05/Mirror.jpeg,/media/wordpress-migration/2023/05/Mirror.jpeg,Mirror.jpeg
set_product_gallery_image,12165,112261,Roshina 2 Cement Green store,3,390067,Roshina 2 Cement Green store,archived,matched,https://coveinterior.com/wp-content/uploads/2023/01/Roshina-2-cementgreen-4.jpg,https://coveinterior.com/wp-content/uploads/2023/01/Roshina-2-cementgreen-4.jpg,/media/wordpress-migration/2023/01/Roshina-2-cementgreen-4.jpg,Roshina-2-cementgreen-4.jpg
set_product_gallery_image,12040,112239,Roshina 1 Petrol,1,390064,Roshina 1 Petrol,active,matched,https://coveinterior.com/wp-content/uploads/2023/01/Roshina-1-petrol-5.jpg,https://coveinterior.com/wp-content/uploads/2023/01/Roshina-1-petrol-5.jpg,/media/wordpress-migration/2023/01/Roshina-1-petrol-5.jpg,Roshina-1-petrol-5.jpg
set_product_gallery_image,12040,112239,Roshina 1 Petrol,2,390064,Roshina 1 Petrol,active,matched,https://coveinterior.com/wp-content/uploads/2023/01/Roshina-1-petrol-4.jpg,https://coveinterior.com/wp-content/uploads/2023/01/Roshina-1-petrol-4.jpg,/media/wordpress-migration/2023/01/Roshina-1-petrol-4.jpg,Roshina-1-petrol-4.jpg
set_product_gallery_image,12040,112239,Roshina 1 Petrol,3,390064,Roshina 1 Petrol,active,matched,https://coveinterior.com/wp-content/uploads/2023/01/Roshina-1-petrol-3.jpg,https://coveinterior.com/wp-content/uploads/2023/01/Roshina-1-petrol-3.jpg,/media/wordpress-migration/2023/01/Roshina-1-petrol-3.jpg,Roshina-1-petrol-3.jpg
set_product_gallery_image,12040,112239,Roshina 1 Petrol,4,390064,Roshina 1 Petrol,active,matched,https://coveinterior.com/wp-content/uploads/2023/01/Roshina-1-petrol-2.jpg,https://coveinterior.com/wp-content/uploads/2023/01/Roshina-1-petrol-2.jpg,/media/wordpress-migration/2023/01/Roshina-1-petrol-2.jpg,Roshina-1-petrol-2.jpg
set_product_gallery_image,11948,112233,Roshina 1 Beige,1,390059,Roshina 1 Beige,active,matched,https://coveinterior.com/wp-content/uploads/2023/01/Roshina-1-beige-2.jpg,https://coveinterior.com/wp-content/uploads/2023/01/Roshina-1-beige-2.jpg,/media/wordpress-migration/2023/01/Roshina-1-beige-2.jpg,Roshina-1-beige-2.jpg
set_product_gallery_image,11948,112233,Roshina 1 Beige,2,390059,Roshina 1 Beige,active,matched,https://coveinterior.com/wp-content/uploads/2023/01/Roshina-1-beige-5.jpg,https://coveinterior.com/wp-content/uploads/2023/01/Roshina-1-beige-5.jpg,/media/wordpress-migration/2023/01/Roshina-1-beige-5.jpg,Roshina-1-beige-5.jpg
set_product_gallery_image,11948,112233,Roshina 1 Beige,3,390059,Roshina 1 Beige,active,matched,https://coveinterior.com/wp-content/uploads/2023/01/Roshina-1-beige-4.jpg,https://coveinterior.com/wp-content/uploads/2023/01/Roshina-1-beige-4.jpg,/media/wordpress-migration/2023/01/Roshina-1-beige-4.jpg,Roshina-1-beige-4.jpg
set_product_gallery_image,11948,112233,Roshina 1 Beige,4,390059,Roshina 1 Beige,active,matched,https://coveinterior.com/wp-content/uploads/2023/01/Roshina-1-beige-3.jpg,https://coveinterior.com/wp-content/uploads/2023/01/Roshina-1-beige-3.jpg,/media/wordpress-migration/2023/01/Roshina-1-beige-3.jpg,Roshina-1-beige-3.jpg
set_product_main_image,8131,8131,Curve 180,0,390054,Curve 180,active,matched,https://coveinterior.com/wp-content/uploads/2022/07/CURVE-180-Royal-green.jpg,https://coveinterior.com/wp-content/uploads/2022/07/CURVE-180-Royal-green.jpg,/media/wordpress-migration/2022/07/CURVE-180-Royal-green.jpg,CURVE-180-Royal-green.jpg
set_product_main_image,8093,8093,Country 112,0,390052,Country 112,active,matched,https://coveinterior.com/wp-content/uploads/2022/07/COUNTRY-112-BLUE.jpg,https://coveinterior.com/wp-content/uploads/2022/07/COUNTRY-112-BLUE.jpg,/media/wordpress-migration/2022/07/COUNTRY-112-BLUE.jpg,COUNTRY-112-BLUE.jpg
