approval_action,canonical_url,local_key,local_url,filename,wp_upload_month,attachment_ids,usage_types,usage_count,raw_variant_count,sample_usage_json,safety_note
import_file_and_create_or_reuse_media_asset,https://coveinterior.com/wp-content/uploads/2017/06/5.jpg,wordpress-migration/2017/06/5.jpg,/media/wordpress-migration/2017/06/5.jpg,5.jpg,2017/06,,portfolio_embedded_media_url,9,9,"[{""type"": ""portfolio_embedded_media_url"", ""postType"": ""portfolio"", ""wpPostId"": 366, ""slug"": ""bedrooms"", ""title"": ""Bedrooms""}, {""type"": ""portfolio_embedded_media_url"", ""postType"": ""portfolio"", ""wpPostId"": 366, ""slug"": ""bedrooms"", ""title"": ""Bedrooms""}, {""type"": ""portfolio_embedded_media_url"", ""postType"": ""portfolio"", ""wpPostId"": 366, ""slug"": ""bedrooms"", ""title"": ""Bedrooms""}]",download only; do not delete or update references during import approval step
import_file_and_create_or_reuse_media_asset,https://coveinterior.com/wp-content/uploads/2017/06/6.jpg,wordpress-migration/2017/06/6.jpg,/media/wordpress-migration/2017/06/6.jpg,6.jpg,2017/06,,portfolio_embedded_media_url,9,9,"[{""type"": ""portfolio_embedded_media_url"", ""postType"": ""portfolio"", ""wpPostId"": 366, ""slug"": ""bedrooms"", ""title"": ""Bedrooms""}, {""type"": ""portfolio_embedded_media_url"", ""postType"": ""portfolio"", ""wpPostId"": 366, ""slug"": ""bedrooms"", ""title"": ""Bedrooms""}, {""type"": ""portfolio_embedded_media_url"", ""postType"": ""portfolio"", ""wpPostId"": 366, ""slug"": ""bedrooms"", ""title"": ""Bedrooms""}]",download only; do not delete or update references during import approval step
import_file_and_create_or_reuse_media_asset,https://coveinterior.com/wp-content/uploads/2017/06/7.jpg,wordpress-migration/2017/06/7.jpg,/media/wordpress-migration/2017/06/7.jpg,7.jpg,2017/06,7591,page_embedded_media_url|portfolio_embedded_media_url|portfolio_featured_image,19,9,"[{""type"": ""page_embedded_media_url"", ""postType"": ""page"", ""wpPostId"": 7736, ""slug"": ""cp"", ""title"": ""Company portfolio""}, {""type"": ""portfolio_embedded_media_url"", ""postType"": ""portfolio"", ""wpPostId"": 366, ""slug"": ""bedrooms"", ""title"": ""Bedrooms""}, {""type"": ""page_embedded_media_url"", ""postType"": ""page"", ""wpPostId"": 7736, ""slug"": ""cp"", ""title"": ""Company portfolio""}]",download only; do not delete or update references during import approval step
import_file_and_create_or_reuse_media_asset,https://coveinterior.com/wp-content/uploads/2017/06/8.jpg,wordpress-migration/2017/06/8.jpg,/media/wordpress-migration/2017/06/8.jpg,8.jpg,2017/06,,portfolio_embedded_media_url,9,9,"[{""type"": ""portfolio_embedded_media_url"", ""postType"": ""portfolio"", ""wpPostId"": 366, ""slug"": ""bedrooms"", ""title"": ""Bedrooms""}, {""type"": ""portfolio_embedded_media_url"", ""postType"": ""portfolio"", ""wpPostId"": 366, ""slug"": ""bedrooms"", ""title"": ""Bedrooms""}, {""type"": ""portfolio_embedded_media_url"", ""postType"": ""portfolio"", ""wpPostId"": 366, ""slug"": ""bedrooms"", ""title"": ""Bedrooms""}]",download only; do not delete or update references during import approval step
import_file_and_create_or_reuse_media_asset,https://coveinterior.com/wp-content/uploads/2017/06/9.jpg,wordpress-migration/2017/06/9.jpg,/media/wordpress-migration/2017/06/9.jpg,9.jpg,2017/06,,portfolio_embedded_media_url,9,9,"[{""type"": ""portfolio_embedded_media_url"", ""postType"": ""portfolio"", ""wpPostId"": 366, ""slug"": ""bedrooms"", ""title"": ""Bedrooms""}, {""type"": ""portfolio_embedded_media_url"", ""postType"": ""portfolio"", ""wpPostId"": 366, ""slug"": ""bedrooms"", ""title"": ""Bedrooms""}, {""type"": ""portfolio_embedded_media_url"", ""postType"": ""portfolio"", ""wpPostId"": 366, ""slug"": ""bedrooms"", ""title"": ""Bedrooms""}]",download only; do not delete or update references during import approval step
import_file_and_create_or_reuse_media_asset,https://coveinterior.com/wp-content/uploads/2021/07/big-capsule-bl.webp,wordpress-migration/2021/07/big-capsule-bl.webp,/media/wordpress-migration/2021/07/big-capsule-bl.webp,big-capsule-bl.webp,2021/07,10062,product_featured_image,12,1,"[{""type"": ""product_featured_image"", ""wcProductId"": 12527, ""sku"": ""12527"", ""productName"": ""Mini Cove 6x6 Gray"", ""position"": 0}, {""type"": ""product_featured_image"", ""wcProductId"": 12525, ""sku"": ""12525"", ""productName"": ""De Cove 6x6\tGray"", ""position"": 0}, {""type"": ""product_featured_image"", ""wcProductId"": 12523, ""sku"": ""12523"", ""productName"": ""Classic 157-225 6x6 Beige"", ""position"": 0}]",download only; do not delete or update references during import approval step
import_file_and_create_or_reuse_media_asset,https://coveinterior.com/wp-content/uploads/2021/07/big-capsules-1.webp,wordpress-migration/2021/07/big-capsules-1.webp,/media/wordpress-migration/2021/07/big-capsules-1.webp,big-capsules-1.webp,2021/07,10054,product_gallery_image,1,1,"[{""type"": ""product_gallery_image"", ""wcProductId"": 12939, ""sku"": ""12528"", ""productName"": ""trays"", ""position"": 2}]",download only; do not delete or update references during import approval step
import_file_and_create_or_reuse_media_asset,https://coveinterior.com/wp-content/uploads/2021/07/classic-157-gold.jpg,wordpress-migration/2021/07/classic-157-gold.jpg,/media/wordpress-migration/2021/07/classic-157-gold.jpg,classic-157-gold.jpg,2021/07,8031,product_featured_image|variation_image,5,1,"[{""type"": ""product_featured_image"", ""wcProductId"": 12745, ""sku"": ""12745"", ""productName"": ""Classic 157 gold"", ""position"": 0}, {""type"": ""variation_image"", ""wcProductId"": 12745, ""parentSku"": ""12745"", ""wcVariantId"": 12746, ""sku"": ""12745"", ""attributes"": [{""id"": 3, ""name"": ""Size"", ""slug"": ""pa_size"", ""option"": ""Width 157cm, Depth 53cm, Height 86cm""}, {""id"": 6, ""name"": ""Select steel"", ""slug"": ""pa_steel-selected"", ""option"": ""Gold""}, {""id"": 4, ""name"": ""Select top surface"", ""slug"": ""pa_top-selected"", ""option"": ""Solid top""}]}, {""type"": ""variation_image"", ""wcProductId"": 12465, ""parentSku"": ""12465"", ""wcVariantId"": 12466, ""sku"": ""9221-1-1"", ""attributes"": [{""id"": 3, ""name"": ""Size"", ""slug"": ""pa_size"", ""option"": ""Width 157cm, Depth 53cm, Height 86cm""}, {""id"": 6, ""name"": ""Select steel"", ""slug"": ""pa_steel-selected"", ""option"": ""Gold""}, {""id"": 4, ""name"": ""Select top surface"", ""slug"": ""pa_top-selected"", ""option"": ""Clear glass""}]}]",download only; do not delete or update references during import approval step
import_file_and_create_or_reuse_media_asset,https://coveinterior.com/wp-content/uploads/2021/07/classic-157-gray-gold.jpg,wordpress-migration/2021/07/classic-157-gray-gold.jpg,/media/wordpress-migration/2021/07/classic-157-gray-gold.jpg,classic-157-gray-gold.jpg,2021/07,8033,variation_image,1,1,"[{""type"": ""variation_image"", ""wcProductId"": 1204, ""parentSku"": ""1204"", ""wcVariantId"": 9225, ""sku"": ""9225"", ""attributes"": [{""id"": 3, ""name"": ""Size"", ""slug"": ""pa_size"", ""option"": ""Width 157cm, Depth 53cm, Height 86cm""}, {""id"": 1, ""name"": ""Select color"", ""slug"": ""pa_color"", ""option"": ""157 Classic Gray / White""}]}]",download only; do not delete or update references during import approval step
import_file_and_create_or_reuse_media_asset,https://coveinterior.com/wp-content/uploads/2021/07/classic-157-marble-gold.jpg,wordpress-migration/2021/07/classic-157-marble-gold.jpg,/media/wordpress-migration/2021/07/classic-157-marble-gold.jpg,classic-157-marble-gold.jpg,2021/07,8029,variation_image,1,1,"[{""type"": ""variation_image"", ""wcProductId"": 1204, ""parentSku"": ""1204"", ""wcVariantId"": 9229, ""sku"": ""9229"", ""attributes"": [{""id"": 3, ""name"": ""Size"", ""slug"": ""pa_size"", ""option"": ""Width 157cm, Depth 53cm, Height 86cm""}, {""id"": 1, ""name"": ""Select color"", ""slug"": ""pa_color"", ""option"": ""157 Classic Marble / Gray""}]}]",download only; do not delete or update references during import approval step
import_file_and_create_or_reuse_media_asset,https://coveinterior.com/wp-content/uploads/2021/07/classic-157-marble-silver.jpg,wordpress-migration/2021/07/classic-157-marble-silver.jpg,/media/wordpress-migration/2021/07/classic-157-marble-silver.jpg,classic-157-marble-silver.jpg,2021/07,8037,page_embedded_media_url|product_featured_image,19,8,"[{""type"": ""product_featured_image"", ""wcProductId"": 12465, ""sku"": ""12465"", ""productName"": ""Classic 157 Bohemian"", ""position"": 0}, {""type"": ""product_featured_image"", ""wcProductId"": 12438, ""sku"": ""12438"", ""productName"": ""Classic 157 Gray / White"", ""position"": 0}, {""type"": ""product_featured_image"", ""wcProductId"": 1204, ""sku"": ""1204"", ""productName"": ""Classic 157"", ""position"": 0}]",download only; do not delete or update references during import approval step
import_file_and_create_or_reuse_media_asset,https://coveinterior.com/wp-content/uploads/2021/07/small-capsule-bl.webp,wordpress-migration/2021/07/small-capsule-bl.webp,/media/wordpress-migration/2021/07/small-capsule-bl.webp,small-capsule-bl.webp,2021/07,10060,product_featured_image,10,1,"[{""type"": ""product_featured_image"", ""wcProductId"": 12526, ""sku"": ""12526"", ""productName"": ""Mini Cove 4x4 Gray"", ""position"": 0}, {""type"": ""product_featured_image"", ""wcProductId"": 12524, ""sku"": ""12524"", ""productName"": ""De Cove 4x4\tGray"", ""position"": 0}, {""type"": ""product_featured_image"", ""wcProductId"": 12521, ""sku"": ""12521"", ""productName"": ""Classic 157-225 4x4 Beige web"", ""position"": 0}]",download only; do not delete or update references during import approval step
import_file_and_create_or_reuse_media_asset,https://coveinterior.com/wp-content/uploads/2021/07/small-capsules-1.webp,wordpress-migration/2021/07/small-capsules-1.webp,/media/wordpress-migration/2021/07/small-capsules-1.webp,small-capsules-1.webp,2021/07,10050,product_gallery_image,1,1,"[{""type"": ""product_gallery_image"", ""wcProductId"": 12939, ""sku"": ""12528"", ""productName"": ""trays"", ""position"": 1}]",download only; do not delete or update references during import approval step
import_file_and_create_or_reuse_media_asset,https://coveinterior.com/wp-content/uploads/2022/06/arch-plan-8.png,wordpress-migration/2022/06/arch-plan-8.png,/media/wordpress-migration/2022/06/arch-plan-8.png,arch-plan-8.png,2022/06,,page_embedded_media_url,2,2,"[{""type"": ""page_embedded_media_url"", ""postType"": ""page"", ""wpPostId"": 5212, ""slug"": ""about-us"", ""title"": ""About us""}, {""type"": ""page_embedded_media_url"", ""postType"": ""page"", ""wpPostId"": 5212, ""slug"": ""about-us"", ""title"": ""About us""}]",download only; do not delete or update references during import approval step
import_file_and_create_or_reuse_media_asset,https://coveinterior.com/wp-content/uploads/2022/06/instagram.png,wordpress-migration/2022/06/instagram.png,/media/wordpress-migration/2022/06/instagram.png,instagram.png,2022/06,,cms_block_embedded_media_url,1,1,"[{""type"": ""cms_block_embedded_media_url"", ""postType"": ""cms_block"", ""wpPostId"": 1108, ""slug"": ""footer-decor"", ""title"": ""Footer Decor""}]",download only; do not delete or update references during import approval step
import_file_and_create_or_reuse_media_asset,https://coveinterior.com/wp-content/uploads/2022/07/1-1.jpg,wordpress-migration/2022/07/1-1.jpg,/media/wordpress-migration/2022/07/1-1.jpg,1-1.jpg,2022/07,,portfolio_embedded_media_url,9,9,"[{""type"": ""portfolio_embedded_media_url"", ""postType"": ""portfolio"", ""wpPostId"": 7768, ""slug"": ""hall-living"", ""title"": ""Hall &#038; Living""}, {""type"": ""portfolio_embedded_media_url"", ""postType"": ""portfolio"", ""wpPostId"": 7768, ""slug"": ""hall-living"", ""title"": ""Hall &#038; Living""}, {""type"": ""portfolio_embedded_media_url"", ""postType"": ""portfolio"", ""wpPostId"": 7768, ""slug"": ""hall-living"", ""title"": ""Hall &#038; Living""}]",download only; do not delete or update references during import approval step
import_file_and_create_or_reuse_media_asset,https://coveinterior.com/wp-content/uploads/2022/07/1-2.jpg,wordpress-migration/2022/07/1-2.jpg,/media/wordpress-migration/2022/07/1-2.jpg,1-2.jpg,2022/07,,portfolio_embedded_media_url,9,9,"[{""type"": ""portfolio_embedded_media_url"", ""postType"": ""portfolio"", ""wpPostId"": 7924, ""slug"": ""swimming-pools"", ""title"": ""Swimming Pools""}, {""type"": ""portfolio_embedded_media_url"", ""postType"": ""portfolio"", ""wpPostId"": 7924, ""slug"": ""swimming-pools"", ""title"": ""Swimming Pools""}, {""type"": ""portfolio_embedded_media_url"", ""postType"": ""portfolio"", ""wpPostId"": 7924, ""slug"": ""swimming-pools"", ""title"": ""Swimming Pools""}]",download only; do not delete or update references during import approval step
import_file_and_create_or_reuse_media_asset,https://coveinterior.com/wp-content/uploads/2022/07/1-3.jpg,wordpress-migration/2022/07/1-3.jpg,/media/wordpress-migration/2022/07/1-3.jpg,1-3.jpg,2022/07,,portfolio_embedded_media_url,9,9,"[{""type"": ""portfolio_embedded_media_url"", ""postType"": ""portfolio"", ""wpPostId"": 7938, ""slug"": ""toilette-bathroom"", ""title"": ""Toilette – Bathroom""}, {""type"": ""portfolio_embedded_media_url"", ""postType"": ""portfolio"", ""wpPostId"": 7938, ""slug"": ""toilette-bathroom"", ""title"": ""Toilette – Bathroom""}, {""type"": ""portfolio_embedded_media_url"", ""postType"": ""portfolio"", ""wpPostId"": 7938, ""slug"": ""toilette-bathroom"", ""title"": ""Toilette – Bathroom""}]",download only; do not delete or update references during import approval step
import_file_and_create_or_reuse_media_asset,https://coveinterior.com/wp-content/uploads/2022/07/1-4.jpg,wordpress-migration/2022/07/1-4.jpg,/media/wordpress-migration/2022/07/1-4.jpg,1-4.jpg,2022/07,8151,page_embedded_media_url|product_featured_image,18,8,"[{""type"": ""product_featured_image"", ""wcProductId"": 12460, ""sku"": ""12460"", ""productName"": ""Mini Caf Green Forest"", ""position"": 0}, {""type"": ""product_featured_image"", ""wcProductId"": 8150, ""sku"": ""8150"", ""productName"": ""Mini Caf"", ""position"": 0}, {""type"": ""page_embedded_media_url"", ""postType"": ""page"", ""wpPostId"": 17144, ""slug"": ""all-brass-products"", ""title"": ""All Brass Products""}]",download only; do not delete or update references during import approval step
import_file_and_create_or_reuse_media_asset,https://coveinterior.com/wp-content/uploads/2022/07/1-6.jpg,wordpress-migration/2022/07/1-6.jpg,/media/wordpress-migration/2022/07/1-6.jpg,1-6.jpg,2022/07,,portfolio_embedded_media_url,7,7,"[{""type"": ""portfolio_embedded_media_url"", ""postType"": ""portfolio"", ""wpPostId"": 8780, ""slug"": ""project-1"", ""title"": ""Nuun""}, {""type"": ""portfolio_embedded_media_url"", ""postType"": ""portfolio"", ""wpPostId"": 8780, ""slug"": ""project-1"", ""title"": ""Nuun""}, {""type"": ""portfolio_embedded_media_url"", ""postType"": ""portfolio"", ""wpPostId"": 8780, ""slug"": ""project-1"", ""title"": ""Nuun""}]",download only; do not delete or update references during import approval step
import_file_and_create_or_reuse_media_asset,https://coveinterior.com/wp-content/uploads/2022/07/1-int.jpg,wordpress-migration/2022/07/1-int.jpg,/media/wordpress-migration/2022/07/1-int.jpg,1-int.jpg,2022/07,,portfolio_embedded_media_url,7,7,"[{""type"": ""portfolio_embedded_media_url"", ""postType"": ""portfolio"", ""wpPostId"": 9010, ""slug"": ""comparison-1"", ""title"": ""comparison 1""}, {""type"": ""portfolio_embedded_media_url"", ""postType"": ""portfolio"", ""wpPostId"": 9010, ""slug"": ""comparison-1"", ""title"": ""comparison 1""}, {""type"": ""portfolio_embedded_media_url"", ""postType"": ""portfolio"", ""wpPostId"": 9010, ""slug"": ""comparison-1"", ""title"": ""comparison 1""}]",download only; do not delete or update references during import approval step
import_file_and_create_or_reuse_media_asset,https://coveinterior.com/wp-content/uploads/2022/07/1.JPG.jpeg,wordpress-migration/2022/07/1.JPG.jpeg,/media/wordpress-migration/2022/07/1.JPG.jpeg,1.JPG.jpeg,2022/07,,portfolio_embedded_media_url,9,9,"[{""type"": ""portfolio_embedded_media_url"", ""postType"": ""portfolio"", ""wpPostId"": 9086, ""slug"": ""alawatan-tv-interview"", ""title"": ""Alawatan TV Interview""}, {""type"": ""portfolio_embedded_media_url"", ""postType"": ""portfolio"", ""wpPostId"": 9086, ""slug"": ""alawatan-tv-interview"", ""title"": ""Alawatan TV Interview""}, {""type"": ""portfolio_embedded_media_url"", ""postType"": ""portfolio"", ""wpPostId"": 9086, ""slug"": ""alawatan-tv-interview"", ""title"": ""Alawatan TV Interview""}]",download only; do not delete or update references during import approval step
import_file_and_create_or_reuse_media_asset,https://coveinterior.com/wp-content/uploads/2022/07/1.png,wordpress-migration/2022/07/1.png,/media/wordpress-migration/2022/07/1.png,1.png,2022/07,9011,page_embedded_media_url|portfolio_featured_image,9,8,"[{""type"": ""page_embedded_media_url"", ""postType"": ""page"", ""wpPostId"": 7736, ""slug"": ""cp"", ""title"": ""Company portfolio""}, {""type"": ""page_embedded_media_url"", ""postType"": ""page"", ""wpPostId"": 7736, ""slug"": ""cp"", ""title"": ""Company portfolio""}, {""type"": ""page_embedded_media_url"", ""postType"": ""page"", ""wpPostId"": 7736, ""slug"": ""cp"", ""title"": ""Company portfolio""}]",download only; do not delete or update references during import approval step
import_file_and_create_or_reuse_media_asset,https://coveinterior.com/wp-content/uploads/2022/07/10-2.jpg,wordpress-migration/2022/07/10-2.jpg,/media/wordpress-migration/2022/07/10-2.jpg,10-2.jpg,2022/07,,portfolio_embedded_media_url,7,7,"[{""type"": ""portfolio_embedded_media_url"", ""postType"": ""portfolio"", ""wpPostId"": 8780, ""slug"": ""project-1"", ""title"": ""Nuun""}, {""type"": ""portfolio_embedded_media_url"", ""postType"": ""portfolio"", ""wpPostId"": 8780, ""slug"": ""project-1"", ""title"": ""Nuun""}, {""type"": ""portfolio_embedded_media_url"", ""postType"": ""portfolio"", ""wpPostId"": 8780, ""slug"": ""project-1"", ""title"": ""Nuun""}]",download only; do not delete or update references during import approval step
import_file_and_create_or_reuse_media_asset,https://coveinterior.com/wp-content/uploads/2022/07/10.jpg,wordpress-migration/2022/07/10.jpg,/media/wordpress-migration/2022/07/10.jpg,10.jpg,2022/07,,portfolio_embedded_media_url,9,9,"[{""type"": ""portfolio_embedded_media_url"", ""postType"": ""portfolio"", ""wpPostId"": 7938, ""slug"": ""toilette-bathroom"", ""title"": ""Toilette – Bathroom""}, {""type"": ""portfolio_embedded_media_url"", ""postType"": ""portfolio"", ""wpPostId"": 7938, ""slug"": ""toilette-bathroom"", ""title"": ""Toilette – Bathroom""}, {""type"": ""portfolio_embedded_media_url"", ""postType"": ""portfolio"", ""wpPostId"": 7938, ""slug"": ""toilette-bathroom"", ""title"": ""Toilette – Bathroom""}]",download only; do not delete or update references during import approval step
import_file_and_create_or_reuse_media_asset,https://coveinterior.com/wp-content/uploads/2022/07/10.JPG.jpeg,wordpress-migration/2022/07/10.JPG.jpeg,/media/wordpress-migration/2022/07/10.JPG.jpeg,10.JPG.jpeg,2022/07,,portfolio_embedded_media_url,9,9,"[{""type"": ""portfolio_embedded_media_url"", ""postType"": ""portfolio"", ""wpPostId"": 9086, ""slug"": ""alawatan-tv-interview"", ""title"": ""Alawatan TV Interview""}, {""type"": ""portfolio_embedded_media_url"", ""postType"": ""portfolio"", ""wpPostId"": 9086, ""slug"": ""alawatan-tv-interview"", ""title"": ""Alawatan TV Interview""}, {""type"": ""portfolio_embedded_media_url"", ""postType"": ""portfolio"", ""wpPostId"": 9086, ""slug"": ""alawatan-tv-interview"", ""title"": ""Alawatan TV Interview""}]",download only; do not delete or update references during import approval step
import_file_and_create_or_reuse_media_asset,https://coveinterior.com/wp-content/uploads/2022/07/11.jpg,wordpress-migration/2022/07/11.jpg,/media/wordpress-migration/2022/07/11.jpg,11.jpg,2022/07,,portfolio_embedded_media_url,9,9,"[{""type"": ""portfolio_embedded_media_url"", ""postType"": ""portfolio"", ""wpPostId"": 9096, ""slug"": ""engineers-without-borders-forum"", ""title"": ""Engineers Without Borders Forum""}, {""type"": ""portfolio_embedded_media_url"", ""postType"": ""portfolio"", ""wpPostId"": 9096, ""slug"": ""engineers-without-borders-forum"", ""title"": ""Engineers Without Borders Forum""}, {""type"": ""portfolio_embedded_media_url"", ""postType"": ""portfolio"", ""wpPostId"": 9096, ""slug"": ""engineers-without-borders-forum"", ""title"": ""Engineers Without Borders Forum""}]",download only; do not delete or update references during import approval step
import_file_and_create_or_reuse_media_asset,https://coveinterior.com/wp-content/uploads/2022/07/12.jpg,wordpress-migration/2022/07/12.jpg,/media/wordpress-migration/2022/07/12.jpg,12.jpg,2022/07,,portfolio_embedded_media_url,9,9,"[{""type"": ""portfolio_embedded_media_url"", ""postType"": ""portfolio"", ""wpPostId"": 9096, ""slug"": ""engineers-without-borders-forum"", ""title"": ""Engineers Without Borders Forum""}, {""type"": ""portfolio_embedded_media_url"", ""postType"": ""portfolio"", ""wpPostId"": 9096, ""slug"": ""engineers-without-borders-forum"", ""title"": ""Engineers Without Borders Forum""}, {""type"": ""portfolio_embedded_media_url"", ""postType"": ""portfolio"", ""wpPostId"": 9096, ""slug"": ""engineers-without-borders-forum"", ""title"": ""Engineers Without Borders Forum""}]",download only; do not delete or update references during import approval step
import_file_and_create_or_reuse_media_asset,https://coveinterior.com/wp-content/uploads/2022/07/13.jpg,wordpress-migration/2022/07/13.jpg,/media/wordpress-migration/2022/07/13.jpg,13.jpg,2022/07,,portfolio_embedded_media_url,9,9,"[{""type"": ""portfolio_embedded_media_url"", ""postType"": ""portfolio"", ""wpPostId"": 9096, ""slug"": ""engineers-without-borders-forum"", ""title"": ""Engineers Without Borders Forum""}, {""type"": ""portfolio_embedded_media_url"", ""postType"": ""portfolio"", ""wpPostId"": 9096, ""slug"": ""engineers-without-borders-forum"", ""title"": ""Engineers Without Borders Forum""}, {""type"": ""portfolio_embedded_media_url"", ""postType"": ""portfolio"", ""wpPostId"": 9096, ""slug"": ""engineers-without-borders-forum"", ""title"": ""Engineers Without Borders Forum""}]",download only; do not delete or update references during import approval step
import_file_and_create_or_reuse_media_asset,https://coveinterior.com/wp-content/uploads/2022/07/18-1.jpg,wordpress-migration/2022/07/18-1.jpg,/media/wordpress-migration/2022/07/18-1.jpg,18-1.jpg,2022/07,,portfolio_embedded_media_url,9,9,"[{""type"": ""portfolio_embedded_media_url"", ""postType"": ""portfolio"", ""wpPostId"": 7953, ""slug"": ""commercial-shops"", ""title"": ""Commercial Shops""}, {""type"": ""portfolio_embedded_media_url"", ""postType"": ""portfolio"", ""wpPostId"": 7953, ""slug"": ""commercial-shops"", ""title"": ""Commercial Shops""}, {""type"": ""portfolio_embedded_media_url"", ""postType"": ""portfolio"", ""wpPostId"": 7953, ""slug"": ""commercial-shops"", ""title"": ""Commercial Shops""}]",download only; do not delete or update references during import approval step
import_file_and_create_or_reuse_media_asset,https://coveinterior.com/wp-content/uploads/2022/07/18.jpg,wordpress-migration/2022/07/18.jpg,/media/wordpress-migration/2022/07/18.jpg,18.jpg,2022/07,7949,page_embedded_media_url|portfolio_embedded_media_url|portfolio_featured_image,19,9,"[{""type"": ""page_embedded_media_url"", ""postType"": ""page"", ""wpPostId"": 7736, ""slug"": ""cp"", ""title"": ""Company portfolio""}, {""type"": ""portfolio_embedded_media_url"", ""postType"": ""portfolio"", ""wpPostId"": 7938, ""slug"": ""toilette-bathroom"", ""title"": ""Toilette – Bathroom""}, {""type"": ""page_embedded_media_url"", ""postType"": ""page"", ""wpPostId"": 7736, ""slug"": ""cp"", ""title"": ""Company portfolio""}]",download only; do not delete or update references during import approval step
import_file_and_create_or_reuse_media_asset,https://coveinterior.com/wp-content/uploads/2022/07/2-1.jpg,wordpress-migration/2022/07/2-1.jpg,/media/wordpress-migration/2022/07/2-1.jpg,2-1.jpg,2022/07,,portfolio_embedded_media_url,9,9,"[{""type"": ""portfolio_embedded_media_url"", ""postType"": ""portfolio"", ""wpPostId"": 7768, ""slug"": ""hall-living"", ""title"": ""Hall &#038; Living""}, {""type"": ""portfolio_embedded_media_url"", ""postType"": ""portfolio"", ""wpPostId"": 7768, ""slug"": ""hall-living"", ""title"": ""Hall &#038; Living""}, {""type"": ""portfolio_embedded_media_url"", ""postType"": ""portfolio"", ""wpPostId"": 7768, ""slug"": ""hall-living"", ""title"": ""Hall &#038; Living""}]",download only; do not delete or update references during import approval step
import_file_and_create_or_reuse_media_asset,https://coveinterior.com/wp-content/uploads/2022/07/2-2.jpg,wordpress-migration/2022/07/2-2.jpg,/media/wordpress-migration/2022/07/2-2.jpg,2-2.jpg,2022/07,,portfolio_embedded_media_url,9,9,"[{""type"": ""portfolio_embedded_media_url"", ""postType"": ""portfolio"", ""wpPostId"": 7924, ""slug"": ""swimming-pools"", ""title"": ""Swimming Pools""}, {""type"": ""portfolio_embedded_media_url"", ""postType"": ""portfolio"", ""wpPostId"": 7924, ""slug"": ""swimming-pools"", ""title"": ""Swimming Pools""}, {""type"": ""portfolio_embedded_media_url"", ""postType"": ""portfolio"", ""wpPostId"": 7924, ""slug"": ""swimming-pools"", ""title"": ""Swimming Pools""}]",download only; do not delete or update references during import approval step
import_file_and_create_or_reuse_media_asset,https://coveinterior.com/wp-content/uploads/2022/07/2-3.jpg,wordpress-migration/2022/07/2-3.jpg,/media/wordpress-migration/2022/07/2-3.jpg,2-3.jpg,2022/07,8153,product_gallery_image,2,1,"[{""type"": ""product_gallery_image"", ""wcProductId"": 12460, ""sku"": ""12460"", ""productName"": ""Mini Caf Green Forest"", ""position"": 1}, {""type"": ""product_gallery_image"", ""wcProductId"": 8150, ""sku"": ""8150"", ""productName"": ""Mini Caf"", ""position"": 1}]",download only; do not delete or update references during import approval step
import_file_and_create_or_reuse_media_asset,https://coveinterior.com/wp-content/uploads/2022/07/2-5.jpg,wordpress-migration/2022/07/2-5.jpg,/media/wordpress-migration/2022/07/2-5.jpg,2-5.jpg,2022/07,,portfolio_embedded_media_url,8,8,"[{""type"": ""portfolio_embedded_media_url"", ""postType"": ""portfolio"", ""wpPostId"": 8780, ""slug"": ""project-1"", ""title"": ""Nuun""}, {""type"": ""portfolio_embedded_media_url"", ""postType"": ""portfolio"", ""wpPostId"": 8780, ""slug"": ""project-1"", ""title"": ""Nuun""}, {""type"": ""portfolio_embedded_media_url"", ""postType"": ""portfolio"", ""wpPostId"": 8780, ""slug"": ""project-1"", ""title"": ""Nuun""}]",download only; do not delete or update references during import approval step
import_file_and_create_or_reuse_media_asset,https://coveinterior.com/wp-content/uploads/2022/07/2.JPG.jpeg,wordpress-migration/2022/07/2.JPG.jpeg,/media/wordpress-migration/2022/07/2.JPG.jpeg,2.JPG.jpeg,2022/07,,portfolio_embedded_media_url,9,9,"[{""type"": ""portfolio_embedded_media_url"", ""postType"": ""portfolio"", ""wpPostId"": 9086, ""slug"": ""alawatan-tv-interview"", ""title"": ""Alawatan TV Interview""}, {""type"": ""portfolio_embedded_media_url"", ""postType"": ""portfolio"", ""wpPostId"": 9086, ""slug"": ""alawatan-tv-interview"", ""title"": ""Alawatan TV Interview""}, {""type"": ""portfolio_embedded_media_url"", ""postType"": ""portfolio"", ""wpPostId"": 9086, ""slug"": ""alawatan-tv-interview"", ""title"": ""Alawatan TV Interview""}]",download only; do not delete or update references during import approval step
import_file_and_create_or_reuse_media_asset,https://coveinterior.com/wp-content/uploads/2022/07/20.jpg,wordpress-migration/2022/07/20.jpg,/media/wordpress-migration/2022/07/20.jpg,20.jpg,2022/07,7962,page_embedded_media_url|portfolio_embedded_media_url|portfolio_featured_image,19,9,"[{""type"": ""page_embedded_media_url"", ""postType"": ""page"", ""wpPostId"": 7736, ""slug"": ""cp"", ""title"": ""Company portfolio""}, {""type"": ""portfolio_embedded_media_url"", ""postType"": ""portfolio"", ""wpPostId"": 7953, ""slug"": ""commercial-shops"", ""title"": ""Commercial Shops""}, {""type"": ""page_embedded_media_url"", ""postType"": ""page"", ""wpPostId"": 7736, ""slug"": ""cp"", ""title"": ""Company portfolio""}]",download only; do not delete or update references during import approval step
import_file_and_create_or_reuse_media_asset,https://coveinterior.com/wp-content/uploads/2022/07/21.jpg,wordpress-migration/2022/07/21.jpg,/media/wordpress-migration/2022/07/21.jpg,21.jpg,2022/07,,portfolio_embedded_media_url,4,4,"[{""type"": ""portfolio_embedded_media_url"", ""postType"": ""portfolio"", ""wpPostId"": 9082, ""slug"": ""visitors"", ""title"": ""Visitors""}, {""type"": ""portfolio_embedded_media_url"", ""postType"": ""portfolio"", ""wpPostId"": 9082, ""slug"": ""visitors"", ""title"": ""Visitors""}, {""type"": ""portfolio_embedded_media_url"", ""postType"": ""portfolio"", ""wpPostId"": 9082, ""slug"": ""visitors"", ""title"": ""Visitors""}]",download only; do not delete or update references during import approval step
import_file_and_create_or_reuse_media_asset,https://coveinterior.com/wp-content/uploads/2022/07/22.jpg,wordpress-migration/2022/07/22.jpg,/media/wordpress-migration/2022/07/22.jpg,22.jpg,2022/07,,portfolio_embedded_media_url,4,4,"[{""type"": ""portfolio_embedded_media_url"", ""postType"": ""portfolio"", ""wpPostId"": 9082, ""slug"": ""visitors"", ""title"": ""Visitors""}, {""type"": ""portfolio_embedded_media_url"", ""postType"": ""portfolio"", ""wpPostId"": 9082, ""slug"": ""visitors"", ""title"": ""Visitors""}, {""type"": ""portfolio_embedded_media_url"", ""postType"": ""portfolio"", ""wpPostId"": 9082, ""slug"": ""visitors"", ""title"": ""Visitors""}]",download only; do not delete or update references during import approval step
import_file_and_create_or_reuse_media_asset,https://coveinterior.com/wp-content/uploads/2022/07/23.jpg,wordpress-migration/2022/07/23.jpg,/media/wordpress-migration/2022/07/23.jpg,23.jpg,2022/07,,portfolio_embedded_media_url,4,4,"[{""type"": ""portfolio_embedded_media_url"", ""postType"": ""portfolio"", ""wpPostId"": 9082, ""slug"": ""visitors"", ""title"": ""Visitors""}, {""type"": ""portfolio_embedded_media_url"", ""postType"": ""portfolio"", ""wpPostId"": 9082, ""slug"": ""visitors"", ""title"": ""Visitors""}, {""type"": ""portfolio_embedded_media_url"", ""postType"": ""portfolio"", ""wpPostId"": 9082, ""slug"": ""visitors"", ""title"": ""Visitors""}]",download only; do not delete or update references during import approval step
import_file_and_create_or_reuse_media_asset,https://coveinterior.com/wp-content/uploads/2022/07/24.jpg,wordpress-migration/2022/07/24.jpg,/media/wordpress-migration/2022/07/24.jpg,24.jpg,2022/07,,portfolio_embedded_media_url,4,4,"[{""type"": ""portfolio_embedded_media_url"", ""postType"": ""portfolio"", ""wpPostId"": 9082, ""slug"": ""visitors"", ""title"": ""Visitors""}, {""type"": ""portfolio_embedded_media_url"", ""postType"": ""portfolio"", ""wpPostId"": 9082, ""slug"": ""visitors"", ""title"": ""Visitors""}, {""type"": ""portfolio_embedded_media_url"", ""postType"": ""portfolio"", ""wpPostId"": 9082, ""slug"": ""visitors"", ""title"": ""Visitors""}]",download only; do not delete or update references during import approval step
import_file_and_create_or_reuse_media_asset,https://coveinterior.com/wp-content/uploads/2022/07/3-1.jpg,wordpress-migration/2022/07/3-1.jpg,/media/wordpress-migration/2022/07/3-1.jpg,3-1.jpg,2022/07,7909,page_embedded_media_url|portfolio_embedded_media_url|portfolio_featured_image,19,9,"[{""type"": ""page_embedded_media_url"", ""postType"": ""page"", ""wpPostId"": 7736, ""slug"": ""cp"", ""title"": ""Company portfolio""}, {""type"": ""portfolio_embedded_media_url"", ""postType"": ""portfolio"", ""wpPostId"": 7768, ""slug"": ""hall-living"", ""title"": ""Hall &#038; Living""}, {""type"": ""page_embedded_media_url"", ""postType"": ""page"", ""wpPostId"": 7736, ""slug"": ""cp"", ""title"": ""Company portfolio""}]",download only; do not delete or update references during import approval step
import_file_and_create_or_reuse_media_asset,https://coveinterior.com/wp-content/uploads/2022/07/3-2.jpg,wordpress-migration/2022/07/3-2.jpg,/media/wordpress-migration/2022/07/3-2.jpg,3-2.jpg,2022/07,,portfolio_embedded_media_url,9,9,"[{""type"": ""portfolio_embedded_media_url"", ""postType"": ""portfolio"", ""wpPostId"": 7924, ""slug"": ""swimming-pools"", ""title"": ""Swimming Pools""}, {""type"": ""portfolio_embedded_media_url"", ""postType"": ""portfolio"", ""wpPostId"": 7924, ""slug"": ""swimming-pools"", ""title"": ""Swimming Pools""}, {""type"": ""portfolio_embedded_media_url"", ""postType"": ""portfolio"", ""wpPostId"": 7924, ""slug"": ""swimming-pools"", ""title"": ""Swimming Pools""}]",download only; do not delete or update references during import approval step
import_file_and_create_or_reuse_media_asset,https://coveinterior.com/wp-content/uploads/2022/07/3-3.jpg,wordpress-migration/2022/07/3-3.jpg,/media/wordpress-migration/2022/07/3-3.jpg,3-3.jpg,2022/07,,portfolio_embedded_media_url,9,9,"[{""type"": ""portfolio_embedded_media_url"", ""postType"": ""portfolio"", ""wpPostId"": 7953, ""slug"": ""commercial-shops"", ""title"": ""Commercial Shops""}, {""type"": ""portfolio_embedded_media_url"", ""postType"": ""portfolio"", ""wpPostId"": 7953, ""slug"": ""commercial-shops"", ""title"": ""Commercial Shops""}, {""type"": ""portfolio_embedded_media_url"", ""postType"": ""portfolio"", ""wpPostId"": 7953, ""slug"": ""commercial-shops"", ""title"": ""Commercial Shops""}]",download only; do not delete or update references during import approval step
import_file_and_create_or_reuse_media_asset,https://coveinterior.com/wp-content/uploads/2022/07/3-4.jpg,wordpress-migration/2022/07/3-4.jpg,/media/wordpress-migration/2022/07/3-4.jpg,3-4.jpg,2022/07,8155,product_gallery_image,2,1,"[{""type"": ""product_gallery_image"", ""wcProductId"": 12460, ""sku"": ""12460"", ""productName"": ""Mini Caf Green Forest"", ""position"": 2}, {""type"": ""product_gallery_image"", ""wcProductId"": 8150, ""sku"": ""8150"", ""productName"": ""Mini Caf"", ""position"": 2}]",download only; do not delete or update references during import approval step
import_file_and_create_or_reuse_media_asset,https://coveinterior.com/wp-content/uploads/2022/07/3-6.jpg,wordpress-migration/2022/07/3-6.jpg,/media/wordpress-migration/2022/07/3-6.jpg,3-6.jpg,2022/07,,portfolio_embedded_media_url,8,8,"[{""type"": ""portfolio_embedded_media_url"", ""postType"": ""portfolio"", ""wpPostId"": 8780, ""slug"": ""project-1"", ""title"": ""Nuun""}, {""type"": ""portfolio_embedded_media_url"", ""postType"": ""portfolio"", ""wpPostId"": 8780, ""slug"": ""project-1"", ""title"": ""Nuun""}, {""type"": ""portfolio_embedded_media_url"", ""postType"": ""portfolio"", ""wpPostId"": 8780, ""slug"": ""project-1"", ""title"": ""Nuun""}]",download only; do not delete or update references during import approval step
import_file_and_create_or_reuse_media_asset,https://coveinterior.com/wp-content/uploads/2022/07/3.JPG.jpeg,wordpress-migration/2022/07/3.JPG.jpeg,/media/wordpress-migration/2022/07/3.JPG.jpeg,3.JPG.jpeg,2022/07,,portfolio_embedded_media_url,9,9,"[{""type"": ""portfolio_embedded_media_url"", ""postType"": ""portfolio"", ""wpPostId"": 9086, ""slug"": ""alawatan-tv-interview"", ""title"": ""Alawatan TV Interview""}, {""type"": ""portfolio_embedded_media_url"", ""postType"": ""portfolio"", ""wpPostId"": 9086, ""slug"": ""alawatan-tv-interview"", ""title"": ""Alawatan TV Interview""}, {""type"": ""portfolio_embedded_media_url"", ""postType"": ""portfolio"", ""wpPostId"": 9086, ""slug"": ""alawatan-tv-interview"", ""title"": ""Alawatan TV Interview""}]",download only; do not delete or update references during import approval step
import_file_and_create_or_reuse_media_asset,https://coveinterior.com/wp-content/uploads/2022/07/31.jpg,wordpress-migration/2022/07/31.jpg,/media/wordpress-migration/2022/07/31.jpg,31.jpg,2022/07,,portfolio_embedded_media_url,4,4,"[{""type"": ""portfolio_embedded_media_url"", ""postType"": ""portfolio"", ""wpPostId"": 9078, ""slug"": ""italy-meeting"", ""title"": ""Italy Meeting""}, {""type"": ""portfolio_embedded_media_url"", ""postType"": ""portfolio"", ""wpPostId"": 9078, ""slug"": ""italy-meeting"", ""title"": ""Italy Meeting""}, {""type"": ""portfolio_embedded_media_url"", ""postType"": ""portfolio"", ""wpPostId"": 9078, ""slug"": ""italy-meeting"", ""title"": ""Italy Meeting""}]",download only; do not delete or update references during import approval step
import_file_and_create_or_reuse_media_asset,https://coveinterior.com/wp-content/uploads/2022/07/4-1.jpg,wordpress-migration/2022/07/4-1.jpg,/media/wordpress-migration/2022/07/4-1.jpg,4-1.jpg,2022/07,,portfolio_embedded_media_url,8,8,"[{""type"": ""portfolio_embedded_media_url"", ""postType"": ""portfolio"", ""wpPostId"": 8780, ""slug"": ""project-1"", ""title"": ""Nuun""}, {""type"": ""portfolio_embedded_media_url"", ""postType"": ""portfolio"", ""wpPostId"": 8780, ""slug"": ""project-1"", ""title"": ""Nuun""}, {""type"": ""portfolio_embedded_media_url"", ""postType"": ""portfolio"", ""wpPostId"": 8780, ""slug"": ""project-1"", ""title"": ""Nuun""}]",download only; do not delete or update references during import approval step
import_file_and_create_or_reuse_media_asset,https://coveinterior.com/wp-content/uploads/2022/07/4-1.png,wordpress-migration/2022/07/4-1.png,/media/wordpress-migration/2022/07/4-1.png,4-1.png,2022/07,,portfolio_embedded_media_url,9,9,"[{""type"": ""portfolio_embedded_media_url"", ""postType"": ""portfolio"", ""wpPostId"": 7938, ""slug"": ""toilette-bathroom"", ""title"": ""Toilette – Bathroom""}, {""type"": ""portfolio_embedded_media_url"", ""postType"": ""portfolio"", ""wpPostId"": 7938, ""slug"": ""toilette-bathroom"", ""title"": ""Toilette – Bathroom""}, {""type"": ""portfolio_embedded_media_url"", ""postType"": ""portfolio"", ""wpPostId"": 7938, ""slug"": ""toilette-bathroom"", ""title"": ""Toilette – Bathroom""}]",download only; do not delete or update references during import approval step
import_file_and_create_or_reuse_media_asset,https://coveinterior.com/wp-content/uploads/2022/07/4.JPG.jpeg,wordpress-migration/2022/07/4.JPG.jpeg,/media/wordpress-migration/2022/07/4.JPG.jpeg,4.JPG.jpeg,2022/07,,portfolio_embedded_media_url,9,9,"[{""type"": ""portfolio_embedded_media_url"", ""postType"": ""portfolio"", ""wpPostId"": 9086, ""slug"": ""alawatan-tv-interview"", ""title"": ""Alawatan TV Interview""}, {""type"": ""portfolio_embedded_media_url"", ""postType"": ""portfolio"", ""wpPostId"": 9086, ""slug"": ""alawatan-tv-interview"", ""title"": ""Alawatan TV Interview""}, {""type"": ""portfolio_embedded_media_url"", ""postType"": ""portfolio"", ""wpPostId"": 9086, ""slug"": ""alawatan-tv-interview"", ""title"": ""Alawatan TV Interview""}]",download only; do not delete or update references during import approval step
import_file_and_create_or_reuse_media_asset,https://coveinterior.com/wp-content/uploads/2022/07/4.png,wordpress-migration/2022/07/4.png,/media/wordpress-migration/2022/07/4.png,4.png,2022/07,,portfolio_embedded_media_url,9,9,"[{""type"": ""portfolio_embedded_media_url"", ""postType"": ""portfolio"", ""wpPostId"": 7768, ""slug"": ""hall-living"", ""title"": ""Hall &#038; Living""}, {""type"": ""portfolio_embedded_media_url"", ""postType"": ""portfolio"", ""wpPostId"": 7768, ""slug"": ""hall-living"", ""title"": ""Hall &#038; Living""}, {""type"": ""portfolio_embedded_media_url"", ""postType"": ""portfolio"", ""wpPostId"": 7768, ""slug"": ""hall-living"", ""title"": ""Hall &#038; Living""}]",download only; do not delete or update references during import approval step
import_file_and_create_or_reuse_media_asset,https://coveinterior.com/wp-content/uploads/2022/07/42.jpg,wordpress-migration/2022/07/42.jpg,/media/wordpress-migration/2022/07/42.jpg,42.jpg,2022/07,,portfolio_embedded_media_url,4,4,"[{""type"": ""portfolio_embedded_media_url"", ""postType"": ""portfolio"", ""wpPostId"": 9074, ""slug"": ""conference-in-kuwait"", ""title"": ""Conference in Kuwait""}, {""type"": ""portfolio_embedded_media_url"", ""postType"": ""portfolio"", ""wpPostId"": 9074, ""slug"": ""conference-in-kuwait"", ""title"": ""Conference in Kuwait""}, {""type"": ""portfolio_embedded_media_url"", ""postType"": ""portfolio"", ""wpPostId"": 9074, ""slug"": ""conference-in-kuwait"", ""title"": ""Conference in Kuwait""}]",download only; do not delete or update references during import approval step
import_file_and_create_or_reuse_media_asset,https://coveinterior.com/wp-content/uploads/2022/07/43.jpg,wordpress-migration/2022/07/43.jpg,/media/wordpress-migration/2022/07/43.jpg,43.jpg,2022/07,,portfolio_embedded_media_url,4,4,"[{""type"": ""portfolio_embedded_media_url"", ""postType"": ""portfolio"", ""wpPostId"": 9074, ""slug"": ""conference-in-kuwait"", ""title"": ""Conference in Kuwait""}, {""type"": ""portfolio_embedded_media_url"", ""postType"": ""portfolio"", ""wpPostId"": 9074, ""slug"": ""conference-in-kuwait"", ""title"": ""Conference in Kuwait""}, {""type"": ""portfolio_embedded_media_url"", ""postType"": ""portfolio"", ""wpPostId"": 9074, ""slug"": ""conference-in-kuwait"", ""title"": ""Conference in Kuwait""}]",download only; do not delete or update references during import approval step
import_file_and_create_or_reuse_media_asset,https://coveinterior.com/wp-content/uploads/2022/07/44.jpg,wordpress-migration/2022/07/44.jpg,/media/wordpress-migration/2022/07/44.jpg,44.jpg,2022/07,,portfolio_embedded_media_url,4,4,"[{""type"": ""portfolio_embedded_media_url"", ""postType"": ""portfolio"", ""wpPostId"": 9074, ""slug"": ""conference-in-kuwait"", ""title"": ""Conference in Kuwait""}, {""type"": ""portfolio_embedded_media_url"", ""postType"": ""portfolio"", ""wpPostId"": 9074, ""slug"": ""conference-in-kuwait"", ""title"": ""Conference in Kuwait""}, {""type"": ""portfolio_embedded_media_url"", ""postType"": ""portfolio"", ""wpPostId"": 9074, ""slug"": ""conference-in-kuwait"", ""title"": ""Conference in Kuwait""}]",download only; do not delete or update references during import approval step
import_file_and_create_or_reuse_media_asset,https://coveinterior.com/wp-content/uploads/2022/07/45.jpg,wordpress-migration/2022/07/45.jpg,/media/wordpress-migration/2022/07/45.jpg,45.jpg,2022/07,,portfolio_embedded_media_url,4,4,"[{""type"": ""portfolio_embedded_media_url"", ""postType"": ""portfolio"", ""wpPostId"": 9074, ""slug"": ""conference-in-kuwait"", ""title"": ""Conference in Kuwait""}, {""type"": ""portfolio_embedded_media_url"", ""postType"": ""portfolio"", ""wpPostId"": 9074, ""slug"": ""conference-in-kuwait"", ""title"": ""Conference in Kuwait""}, {""type"": ""portfolio_embedded_media_url"", ""postType"": ""portfolio"", ""wpPostId"": 9074, ""slug"": ""conference-in-kuwait"", ""title"": ""Conference in Kuwait""}]",download only; do not delete or update references during import approval step
import_file_and_create_or_reuse_media_asset,https://coveinterior.com/wp-content/uploads/2022/07/46.jpg,wordpress-migration/2022/07/46.jpg,/media/wordpress-migration/2022/07/46.jpg,46.jpg,2022/07,,portfolio_embedded_media_url,4,4,"[{""type"": ""portfolio_embedded_media_url"", ""postType"": ""portfolio"", ""wpPostId"": 9074, ""slug"": ""conference-in-kuwait"", ""title"": ""Conference in Kuwait""}, {""type"": ""portfolio_embedded_media_url"", ""postType"": ""portfolio"", ""wpPostId"": 9074, ""slug"": ""conference-in-kuwait"", ""title"": ""Conference in Kuwait""}, {""type"": ""portfolio_embedded_media_url"", ""postType"": ""portfolio"", ""wpPostId"": 9074, ""slug"": ""conference-in-kuwait"", ""title"": ""Conference in Kuwait""}]",download only; do not delete or update references during import approval step
import_file_and_create_or_reuse_media_asset,https://coveinterior.com/wp-content/uploads/2022/07/47.jpg,wordpress-migration/2022/07/47.jpg,/media/wordpress-migration/2022/07/47.jpg,47.jpg,2022/07,,portfolio_embedded_media_url,4,4,"[{""type"": ""portfolio_embedded_media_url"", ""postType"": ""portfolio"", ""wpPostId"": 9074, ""slug"": ""conference-in-kuwait"", ""title"": ""Conference in Kuwait""}, {""type"": ""portfolio_embedded_media_url"", ""postType"": ""portfolio"", ""wpPostId"": 9074, ""slug"": ""conference-in-kuwait"", ""title"": ""Conference in Kuwait""}, {""type"": ""portfolio_embedded_media_url"", ""postType"": ""portfolio"", ""wpPostId"": 9074, ""slug"": ""conference-in-kuwait"", ""title"": ""Conference in Kuwait""}]",download only; do not delete or update references during import approval step
import_file_and_create_or_reuse_media_asset,https://coveinterior.com/wp-content/uploads/2022/07/5-1.png,wordpress-migration/2022/07/5-1.png,/media/wordpress-migration/2022/07/5-1.png,5-1.png,2022/07,,portfolio_embedded_media_url,9,9,"[{""type"": ""portfolio_embedded_media_url"", ""postType"": ""portfolio"", ""wpPostId"": 7938, ""slug"": ""toilette-bathroom"", ""title"": ""Toilette – Bathroom""}, {""type"": ""portfolio_embedded_media_url"", ""postType"": ""portfolio"", ""wpPostId"": 7938, ""slug"": ""toilette-bathroom"", ""title"": ""Toilette – Bathroom""}, {""type"": ""portfolio_embedded_media_url"", ""postType"": ""portfolio"", ""wpPostId"": 7938, ""slug"": ""toilette-bathroom"", ""title"": ""Toilette – Bathroom""}]",download only; do not delete or update references during import approval step
import_file_and_create_or_reuse_media_asset,https://coveinterior.com/wp-content/uploads/2022/07/5-2.jpg,wordpress-migration/2022/07/5-2.jpg,/media/wordpress-migration/2022/07/5-2.jpg,5-2.jpg,2022/07,,portfolio_embedded_media_url,7,7,"[{""type"": ""portfolio_embedded_media_url"", ""postType"": ""portfolio"", ""wpPostId"": 8780, ""slug"": ""project-1"", ""title"": ""Nuun""}, {""type"": ""portfolio_embedded_media_url"", ""postType"": ""portfolio"", ""wpPostId"": 8780, ""slug"": ""project-1"", ""title"": ""Nuun""}, {""type"": ""portfolio_embedded_media_url"", ""postType"": ""portfolio"", ""wpPostId"": 8780, ""slug"": ""project-1"", ""title"": ""Nuun""}]",download only; do not delete or update references during import approval step
import_file_and_create_or_reuse_media_asset,https://coveinterior.com/wp-content/uploads/2022/07/5.jpg,wordpress-migration/2022/07/5.jpg,/media/wordpress-migration/2022/07/5.jpg,5.jpg,2022/07,7931,page_embedded_media_url|portfolio_embedded_media_url|portfolio_featured_image,19,9,"[{""type"": ""page_embedded_media_url"", ""postType"": ""page"", ""wpPostId"": 7736, ""slug"": ""cp"", ""title"": ""Company portfolio""}, {""type"": ""portfolio_embedded_media_url"", ""postType"": ""portfolio"", ""wpPostId"": 7924, ""slug"": ""swimming-pools"", ""title"": ""Swimming Pools""}, {""type"": ""page_embedded_media_url"", ""postType"": ""page"", ""wpPostId"": 7736, ""slug"": ""cp"", ""title"": ""Company portfolio""}]",download only; do not delete or update references during import approval step
import_file_and_create_or_reuse_media_asset,https://coveinterior.com/wp-content/uploads/2022/07/5.JPG.jpeg,wordpress-migration/2022/07/5.JPG.jpeg,/media/wordpress-migration/2022/07/5.JPG.jpeg,5.JPG.jpeg,2022/07,,portfolio_embedded_media_url,9,9,"[{""type"": ""portfolio_embedded_media_url"", ""postType"": ""portfolio"", ""wpPostId"": 9086, ""slug"": ""alawatan-tv-interview"", ""title"": ""Alawatan TV Interview""}, {""type"": ""portfolio_embedded_media_url"", ""postType"": ""portfolio"", ""wpPostId"": 9086, ""slug"": ""alawatan-tv-interview"", ""title"": ""Alawatan TV Interview""}, {""type"": ""portfolio_embedded_media_url"", ""postType"": ""portfolio"", ""wpPostId"": 9086, ""slug"": ""alawatan-tv-interview"", ""title"": ""Alawatan TV Interview""}]",download only; do not delete or update references during import approval step
import_file_and_create_or_reuse_media_asset,https://coveinterior.com/wp-content/uploads/2022/07/5.png,wordpress-migration/2022/07/5.png,/media/wordpress-migration/2022/07/5.png,5.png,2022/07,,portfolio_embedded_media_url,9,9,"[{""type"": ""portfolio_embedded_media_url"", ""postType"": ""portfolio"", ""wpPostId"": 7768, ""slug"": ""hall-living"", ""title"": ""Hall &#038; Living""}, {""type"": ""portfolio_embedded_media_url"", ""postType"": ""portfolio"", ""wpPostId"": 7768, ""slug"": ""hall-living"", ""title"": ""Hall &#038; Living""}, {""type"": ""portfolio_embedded_media_url"", ""postType"": ""portfolio"", ""wpPostId"": 7768, ""slug"": ""hall-living"", ""title"": ""Hall &#038; Living""}]",download only; do not delete or update references during import approval step
import_file_and_create_or_reuse_media_asset,https://coveinterior.com/wp-content/uploads/2022/07/6-1.jpg,wordpress-migration/2022/07/6-1.jpg,/media/wordpress-migration/2022/07/6-1.jpg,6-1.jpg,2022/07,,portfolio_embedded_media_url,9,9,"[{""type"": ""portfolio_embedded_media_url"", ""postType"": ""portfolio"", ""wpPostId"": 7938, ""slug"": ""toilette-bathroom"", ""title"": ""Toilette – Bathroom""}, {""type"": ""portfolio_embedded_media_url"", ""postType"": ""portfolio"", ""wpPostId"": 7938, ""slug"": ""toilette-bathroom"", ""title"": ""Toilette – Bathroom""}, {""type"": ""portfolio_embedded_media_url"", ""postType"": ""portfolio"", ""wpPostId"": 7938, ""slug"": ""toilette-bathroom"", ""title"": ""Toilette – Bathroom""}]",download only; do not delete or update references during import approval step
import_file_and_create_or_reuse_media_asset,https://coveinterior.com/wp-content/uploads/2022/07/6-3.jpg,wordpress-migration/2022/07/6-3.jpg,/media/wordpress-migration/2022/07/6-3.jpg,6-3.jpg,2022/07,,portfolio_embedded_media_url,8,8,"[{""type"": ""portfolio_embedded_media_url"", ""postType"": ""portfolio"", ""wpPostId"": 8780, ""slug"": ""project-1"", ""title"": ""Nuun""}, {""type"": ""portfolio_embedded_media_url"", ""postType"": ""portfolio"", ""wpPostId"": 8780, ""slug"": ""project-1"", ""title"": ""Nuun""}, {""type"": ""portfolio_embedded_media_url"", ""postType"": ""portfolio"", ""wpPostId"": 8780, ""slug"": ""project-1"", ""title"": ""Nuun""}]",download only; do not delete or update references during import approval step
import_file_and_create_or_reuse_media_asset,https://coveinterior.com/wp-content/uploads/2022/07/6.jpg,wordpress-migration/2022/07/6.jpg,/media/wordpress-migration/2022/07/6.jpg,6.jpg,2022/07,,portfolio_embedded_media_url,9,9,"[{""type"": ""portfolio_embedded_media_url"", ""postType"": ""portfolio"", ""wpPostId"": 7924, ""slug"": ""swimming-pools"", ""title"": ""Swimming Pools""}, {""type"": ""portfolio_embedded_media_url"", ""postType"": ""portfolio"", ""wpPostId"": 7924, ""slug"": ""swimming-pools"", ""title"": ""Swimming Pools""}, {""type"": ""portfolio_embedded_media_url"", ""postType"": ""portfolio"", ""wpPostId"": 7924, ""slug"": ""swimming-pools"", ""title"": ""Swimming Pools""}]",download only; do not delete or update references during import approval step
import_file_and_create_or_reuse_media_asset,https://coveinterior.com/wp-content/uploads/2022/07/6.JPG.jpeg,wordpress-migration/2022/07/6.JPG.jpeg,/media/wordpress-migration/2022/07/6.JPG.jpeg,6.JPG.jpeg,2022/07,,portfolio_embedded_media_url,9,9,"[{""type"": ""portfolio_embedded_media_url"", ""postType"": ""portfolio"", ""wpPostId"": 9086, ""slug"": ""alawatan-tv-interview"", ""title"": ""Alawatan TV Interview""}, {""type"": ""portfolio_embedded_media_url"", ""postType"": ""portfolio"", ""wpPostId"": 9086, ""slug"": ""alawatan-tv-interview"", ""title"": ""Alawatan TV Interview""}, {""type"": ""portfolio_embedded_media_url"", ""postType"": ""portfolio"", ""wpPostId"": 9086, ""slug"": ""alawatan-tv-interview"", ""title"": ""Alawatan TV Interview""}]",download only; do not delete or update references during import approval step
import_file_and_create_or_reuse_media_asset,https://coveinterior.com/wp-content/uploads/2022/07/61.jpg,wordpress-migration/2022/07/61.jpg,/media/wordpress-migration/2022/07/61.jpg,61.jpg,2022/07,,portfolio_embedded_media_url,9,9,"[{""type"": ""portfolio_embedded_media_url"", ""postType"": ""portfolio"", ""wpPostId"": 9110, ""slug"": ""special-invitation-from-hasan-abul-company"", ""title"": ""Special Invitation From Hasan Abul Company""}, {""type"": ""portfolio_embedded_media_url"", ""postType"": ""portfolio"", ""wpPostId"": 9110, ""slug"": ""special-invitation-from-hasan-abul-company"", ""title"": ""Special Invitation From Hasan Abul Company""}, {""type"": ""portfolio_embedded_media_url"", ""postType"": ""portfolio"", ""wpPostId"": 9110, ""slug"": ""special-invitation-from-hasan-abul-company"", ""title"": ""Special Invitation From Hasan Abul Company""}]",download only; do not delete or update references during import approval step
import_file_and_create_or_reuse_media_asset,https://coveinterior.com/wp-content/uploads/2022/07/610.jpg,wordpress-migration/2022/07/610.jpg,/media/wordpress-migration/2022/07/610.jpg,610.jpg,2022/07,,portfolio_embedded_media_url,9,9,"[{""type"": ""portfolio_embedded_media_url"", ""postType"": ""portfolio"", ""wpPostId"": 9110, ""slug"": ""special-invitation-from-hasan-abul-company"", ""title"": ""Special Invitation From Hasan Abul Company""}, {""type"": ""portfolio_embedded_media_url"", ""postType"": ""portfolio"", ""wpPostId"": 9110, ""slug"": ""special-invitation-from-hasan-abul-company"", ""title"": ""Special Invitation From Hasan Abul Company""}, {""type"": ""portfolio_embedded_media_url"", ""postType"": ""portfolio"", ""wpPostId"": 9110, ""slug"": ""special-invitation-from-hasan-abul-company"", ""title"": ""Special Invitation From Hasan Abul Company""}]",download only; do not delete or update references during import approval step
import_file_and_create_or_reuse_media_asset,https://coveinterior.com/wp-content/uploads/2022/07/611.jpg,wordpress-migration/2022/07/611.jpg,/media/wordpress-migration/2022/07/611.jpg,611.jpg,2022/07,,portfolio_embedded_media_url,9,9,"[{""type"": ""portfolio_embedded_media_url"", ""postType"": ""portfolio"", ""wpPostId"": 9110, ""slug"": ""special-invitation-from-hasan-abul-company"", ""title"": ""Special Invitation From Hasan Abul Company""}, {""type"": ""portfolio_embedded_media_url"", ""postType"": ""portfolio"", ""wpPostId"": 9110, ""slug"": ""special-invitation-from-hasan-abul-company"", ""title"": ""Special Invitation From Hasan Abul Company""}, {""type"": ""portfolio_embedded_media_url"", ""postType"": ""portfolio"", ""wpPostId"": 9110, ""slug"": ""special-invitation-from-hasan-abul-company"", ""title"": ""Special Invitation From Hasan Abul Company""}]",download only; do not delete or update references during import approval step
import_file_and_create_or_reuse_media_asset,https://coveinterior.com/wp-content/uploads/2022/07/612.jpg,wordpress-migration/2022/07/612.jpg,/media/wordpress-migration/2022/07/612.jpg,612.jpg,2022/07,,portfolio_embedded_media_url,9,9,"[{""type"": ""portfolio_embedded_media_url"", ""postType"": ""portfolio"", ""wpPostId"": 9110, ""slug"": ""special-invitation-from-hasan-abul-company"", ""title"": ""Special Invitation From Hasan Abul Company""}, {""type"": ""portfolio_embedded_media_url"", ""postType"": ""portfolio"", ""wpPostId"": 9110, ""slug"": ""special-invitation-from-hasan-abul-company"", ""title"": ""Special Invitation From Hasan Abul Company""}, {""type"": ""portfolio_embedded_media_url"", ""postType"": ""portfolio"", ""wpPostId"": 9110, ""slug"": ""special-invitation-from-hasan-abul-company"", ""title"": ""Special Invitation From Hasan Abul Company""}]",download only; do not delete or update references during import approval step
import_file_and_create_or_reuse_media_asset,https://coveinterior.com/wp-content/uploads/2022/07/62.jpg,wordpress-migration/2022/07/62.jpg,/media/wordpress-migration/2022/07/62.jpg,62.jpg,2022/07,,portfolio_embedded_media_url,9,9,"[{""type"": ""portfolio_embedded_media_url"", ""postType"": ""portfolio"", ""wpPostId"": 9110, ""slug"": ""special-invitation-from-hasan-abul-company"", ""title"": ""Special Invitation From Hasan Abul Company""}, {""type"": ""portfolio_embedded_media_url"", ""postType"": ""portfolio"", ""wpPostId"": 9110, ""slug"": ""special-invitation-from-hasan-abul-company"", ""title"": ""Special Invitation From Hasan Abul Company""}, {""type"": ""portfolio_embedded_media_url"", ""postType"": ""portfolio"", ""wpPostId"": 9110, ""slug"": ""special-invitation-from-hasan-abul-company"", ""title"": ""Special Invitation From Hasan Abul Company""}]",download only; do not delete or update references during import approval step
import_file_and_create_or_reuse_media_asset,https://coveinterior.com/wp-content/uploads/2022/07/63.jpg,wordpress-migration/2022/07/63.jpg,/media/wordpress-migration/2022/07/63.jpg,63.jpg,2022/07,,portfolio_embedded_media_url,9,9,"[{""type"": ""portfolio_embedded_media_url"", ""postType"": ""portfolio"", ""wpPostId"": 9110, ""slug"": ""special-invitation-from-hasan-abul-company"", ""title"": ""Special Invitation From Hasan Abul Company""}, {""type"": ""portfolio_embedded_media_url"", ""postType"": ""portfolio"", ""wpPostId"": 9110, ""slug"": ""special-invitation-from-hasan-abul-company"", ""title"": ""Special Invitation From Hasan Abul Company""}, {""type"": ""portfolio_embedded_media_url"", ""postType"": ""portfolio"", ""wpPostId"": 9110, ""slug"": ""special-invitation-from-hasan-abul-company"", ""title"": ""Special Invitation From Hasan Abul Company""}]",download only; do not delete or update references during import approval step
import_file_and_create_or_reuse_media_asset,https://coveinterior.com/wp-content/uploads/2022/07/64.jpg,wordpress-migration/2022/07/64.jpg,/media/wordpress-migration/2022/07/64.jpg,64.jpg,2022/07,,portfolio_embedded_media_url,9,9,"[{""type"": ""portfolio_embedded_media_url"", ""postType"": ""portfolio"", ""wpPostId"": 9110, ""slug"": ""special-invitation-from-hasan-abul-company"", ""title"": ""Special Invitation From Hasan Abul Company""}, {""type"": ""portfolio_embedded_media_url"", ""postType"": ""portfolio"", ""wpPostId"": 9110, ""slug"": ""special-invitation-from-hasan-abul-company"", ""title"": ""Special Invitation From Hasan Abul Company""}, {""type"": ""portfolio_embedded_media_url"", ""postType"": ""portfolio"", ""wpPostId"": 9110, ""slug"": ""special-invitation-from-hasan-abul-company"", ""title"": ""Special Invitation From Hasan Abul Company""}]",download only; do not delete or update references during import approval step
import_file_and_create_or_reuse_media_asset,https://coveinterior.com/wp-content/uploads/2022/07/65.jpg,wordpress-migration/2022/07/65.jpg,/media/wordpress-migration/2022/07/65.jpg,65.jpg,2022/07,,portfolio_embedded_media_url,9,9,"[{""type"": ""portfolio_embedded_media_url"", ""postType"": ""portfolio"", ""wpPostId"": 9110, ""slug"": ""special-invitation-from-hasan-abul-company"", ""title"": ""Special Invitation From Hasan Abul Company""}, {""type"": ""portfolio_embedded_media_url"", ""postType"": ""portfolio"", ""wpPostId"": 9110, ""slug"": ""special-invitation-from-hasan-abul-company"", ""title"": ""Special Invitation From Hasan Abul Company""}, {""type"": ""portfolio_embedded_media_url"", ""postType"": ""portfolio"", ""wpPostId"": 9110, ""slug"": ""special-invitation-from-hasan-abul-company"", ""title"": ""Special Invitation From Hasan Abul Company""}]",download only; do not delete or update references during import approval step
import_file_and_create_or_reuse_media_asset,https://coveinterior.com/wp-content/uploads/2022/07/66.jpg,wordpress-migration/2022/07/66.jpg,/media/wordpress-migration/2022/07/66.jpg,66.jpg,2022/07,,portfolio_embedded_media_url,9,9,"[{""type"": ""portfolio_embedded_media_url"", ""postType"": ""portfolio"", ""wpPostId"": 9110, ""slug"": ""special-invitation-from-hasan-abul-company"", ""title"": ""Special Invitation From Hasan Abul Company""}, {""type"": ""portfolio_embedded_media_url"", ""postType"": ""portfolio"", ""wpPostId"": 9110, ""slug"": ""special-invitation-from-hasan-abul-company"", ""title"": ""Special Invitation From Hasan Abul Company""}, {""type"": ""portfolio_embedded_media_url"", ""postType"": ""portfolio"", ""wpPostId"": 9110, ""slug"": ""special-invitation-from-hasan-abul-company"", ""title"": ""Special Invitation From Hasan Abul Company""}]",download only; do not delete or update references during import approval step
import_file_and_create_or_reuse_media_asset,https://coveinterior.com/wp-content/uploads/2022/07/67.jpg,wordpress-migration/2022/07/67.jpg,/media/wordpress-migration/2022/07/67.jpg,67.jpg,2022/07,,portfolio_embedded_media_url,9,9,"[{""type"": ""portfolio_embedded_media_url"", ""postType"": ""portfolio"", ""wpPostId"": 9110, ""slug"": ""special-invitation-from-hasan-abul-company"", ""title"": ""Special Invitation From Hasan Abul Company""}, {""type"": ""portfolio_embedded_media_url"", ""postType"": ""portfolio"", ""wpPostId"": 9110, ""slug"": ""special-invitation-from-hasan-abul-company"", ""title"": ""Special Invitation From Hasan Abul Company""}, {""type"": ""portfolio_embedded_media_url"", ""postType"": ""portfolio"", ""wpPostId"": 9110, ""slug"": ""special-invitation-from-hasan-abul-company"", ""title"": ""Special Invitation From Hasan Abul Company""}]",download only; do not delete or update references during import approval step
import_file_and_create_or_reuse_media_asset,https://coveinterior.com/wp-content/uploads/2022/07/68.jpg,wordpress-migration/2022/07/68.jpg,/media/wordpress-migration/2022/07/68.jpg,68.jpg,2022/07,,portfolio_embedded_media_url,9,9,"[{""type"": ""portfolio_embedded_media_url"", ""postType"": ""portfolio"", ""wpPostId"": 9110, ""slug"": ""special-invitation-from-hasan-abul-company"", ""title"": ""Special Invitation From Hasan Abul Company""}, {""type"": ""portfolio_embedded_media_url"", ""postType"": ""portfolio"", ""wpPostId"": 9110, ""slug"": ""special-invitation-from-hasan-abul-company"", ""title"": ""Special Invitation From Hasan Abul Company""}, {""type"": ""portfolio_embedded_media_url"", ""postType"": ""portfolio"", ""wpPostId"": 9110, ""slug"": ""special-invitation-from-hasan-abul-company"", ""title"": ""Special Invitation From Hasan Abul Company""}]",download only; do not delete or update references during import approval step
import_file_and_create_or_reuse_media_asset,https://coveinterior.com/wp-content/uploads/2022/07/69.jpg,wordpress-migration/2022/07/69.jpg,/media/wordpress-migration/2022/07/69.jpg,69.jpg,2022/07,,portfolio_embedded_media_url,9,9,"[{""type"": ""portfolio_embedded_media_url"", ""postType"": ""portfolio"", ""wpPostId"": 9110, ""slug"": ""special-invitation-from-hasan-abul-company"", ""title"": ""Special Invitation From Hasan Abul Company""}, {""type"": ""portfolio_embedded_media_url"", ""postType"": ""portfolio"", ""wpPostId"": 9110, ""slug"": ""special-invitation-from-hasan-abul-company"", ""title"": ""Special Invitation From Hasan Abul Company""}, {""type"": ""portfolio_embedded_media_url"", ""postType"": ""portfolio"", ""wpPostId"": 9110, ""slug"": ""special-invitation-from-hasan-abul-company"", ""title"": ""Special Invitation From Hasan Abul Company""}]",download only; do not delete or update references during import approval step
import_file_and_create_or_reuse_media_asset,https://coveinterior.com/wp-content/uploads/2022/07/7-1.jpg,wordpress-migration/2022/07/7-1.jpg,/media/wordpress-migration/2022/07/7-1.jpg,7-1.jpg,2022/07,,portfolio_embedded_media_url,9,9,"[{""type"": ""portfolio_embedded_media_url"", ""postType"": ""portfolio"", ""wpPostId"": 7953, ""slug"": ""commercial-shops"", ""title"": ""Commercial Shops""}, {""type"": ""portfolio_embedded_media_url"", ""postType"": ""portfolio"", ""wpPostId"": 7953, ""slug"": ""commercial-shops"", ""title"": ""Commercial Shops""}, {""type"": ""portfolio_embedded_media_url"", ""postType"": ""portfolio"", ""wpPostId"": 7953, ""slug"": ""commercial-shops"", ""title"": ""Commercial Shops""}]",download only; do not delete or update references during import approval step
import_file_and_create_or_reuse_media_asset,https://coveinterior.com/wp-content/uploads/2022/07/7-3.jpg,wordpress-migration/2022/07/7-3.jpg,/media/wordpress-migration/2022/07/7-3.jpg,7-3.jpg,2022/07,,portfolio_embedded_media_url,7,7,"[{""type"": ""portfolio_embedded_media_url"", ""postType"": ""portfolio"", ""wpPostId"": 8780, ""slug"": ""project-1"", ""title"": ""Nuun""}, {""type"": ""portfolio_embedded_media_url"", ""postType"": ""portfolio"", ""wpPostId"": 8780, ""slug"": ""project-1"", ""title"": ""Nuun""}, {""type"": ""portfolio_embedded_media_url"", ""postType"": ""portfolio"", ""wpPostId"": 8780, ""slug"": ""project-1"", ""title"": ""Nuun""}]",download only; do not delete or update references during import approval step
import_file_and_create_or_reuse_media_asset,https://coveinterior.com/wp-content/uploads/2022/07/7.jpg,wordpress-migration/2022/07/7.jpg,/media/wordpress-migration/2022/07/7.jpg,7.jpg,2022/07,,portfolio_embedded_media_url,9,9,"[{""type"": ""portfolio_embedded_media_url"", ""postType"": ""portfolio"", ""wpPostId"": 7924, ""slug"": ""swimming-pools"", ""title"": ""Swimming Pools""}, {""type"": ""portfolio_embedded_media_url"", ""postType"": ""portfolio"", ""wpPostId"": 7924, ""slug"": ""swimming-pools"", ""title"": ""Swimming Pools""}, {""type"": ""portfolio_embedded_media_url"", ""postType"": ""portfolio"", ""wpPostId"": 7924, ""slug"": ""swimming-pools"", ""title"": ""Swimming Pools""}]",download only; do not delete or update references during import approval step
import_file_and_create_or_reuse_media_asset,https://coveinterior.com/wp-content/uploads/2022/07/7.png,wordpress-migration/2022/07/7.png,/media/wordpress-migration/2022/07/7.png,7.png,2022/07,,portfolio_embedded_media_url,9,9,"[{""type"": ""portfolio_embedded_media_url"", ""postType"": ""portfolio"", ""wpPostId"": 7916, ""slug"": ""dining-rooms"", ""title"": ""Dining Rooms""}, {""type"": ""portfolio_embedded_media_url"", ""postType"": ""portfolio"", ""wpPostId"": 7916, ""slug"": ""dining-rooms"", ""title"": ""Dining Rooms""}, {""type"": ""portfolio_embedded_media_url"", ""postType"": ""portfolio"", ""wpPostId"": 7916, ""slug"": ""dining-rooms"", ""title"": ""Dining Rooms""}]",download only; do not delete or update references during import approval step
import_file_and_create_or_reuse_media_asset,https://coveinterior.com/wp-content/uploads/2022/07/8-1.jpg,wordpress-migration/2022/07/8-1.jpg,/media/wordpress-migration/2022/07/8-1.jpg,8-1.jpg,2022/07,,portfolio_embedded_media_url,7,7,"[{""type"": ""portfolio_embedded_media_url"", ""postType"": ""portfolio"", ""wpPostId"": 8780, ""slug"": ""project-1"", ""title"": ""Nuun""}, {""type"": ""portfolio_embedded_media_url"", ""postType"": ""portfolio"", ""wpPostId"": 8780, ""slug"": ""project-1"", ""title"": ""Nuun""}, {""type"": ""portfolio_embedded_media_url"", ""postType"": ""portfolio"", ""wpPostId"": 8780, ""slug"": ""project-1"", ""title"": ""Nuun""}]",download only; do not delete or update references during import approval step
import_file_and_create_or_reuse_media_asset,https://coveinterior.com/wp-content/uploads/2022/07/8.png,wordpress-migration/2022/07/8.png,/media/wordpress-migration/2022/07/8.png,8.png,2022/07,7919,page_embedded_media_url|portfolio_embedded_media_url|portfolio_featured_image,19,9,"[{""type"": ""page_embedded_media_url"", ""postType"": ""page"", ""wpPostId"": 7736, ""slug"": ""cp"", ""title"": ""Company portfolio""}, {""type"": ""portfolio_embedded_media_url"", ""postType"": ""portfolio"", ""wpPostId"": 7916, ""slug"": ""dining-rooms"", ""title"": ""Dining Rooms""}, {""type"": ""page_embedded_media_url"", ""postType"": ""page"", ""wpPostId"": 7736, ""slug"": ""cp"", ""title"": ""Company portfolio""}]",download only; do not delete or update references during import approval step
import_file_and_create_or_reuse_media_asset,https://coveinterior.com/wp-content/uploads/2022/07/9-2.jpg,wordpress-migration/2022/07/9-2.jpg,/media/wordpress-migration/2022/07/9-2.jpg,9-2.jpg,2022/07,,portfolio_embedded_media_url,7,7,"[{""type"": ""portfolio_embedded_media_url"", ""postType"": ""portfolio"", ""wpPostId"": 8780, ""slug"": ""project-1"", ""title"": ""Nuun""}, {""type"": ""portfolio_embedded_media_url"", ""postType"": ""portfolio"", ""wpPostId"": 8780, ""slug"": ""project-1"", ""title"": ""Nuun""}, {""type"": ""portfolio_embedded_media_url"", ""postType"": ""portfolio"", ""wpPostId"": 8780, ""slug"": ""project-1"", ""title"": ""Nuun""}]",download only; do not delete or update references during import approval step
import_file_and_create_or_reuse_media_asset,https://coveinterior.com/wp-content/uploads/2022/07/9.jpg,wordpress-migration/2022/07/9.jpg,/media/wordpress-migration/2022/07/9.jpg,9.jpg,2022/07,,portfolio_embedded_media_url,9,9,"[{""type"": ""portfolio_embedded_media_url"", ""postType"": ""portfolio"", ""wpPostId"": 7953, ""slug"": ""commercial-shops"", ""title"": ""Commercial Shops""}, {""type"": ""portfolio_embedded_media_url"", ""postType"": ""portfolio"", ""wpPostId"": 7953, ""slug"": ""commercial-shops"", ""title"": ""Commercial Shops""}, {""type"": ""portfolio_embedded_media_url"", ""postType"": ""portfolio"", ""wpPostId"": 7953, ""slug"": ""commercial-shops"", ""title"": ""Commercial Shops""}]",download only; do not delete or update references during import approval step
import_file_and_create_or_reuse_media_asset,https://coveinterior.com/wp-content/uploads/2022/07/9.JPG.jpeg,wordpress-migration/2022/07/9.JPG.jpeg,/media/wordpress-migration/2022/07/9.JPG.jpeg,9.JPG.jpeg,2022/07,,portfolio_embedded_media_url,9,9,"[{""type"": ""portfolio_embedded_media_url"", ""postType"": ""portfolio"", ""wpPostId"": 9086, ""slug"": ""alawatan-tv-interview"", ""title"": ""Alawatan TV Interview""}, {""type"": ""portfolio_embedded_media_url"", ""postType"": ""portfolio"", ""wpPostId"": 9086, ""slug"": ""alawatan-tv-interview"", ""title"": ""Alawatan TV Interview""}, {""type"": ""portfolio_embedded_media_url"", ""postType"": ""portfolio"", ""wpPostId"": 9086, ""slug"": ""alawatan-tv-interview"", ""title"": ""Alawatan TV Interview""}]",download only; do not delete or update references during import approval step
import_file_and_create_or_reuse_media_asset,https://coveinterior.com/wp-content/uploads/2022/07/9.png,wordpress-migration/2022/07/9.png,/media/wordpress-migration/2022/07/9.png,9.png,2022/07,,portfolio_embedded_media_url,9,9,"[{""type"": ""portfolio_embedded_media_url"", ""postType"": ""portfolio"", ""wpPostId"": 7916, ""slug"": ""dining-rooms"", ""title"": ""Dining Rooms""}, {""type"": ""portfolio_embedded_media_url"", ""postType"": ""portfolio"", ""wpPostId"": 7916, ""slug"": ""dining-rooms"", ""title"": ""Dining Rooms""}, {""type"": ""portfolio_embedded_media_url"", ""postType"": ""portfolio"", ""wpPostId"": 7916, ""slug"": ""dining-rooms"", ""title"": ""Dining Rooms""}]",download only; do not delete or update references during import approval step
import_file_and_create_or_reuse_media_asset,https://coveinterior.com/wp-content/uploads/2022/07/about-cove-1.jpg,wordpress-migration/2022/07/about-cove-1.jpg,/media/wordpress-migration/2022/07/about-cove-1.jpg,about-cove-1.jpg,2022/07,,page_embedded_media_url,1,1,"[{""type"": ""page_embedded_media_url"", ""postType"": ""page"", ""wpPostId"": 1066, ""slug"": ""home"", ""title"": ""Home""}]",download only; do not delete or update references during import approval step
import_file_and_create_or_reuse_media_asset,https://coveinterior.com/wp-content/uploads/2022/07/Alawatan-TV-Interview-1-2.jpg,wordpress-migration/2022/07/Alawatan-TV-Interview-1-2.jpg,/media/wordpress-migration/2022/07/Alawatan-TV-Interview-1-2.jpg,Alawatan-TV-Interview-1-2.jpg,2022/07,9529,page_embedded_media_url|portfolio_featured_image,9,8,"[{""type"": ""page_embedded_media_url"", ""postType"": ""page"", ""wpPostId"": 9032, ""slug"": ""events"", ""title"": ""Events""}, {""type"": ""page_embedded_media_url"", ""postType"": ""page"", ""wpPostId"": 9032, ""slug"": ""events"", ""title"": ""Events""}, {""type"": ""page_embedded_media_url"", ""postType"": ""page"", ""wpPostId"": 9032, ""slug"": ""events"", ""title"": ""Events""}]",download only; do not delete or update references during import approval step
import_file_and_create_or_reuse_media_asset,https://coveinterior.com/wp-content/uploads/2022/07/classic-157-gray-gold.jpg,wordpress-migration/2022/07/classic-157-gray-gold.jpg,/media/wordpress-migration/2022/07/classic-157-gray-gold.jpg,classic-157-gray-gold.jpg,2022/07,8010,category_image,1,1,"[{""type"": ""category_image"", ""wcCategoryId"": 21, ""name"": ""Classic web"", ""slug"": ""classic-web""}]",download only; do not delete or update references during import approval step
import_file_and_create_or_reuse_media_asset,https://coveinterior.com/wp-content/uploads/2022/07/classic-225-gold.jpg,wordpress-migration/2022/07/classic-225-gold.jpg,/media/wordpress-migration/2022/07/classic-225-gold.jpg,classic-225-gold.jpg,2022/07,8375,product_featured_image|variation_image,6,1,"[{""type"": ""product_featured_image"", ""wcProductId"": 16065, ""sku"": ""12475"", ""productName"": ""Classic 225 Brown"", ""position"": 0}, {""type"": ""variation_image"", ""wcProductId"": 16065, ""parentSku"": ""12475"", ""wcVariantId"": 16066, ""sku"": ""12475"", ""attributes"": [{""id"": 3, ""name"": ""Size"", ""slug"": ""pa_size"", ""option"": ""Width 225cm, Depth 53cm, Height 86cm""}]}, {""type"": ""product_featured_image"", ""wcProductId"": 12486, ""sku"": ""12486"", ""productName"": ""Classic 225 Gold"", ""position"": 0}]",download only; do not delete or update references during import approval step
import_file_and_create_or_reuse_media_asset,https://coveinterior.com/wp-content/uploads/2022/07/classic-225-gray-gold-1.jpg,wordpress-migration/2022/07/classic-225-gray-gold-1.jpg,/media/wordpress-migration/2022/07/classic-225-gray-gold-1.jpg,classic-225-gray-gold-1.jpg,2022/07,8377,page_embedded_media_url|product_featured_image|variation_image,19,8,"[{""type"": ""product_featured_image"", ""wcProductId"": 12470, ""sku"": ""12470"", ""productName"": ""Classic 225 Bohemian"", ""position"": 0}, {""type"": ""product_featured_image"", ""wcProductId"": 10816, ""sku"": ""10816"", ""productName"": ""Classic 225"", ""position"": 0}, {""type"": ""variation_image"", ""wcProductId"": 10816, ""parentSku"": ""10816"", ""wcVariantId"": 10821, ""sku"": ""10821"", ""attributes"": [{""id"": 3, ""name"": ""Size"", ""slug"": ""pa_size"", ""option"": ""Width 225cm, Depth 53cm, Height 86cm""}, {""id"": 1, ""name"": ""Select color"", ""slug"": ""pa_color"", ""option"": ""225 Classic Gray / White""}]}]",download only; do not delete or update references during import approval step
import_file_and_create_or_reuse_media_asset,https://coveinterior.com/wp-content/uploads/2022/07/classic-225-marble-gold.jpg,wordpress-migration/2022/07/classic-225-marble-gold.jpg,/media/wordpress-migration/2022/07/classic-225-marble-gold.jpg,classic-225-marble-gold.jpg,2022/07,8381,variation_image,1,1,"[{""type"": ""variation_image"", ""wcProductId"": 10816, ""parentSku"": ""10816"", ""wcVariantId"": 10829, ""sku"": ""10829"", ""attributes"": [{""id"": 3, ""name"": ""Size"", ""slug"": ""pa_size"", ""option"": ""Width 225cm, Depth 53cm, Height 86cm""}, {""id"": 1, ""name"": ""Select color"", ""slug"": ""pa_color"", ""option"": ""225 Classic Marble / Gray""}]}]",download only; do not delete or update references during import approval step
import_file_and_create_or_reuse_media_asset,https://coveinterior.com/wp-content/uploads/2022/07/clients-services.jpg,wordpress-migration/2022/07/clients-services.jpg,/media/wordpress-migration/2022/07/clients-services.jpg,clients-services.jpg,2022/07,,page_embedded_media_url,1,1,"[{""type"": ""page_embedded_media_url"", ""postType"": ""page"", ""wpPostId"": 1066, ""slug"": ""home"", ""title"": ""Home""}]",download only; do not delete or update references during import approval step
import_file_and_create_or_reuse_media_asset,https://coveinterior.com/wp-content/uploads/2022/07/communicate-with-cove.jpg,wordpress-migration/2022/07/communicate-with-cove.jpg,/media/wordpress-migration/2022/07/communicate-with-cove.jpg,communicate-with-cove.jpg,2022/07,,page_embedded_media_url,1,1,"[{""type"": ""page_embedded_media_url"", ""postType"": ""page"", ""wpPostId"": 1066, ""slug"": ""home"", ""title"": ""Home""}]",download only; do not delete or update references during import approval step
import_file_and_create_or_reuse_media_asset,https://coveinterior.com/wp-content/uploads/2022/07/company-profile.jpg,wordpress-migration/2022/07/company-profile.jpg,/media/wordpress-migration/2022/07/company-profile.jpg,company-profile.jpg,2022/07,,page_embedded_media_url,1,1,"[{""type"": ""page_embedded_media_url"", ""postType"": ""page"", ""wpPostId"": 1066, ""slug"": ""home"", ""title"": ""Home""}]",download only; do not delete or update references during import approval step
import_file_and_create_or_reuse_media_asset,https://coveinterior.com/wp-content/uploads/2022/07/Conference-in-Kuwait-2.jpg,wordpress-migration/2022/07/Conference-in-Kuwait-2.jpg,/media/wordpress-migration/2022/07/Conference-in-Kuwait-2.jpg,Conference-in-Kuwait-2.jpg,2022/07,9522,page_embedded_media_url|portfolio_featured_image,9,8,"[{""type"": ""page_embedded_media_url"", ""postType"": ""page"", ""wpPostId"": 9032, ""slug"": ""events"", ""title"": ""Events""}, {""type"": ""page_embedded_media_url"", ""postType"": ""page"", ""wpPostId"": 9032, ""slug"": ""events"", ""title"": ""Events""}, {""type"": ""page_embedded_media_url"", ""postType"": ""page"", ""wpPostId"": 9032, ""slug"": ""events"", ""title"": ""Events""}]",download only; do not delete or update references during import approval step
import_file_and_create_or_reuse_media_asset,https://coveinterior.com/wp-content/uploads/2022/07/COUNTRY-112-BEECH-WOOD.jpg,wordpress-migration/2022/07/COUNTRY-112-BEECH-WOOD.jpg,/media/wordpress-migration/2022/07/COUNTRY-112-BEECH-WOOD.jpg,COUNTRY-112-BEECH-WOOD.jpg,2022/07,8255,variation_image,2,1,"[{""type"": ""variation_image"", ""wcProductId"": 12360, ""parentSku"": ""12360"", ""wcVariantId"": 12361, ""sku"": ""8289-1"", ""attributes"": [{""id"": 3, ""name"": ""Size"", ""slug"": ""pa_size"", ""option"": ""Width 112cm, Depth 57cm, Height 90cm""}]}, {""type"": ""variation_image"", ""wcProductId"": 8093, ""parentSku"": ""8093"", ""wcVariantId"": 8289, ""sku"": ""8289"", ""attributes"": [{""id"": 3, ""name"": ""Size"", ""slug"": ""pa_size"", ""option"": ""Width 112cm, Depth 57cm, Height 90cm""}, {""id"": 1, ""name"": ""Select color"", ""slug"": ""pa_color"", ""option"": ""Country 112 Beech Wood / Botticino Marble""}]}]",download only; do not delete or update references during import approval step
import_file_and_create_or_reuse_media_asset,https://coveinterior.com/wp-content/uploads/2022/07/COUNTRY-112-BEIGE-1.jpg,wordpress-migration/2022/07/COUNTRY-112-BEIGE-1.jpg,/media/wordpress-migration/2022/07/COUNTRY-112-BEIGE-1.jpg,COUNTRY-112-BEIGE-1.jpg,2022/07,8259,variation_image,1,1,"[{""type"": ""variation_image"", ""wcProductId"": 8093, ""parentSku"": ""8093"", ""wcVariantId"": 8290, ""sku"": ""8290"", ""attributes"": [{""id"": 3, ""name"": ""Size"", ""slug"": ""pa_size"", ""option"": ""Width 112cm, Depth 57cm, Height 90cm""}, {""id"": 1, ""name"": ""Select color"", ""slug"": ""pa_color"", ""option"": ""Country 112 Beige / Bianco Rossa Marble""}]}]",download only; do not delete or update references during import approval step
import_file_and_create_or_reuse_media_asset,https://coveinterior.com/wp-content/uploads/2022/07/COUNTRY-112-BLACK.jpg,wordpress-migration/2022/07/COUNTRY-112-BLACK.jpg,/media/wordpress-migration/2022/07/COUNTRY-112-BLACK.jpg,COUNTRY-112-BLACK.jpg,2022/07,8263,variation_image,1,1,"[{""type"": ""variation_image"", ""wcProductId"": 8093, ""parentSku"": ""8093"", ""wcVariantId"": 8291, ""sku"": ""8291"", ""attributes"": [{""id"": 3, ""name"": ""Size"", ""slug"": ""pa_size"", ""option"": ""Width 112cm, Depth 57cm, Height 90cm""}, {""id"": 1, ""name"": ""Select color"", ""slug"": ""pa_color"", ""option"": ""Country 112 Black / Black Marquina Marble""}]}]",download only; do not delete or update references during import approval step
import_file_and_create_or_reuse_media_asset,https://coveinterior.com/wp-content/uploads/2022/07/COUNTRY-112-BLUE.jpg,wordpress-migration/2022/07/COUNTRY-112-BLUE.jpg,/media/wordpress-migration/2022/07/COUNTRY-112-BLUE.jpg,COUNTRY-112-BLUE.jpg,2022/07,8267,page_embedded_media_url|product_featured_image|variation_image,18,8,"[{""type"": ""product_featured_image"", ""wcProductId"": 8093, ""sku"": ""8093"", ""productName"": ""Country 112"", ""position"": 0}, {""type"": ""variation_image"", ""wcProductId"": 8093, ""parentSku"": ""8093"", ""wcVariantId"": 8292, ""sku"": ""8292"", ""attributes"": [{""id"": 3, ""name"": ""Size"", ""slug"": ""pa_size"", ""option"": ""Width 112cm, Depth 57cm, Height 90cm""}, {""id"": 1, ""name"": ""Select color"", ""slug"": ""pa_color"", ""option"": ""Country 112 Blue / White Marble""}]}, {""type"": ""page_embedded_media_url"", ""postType"": ""page"", ""wpPostId"": 17144, ""slug"": ""all-brass-products"", ""title"": ""All Brass Products""}]",download only; do not delete or update references during import approval step
import_file_and_create_or_reuse_media_asset,https://coveinterior.com/wp-content/uploads/2022/07/COUNTRY-112-GREEN.jpg,wordpress-migration/2022/07/COUNTRY-112-GREEN.jpg,/media/wordpress-migration/2022/07/COUNTRY-112-GREEN.jpg,COUNTRY-112-GREEN.jpg,2022/07,8271,variation_image,1,1,"[{""type"": ""variation_image"", ""wcProductId"": 8093, ""parentSku"": ""8093"", ""wcVariantId"": 8293, ""sku"": ""8293"", ""attributes"": [{""id"": 3, ""name"": ""Size"", ""slug"": ""pa_size"", ""option"": ""Width 112cm, Depth 57cm, Height 90cm""}, {""id"": 1, ""name"": ""Select color"", ""slug"": ""pa_color"", ""option"": ""Country 112 Green / Bianco Rossa Marble""}]}]",download only; do not delete or update references during import approval step
import_file_and_create_or_reuse_media_asset,https://coveinterior.com/wp-content/uploads/2022/07/COUNTRY-112-GREY.jpg,wordpress-migration/2022/07/COUNTRY-112-GREY.jpg,/media/wordpress-migration/2022/07/COUNTRY-112-GREY.jpg,COUNTRY-112-GREY.jpg,2022/07,8275,variation_image,1,1,"[{""type"": ""variation_image"", ""wcProductId"": 8093, ""parentSku"": ""8093"", ""wcVariantId"": 8294, ""sku"": ""8294"", ""attributes"": [{""id"": 3, ""name"": ""Size"", ""slug"": ""pa_size"", ""option"": ""Width 112cm, Depth 57cm, Height 90cm""}, {""id"": 1, ""name"": ""Select color"", ""slug"": ""pa_color"", ""option"": ""Country 112 Grey / White Marble""}]}]",download only; do not delete or update references during import approval step
import_file_and_create_or_reuse_media_asset,https://coveinterior.com/wp-content/uploads/2022/07/COUNTRY-112-PINK.jpg,wordpress-migration/2022/07/COUNTRY-112-PINK.jpg,/media/wordpress-migration/2022/07/COUNTRY-112-PINK.jpg,COUNTRY-112-PINK.jpg,2022/07,8279,variation_image,1,1,"[{""type"": ""variation_image"", ""wcProductId"": 8093, ""parentSku"": ""8093"", ""wcVariantId"": 8295, ""sku"": ""8295"", ""attributes"": [{""id"": 3, ""name"": ""Size"", ""slug"": ""pa_size"", ""option"": ""Width 112cm, Depth 57cm, Height 90cm""}, {""id"": 1, ""name"": ""Select color"", ""slug"": ""pa_color"", ""option"": ""Country 112 Pink / Bianco Rossa Marble""}]}]",download only; do not delete or update references during import approval step
import_file_and_create_or_reuse_media_asset,https://coveinterior.com/wp-content/uploads/2022/07/COUNTRY-112-RED.jpg,wordpress-migration/2022/07/COUNTRY-112-RED.jpg,/media/wordpress-migration/2022/07/COUNTRY-112-RED.jpg,COUNTRY-112-RED.jpg,2022/07,8283,variation_image,1,1,"[{""type"": ""variation_image"", ""wcProductId"": 8093, ""parentSku"": ""8093"", ""wcVariantId"": 8296, ""sku"": ""8296"", ""attributes"": [{""id"": 3, ""name"": ""Size"", ""slug"": ""pa_size"", ""option"": ""Width 112cm, Depth 57cm, Height 90cm""}, {""id"": 1, ""name"": ""Select color"", ""slug"": ""pa_color"", ""option"": ""Country 112 Red / Bianco Rossa Marble""}]}]",download only; do not delete or update references during import approval step
import_file_and_create_or_reuse_media_asset,https://coveinterior.com/wp-content/uploads/2022/07/COUNTRY-112-WHITE.jpg,wordpress-migration/2022/07/COUNTRY-112-WHITE.jpg,/media/wordpress-migration/2022/07/COUNTRY-112-WHITE.jpg,COUNTRY-112-WHITE.jpg,2022/07,8287,product_featured_image|variation_image,2,1,"[{""type"": ""product_featured_image"", ""wcProductId"": 12360, ""sku"": ""12360"", ""productName"": ""Country 112 White"", ""position"": 0}, {""type"": ""variation_image"", ""wcProductId"": 8093, ""parentSku"": ""8093"", ""wcVariantId"": 8297, ""sku"": ""8297"", ""attributes"": [{""id"": 3, ""name"": ""Size"", ""slug"": ""pa_size"", ""option"": ""Width 112cm, Depth 57cm, Height 90cm""}, {""id"": 1, ""name"": ""Select color"", ""slug"": ""pa_color"", ""option"": ""Country 112 White / White Marble""}]}]",download only; do not delete or update references during import approval step
import_file_and_create_or_reuse_media_asset,https://coveinterior.com/wp-content/uploads/2022/07/COUNTRY-167-BEECH-2.jpg,wordpress-migration/2022/07/COUNTRY-167-BEECH-2.jpg,/media/wordpress-migration/2022/07/COUNTRY-167-BEECH-2.jpg,COUNTRY-167-BEECH-2.jpg,2022/07,8177,page_embedded_media_url|product_featured_image|variation_image,20,8,"[{""type"": ""product_featured_image"", ""wcProductId"": 12355, ""sku"": ""12355"", ""productName"": ""Country 167 Beech Wood"", ""position"": 0}, {""type"": ""variation_image"", ""wcProductId"": 12355, ""parentSku"": ""12355"", ""wcVariantId"": 12356, ""sku"": ""10716-1-1"", ""attributes"": [{""id"": 3, ""name"": ""Size"", ""slug"": ""pa_size"", ""option"": ""Width 167cm, Depth 57cm, Height 90cm""}]}, {""type"": ""product_featured_image"", ""wcProductId"": 10715, ""sku"": ""10715"", ""productName"": ""Country 167"", ""position"": 0}]",download only; do not delete or update references during import approval step
import_file_and_create_or_reuse_media_asset,https://coveinterior.com/wp-content/uploads/2022/07/COUNTRY-167-BEIGE-DETAILS.jpg,wordpress-migration/2022/07/COUNTRY-167-BEIGE-DETAILS.jpg,/media/wordpress-migration/2022/07/COUNTRY-167-BEIGE-DETAILS.jpg,COUNTRY-167-BEIGE-DETAILS.jpg,2022/07,8012,category_image,1,1,"[{""type"": ""category_image"", ""wcCategoryId"": 28, ""name"": ""Country web"", ""slug"": ""country-web""}]",download only; do not delete or update references during import approval step
import_file_and_create_or_reuse_media_asset,https://coveinterior.com/wp-content/uploads/2022/07/COUNTRY-167-BEIGE.jpg,wordpress-migration/2022/07/COUNTRY-167-BEIGE.jpg,/media/wordpress-migration/2022/07/COUNTRY-167-BEIGE.jpg,COUNTRY-167-BEIGE.jpg,2022/07,8179,variation_image,1,1,"[{""type"": ""variation_image"", ""wcProductId"": 10715, ""parentSku"": ""10715"", ""wcVariantId"": 10718, ""sku"": ""10718"", ""attributes"": [{""id"": 3, ""name"": ""Size"", ""slug"": ""pa_size"", ""option"": ""Width 167cm, Depth 57cm, Height 90cm""}, {""id"": 1, ""name"": ""Select color"", ""slug"": ""pa_color"", ""option"": ""Country 167 Beige / Bianco Rossa Marble""}]}]",download only; do not delete or update references during import approval step
import_file_and_create_or_reuse_media_asset,https://coveinterior.com/wp-content/uploads/2022/07/COUNTRY-167-BLACK-1.jpg,wordpress-migration/2022/07/COUNTRY-167-BLACK-1.jpg,/media/wordpress-migration/2022/07/COUNTRY-167-BLACK-1.jpg,COUNTRY-167-BLACK-1.jpg,2022/07,8183,variation_image,1,1,"[{""type"": ""variation_image"", ""wcProductId"": 10715, ""parentSku"": ""10715"", ""wcVariantId"": 10720, ""sku"": ""10720"", ""attributes"": [{""id"": 3, ""name"": ""Size"", ""slug"": ""pa_size"", ""option"": ""Width 167cm, Depth 57cm, Height 90cm""}, {""id"": 1, ""name"": ""Select color"", ""slug"": ""pa_color"", ""option"": ""Country 167 Black / Black Marquina Marble""}]}]",download only; do not delete or update references during import approval step
import_file_and_create_or_reuse_media_asset,https://coveinterior.com/wp-content/uploads/2022/07/COUNTRY-167-BLUE.jpg,wordpress-migration/2022/07/COUNTRY-167-BLUE.jpg,/media/wordpress-migration/2022/07/COUNTRY-167-BLUE.jpg,COUNTRY-167-BLUE.jpg,2022/07,8185,variation_image,1,1,"[{""type"": ""variation_image"", ""wcProductId"": 10715, ""parentSku"": ""10715"", ""wcVariantId"": 10722, ""sku"": ""10722"", ""attributes"": [{""id"": 3, ""name"": ""Size"", ""slug"": ""pa_size"", ""option"": ""Width 167cm, Depth 57cm, Height 90cm""}, {""id"": 1, ""name"": ""Select color"", ""slug"": ""pa_color"", ""option"": ""Country 167 Blue / White Marble""}]}]",download only; do not delete or update references during import approval step
import_file_and_create_or_reuse_media_asset,https://coveinterior.com/wp-content/uploads/2022/07/COUNTRY-167-GRAY.jpg,wordpress-migration/2022/07/COUNTRY-167-GRAY.jpg,/media/wordpress-migration/2022/07/COUNTRY-167-GRAY.jpg,COUNTRY-167-GRAY.jpg,2022/07,8189,variation_image,1,1,"[{""type"": ""variation_image"", ""wcProductId"": 10715, ""parentSku"": ""10715"", ""wcVariantId"": 10726, ""sku"": ""10726"", ""attributes"": [{""id"": 3, ""name"": ""Size"", ""slug"": ""pa_size"", ""option"": ""Width 167cm, Depth 57cm, Height 90cm""}, {""id"": 1, ""name"": ""Select color"", ""slug"": ""pa_color"", ""option"": ""Country 167 Gray / White Marble""}]}]",download only; do not delete or update references during import approval step
import_file_and_create_or_reuse_media_asset,https://coveinterior.com/wp-content/uploads/2022/07/COUNTRY-167-GREEN.jpg,wordpress-migration/2022/07/COUNTRY-167-GREEN.jpg,/media/wordpress-migration/2022/07/COUNTRY-167-GREEN.jpg,COUNTRY-167-GREEN.jpg,2022/07,8193,product_featured_image|variation_image,3,1,"[{""type"": ""product_featured_image"", ""wcProductId"": 12334, ""sku"": ""12334"", ""productName"": ""Country 167 Green"", ""position"": 0}, {""type"": ""variation_image"", ""wcProductId"": 12334, ""parentSku"": ""12334"", ""wcVariantId"": 12335, ""sku"": ""10716-1"", ""attributes"": [{""id"": 3, ""name"": ""Size"", ""slug"": ""pa_size"", ""option"": ""Width 167cm, Depth 57cm, Height 90cm""}]}, {""type"": ""variation_image"", ""wcProductId"": 10715, ""parentSku"": ""10715"", ""wcVariantId"": 10724, ""sku"": ""10724"", ""attributes"": [{""id"": 3, ""name"": ""Size"", ""slug"": ""pa_size"", ""option"": ""Width 167cm, Depth 57cm, Height 90cm""}, {""id"": 1, ""name"": ""Select color"", ""slug"": ""pa_color"", ""option"": ""Country 167 Green / Bianco Rossa Marble""}]}]",download only; do not delete or update references during import approval step
import_file_and_create_or_reuse_media_asset,https://coveinterior.com/wp-content/uploads/2022/07/COUNTRY-167-PINK.jpg,wordpress-migration/2022/07/COUNTRY-167-PINK.jpg,/media/wordpress-migration/2022/07/COUNTRY-167-PINK.jpg,COUNTRY-167-PINK.jpg,2022/07,8197,variation_image,1,1,"[{""type"": ""variation_image"", ""wcProductId"": 10715, ""parentSku"": ""10715"", ""wcVariantId"": 10728, ""sku"": ""10728"", ""attributes"": [{""id"": 3, ""name"": ""Size"", ""slug"": ""pa_size"", ""option"": ""Width 167cm, Depth 57cm, Height 90cm""}, {""id"": 1, ""name"": ""Select color"", ""slug"": ""pa_color"", ""option"": ""Country 167 Pink / Bianco Rossa Marble""}]}]",download only; do not delete or update references during import approval step
import_file_and_create_or_reuse_media_asset,https://coveinterior.com/wp-content/uploads/2022/07/COUNTRY-167-RED.jpg,wordpress-migration/2022/07/COUNTRY-167-RED.jpg,/media/wordpress-migration/2022/07/COUNTRY-167-RED.jpg,COUNTRY-167-RED.jpg,2022/07,8201,variation_image,1,1,"[{""type"": ""variation_image"", ""wcProductId"": 10715, ""parentSku"": ""10715"", ""wcVariantId"": 10730, ""sku"": ""10730"", ""attributes"": [{""id"": 3, ""name"": ""Size"", ""slug"": ""pa_size"", ""option"": ""Width 167cm, Depth 57cm, Height 90cm""}, {""id"": 1, ""name"": ""Select color"", ""slug"": ""pa_color"", ""option"": ""Country 167 Red / Bianco Rossa Marble""}]}]",download only; do not delete or update references during import approval step
import_file_and_create_or_reuse_media_asset,https://coveinterior.com/wp-content/uploads/2022/07/COUNTRY-167-WHITE.jpg,wordpress-migration/2022/07/COUNTRY-167-WHITE.jpg,/media/wordpress-migration/2022/07/COUNTRY-167-WHITE.jpg,COUNTRY-167-WHITE.jpg,2022/07,8205,variation_image,1,1,"[{""type"": ""variation_image"", ""wcProductId"": 10715, ""parentSku"": ""10715"", ""wcVariantId"": 10732, ""sku"": ""10732"", ""attributes"": [{""id"": 3, ""name"": ""Size"", ""slug"": ""pa_size"", ""option"": ""Width 167cm, Depth 57cm, Height 90cm""}, {""id"": 1, ""name"": ""Select color"", ""slug"": ""pa_color"", ""option"": ""Country 167 White / White Marble""}]}]",download only; do not delete or update references during import approval step
import_file_and_create_or_reuse_media_asset,https://coveinterior.com/wp-content/uploads/2022/07/COUNTRY-62-BEECH.jpg,wordpress-migration/2022/07/COUNTRY-62-BEECH.jpg,/media/wordpress-migration/2022/07/COUNTRY-62-BEECH.jpg,COUNTRY-62-BEECH.jpg,2022/07,8309,variation_image,2,1,"[{""type"": ""variation_image"", ""wcProductId"": 12382, ""parentSku"": ""12382"", ""wcVariantId"": 12383, ""sku"": ""9142-1"", ""attributes"": [{""id"": 3, ""name"": ""Size"", ""slug"": ""pa_size"", ""option"": ""Width 62cm, Depth 57cm, Height 90cm""}]}, {""type"": ""variation_image"", ""wcProductId"": 8074, ""parentSku"": ""8074"", ""wcVariantId"": 9142, ""sku"": ""9142"", ""attributes"": [{""id"": 3, ""name"": ""Size"", ""slug"": ""pa_size"", ""option"": ""Width 62cm, Depth 57cm, Height 90cm""}, {""id"": 1, ""name"": ""Select color"", ""slug"": ""pa_color"", ""option"": ""Country 62 Beech Wood / Botticino Marble""}]}]",download only; do not delete or update references during import approval step
import_file_and_create_or_reuse_media_asset,https://coveinterior.com/wp-content/uploads/2022/07/COUNTRY-62-BEIGE-DETAILS.jpg,wordpress-migration/2022/07/COUNTRY-62-BEIGE-DETAILS.jpg,/media/wordpress-migration/2022/07/COUNTRY-62-BEIGE-DETAILS.jpg,COUNTRY-62-BEIGE-DETAILS.jpg,2022/07,8311,page_embedded_media_url|product_featured_image,18,8,"[{""type"": ""product_featured_image"", ""wcProductId"": 12382, ""sku"": ""12382"", ""productName"": ""Country 62  Gray"", ""position"": 0}, {""type"": ""product_featured_image"", ""wcProductId"": 8074, ""sku"": ""8074"", ""productName"": ""Country 62"", ""position"": 0}, {""type"": ""page_embedded_media_url"", ""postType"": ""page"", ""wpPostId"": 17144, ""slug"": ""all-brass-products"", ""title"": ""All Brass Products""}]",download only; do not delete or update references during import approval step
import_file_and_create_or_reuse_media_asset,https://coveinterior.com/wp-content/uploads/2022/07/COUNTRY-62-BEIGE.jpg,wordpress-migration/2022/07/COUNTRY-62-BEIGE.jpg,/media/wordpress-migration/2022/07/COUNTRY-62-BEIGE.jpg,COUNTRY-62-BEIGE.jpg,2022/07,8313,variation_image,2,1,"[{""type"": ""variation_image"", ""wcProductId"": 8074, ""parentSku"": ""8074"", ""wcVariantId"": 10900, ""sku"": ""10900"", ""attributes"": [{""id"": 3, ""name"": ""Size"", ""slug"": ""pa_size"", ""option"": ""Width 62cm, Depth 57cm, Height 90cm""}, {""id"": 1, ""name"": ""Select color"", ""slug"": ""pa_color"", ""option"": ""Country 62 Gray / White Marble""}]}, {""type"": ""variation_image"", ""wcProductId"": 8074, ""parentSku"": ""8074"", ""wcVariantId"": 9145, ""sku"": ""9145"", ""attributes"": [{""id"": 3, ""name"": ""Size"", ""slug"": ""pa_size"", ""option"": ""Width 62cm, Depth 57cm, Height 90cm""}, {""id"": 1, ""name"": ""Select color"", ""slug"": ""pa_color"", ""option"": ""Country 62 Beige / Bianco Rossa Marble""}]}]",download only; do not delete or update references during import approval step
import_file_and_create_or_reuse_media_asset,https://coveinterior.com/wp-content/uploads/2022/07/COUNTRY-62-BLACK.jpg,wordpress-migration/2022/07/COUNTRY-62-BLACK.jpg,/media/wordpress-migration/2022/07/COUNTRY-62-BLACK.jpg,COUNTRY-62-BLACK.jpg,2022/07,8317,variation_image,1,1,"[{""type"": ""variation_image"", ""wcProductId"": 8074, ""parentSku"": ""8074"", ""wcVariantId"": 9148, ""sku"": ""9148"", ""attributes"": [{""id"": 3, ""name"": ""Size"", ""slug"": ""pa_size"", ""option"": ""Width 62cm, Depth 57cm, Height 90cm""}, {""id"": 1, ""name"": ""Select color"", ""slug"": ""pa_color"", ""option"": ""Country 62 Black / Black Marquina Marble""}]}]",download only; do not delete or update references during import approval step
import_file_and_create_or_reuse_media_asset,https://coveinterior.com/wp-content/uploads/2022/07/COUNTRY-62-BLUE.jpg,wordpress-migration/2022/07/COUNTRY-62-BLUE.jpg,/media/wordpress-migration/2022/07/COUNTRY-62-BLUE.jpg,COUNTRY-62-BLUE.jpg,2022/07,8321,variation_image,1,1,"[{""type"": ""variation_image"", ""wcProductId"": 8074, ""parentSku"": ""8074"", ""wcVariantId"": 9151, ""sku"": ""9151"", ""attributes"": [{""id"": 3, ""name"": ""Size"", ""slug"": ""pa_size"", ""option"": ""Width 62cm, Depth 57cm, Height 90cm""}, {""id"": 1, ""name"": ""Select color"", ""slug"": ""pa_color"", ""option"": ""COUNTRY 62 Blue / White Marble""}]}]",download only; do not delete or update references during import approval step
import_file_and_create_or_reuse_media_asset,https://coveinterior.com/wp-content/uploads/2022/07/COUNTRY-62-GREEN.jpg,wordpress-migration/2022/07/COUNTRY-62-GREEN.jpg,/media/wordpress-migration/2022/07/COUNTRY-62-GREEN.jpg,COUNTRY-62-GREEN.jpg,2022/07,8329,variation_image,1,1,"[{""type"": ""variation_image"", ""wcProductId"": 8074, ""parentSku"": ""8074"", ""wcVariantId"": 9157, ""sku"": ""003"", ""attributes"": [{""id"": 3, ""name"": ""Size"", ""slug"": ""pa_size"", ""option"": ""Width 62cm, Depth 57cm, Height 90cm""}, {""id"": 1, ""name"": ""Select color"", ""slug"": ""pa_color"", ""option"": ""Country 62 Green / Bianco Rossa Marble""}]}]",download only; do not delete or update references during import approval step
import_file_and_create_or_reuse_media_asset,https://coveinterior.com/wp-content/uploads/2022/07/COUNTRY-62-PINK.jpg,wordpress-migration/2022/07/COUNTRY-62-PINK.jpg,/media/wordpress-migration/2022/07/COUNTRY-62-PINK.jpg,COUNTRY-62-PINK.jpg,2022/07,8333,variation_image,1,1,"[{""type"": ""variation_image"", ""wcProductId"": 8074, ""parentSku"": ""8074"", ""wcVariantId"": 9160, ""sku"": ""0003"", ""attributes"": [{""id"": 3, ""name"": ""Size"", ""slug"": ""pa_size"", ""option"": ""Width 62cm, Depth 57cm, Height 90cm""}, {""id"": 1, ""name"": ""Select color"", ""slug"": ""pa_color"", ""option"": ""Country 62 Pink / Bianco Rossa Marble""}]}]",download only; do not delete or update references during import approval step
import_file_and_create_or_reuse_media_asset,https://coveinterior.com/wp-content/uploads/2022/07/COUNTRY-62-RED.jpg,wordpress-migration/2022/07/COUNTRY-62-RED.jpg,/media/wordpress-migration/2022/07/COUNTRY-62-RED.jpg,COUNTRY-62-RED.jpg,2022/07,8337,variation_image,1,1,"[{""type"": ""variation_image"", ""wcProductId"": 8074, ""parentSku"": ""8074"", ""wcVariantId"": 9163, ""sku"": ""000003"", ""attributes"": [{""id"": 3, ""name"": ""Size"", ""slug"": ""pa_size"", ""option"": ""Width 62cm, Depth 57cm, Height 90cm""}, {""id"": 1, ""name"": ""Select color"", ""slug"": ""pa_color"", ""option"": ""Country 62 Red / Bianco Rossa Marble""}]}]",download only; do not delete or update references during import approval step
import_file_and_create_or_reuse_media_asset,https://coveinterior.com/wp-content/uploads/2022/07/COUNTRY-62-WHITE.jpg,wordpress-migration/2022/07/COUNTRY-62-WHITE.jpg,/media/wordpress-migration/2022/07/COUNTRY-62-WHITE.jpg,COUNTRY-62-WHITE.jpg,2022/07,8341,variation_image,1,1,"[{""type"": ""variation_image"", ""wcProductId"": 8074, ""parentSku"": ""8074"", ""wcVariantId"": 9166, ""sku"": ""000002"", ""attributes"": [{""id"": 3, ""name"": ""Size"", ""slug"": ""pa_size"", ""option"": ""Width 62cm, Depth 57cm, Height 90cm""}, {""id"": 1, ""name"": ""Select color"", ""slug"": ""pa_color"", ""option"": ""Country 62 White / White Marble""}]}]",download only; do not delete or update references during import approval step
import_file_and_create_or_reuse_media_asset,https://coveinterior.com/wp-content/uploads/2022/07/cove-events.jpg,wordpress-migration/2022/07/cove-events.jpg,/media/wordpress-migration/2022/07/cove-events.jpg,cove-events.jpg,2022/07,,page_embedded_media_url,1,1,"[{""type"": ""page_embedded_media_url"", ""postType"": ""page"", ""wpPostId"": 1066, ""slug"": ""home"", ""title"": ""Home""}]",download only; do not delete or update references during import approval step
import_file_and_create_or_reuse_media_asset,https://coveinterior.com/wp-content/uploads/2022/07/cove-furniture.jpg,wordpress-migration/2022/07/cove-furniture.jpg,/media/wordpress-migration/2022/07/cove-furniture.jpg,cove-furniture.jpg,2022/07,,page_embedded_media_url,1,1,"[{""type"": ""page_embedded_media_url"", ""postType"": ""page"", ""wpPostId"": 1066, ""slug"": ""home"", ""title"": ""Home""}]",download only; do not delete or update references during import approval step
import_file_and_create_or_reuse_media_asset,https://coveinterior.com/wp-content/uploads/2022/07/CURVE-180-Brown.jpg,wordpress-migration/2022/07/CURVE-180-Brown.jpg,/media/wordpress-migration/2022/07/CURVE-180-Brown.jpg,CURVE-180-Brown.jpg,2022/07,8215,variation_image,2,1,"[{""type"": ""variation_image"", ""wcProductId"": 12425, ""parentSku"": ""12425"", ""wcVariantId"": 12426, ""sku"": ""9872-1"", ""attributes"": [{""id"": 3, ""name"": ""Size"", ""slug"": ""pa_size"", ""option"": ""Width 180cm, Depth 55cm, Height 90cm""}]}, {""type"": ""variation_image"", ""wcProductId"": 8131, ""parentSku"": ""8131"", ""wcVariantId"": 9872, ""sku"": ""9872"", ""attributes"": [{""id"": 3, ""name"": ""Size"", ""slug"": ""pa_size"", ""option"": ""Width 180cm, Depth 55cm, Height 90cm""}, {""id"": 1, ""name"": ""Select color"", ""slug"": ""pa_color"", ""option"": ""Curve 180 Brown / White Carrara""}]}]",download only; do not delete or update references during import approval step
import_file_and_create_or_reuse_media_asset,https://coveinterior.com/wp-content/uploads/2022/07/CURVE-180-Dark-red.jpg,wordpress-migration/2022/07/CURVE-180-Dark-red.jpg,/media/wordpress-migration/2022/07/CURVE-180-Dark-red.jpg,CURVE-180-Dark-red.jpg,2022/07,8143,product_featured_image|variation_image,2,1,"[{""type"": ""product_featured_image"", ""wcProductId"": 12425, ""sku"": ""12425"", ""productName"": ""Curve 180 Dark Red"", ""position"": 0}, {""type"": ""variation_image"", ""wcProductId"": 8131, ""parentSku"": ""8131"", ""wcVariantId"": 8133, ""sku"": ""8133"", ""attributes"": [{""id"": 3, ""name"": ""Size"", ""slug"": ""pa_size"", ""option"": ""Width 180cm, Depth 55cm, Height 90cm""}, {""id"": 1, ""name"": ""Select color"", ""slug"": ""pa_color"", ""option"": ""Curve 180 Dark Red / Travertine""}]}]",download only; do not delete or update references during import approval step
import_file_and_create_or_reuse_media_asset,https://coveinterior.com/wp-content/uploads/2022/07/CURVE-180-Light-blue.jpg,wordpress-migration/2022/07/CURVE-180-Light-blue.jpg,/media/wordpress-migration/2022/07/CURVE-180-Light-blue.jpg,CURVE-180-Light-blue.jpg,2022/07,8217,variation_image,1,1,"[{""type"": ""variation_image"", ""wcProductId"": 8131, ""parentSku"": ""8131"", ""wcVariantId"": 8134, ""sku"": ""8134"", ""attributes"": [{""id"": 3, ""name"": ""Size"", ""slug"": ""pa_size"", ""option"": ""Width 180cm, Depth 55cm, Height 90cm""}, {""id"": 1, ""name"": ""Select color"", ""slug"": ""pa_color"", ""option"": ""Curve 180 Light Blue / Travertine""}]}]",download only; do not delete or update references during import approval step
import_file_and_create_or_reuse_media_asset,https://coveinterior.com/wp-content/uploads/2022/07/CURVE-180-Navy-blue.jpg,wordpress-migration/2022/07/CURVE-180-Navy-blue.jpg,/media/wordpress-migration/2022/07/CURVE-180-Navy-blue.jpg,CURVE-180-Navy-blue.jpg,2022/07,8219,variation_image,1,1,"[{""type"": ""variation_image"", ""wcProductId"": 8131, ""parentSku"": ""8131"", ""wcVariantId"": 8135, ""sku"": ""8135"", ""attributes"": [{""id"": 3, ""name"": ""Size"", ""slug"": ""pa_size"", ""option"": ""Width 180cm, Depth 55cm, Height 90cm""}, {""id"": 1, ""name"": ""Select color"", ""slug"": ""pa_color"", ""option"": ""Curve 180 Navy Blue / White Carrara""}]}]",download only; do not delete or update references during import approval step
import_file_and_create_or_reuse_media_asset,https://coveinterior.com/wp-content/uploads/2022/07/CURVE-180-Royal-green.jpg,wordpress-migration/2022/07/CURVE-180-Royal-green.jpg,/media/wordpress-migration/2022/07/CURVE-180-Royal-green.jpg,CURVE-180-Royal-green.jpg,2022/07,8223,page_embedded_media_url|product_featured_image|variation_image,18,8,"[{""type"": ""product_featured_image"", ""wcProductId"": 8131, ""sku"": ""8131"", ""productName"": ""Curve 180"", ""position"": 0}, {""type"": ""variation_image"", ""wcProductId"": 8131, ""parentSku"": ""8131"", ""wcVariantId"": 8225, ""sku"": ""8225"", ""attributes"": [{""id"": 3, ""name"": ""Size"", ""slug"": ""pa_size"", ""option"": ""Width 180cm, Depth 55cm, Height 90cm""}, {""id"": 1, ""name"": ""Select color"", ""slug"": ""pa_color"", ""option"": ""Curve 180 Royal Green / Travertine""}]}, {""type"": ""page_embedded_media_url"", ""postType"": ""page"", ""wpPostId"": 17144, ""slug"": ""all-brass-products"", ""title"": ""All Brass Products""}]",download only; do not delete or update references during import approval step
import_file_and_create_or_reuse_media_asset,https://coveinterior.com/wp-content/uploads/2022/07/CURVE-2-NEUTRAL-GREEN.jpg,wordpress-migration/2022/07/CURVE-2-NEUTRAL-GREEN.jpg,/media/wordpress-migration/2022/07/CURVE-2-NEUTRAL-GREEN.jpg,CURVE-2-NEUTRAL-GREEN.jpg,2022/07,8014,category_image,1,1,"[{""type"": ""category_image"", ""wcCategoryId"": 29, ""name"": ""Curve web"", ""slug"": ""curve-web""}]",download only; do not delete or update references during import approval step
import_file_and_create_or_reuse_media_asset,https://coveinterior.com/wp-content/uploads/2022/07/CURVE-BROWN.jpg,wordpress-migration/2022/07/CURVE-BROWN.jpg,/media/wordpress-migration/2022/07/CURVE-BROWN.jpg,CURVE-BROWN.jpg,2022/07,8227,variation_image,3,1,"[{""type"": ""variation_image"", ""wcProductId"": 12416, ""parentSku"": ""12416"", ""wcVariantId"": 12417, ""sku"": ""8113-1-1"", ""attributes"": [{""id"": 3, ""name"": ""Size"", ""slug"": ""pa_size"", ""option"": ""Width 120cm, Depth 55cm, Height 90cm""}]}, {""type"": ""variation_image"", ""wcProductId"": 12403, ""parentSku"": ""12403"", ""wcVariantId"": 12404, ""sku"": ""8113-1"", ""attributes"": [{""id"": 3, ""name"": ""Size"", ""slug"": ""pa_size"", ""option"": ""Width 120cm, Depth 55cm, Height 90cm""}]}, {""type"": ""variation_image"", ""wcProductId"": 8112, ""parentSku"": ""8112"", ""wcVariantId"": 8113, ""sku"": ""8113"", ""attributes"": [{""id"": 3, ""name"": ""Size"", ""slug"": ""pa_size"", ""option"": ""Width 120cm, Depth 55cm, Height 90cm""}, {""id"": 1, ""name"": ""Select color"", ""slug"": ""pa_color"", ""option"": ""Curve Brown / White Carrara""}]}]",download only; do not delete or update references during import approval step
import_file_and_create_or_reuse_media_asset,https://coveinterior.com/wp-content/uploads/2022/07/CURVE-DARK-RED.jpg,wordpress-migration/2022/07/CURVE-DARK-RED.jpg,/media/wordpress-migration/2022/07/CURVE-DARK-RED.jpg,CURVE-DARK-RED.jpg,2022/07,8229,variation_image,1,1,"[{""type"": ""variation_image"", ""wcProductId"": 8112, ""parentSku"": ""8112"", ""wcVariantId"": 8114, ""sku"": ""8114"", ""attributes"": [{""id"": 3, ""name"": ""Size"", ""slug"": ""pa_size"", ""option"": ""Width 120cm, Depth 55cm, Height 90cm""}, {""id"": 1, ""name"": ""Select color"", ""slug"": ""pa_color"", ""option"": ""CURVE Dark Red / Travertine""}]}]",download only; do not delete or update references during import approval step
import_file_and_create_or_reuse_media_asset,https://coveinterior.com/wp-content/uploads/2022/07/CURVE-LIGHT-BLUE-1.jpg,wordpress-migration/2022/07/CURVE-LIGHT-BLUE-1.jpg,/media/wordpress-migration/2022/07/CURVE-LIGHT-BLUE-1.jpg,CURVE-LIGHT-BLUE-1.jpg,2022/07,9485,page_embedded_media_url|product_featured_image,18,8,"[{""type"": ""product_featured_image"", ""wcProductId"": 12403, ""sku"": ""12403"", ""productName"": ""Curve 120 Light Blue"", ""position"": 0}, {""type"": ""product_featured_image"", ""wcProductId"": 8112, ""sku"": ""8112"", ""productName"": ""Curve 120"", ""position"": 0}, {""type"": ""page_embedded_media_url"", ""postType"": ""page"", ""wpPostId"": 17144, ""slug"": ""all-brass-products"", ""title"": ""All Brass Products""}]",download only; do not delete or update references during import approval step
import_file_and_create_or_reuse_media_asset,https://coveinterior.com/wp-content/uploads/2022/07/CURVE-LIGHT-BLUE.jpg,wordpress-migration/2022/07/CURVE-LIGHT-BLUE.jpg,/media/wordpress-migration/2022/07/CURVE-LIGHT-BLUE.jpg,CURVE-LIGHT-BLUE.jpg,2022/07,8231,variation_image,1,1,"[{""type"": ""variation_image"", ""wcProductId"": 8112, ""parentSku"": ""8112"", ""wcVariantId"": 8115, ""sku"": ""8115"", ""attributes"": [{""id"": 3, ""name"": ""Size"", ""slug"": ""pa_size"", ""option"": ""Width 120cm, Depth 55cm, Height 90cm""}, {""id"": 1, ""name"": ""Select color"", ""slug"": ""pa_color"", ""option"": ""Curve Light Blue / Travertine""}]}]",download only; do not delete or update references during import approval step
import_file_and_create_or_reuse_media_asset,https://coveinterior.com/wp-content/uploads/2022/07/CURVE-NAVY-BLUE.jpg,wordpress-migration/2022/07/CURVE-NAVY-BLUE.jpg,/media/wordpress-migration/2022/07/CURVE-NAVY-BLUE.jpg,CURVE-NAVY-BLUE.jpg,2022/07,8233,product_featured_image|variation_image,2,1,"[{""type"": ""product_featured_image"", ""wcProductId"": 12416, ""sku"": ""12416"", ""productName"": ""Curve 120 Navy Blue"", ""position"": 0}, {""type"": ""variation_image"", ""wcProductId"": 8112, ""parentSku"": ""8112"", ""wcVariantId"": 8116, ""sku"": ""8116"", ""attributes"": [{""id"": 3, ""name"": ""Size"", ""slug"": ""pa_size"", ""option"": ""Width 120cm, Depth 55cm, Height 90cm""}, {""id"": 1, ""name"": ""Select color"", ""slug"": ""pa_color"", ""option"": ""Curve Navy Blue / White Carrara""}]}]",download only; do not delete or update references during import approval step
import_file_and_create_or_reuse_media_asset,https://coveinterior.com/wp-content/uploads/2022/07/CURVE-ROYAL-GREEN.jpg,wordpress-migration/2022/07/CURVE-ROYAL-GREEN.jpg,/media/wordpress-migration/2022/07/CURVE-ROYAL-GREEN.jpg,CURVE-ROYAL-GREEN.jpg,2022/07,8237,variation_image,1,1,"[{""type"": ""variation_image"", ""wcProductId"": 8112, ""parentSku"": ""8112"", ""wcVariantId"": 8251, ""sku"": ""8251"", ""attributes"": [{""id"": 3, ""name"": ""Size"", ""slug"": ""pa_size"", ""option"": ""Width 120cm, Depth 55cm, Height 90cm""}, {""id"": 1, ""name"": ""Select color"", ""slug"": ""pa_color"", ""option"": ""Curve Royal Green / Travertine""}]}]",download only; do not delete or update references during import approval step
import_file_and_create_or_reuse_media_asset,https://coveinterior.com/wp-content/uploads/2022/07/Engineers-Without-Borders-Forum-.jpg,wordpress-migration/2022/07/Engineers-Without-Borders-Forum-.jpg,/media/wordpress-migration/2022/07/Engineers-Without-Borders-Forum-.jpg,Engineers-Without-Borders-Forum-.jpg,2022/07,9097,page_embedded_media_url|portfolio_featured_image,9,8,"[{""type"": ""page_embedded_media_url"", ""postType"": ""page"", ""wpPostId"": 9032, ""slug"": ""events"", ""title"": ""Events""}, {""type"": ""page_embedded_media_url"", ""postType"": ""page"", ""wpPostId"": 9032, ""slug"": ""events"", ""title"": ""Events""}, {""type"": ""page_embedded_media_url"", ""postType"": ""page"", ""wpPostId"": 9032, ""slug"": ""events"", ""title"": ""Events""}]",download only; do not delete or update references during import approval step
import_file_and_create_or_reuse_media_asset,https://coveinterior.com/wp-content/uploads/2022/07/IMG_0245.jpg,wordpress-migration/2022/07/IMG_0245.jpg,/media/wordpress-migration/2022/07/IMG_0245.jpg,IMG_0245.jpg,2022/07,8868,page_embedded_media_url|portfolio_embedded_media_url|portfolio_featured_image,11,9,"[{""type"": ""page_embedded_media_url"", ""postType"": ""page"", ""wpPostId"": 7736, ""slug"": ""cp"", ""title"": ""Company portfolio""}, {""type"": ""page_embedded_media_url"", ""postType"": ""page"", ""wpPostId"": 7736, ""slug"": ""cp"", ""title"": ""Company portfolio""}, {""type"": ""portfolio_embedded_media_url"", ""postType"": ""portfolio"", ""wpPostId"": 8867, ""slug"": ""project-2"", ""title"": ""Private Villa 1""}]",download only; do not delete or update references during import approval step
import_file_and_create_or_reuse_media_asset,https://coveinterior.com/wp-content/uploads/2022/07/IMG_0247.jpg,wordpress-migration/2022/07/IMG_0247.jpg,/media/wordpress-migration/2022/07/IMG_0247.jpg,IMG_0247.jpg,2022/07,,portfolio_embedded_media_url,8,8,"[{""type"": ""portfolio_embedded_media_url"", ""postType"": ""portfolio"", ""wpPostId"": 8867, ""slug"": ""project-2"", ""title"": ""Private Villa 1""}, {""type"": ""portfolio_embedded_media_url"", ""postType"": ""portfolio"", ""wpPostId"": 8867, ""slug"": ""project-2"", ""title"": ""Private Villa 1""}, {""type"": ""portfolio_embedded_media_url"", ""postType"": ""portfolio"", ""wpPostId"": 8867, ""slug"": ""project-2"", ""title"": ""Private Villa 1""}]",download only; do not delete or update references during import approval step
import_file_and_create_or_reuse_media_asset,https://coveinterior.com/wp-content/uploads/2022/07/IMG_0249.jpg,wordpress-migration/2022/07/IMG_0249.jpg,/media/wordpress-migration/2022/07/IMG_0249.jpg,IMG_0249.jpg,2022/07,,portfolio_embedded_media_url,8,8,"[{""type"": ""portfolio_embedded_media_url"", ""postType"": ""portfolio"", ""wpPostId"": 8867, ""slug"": ""project-2"", ""title"": ""Private Villa 1""}, {""type"": ""portfolio_embedded_media_url"", ""postType"": ""portfolio"", ""wpPostId"": 8867, ""slug"": ""project-2"", ""title"": ""Private Villa 1""}, {""type"": ""portfolio_embedded_media_url"", ""postType"": ""portfolio"", ""wpPostId"": 8867, ""slug"": ""project-2"", ""title"": ""Private Villa 1""}]",download only; do not delete or update references during import approval step
import_file_and_create_or_reuse_media_asset,https://coveinterior.com/wp-content/uploads/2022/07/IMG_0253.jpg,wordpress-migration/2022/07/IMG_0253.jpg,/media/wordpress-migration/2022/07/IMG_0253.jpg,IMG_0253.jpg,2022/07,,portfolio_embedded_media_url,8,8,"[{""type"": ""portfolio_embedded_media_url"", ""postType"": ""portfolio"", ""wpPostId"": 8867, ""slug"": ""project-2"", ""title"": ""Private Villa 1""}, {""type"": ""portfolio_embedded_media_url"", ""postType"": ""portfolio"", ""wpPostId"": 8867, ""slug"": ""project-2"", ""title"": ""Private Villa 1""}, {""type"": ""portfolio_embedded_media_url"", ""postType"": ""portfolio"", ""wpPostId"": 8867, ""slug"": ""project-2"", ""title"": ""Private Villa 1""}]",download only; do not delete or update references during import approval step
import_file_and_create_or_reuse_media_asset,https://coveinterior.com/wp-content/uploads/2022/07/IMG_0255.jpg,wordpress-migration/2022/07/IMG_0255.jpg,/media/wordpress-migration/2022/07/IMG_0255.jpg,IMG_0255.jpg,2022/07,,portfolio_embedded_media_url,8,8,"[{""type"": ""portfolio_embedded_media_url"", ""postType"": ""portfolio"", ""wpPostId"": 8867, ""slug"": ""project-2"", ""title"": ""Private Villa 1""}, {""type"": ""portfolio_embedded_media_url"", ""postType"": ""portfolio"", ""wpPostId"": 8867, ""slug"": ""project-2"", ""title"": ""Private Villa 1""}, {""type"": ""portfolio_embedded_media_url"", ""postType"": ""portfolio"", ""wpPostId"": 8867, ""slug"": ""project-2"", ""title"": ""Private Villa 1""}]",download only; do not delete or update references during import approval step
import_file_and_create_or_reuse_media_asset,https://coveinterior.com/wp-content/uploads/2022/07/IMG_0259.jpg,wordpress-migration/2022/07/IMG_0259.jpg,/media/wordpress-migration/2022/07/IMG_0259.jpg,IMG_0259.jpg,2022/07,,portfolio_embedded_media_url,8,8,"[{""type"": ""portfolio_embedded_media_url"", ""postType"": ""portfolio"", ""wpPostId"": 8867, ""slug"": ""project-2"", ""title"": ""Private Villa 1""}, {""type"": ""portfolio_embedded_media_url"", ""postType"": ""portfolio"", ""wpPostId"": 8867, ""slug"": ""project-2"", ""title"": ""Private Villa 1""}, {""type"": ""portfolio_embedded_media_url"", ""postType"": ""portfolio"", ""wpPostId"": 8867, ""slug"": ""project-2"", ""title"": ""Private Villa 1""}]",download only; do not delete or update references during import approval step
import_file_and_create_or_reuse_media_asset,https://coveinterior.com/wp-content/uploads/2022/07/IMG_0274.jpg,wordpress-migration/2022/07/IMG_0274.jpg,/media/wordpress-migration/2022/07/IMG_0274.jpg,IMG_0274.jpg,2022/07,,portfolio_embedded_media_url,8,8,"[{""type"": ""portfolio_embedded_media_url"", ""postType"": ""portfolio"", ""wpPostId"": 8867, ""slug"": ""project-2"", ""title"": ""Private Villa 1""}, {""type"": ""portfolio_embedded_media_url"", ""postType"": ""portfolio"", ""wpPostId"": 8867, ""slug"": ""project-2"", ""title"": ""Private Villa 1""}, {""type"": ""portfolio_embedded_media_url"", ""postType"": ""portfolio"", ""wpPostId"": 8867, ""slug"": ""project-2"", ""title"": ""Private Villa 1""}]",download only; do not delete or update references during import approval step
import_file_and_create_or_reuse_media_asset,https://coveinterior.com/wp-content/uploads/2022/07/IMG_0283.jpg,wordpress-migration/2022/07/IMG_0283.jpg,/media/wordpress-migration/2022/07/IMG_0283.jpg,IMG_0283.jpg,2022/07,,portfolio_embedded_media_url,8,8,"[{""type"": ""portfolio_embedded_media_url"", ""postType"": ""portfolio"", ""wpPostId"": 8867, ""slug"": ""project-2"", ""title"": ""Private Villa 1""}, {""type"": ""portfolio_embedded_media_url"", ""postType"": ""portfolio"", ""wpPostId"": 8867, ""slug"": ""project-2"", ""title"": ""Private Villa 1""}, {""type"": ""portfolio_embedded_media_url"", ""postType"": ""portfolio"", ""wpPostId"": 8867, ""slug"": ""project-2"", ""title"": ""Private Villa 1""}]",download only; do not delete or update references during import approval step
import_file_and_create_or_reuse_media_asset,https://coveinterior.com/wp-content/uploads/2022/07/IMG_0285.jpg,wordpress-migration/2022/07/IMG_0285.jpg,/media/wordpress-migration/2022/07/IMG_0285.jpg,IMG_0285.jpg,2022/07,,portfolio_embedded_media_url,7,7,"[{""type"": ""portfolio_embedded_media_url"", ""postType"": ""portfolio"", ""wpPostId"": 8867, ""slug"": ""project-2"", ""title"": ""Private Villa 1""}, {""type"": ""portfolio_embedded_media_url"", ""postType"": ""portfolio"", ""wpPostId"": 8867, ""slug"": ""project-2"", ""title"": ""Private Villa 1""}, {""type"": ""portfolio_embedded_media_url"", ""postType"": ""portfolio"", ""wpPostId"": 8867, ""slug"": ""project-2"", ""title"": ""Private Villa 1""}]",download only; do not delete or update references during import approval step
import_file_and_create_or_reuse_media_asset,https://coveinterior.com/wp-content/uploads/2022/07/IMG_0298.jpg,wordpress-migration/2022/07/IMG_0298.jpg,/media/wordpress-migration/2022/07/IMG_0298.jpg,IMG_0298.jpg,2022/07,,portfolio_embedded_media_url,7,7,"[{""type"": ""portfolio_embedded_media_url"", ""postType"": ""portfolio"", ""wpPostId"": 8867, ""slug"": ""project-2"", ""title"": ""Private Villa 1""}, {""type"": ""portfolio_embedded_media_url"", ""postType"": ""portfolio"", ""wpPostId"": 8867, ""slug"": ""project-2"", ""title"": ""Private Villa 1""}, {""type"": ""portfolio_embedded_media_url"", ""postType"": ""portfolio"", ""wpPostId"": 8867, ""slug"": ""project-2"", ""title"": ""Private Villa 1""}]",download only; do not delete or update references during import approval step
import_file_and_create_or_reuse_media_asset,https://coveinterior.com/wp-content/uploads/2022/07/IMG_0304.jpg,wordpress-migration/2022/07/IMG_0304.jpg,/media/wordpress-migration/2022/07/IMG_0304.jpg,IMG_0304.jpg,2022/07,,portfolio_embedded_media_url,7,7,"[{""type"": ""portfolio_embedded_media_url"", ""postType"": ""portfolio"", ""wpPostId"": 8867, ""slug"": ""project-2"", ""title"": ""Private Villa 1""}, {""type"": ""portfolio_embedded_media_url"", ""postType"": ""portfolio"", ""wpPostId"": 8867, ""slug"": ""project-2"", ""title"": ""Private Villa 1""}, {""type"": ""portfolio_embedded_media_url"", ""postType"": ""portfolio"", ""wpPostId"": 8867, ""slug"": ""project-2"", ""title"": ""Private Villa 1""}]",download only; do not delete or update references during import approval step
import_file_and_create_or_reuse_media_asset,https://coveinterior.com/wp-content/uploads/2022/07/IMG_0307.jpg,wordpress-migration/2022/07/IMG_0307.jpg,/media/wordpress-migration/2022/07/IMG_0307.jpg,IMG_0307.jpg,2022/07,,portfolio_embedded_media_url,8,8,"[{""type"": ""portfolio_embedded_media_url"", ""postType"": ""portfolio"", ""wpPostId"": 8867, ""slug"": ""project-2"", ""title"": ""Private Villa 1""}, {""type"": ""portfolio_embedded_media_url"", ""postType"": ""portfolio"", ""wpPostId"": 8867, ""slug"": ""project-2"", ""title"": ""Private Villa 1""}, {""type"": ""portfolio_embedded_media_url"", ""postType"": ""portfolio"", ""wpPostId"": 8867, ""slug"": ""project-2"", ""title"": ""Private Villa 1""}]",download only; do not delete or update references during import approval step
import_file_and_create_or_reuse_media_asset,https://coveinterior.com/wp-content/uploads/2022/07/IMG_0311.jpg,wordpress-migration/2022/07/IMG_0311.jpg,/media/wordpress-migration/2022/07/IMG_0311.jpg,IMG_0311.jpg,2022/07,,portfolio_embedded_media_url,8,8,"[{""type"": ""portfolio_embedded_media_url"", ""postType"": ""portfolio"", ""wpPostId"": 8867, ""slug"": ""project-2"", ""title"": ""Private Villa 1""}, {""type"": ""portfolio_embedded_media_url"", ""postType"": ""portfolio"", ""wpPostId"": 8867, ""slug"": ""project-2"", ""title"": ""Private Villa 1""}, {""type"": ""portfolio_embedded_media_url"", ""postType"": ""portfolio"", ""wpPostId"": 8867, ""slug"": ""project-2"", ""title"": ""Private Villa 1""}]",download only; do not delete or update references during import approval step
import_file_and_create_or_reuse_media_asset,https://coveinterior.com/wp-content/uploads/2022/07/IMG_0312.jpg,wordpress-migration/2022/07/IMG_0312.jpg,/media/wordpress-migration/2022/07/IMG_0312.jpg,IMG_0312.jpg,2022/07,,portfolio_embedded_media_url,8,8,"[{""type"": ""portfolio_embedded_media_url"", ""postType"": ""portfolio"", ""wpPostId"": 8867, ""slug"": ""project-2"", ""title"": ""Private Villa 1""}, {""type"": ""portfolio_embedded_media_url"", ""postType"": ""portfolio"", ""wpPostId"": 8867, ""slug"": ""project-2"", ""title"": ""Private Villa 1""}, {""type"": ""portfolio_embedded_media_url"", ""postType"": ""portfolio"", ""wpPostId"": 8867, ""slug"": ""project-2"", ""title"": ""Private Villa 1""}]",download only; do not delete or update references during import approval step
import_file_and_create_or_reuse_media_asset,https://coveinterior.com/wp-content/uploads/2022/07/IMG_0314.jpg,wordpress-migration/2022/07/IMG_0314.jpg,/media/wordpress-migration/2022/07/IMG_0314.jpg,IMG_0314.jpg,2022/07,,portfolio_embedded_media_url,8,8,"[{""type"": ""portfolio_embedded_media_url"", ""postType"": ""portfolio"", ""wpPostId"": 8867, ""slug"": ""project-2"", ""title"": ""Private Villa 1""}, {""type"": ""portfolio_embedded_media_url"", ""postType"": ""portfolio"", ""wpPostId"": 8867, ""slug"": ""project-2"", ""title"": ""Private Villa 1""}, {""type"": ""portfolio_embedded_media_url"", ""postType"": ""portfolio"", ""wpPostId"": 8867, ""slug"": ""project-2"", ""title"": ""Private Villa 1""}]",download only; do not delete or update references during import approval step
import_file_and_create_or_reuse_media_asset,https://coveinterior.com/wp-content/uploads/2022/07/IMG_0316.jpg,wordpress-migration/2022/07/IMG_0316.jpg,/media/wordpress-migration/2022/07/IMG_0316.jpg,IMG_0316.jpg,2022/07,,portfolio_embedded_media_url,7,7,"[{""type"": ""portfolio_embedded_media_url"", ""postType"": ""portfolio"", ""wpPostId"": 8867, ""slug"": ""project-2"", ""title"": ""Private Villa 1""}, {""type"": ""portfolio_embedded_media_url"", ""postType"": ""portfolio"", ""wpPostId"": 8867, ""slug"": ""project-2"", ""title"": ""Private Villa 1""}, {""type"": ""portfolio_embedded_media_url"", ""postType"": ""portfolio"", ""wpPostId"": 8867, ""slug"": ""project-2"", ""title"": ""Private Villa 1""}]",download only; do not delete or update references during import approval step
import_file_and_create_or_reuse_media_asset,https://coveinterior.com/wp-content/uploads/2022/07/IMG_0319.jpg,wordpress-migration/2022/07/IMG_0319.jpg,/media/wordpress-migration/2022/07/IMG_0319.jpg,IMG_0319.jpg,2022/07,,portfolio_embedded_media_url,8,8,"[{""type"": ""portfolio_embedded_media_url"", ""postType"": ""portfolio"", ""wpPostId"": 8867, ""slug"": ""project-2"", ""title"": ""Private Villa 1""}, {""type"": ""portfolio_embedded_media_url"", ""postType"": ""portfolio"", ""wpPostId"": 8867, ""slug"": ""project-2"", ""title"": ""Private Villa 1""}, {""type"": ""portfolio_embedded_media_url"", ""postType"": ""portfolio"", ""wpPostId"": 8867, ""slug"": ""project-2"", ""title"": ""Private Villa 1""}]",download only; do not delete or update references during import approval step
import_file_and_create_or_reuse_media_asset,https://coveinterior.com/wp-content/uploads/2022/07/IMG_0322.jpg,wordpress-migration/2022/07/IMG_0322.jpg,/media/wordpress-migration/2022/07/IMG_0322.jpg,IMG_0322.jpg,2022/07,,portfolio_embedded_media_url,7,7,"[{""type"": ""portfolio_embedded_media_url"", ""postType"": ""portfolio"", ""wpPostId"": 8867, ""slug"": ""project-2"", ""title"": ""Private Villa 1""}, {""type"": ""portfolio_embedded_media_url"", ""postType"": ""portfolio"", ""wpPostId"": 8867, ""slug"": ""project-2"", ""title"": ""Private Villa 1""}, {""type"": ""portfolio_embedded_media_url"", ""postType"": ""portfolio"", ""wpPostId"": 8867, ""slug"": ""project-2"", ""title"": ""Private Villa 1""}]",download only; do not delete or update references during import approval step
import_file_and_create_or_reuse_media_asset,https://coveinterior.com/wp-content/uploads/2022/07/IMG_0339.jpg,wordpress-migration/2022/07/IMG_0339.jpg,/media/wordpress-migration/2022/07/IMG_0339.jpg,IMG_0339.jpg,2022/07,,portfolio_embedded_media_url,7,7,"[{""type"": ""portfolio_embedded_media_url"", ""postType"": ""portfolio"", ""wpPostId"": 8867, ""slug"": ""project-2"", ""title"": ""Private Villa 1""}, {""type"": ""portfolio_embedded_media_url"", ""postType"": ""portfolio"", ""wpPostId"": 8867, ""slug"": ""project-2"", ""title"": ""Private Villa 1""}, {""type"": ""portfolio_embedded_media_url"", ""postType"": ""portfolio"", ""wpPostId"": 8867, ""slug"": ""project-2"", ""title"": ""Private Villa 1""}]",download only; do not delete or update references during import approval step
import_file_and_create_or_reuse_media_asset,https://coveinterior.com/wp-content/uploads/2022/07/IMG_0341.jpg,wordpress-migration/2022/07/IMG_0341.jpg,/media/wordpress-migration/2022/07/IMG_0341.jpg,IMG_0341.jpg,2022/07,,portfolio_embedded_media_url,8,8,"[{""type"": ""portfolio_embedded_media_url"", ""postType"": ""portfolio"", ""wpPostId"": 8867, ""slug"": ""project-2"", ""title"": ""Private Villa 1""}, {""type"": ""portfolio_embedded_media_url"", ""postType"": ""portfolio"", ""wpPostId"": 8867, ""slug"": ""project-2"", ""title"": ""Private Villa 1""}, {""type"": ""portfolio_embedded_media_url"", ""postType"": ""portfolio"", ""wpPostId"": 8867, ""slug"": ""project-2"", ""title"": ""Private Villa 1""}]",download only; do not delete or update references during import approval step
import_file_and_create_or_reuse_media_asset,https://coveinterior.com/wp-content/uploads/2022/07/IMG_0345.jpg,wordpress-migration/2022/07/IMG_0345.jpg,/media/wordpress-migration/2022/07/IMG_0345.jpg,IMG_0345.jpg,2022/07,,portfolio_embedded_media_url,8,8,"[{""type"": ""portfolio_embedded_media_url"", ""postType"": ""portfolio"", ""wpPostId"": 8867, ""slug"": ""project-2"", ""title"": ""Private Villa 1""}, {""type"": ""portfolio_embedded_media_url"", ""postType"": ""portfolio"", ""wpPostId"": 8867, ""slug"": ""project-2"", ""title"": ""Private Villa 1""}, {""type"": ""portfolio_embedded_media_url"", ""postType"": ""portfolio"", ""wpPostId"": 8867, ""slug"": ""project-2"", ""title"": ""Private Villa 1""}]",download only; do not delete or update references during import approval step
import_file_and_create_or_reuse_media_asset,https://coveinterior.com/wp-content/uploads/2022/07/IMG_0346.jpg,wordpress-migration/2022/07/IMG_0346.jpg,/media/wordpress-migration/2022/07/IMG_0346.jpg,IMG_0346.jpg,2022/07,,portfolio_embedded_media_url,7,7,"[{""type"": ""portfolio_embedded_media_url"", ""postType"": ""portfolio"", ""wpPostId"": 8867, ""slug"": ""project-2"", ""title"": ""Private Villa 1""}, {""type"": ""portfolio_embedded_media_url"", ""postType"": ""portfolio"", ""wpPostId"": 8867, ""slug"": ""project-2"", ""title"": ""Private Villa 1""}, {""type"": ""portfolio_embedded_media_url"", ""postType"": ""portfolio"", ""wpPostId"": 8867, ""slug"": ""project-2"", ""title"": ""Private Villa 1""}]",download only; do not delete or update references during import approval step
import_file_and_create_or_reuse_media_asset,https://coveinterior.com/wp-content/uploads/2022/07/IMG_0353.jpg,wordpress-migration/2022/07/IMG_0353.jpg,/media/wordpress-migration/2022/07/IMG_0353.jpg,IMG_0353.jpg,2022/07,,portfolio_embedded_media_url,7,7,"[{""type"": ""portfolio_embedded_media_url"", ""postType"": ""portfolio"", ""wpPostId"": 8917, ""slug"": ""project-3"", ""title"": ""Private Villa 2""}, {""type"": ""portfolio_embedded_media_url"", ""postType"": ""portfolio"", ""wpPostId"": 8917, ""slug"": ""project-3"", ""title"": ""Private Villa 2""}, {""type"": ""portfolio_embedded_media_url"", ""postType"": ""portfolio"", ""wpPostId"": 8917, ""slug"": ""project-3"", ""title"": ""Private Villa 2""}]",download only; do not delete or update references during import approval step
import_file_and_create_or_reuse_media_asset,https://coveinterior.com/wp-content/uploads/2022/07/IMG_0354.jpg,wordpress-migration/2022/07/IMG_0354.jpg,/media/wordpress-migration/2022/07/IMG_0354.jpg,IMG_0354.jpg,2022/07,,portfolio_embedded_media_url,8,8,"[{""type"": ""portfolio_embedded_media_url"", ""postType"": ""portfolio"", ""wpPostId"": 8917, ""slug"": ""project-3"", ""title"": ""Private Villa 2""}, {""type"": ""portfolio_embedded_media_url"", ""postType"": ""portfolio"", ""wpPostId"": 8917, ""slug"": ""project-3"", ""title"": ""Private Villa 2""}, {""type"": ""portfolio_embedded_media_url"", ""postType"": ""portfolio"", ""wpPostId"": 8917, ""slug"": ""project-3"", ""title"": ""Private Villa 2""}]",download only; do not delete or update references during import approval step
import_file_and_create_or_reuse_media_asset,https://coveinterior.com/wp-content/uploads/2022/07/IMG_0355.jpg,wordpress-migration/2022/07/IMG_0355.jpg,/media/wordpress-migration/2022/07/IMG_0355.jpg,IMG_0355.jpg,2022/07,,portfolio_embedded_media_url,8,8,"[{""type"": ""portfolio_embedded_media_url"", ""postType"": ""portfolio"", ""wpPostId"": 8917, ""slug"": ""project-3"", ""title"": ""Private Villa 2""}, {""type"": ""portfolio_embedded_media_url"", ""postType"": ""portfolio"", ""wpPostId"": 8917, ""slug"": ""project-3"", ""title"": ""Private Villa 2""}, {""type"": ""portfolio_embedded_media_url"", ""postType"": ""portfolio"", ""wpPostId"": 8917, ""slug"": ""project-3"", ""title"": ""Private Villa 2""}]",download only; do not delete or update references during import approval step
import_file_and_create_or_reuse_media_asset,https://coveinterior.com/wp-content/uploads/2022/07/IMG_0357.jpg,wordpress-migration/2022/07/IMG_0357.jpg,/media/wordpress-migration/2022/07/IMG_0357.jpg,IMG_0357.jpg,2022/07,,portfolio_embedded_media_url,8,8,"[{""type"": ""portfolio_embedded_media_url"", ""postType"": ""portfolio"", ""wpPostId"": 8917, ""slug"": ""project-3"", ""title"": ""Private Villa 2""}, {""type"": ""portfolio_embedded_media_url"", ""postType"": ""portfolio"", ""wpPostId"": 8917, ""slug"": ""project-3"", ""title"": ""Private Villa 2""}, {""type"": ""portfolio_embedded_media_url"", ""postType"": ""portfolio"", ""wpPostId"": 8917, ""slug"": ""project-3"", ""title"": ""Private Villa 2""}]",download only; do not delete or update references during import approval step
import_file_and_create_or_reuse_media_asset,https://coveinterior.com/wp-content/uploads/2022/07/IMG_0366.jpg,wordpress-migration/2022/07/IMG_0366.jpg,/media/wordpress-migration/2022/07/IMG_0366.jpg,IMG_0366.jpg,2022/07,,portfolio_embedded_media_url,8,8,"[{""type"": ""portfolio_embedded_media_url"", ""postType"": ""portfolio"", ""wpPostId"": 8917, ""slug"": ""project-3"", ""title"": ""Private Villa 2""}, {""type"": ""portfolio_embedded_media_url"", ""postType"": ""portfolio"", ""wpPostId"": 8917, ""slug"": ""project-3"", ""title"": ""Private Villa 2""}, {""type"": ""portfolio_embedded_media_url"", ""postType"": ""portfolio"", ""wpPostId"": 8917, ""slug"": ""project-3"", ""title"": ""Private Villa 2""}]",download only; do not delete or update references during import approval step
import_file_and_create_or_reuse_media_asset,https://coveinterior.com/wp-content/uploads/2022/07/IMG_0368.jpg,wordpress-migration/2022/07/IMG_0368.jpg,/media/wordpress-migration/2022/07/IMG_0368.jpg,IMG_0368.jpg,2022/07,,portfolio_embedded_media_url,8,8,"[{""type"": ""portfolio_embedded_media_url"", ""postType"": ""portfolio"", ""wpPostId"": 8917, ""slug"": ""project-3"", ""title"": ""Private Villa 2""}, {""type"": ""portfolio_embedded_media_url"", ""postType"": ""portfolio"", ""wpPostId"": 8917, ""slug"": ""project-3"", ""title"": ""Private Villa 2""}, {""type"": ""portfolio_embedded_media_url"", ""postType"": ""portfolio"", ""wpPostId"": 8917, ""slug"": ""project-3"", ""title"": ""Private Villa 2""}]",download only; do not delete or update references during import approval step
import_file_and_create_or_reuse_media_asset,https://coveinterior.com/wp-content/uploads/2022/07/IMG_0369.jpg,wordpress-migration/2022/07/IMG_0369.jpg,/media/wordpress-migration/2022/07/IMG_0369.jpg,IMG_0369.jpg,2022/07,,portfolio_embedded_media_url,8,8,"[{""type"": ""portfolio_embedded_media_url"", ""postType"": ""portfolio"", ""wpPostId"": 8917, ""slug"": ""project-3"", ""title"": ""Private Villa 2""}, {""type"": ""portfolio_embedded_media_url"", ""postType"": ""portfolio"", ""wpPostId"": 8917, ""slug"": ""project-3"", ""title"": ""Private Villa 2""}, {""type"": ""portfolio_embedded_media_url"", ""postType"": ""portfolio"", ""wpPostId"": 8917, ""slug"": ""project-3"", ""title"": ""Private Villa 2""}]",download only; do not delete or update references during import approval step
import_file_and_create_or_reuse_media_asset,https://coveinterior.com/wp-content/uploads/2022/07/IMG_0379.jpg,wordpress-migration/2022/07/IMG_0379.jpg,/media/wordpress-migration/2022/07/IMG_0379.jpg,IMG_0379.jpg,2022/07,,portfolio_embedded_media_url,8,8,"[{""type"": ""portfolio_embedded_media_url"", ""postType"": ""portfolio"", ""wpPostId"": 8917, ""slug"": ""project-3"", ""title"": ""Private Villa 2""}, {""type"": ""portfolio_embedded_media_url"", ""postType"": ""portfolio"", ""wpPostId"": 8917, ""slug"": ""project-3"", ""title"": ""Private Villa 2""}, {""type"": ""portfolio_embedded_media_url"", ""postType"": ""portfolio"", ""wpPostId"": 8917, ""slug"": ""project-3"", ""title"": ""Private Villa 2""}]",download only; do not delete or update references during import approval step
import_file_and_create_or_reuse_media_asset,https://coveinterior.com/wp-content/uploads/2022/07/IMG_0380.jpg,wordpress-migration/2022/07/IMG_0380.jpg,/media/wordpress-migration/2022/07/IMG_0380.jpg,IMG_0380.jpg,2022/07,,portfolio_embedded_media_url,7,7,"[{""type"": ""portfolio_embedded_media_url"", ""postType"": ""portfolio"", ""wpPostId"": 8917, ""slug"": ""project-3"", ""title"": ""Private Villa 2""}, {""type"": ""portfolio_embedded_media_url"", ""postType"": ""portfolio"", ""wpPostId"": 8917, ""slug"": ""project-3"", ""title"": ""Private Villa 2""}, {""type"": ""portfolio_embedded_media_url"", ""postType"": ""portfolio"", ""wpPostId"": 8917, ""slug"": ""project-3"", ""title"": ""Private Villa 2""}]",download only; do not delete or update references during import approval step
import_file_and_create_or_reuse_media_asset,https://coveinterior.com/wp-content/uploads/2022/07/IMG_0383.jpg,wordpress-migration/2022/07/IMG_0383.jpg,/media/wordpress-migration/2022/07/IMG_0383.jpg,IMG_0383.jpg,2022/07,,portfolio_embedded_media_url,8,8,"[{""type"": ""portfolio_embedded_media_url"", ""postType"": ""portfolio"", ""wpPostId"": 8917, ""slug"": ""project-3"", ""title"": ""Private Villa 2""}, {""type"": ""portfolio_embedded_media_url"", ""postType"": ""portfolio"", ""wpPostId"": 8917, ""slug"": ""project-3"", ""title"": ""Private Villa 2""}, {""type"": ""portfolio_embedded_media_url"", ""postType"": ""portfolio"", ""wpPostId"": 8917, ""slug"": ""project-3"", ""title"": ""Private Villa 2""}]",download only; do not delete or update references during import approval step
import_file_and_create_or_reuse_media_asset,https://coveinterior.com/wp-content/uploads/2022/07/IMG_0387.jpg,wordpress-migration/2022/07/IMG_0387.jpg,/media/wordpress-migration/2022/07/IMG_0387.jpg,IMG_0387.jpg,2022/07,,portfolio_embedded_media_url,7,7,"[{""type"": ""portfolio_embedded_media_url"", ""postType"": ""portfolio"", ""wpPostId"": 8917, ""slug"": ""project-3"", ""title"": ""Private Villa 2""}, {""type"": ""portfolio_embedded_media_url"", ""postType"": ""portfolio"", ""wpPostId"": 8917, ""slug"": ""project-3"", ""title"": ""Private Villa 2""}, {""type"": ""portfolio_embedded_media_url"", ""postType"": ""portfolio"", ""wpPostId"": 8917, ""slug"": ""project-3"", ""title"": ""Private Villa 2""}]",download only; do not delete or update references during import approval step
import_file_and_create_or_reuse_media_asset,https://coveinterior.com/wp-content/uploads/2022/07/IMG_0399.jpg,wordpress-migration/2022/07/IMG_0399.jpg,/media/wordpress-migration/2022/07/IMG_0399.jpg,IMG_0399.jpg,2022/07,,portfolio_embedded_media_url,7,7,"[{""type"": ""portfolio_embedded_media_url"", ""postType"": ""portfolio"", ""wpPostId"": 8917, ""slug"": ""project-3"", ""title"": ""Private Villa 2""}, {""type"": ""portfolio_embedded_media_url"", ""postType"": ""portfolio"", ""wpPostId"": 8917, ""slug"": ""project-3"", ""title"": ""Private Villa 2""}, {""type"": ""portfolio_embedded_media_url"", ""postType"": ""portfolio"", ""wpPostId"": 8917, ""slug"": ""project-3"", ""title"": ""Private Villa 2""}]",download only; do not delete or update references during import approval step
import_file_and_create_or_reuse_media_asset,https://coveinterior.com/wp-content/uploads/2022/07/Italy-Meeting.jpg,wordpress-migration/2022/07/Italy-Meeting.jpg,/media/wordpress-migration/2022/07/Italy-Meeting.jpg,Italy-Meeting.jpg,2022/07,9079,page_embedded_media_url|portfolio_featured_image,9,8,"[{""type"": ""page_embedded_media_url"", ""postType"": ""page"", ""wpPostId"": 9032, ""slug"": ""events"", ""title"": ""Events""}, {""type"": ""page_embedded_media_url"", ""postType"": ""page"", ""wpPostId"": 9032, ""slug"": ""events"", ""title"": ""Events""}, {""type"": ""page_embedded_media_url"", ""postType"": ""page"", ""wpPostId"": 9032, ""slug"": ""events"", ""title"": ""Events""}]",download only; do not delete or update references during import approval step
import_file_and_create_or_reuse_media_asset,https://coveinterior.com/wp-content/uploads/2022/07/main-1-1.jpg,wordpress-migration/2022/07/main-1-1.jpg,/media/wordpress-migration/2022/07/main-1-1.jpg,main-1-1.jpg,2022/07,9516,page_embedded_media_url|portfolio_featured_image,3,2,"[{""type"": ""page_embedded_media_url"", ""postType"": ""page"", ""wpPostId"": 7736, ""slug"": ""cp"", ""title"": ""Company portfolio""}, {""type"": ""page_embedded_media_url"", ""postType"": ""page"", ""wpPostId"": 7736, ""slug"": ""cp"", ""title"": ""Company portfolio""}, {""type"": ""portfolio_featured_image"", ""postType"": ""portfolio"", ""wpPostId"": 8917, ""slug"": ""project-3"", ""title"": ""Private Villa 2""}]",download only; do not delete or update references during import approval step
import_file_and_create_or_reuse_media_asset,https://coveinterior.com/wp-content/uploads/2022/07/main-1.jpg,wordpress-migration/2022/07/main-1.jpg,/media/wordpress-migration/2022/07/main-1.jpg,main-1.jpg,2022/07,,portfolio_embedded_media_url,8,8,"[{""type"": ""portfolio_embedded_media_url"", ""postType"": ""portfolio"", ""wpPostId"": 8917, ""slug"": ""project-3"", ""title"": ""Private Villa 2""}, {""type"": ""portfolio_embedded_media_url"", ""postType"": ""portfolio"", ""wpPostId"": 8917, ""slug"": ""project-3"", ""title"": ""Private Villa 2""}, {""type"": ""portfolio_embedded_media_url"", ""postType"": ""portfolio"", ""wpPostId"": 8917, ""slug"": ""project-3"", ""title"": ""Private Villa 2""}]",download only; do not delete or update references during import approval step
import_file_and_create_or_reuse_media_asset,https://coveinterior.com/wp-content/uploads/2022/07/main-2-1.jpg,wordpress-migration/2022/07/main-2-1.jpg,/media/wordpress-migration/2022/07/main-2-1.jpg,main-2-1.jpg,2022/07,8951,page_embedded_media_url|portfolio_featured_image,3,2,"[{""type"": ""page_embedded_media_url"", ""postType"": ""page"", ""wpPostId"": 7736, ""slug"": ""cp"", ""title"": ""Company portfolio""}, {""type"": ""page_embedded_media_url"", ""postType"": ""page"", ""wpPostId"": 7736, ""slug"": ""cp"", ""title"": ""Company portfolio""}, {""type"": ""portfolio_featured_image"", ""postType"": ""portfolio"", ""wpPostId"": 8780, ""slug"": ""project-1"", ""title"": ""Nuun""}]",download only; do not delete or update references during import approval step
import_file_and_create_or_reuse_media_asset,https://coveinterior.com/wp-content/uploads/2022/07/Special-Invitation-From-Hasan-Abul-Company-.jpg,wordpress-migration/2022/07/Special-Invitation-From-Hasan-Abul-Company-.jpg,/media/wordpress-migration/2022/07/Special-Invitation-From-Hasan-Abul-Company-.jpg,Special-Invitation-From-Hasan-Abul-Company-.jpg,2022/07,9093,page_embedded_media_url|portfolio_featured_image,9,8,"[{""type"": ""page_embedded_media_url"", ""postType"": ""page"", ""wpPostId"": 9032, ""slug"": ""events"", ""title"": ""Events""}, {""type"": ""page_embedded_media_url"", ""postType"": ""page"", ""wpPostId"": 9032, ""slug"": ""events"", ""title"": ""Events""}, {""type"": ""page_embedded_media_url"", ""postType"": ""page"", ""wpPostId"": 9032, ""slug"": ""events"", ""title"": ""Events""}]",download only; do not delete or update references during import approval step
import_file_and_create_or_reuse_media_asset,https://coveinterior.com/wp-content/uploads/2022/07/Visitors-1.jpg,wordpress-migration/2022/07/Visitors-1.jpg,/media/wordpress-migration/2022/07/Visitors-1.jpg,Visitors-1.jpg,2022/07,9525,page_embedded_media_url|portfolio_featured_image,9,8,"[{""type"": ""page_embedded_media_url"", ""postType"": ""page"", ""wpPostId"": 9032, ""slug"": ""events"", ""title"": ""Events""}, {""type"": ""page_embedded_media_url"", ""postType"": ""page"", ""wpPostId"": 9032, ""slug"": ""events"", ""title"": ""Events""}, {""type"": ""page_embedded_media_url"", ""postType"": ""page"", ""wpPostId"": 9032, ""slug"": ""events"", ""title"": ""Events""}]",download only; do not delete or update references during import approval step
import_file_and_create_or_reuse_media_asset,https://coveinterior.com/wp-content/uploads/2022/08/1.jpg,wordpress-migration/2022/08/1.jpg,/media/wordpress-migration/2022/08/1.jpg,1.jpg,2022/08,9637,variation_image,2,1,"[{""type"": ""variation_image"", ""wcProductId"": 12460, ""parentSku"": ""12460"", ""wcVariantId"": 12461, ""sku"": ""9635-1"", ""attributes"": [{""id"": 3, ""name"": ""Size"", ""slug"": ""pa_size"", ""option"": ""Width 60cm, Depth 55cm, Height 90cm""}]}, {""type"": ""variation_image"", ""wcProductId"": 8150, ""parentSku"": ""8150"", ""wcVariantId"": 9635, ""sku"": ""9635"", ""attributes"": [{""id"": 3, ""name"": ""Size"", ""slug"": ""pa_size"", ""option"": ""Width 60cm, Depth 55cm, Height 90cm""}]}]",download only; do not delete or update references during import approval step
import_file_and_create_or_reuse_media_asset,https://coveinterior.com/wp-content/uploads/2022/08/3.jpg,wordpress-migration/2022/08/3.jpg,/media/wordpress-migration/2022/08/3.jpg,3.jpg,2022/08,9641,category_image,1,1,"[{""type"": ""category_image"", ""wcCategoryId"": 33, ""name"": ""Mini Caf web"", ""slug"": ""mini-caf-web""}]",download only; do not delete or update references during import approval step
import_file_and_create_or_reuse_media_asset,https://coveinterior.com/wp-content/uploads/2022/08/address_icon_2.png,wordpress-migration/2022/08/address_icon_2.png,/media/wordpress-migration/2022/08/address_icon_2.png,address_icon_2.png,2022/08,,cms_block_embedded_media_url,1,1,"[{""type"": ""cms_block_embedded_media_url"", ""postType"": ""cms_block"", ""wpPostId"": 1108, ""slug"": ""footer-decor"", ""title"": ""Footer Decor""}]",download only; do not delete or update references during import approval step
import_file_and_create_or_reuse_media_asset,https://coveinterior.com/wp-content/uploads/2022/08/BG-1024&,wordpress-migration/2022/08/BG-1024&,/media/wordpress-migration/2022/08/BG-1024&,BG-1024&,2022/08,,page_embedded_media_url,4,3,"[{""type"": ""page_embedded_media_url"", ""postType"": ""page"", ""wpPostId"": 9842, ""slug"": ""thank-you"", ""title"": ""thank you""}, {""type"": ""page_embedded_media_url"", ""postType"": ""page"", ""wpPostId"": 9842, ""slug"": ""thank-you"", ""title"": ""thank you""}, {""type"": ""page_embedded_media_url"", ""postType"": ""page"", ""wpPostId"": 7041, ""slug"": ""coming-soon"", ""title"": ""coming soon""}]",download only; do not delete or update references during import approval step
import_file_and_create_or_reuse_media_asset,https://coveinterior.com/wp-content/uploads/2022/08/coffee-counter.jpg,wordpress-migration/2022/08/coffee-counter.jpg,/media/wordpress-migration/2022/08/coffee-counter.jpg,coffee-counter.jpg,2022/08,9478,category_image,1,1,"[{""type"": ""category_image"", ""wcCategoryId"": 248, ""name"": ""Coffee Tables web"", ""slug"": ""coffee-tables-web""}]",download only; do not delete or update references during import approval step
import_file_and_create_or_reuse_media_asset,https://coveinterior.com/wp-content/uploads/2022/08/email-icon-g.png,wordpress-migration/2022/08/email-icon-g.png,/media/wordpress-migration/2022/08/email-icon-g.png,email-icon-g.png,2022/08,,cms_block_embedded_media_url,1,1,"[{""type"": ""cms_block_embedded_media_url"", ""postType"": ""cms_block"", ""wpPostId"": 1108, ""slug"": ""footer-decor"", ""title"": ""Footer Decor""}]",download only; do not delete or update references during import approval step
import_file_and_create_or_reuse_media_asset,https://coveinterior.com/wp-content/uploads/2022/08/phone-icon-g.png,wordpress-migration/2022/08/phone-icon-g.png,/media/wordpress-migration/2022/08/phone-icon-g.png,phone-icon-g.png,2022/08,,cms_block_embedded_media_url,1,1,"[{""type"": ""cms_block_embedded_media_url"", ""postType"": ""cms_block"", ""wpPostId"": 1108, ""slug"": ""footer-decor"", ""title"": ""Footer Decor""}]",download only; do not delete or update references during import approval step
import_file_and_create_or_reuse_media_asset,https://coveinterior.com/wp-content/uploads/2022/10/1.jpeg,wordpress-migration/2022/10/1.jpeg,/media/wordpress-migration/2022/10/1.jpeg,1.jpeg,2022/10,10146,product_gallery_image,2,1,"[{""type"": ""product_gallery_image"", ""wcProductId"": 12450, ""sku"": ""12450"", ""productName"": ""DeCaf"", ""position"": 4}, {""type"": ""product_gallery_image"", ""wcProductId"": 10879, ""sku"": ""10879"", ""productName"": ""DeCaf"", ""position"": 4}]",download only; do not delete or update references during import approval step
import_file_and_create_or_reuse_media_asset,https://coveinterior.com/wp-content/uploads/2022/10/3.jpeg,wordpress-migration/2022/10/3.jpeg,/media/wordpress-migration/2022/10/3.jpeg,3.jpeg,2022/10,10148,product_gallery_image,2,1,"[{""type"": ""product_gallery_image"", ""wcProductId"": 12450, ""sku"": ""12450"", ""productName"": ""DeCaf"", ""position"": 3}, {""type"": ""product_gallery_image"", ""wcProductId"": 10879, ""sku"": ""10879"", ""productName"": ""DeCaf"", ""position"": 3}]",download only; do not delete or update references during import approval step
import_file_and_create_or_reuse_media_asset,https://coveinterior.com/wp-content/uploads/2022/10/4.jpeg,wordpress-migration/2022/10/4.jpeg,/media/wordpress-migration/2022/10/4.jpeg,4.jpeg,2022/10,10144,page_embedded_media_url|product_featured_image|variation_image,22,9,"[{""type"": ""product_featured_image"", ""wcProductId"": 12450, ""sku"": ""12450"", ""productName"": ""DeCaf"", ""position"": 0}, {""type"": ""variation_image"", ""wcProductId"": 12450, ""parentSku"": ""12450"", ""wcVariantId"": 12451, ""sku"": ""10880-1"", ""attributes"": [{""id"": 3, ""name"": ""Size"", ""slug"": ""pa_size"", ""option"": ""Width 60cm, Depth 55cm, Height 90cm""}]}, {""type"": ""product_featured_image"", ""wcProductId"": 10879, ""sku"": ""10879"", ""productName"": ""DeCaf"", ""position"": 0}]",download only; do not delete or update references during import approval step
import_file_and_create_or_reuse_media_asset,https://coveinterior.com/wp-content/uploads/2022/10/5.jpeg,wordpress-migration/2022/10/5.jpeg,/media/wordpress-migration/2022/10/5.jpeg,5.jpeg,2022/10,10150,product_gallery_image,2,1,"[{""type"": ""product_gallery_image"", ""wcProductId"": 12450, ""sku"": ""12450"", ""productName"": ""DeCaf"", ""position"": 1}, {""type"": ""product_gallery_image"", ""wcProductId"": 10879, ""sku"": ""10879"", ""productName"": ""DeCaf"", ""position"": 1}]",download only; do not delete or update references during import approval step
import_file_and_create_or_reuse_media_asset,https://coveinterior.com/wp-content/uploads/2022/10/Decaf.jpeg,wordpress-migration/2022/10/Decaf.jpeg,/media/wordpress-migration/2022/10/Decaf.jpeg,Decaf.jpeg,2022/10,10152,product_gallery_image,2,1,"[{""type"": ""product_gallery_image"", ""wcProductId"": 12450, ""sku"": ""12450"", ""productName"": ""DeCaf"", ""position"": 2}, {""type"": ""product_gallery_image"", ""wcProductId"": 10879, ""sku"": ""10879"", ""productName"": ""DeCaf"", ""position"": 2}]",download only; do not delete or update references during import approval step
import_file_and_create_or_reuse_media_asset,https://coveinterior.com/wp-content/uploads/2022/11/ASK4690-websize-1.jpg,wordpress-migration/2022/11/ASK4690-websize-1.jpg,/media/wordpress-migration/2022/11/ASK4690-websize-1.jpg,ASK4690-websize-1.jpg,2022/11,10421,page_embedded_media_url|portfolio_embedded_media_url|portfolio_featured_image,10,8,"[{""type"": ""page_embedded_media_url"", ""postType"": ""page"", ""wpPostId"": 7736, ""slug"": ""cp"", ""title"": ""Company portfolio""}, {""type"": ""page_embedded_media_url"", ""postType"": ""page"", ""wpPostId"": 7736, ""slug"": ""cp"", ""title"": ""Company portfolio""}, {""type"": ""portfolio_embedded_media_url"", ""postType"": ""portfolio"", ""wpPostId"": 10244, ""slug"": ""project-3-2"", ""title"": ""Private Villa 3""}]",download only; do not delete or update references during import approval step
import_file_and_create_or_reuse_media_asset,https://coveinterior.com/wp-content/uploads/2022/11/ASK4692-websize.jpg,wordpress-migration/2022/11/ASK4692-websize.jpg,/media/wordpress-migration/2022/11/ASK4692-websize.jpg,ASK4692-websize.jpg,2022/11,,portfolio_embedded_media_url,7,7,"[{""type"": ""portfolio_embedded_media_url"", ""postType"": ""portfolio"", ""wpPostId"": 10244, ""slug"": ""project-3-2"", ""title"": ""Private Villa 3""}, {""type"": ""portfolio_embedded_media_url"", ""postType"": ""portfolio"", ""wpPostId"": 10244, ""slug"": ""project-3-2"", ""title"": ""Private Villa 3""}, {""type"": ""portfolio_embedded_media_url"", ""postType"": ""portfolio"", ""wpPostId"": 10244, ""slug"": ""project-3-2"", ""title"": ""Private Villa 3""}]",download only; do not delete or update references during import approval step
import_file_and_create_or_reuse_media_asset,https://coveinterior.com/wp-content/uploads/2022/11/ASK4697-websize-1.jpg,wordpress-migration/2022/11/ASK4697-websize-1.jpg,/media/wordpress-migration/2022/11/ASK4697-websize-1.jpg,ASK4697-websize-1.jpg,2022/11,,portfolio_embedded_media_url,7,7,"[{""type"": ""portfolio_embedded_media_url"", ""postType"": ""portfolio"", ""wpPostId"": 10244, ""slug"": ""project-3-2"", ""title"": ""Private Villa 3""}, {""type"": ""portfolio_embedded_media_url"", ""postType"": ""portfolio"", ""wpPostId"": 10244, ""slug"": ""project-3-2"", ""title"": ""Private Villa 3""}, {""type"": ""portfolio_embedded_media_url"", ""postType"": ""portfolio"", ""wpPostId"": 10244, ""slug"": ""project-3-2"", ""title"": ""Private Villa 3""}]",download only; do not delete or update references during import approval step
import_file_and_create_or_reuse_media_asset,https://coveinterior.com/wp-content/uploads/2022/11/ASK4705-websize-1.jpg,wordpress-migration/2022/11/ASK4705-websize-1.jpg,/media/wordpress-migration/2022/11/ASK4705-websize-1.jpg,ASK4705-websize-1.jpg,2022/11,,portfolio_embedded_media_url,7,7,"[{""type"": ""portfolio_embedded_media_url"", ""postType"": ""portfolio"", ""wpPostId"": 10244, ""slug"": ""project-3-2"", ""title"": ""Private Villa 3""}, {""type"": ""portfolio_embedded_media_url"", ""postType"": ""portfolio"", ""wpPostId"": 10244, ""slug"": ""project-3-2"", ""title"": ""Private Villa 3""}, {""type"": ""portfolio_embedded_media_url"", ""postType"": ""portfolio"", ""wpPostId"": 10244, ""slug"": ""project-3-2"", ""title"": ""Private Villa 3""}]",download only; do not delete or update references during import approval step
import_file_and_create_or_reuse_media_asset,https://coveinterior.com/wp-content/uploads/2022/11/ASK4708-websize-1.jpg,wordpress-migration/2022/11/ASK4708-websize-1.jpg,/media/wordpress-migration/2022/11/ASK4708-websize-1.jpg,ASK4708-websize-1.jpg,2022/11,,portfolio_embedded_media_url,7,7,"[{""type"": ""portfolio_embedded_media_url"", ""postType"": ""portfolio"", ""wpPostId"": 10244, ""slug"": ""project-3-2"", ""title"": ""Private Villa 3""}, {""type"": ""portfolio_embedded_media_url"", ""postType"": ""portfolio"", ""wpPostId"": 10244, ""slug"": ""project-3-2"", ""title"": ""Private Villa 3""}, {""type"": ""portfolio_embedded_media_url"", ""postType"": ""portfolio"", ""wpPostId"": 10244, ""slug"": ""project-3-2"", ""title"": ""Private Villa 3""}]",download only; do not delete or update references during import approval step
import_file_and_create_or_reuse_media_asset,https://coveinterior.com/wp-content/uploads/2022/11/ASK4713-websize-1.jpg,wordpress-migration/2022/11/ASK4713-websize-1.jpg,/media/wordpress-migration/2022/11/ASK4713-websize-1.jpg,ASK4713-websize-1.jpg,2022/11,,portfolio_embedded_media_url,7,7,"[{""type"": ""portfolio_embedded_media_url"", ""postType"": ""portfolio"", ""wpPostId"": 10244, ""slug"": ""project-3-2"", ""title"": ""Private Villa 3""}, {""type"": ""portfolio_embedded_media_url"", ""postType"": ""portfolio"", ""wpPostId"": 10244, ""slug"": ""project-3-2"", ""title"": ""Private Villa 3""}, {""type"": ""portfolio_embedded_media_url"", ""postType"": ""portfolio"", ""wpPostId"": 10244, ""slug"": ""project-3-2"", ""title"": ""Private Villa 3""}]",download only; do not delete or update references during import approval step
import_file_and_create_or_reuse_media_asset,https://coveinterior.com/wp-content/uploads/2022/11/ASK4716-websize-1.jpg,wordpress-migration/2022/11/ASK4716-websize-1.jpg,/media/wordpress-migration/2022/11/ASK4716-websize-1.jpg,ASK4716-websize-1.jpg,2022/11,,portfolio_embedded_media_url,7,7,"[{""type"": ""portfolio_embedded_media_url"", ""postType"": ""portfolio"", ""wpPostId"": 10244, ""slug"": ""project-3-2"", ""title"": ""Private Villa 3""}, {""type"": ""portfolio_embedded_media_url"", ""postType"": ""portfolio"", ""wpPostId"": 10244, ""slug"": ""project-3-2"", ""title"": ""Private Villa 3""}, {""type"": ""portfolio_embedded_media_url"", ""postType"": ""portfolio"", ""wpPostId"": 10244, ""slug"": ""project-3-2"", ""title"": ""Private Villa 3""}]",download only; do not delete or update references during import approval step
import_file_and_create_or_reuse_media_asset,https://coveinterior.com/wp-content/uploads/2022/11/ASK4717-websize-1.jpg,wordpress-migration/2022/11/ASK4717-websize-1.jpg,/media/wordpress-migration/2022/11/ASK4717-websize-1.jpg,ASK4717-websize-1.jpg,2022/11,,portfolio_embedded_media_url,7,7,"[{""type"": ""portfolio_embedded_media_url"", ""postType"": ""portfolio"", ""wpPostId"": 10244, ""slug"": ""project-3-2"", ""title"": ""Private Villa 3""}, {""type"": ""portfolio_embedded_media_url"", ""postType"": ""portfolio"", ""wpPostId"": 10244, ""slug"": ""project-3-2"", ""title"": ""Private Villa 3""}, {""type"": ""portfolio_embedded_media_url"", ""postType"": ""portfolio"", ""wpPostId"": 10244, ""slug"": ""project-3-2"", ""title"": ""Private Villa 3""}]",download only; do not delete or update references during import approval step
import_file_and_create_or_reuse_media_asset,https://coveinterior.com/wp-content/uploads/2022/11/ASK4723-websize-1.jpg,wordpress-migration/2022/11/ASK4723-websize-1.jpg,/media/wordpress-migration/2022/11/ASK4723-websize-1.jpg,ASK4723-websize-1.jpg,2022/11,,portfolio_embedded_media_url,7,7,"[{""type"": ""portfolio_embedded_media_url"", ""postType"": ""portfolio"", ""wpPostId"": 10244, ""slug"": ""project-3-2"", ""title"": ""Private Villa 3""}, {""type"": ""portfolio_embedded_media_url"", ""postType"": ""portfolio"", ""wpPostId"": 10244, ""slug"": ""project-3-2"", ""title"": ""Private Villa 3""}, {""type"": ""portfolio_embedded_media_url"", ""postType"": ""portfolio"", ""wpPostId"": 10244, ""slug"": ""project-3-2"", ""title"": ""Private Villa 3""}]",download only; do not delete or update references during import approval step
import_file_and_create_or_reuse_media_asset,https://coveinterior.com/wp-content/uploads/2022/11/ASK4726-websize-1.jpg,wordpress-migration/2022/11/ASK4726-websize-1.jpg,/media/wordpress-migration/2022/11/ASK4726-websize-1.jpg,ASK4726-websize-1.jpg,2022/11,,portfolio_embedded_media_url,7,7,"[{""type"": ""portfolio_embedded_media_url"", ""postType"": ""portfolio"", ""wpPostId"": 10244, ""slug"": ""project-3-2"", ""title"": ""Private Villa 3""}, {""type"": ""portfolio_embedded_media_url"", ""postType"": ""portfolio"", ""wpPostId"": 10244, ""slug"": ""project-3-2"", ""title"": ""Private Villa 3""}, {""type"": ""portfolio_embedded_media_url"", ""postType"": ""portfolio"", ""wpPostId"": 10244, ""slug"": ""project-3-2"", ""title"": ""Private Villa 3""}]",download only; do not delete or update references during import approval step
import_file_and_create_or_reuse_media_asset,https://coveinterior.com/wp-content/uploads/2022/11/ASK4734-websize-1.jpg,wordpress-migration/2022/11/ASK4734-websize-1.jpg,/media/wordpress-migration/2022/11/ASK4734-websize-1.jpg,ASK4734-websize-1.jpg,2022/11,,portfolio_embedded_media_url,7,7,"[{""type"": ""portfolio_embedded_media_url"", ""postType"": ""portfolio"", ""wpPostId"": 10244, ""slug"": ""project-3-2"", ""title"": ""Private Villa 3""}, {""type"": ""portfolio_embedded_media_url"", ""postType"": ""portfolio"", ""wpPostId"": 10244, ""slug"": ""project-3-2"", ""title"": ""Private Villa 3""}, {""type"": ""portfolio_embedded_media_url"", ""postType"": ""portfolio"", ""wpPostId"": 10244, ""slug"": ""project-3-2"", ""title"": ""Private Villa 3""}]",download only; do not delete or update references during import approval step
import_file_and_create_or_reuse_media_asset,https://coveinterior.com/wp-content/uploads/2022/11/ASK4744-websize-1.jpg,wordpress-migration/2022/11/ASK4744-websize-1.jpg,/media/wordpress-migration/2022/11/ASK4744-websize-1.jpg,ASK4744-websize-1.jpg,2022/11,,portfolio_embedded_media_url,8,8,"[{""type"": ""portfolio_embedded_media_url"", ""postType"": ""portfolio"", ""wpPostId"": 10244, ""slug"": ""project-3-2"", ""title"": ""Private Villa 3""}, {""type"": ""portfolio_embedded_media_url"", ""postType"": ""portfolio"", ""wpPostId"": 10244, ""slug"": ""project-3-2"", ""title"": ""Private Villa 3""}, {""type"": ""portfolio_embedded_media_url"", ""postType"": ""portfolio"", ""wpPostId"": 10244, ""slug"": ""project-3-2"", ""title"": ""Private Villa 3""}]",download only; do not delete or update references during import approval step
import_file_and_create_or_reuse_media_asset,https://coveinterior.com/wp-content/uploads/2022/11/ASK4745-websize-1.jpg,wordpress-migration/2022/11/ASK4745-websize-1.jpg,/media/wordpress-migration/2022/11/ASK4745-websize-1.jpg,ASK4745-websize-1.jpg,2022/11,,portfolio_embedded_media_url,8,8,"[{""type"": ""portfolio_embedded_media_url"", ""postType"": ""portfolio"", ""wpPostId"": 10244, ""slug"": ""project-3-2"", ""title"": ""Private Villa 3""}, {""type"": ""portfolio_embedded_media_url"", ""postType"": ""portfolio"", ""wpPostId"": 10244, ""slug"": ""project-3-2"", ""title"": ""Private Villa 3""}, {""type"": ""portfolio_embedded_media_url"", ""postType"": ""portfolio"", ""wpPostId"": 10244, ""slug"": ""project-3-2"", ""title"": ""Private Villa 3""}]",download only; do not delete or update references during import approval step
import_file_and_create_or_reuse_media_asset,https://coveinterior.com/wp-content/uploads/2022/11/ASK4749-websize-1.jpg,wordpress-migration/2022/11/ASK4749-websize-1.jpg,/media/wordpress-migration/2022/11/ASK4749-websize-1.jpg,ASK4749-websize-1.jpg,2022/11,,portfolio_embedded_media_url,8,8,"[{""type"": ""portfolio_embedded_media_url"", ""postType"": ""portfolio"", ""wpPostId"": 10244, ""slug"": ""project-3-2"", ""title"": ""Private Villa 3""}, {""type"": ""portfolio_embedded_media_url"", ""postType"": ""portfolio"", ""wpPostId"": 10244, ""slug"": ""project-3-2"", ""title"": ""Private Villa 3""}, {""type"": ""portfolio_embedded_media_url"", ""postType"": ""portfolio"", ""wpPostId"": 10244, ""slug"": ""project-3-2"", ""title"": ""Private Villa 3""}]",download only; do not delete or update references during import approval step
import_file_and_create_or_reuse_media_asset,https://coveinterior.com/wp-content/uploads/2022/11/ASK4751-websize-1.jpg,wordpress-migration/2022/11/ASK4751-websize-1.jpg,/media/wordpress-migration/2022/11/ASK4751-websize-1.jpg,ASK4751-websize-1.jpg,2022/11,,portfolio_embedded_media_url,8,8,"[{""type"": ""portfolio_embedded_media_url"", ""postType"": ""portfolio"", ""wpPostId"": 10244, ""slug"": ""project-3-2"", ""title"": ""Private Villa 3""}, {""type"": ""portfolio_embedded_media_url"", ""postType"": ""portfolio"", ""wpPostId"": 10244, ""slug"": ""project-3-2"", ""title"": ""Private Villa 3""}, {""type"": ""portfolio_embedded_media_url"", ""postType"": ""portfolio"", ""wpPostId"": 10244, ""slug"": ""project-3-2"", ""title"": ""Private Villa 3""}]",download only; do not delete or update references during import approval step
import_file_and_create_or_reuse_media_asset,https://coveinterior.com/wp-content/uploads/2022/11/ASK4753-websize-1.jpg,wordpress-migration/2022/11/ASK4753-websize-1.jpg,/media/wordpress-migration/2022/11/ASK4753-websize-1.jpg,ASK4753-websize-1.jpg,2022/11,,portfolio_embedded_media_url,8,8,"[{""type"": ""portfolio_embedded_media_url"", ""postType"": ""portfolio"", ""wpPostId"": 10244, ""slug"": ""project-3-2"", ""title"": ""Private Villa 3""}, {""type"": ""portfolio_embedded_media_url"", ""postType"": ""portfolio"", ""wpPostId"": 10244, ""slug"": ""project-3-2"", ""title"": ""Private Villa 3""}, {""type"": ""portfolio_embedded_media_url"", ""postType"": ""portfolio"", ""wpPostId"": 10244, ""slug"": ""project-3-2"", ""title"": ""Private Villa 3""}]",download only; do not delete or update references during import approval step
import_file_and_create_or_reuse_media_asset,https://coveinterior.com/wp-content/uploads/2022/11/ASK4754-websize-1.jpg,wordpress-migration/2022/11/ASK4754-websize-1.jpg,/media/wordpress-migration/2022/11/ASK4754-websize-1.jpg,ASK4754-websize-1.jpg,2022/11,,portfolio_embedded_media_url,8,8,"[{""type"": ""portfolio_embedded_media_url"", ""postType"": ""portfolio"", ""wpPostId"": 10244, ""slug"": ""project-3-2"", ""title"": ""Private Villa 3""}, {""type"": ""portfolio_embedded_media_url"", ""postType"": ""portfolio"", ""wpPostId"": 10244, ""slug"": ""project-3-2"", ""title"": ""Private Villa 3""}, {""type"": ""portfolio_embedded_media_url"", ""postType"": ""portfolio"", ""wpPostId"": 10244, ""slug"": ""project-3-2"", ""title"": ""Private Villa 3""}]",download only; do not delete or update references during import approval step
import_file_and_create_or_reuse_media_asset,https://coveinterior.com/wp-content/uploads/2022/11/ASK4758-websize-1.jpg,wordpress-migration/2022/11/ASK4758-websize-1.jpg,/media/wordpress-migration/2022/11/ASK4758-websize-1.jpg,ASK4758-websize-1.jpg,2022/11,,portfolio_embedded_media_url,8,8,"[{""type"": ""portfolio_embedded_media_url"", ""postType"": ""portfolio"", ""wpPostId"": 10244, ""slug"": ""project-3-2"", ""title"": ""Private Villa 3""}, {""type"": ""portfolio_embedded_media_url"", ""postType"": ""portfolio"", ""wpPostId"": 10244, ""slug"": ""project-3-2"", ""title"": ""Private Villa 3""}, {""type"": ""portfolio_embedded_media_url"", ""postType"": ""portfolio"", ""wpPostId"": 10244, ""slug"": ""project-3-2"", ""title"": ""Private Villa 3""}]",download only; do not delete or update references during import approval step
import_file_and_create_or_reuse_media_asset,https://coveinterior.com/wp-content/uploads/2022/11/ASK4759-websize-1.jpg,wordpress-migration/2022/11/ASK4759-websize-1.jpg,/media/wordpress-migration/2022/11/ASK4759-websize-1.jpg,ASK4759-websize-1.jpg,2022/11,,portfolio_embedded_media_url,8,8,"[{""type"": ""portfolio_embedded_media_url"", ""postType"": ""portfolio"", ""wpPostId"": 10244, ""slug"": ""project-3-2"", ""title"": ""Private Villa 3""}, {""type"": ""portfolio_embedded_media_url"", ""postType"": ""portfolio"", ""wpPostId"": 10244, ""slug"": ""project-3-2"", ""title"": ""Private Villa 3""}, {""type"": ""portfolio_embedded_media_url"", ""postType"": ""portfolio"", ""wpPostId"": 10244, ""slug"": ""project-3-2"", ""title"": ""Private Villa 3""}]",download only; do not delete or update references during import approval step
import_file_and_create_or_reuse_media_asset,https://coveinterior.com/wp-content/uploads/2022/11/ASK4762-websize-1.jpg,wordpress-migration/2022/11/ASK4762-websize-1.jpg,/media/wordpress-migration/2022/11/ASK4762-websize-1.jpg,ASK4762-websize-1.jpg,2022/11,,portfolio_embedded_media_url,8,8,"[{""type"": ""portfolio_embedded_media_url"", ""postType"": ""portfolio"", ""wpPostId"": 10244, ""slug"": ""project-3-2"", ""title"": ""Private Villa 3""}, {""type"": ""portfolio_embedded_media_url"", ""postType"": ""portfolio"", ""wpPostId"": 10244, ""slug"": ""project-3-2"", ""title"": ""Private Villa 3""}, {""type"": ""portfolio_embedded_media_url"", ""postType"": ""portfolio"", ""wpPostId"": 10244, ""slug"": ""project-3-2"", ""title"": ""Private Villa 3""}]",download only; do not delete or update references during import approval step
import_file_and_create_or_reuse_media_asset,https://coveinterior.com/wp-content/uploads/2022/11/ASK4764-websize-1.jpg,wordpress-migration/2022/11/ASK4764-websize-1.jpg,/media/wordpress-migration/2022/11/ASK4764-websize-1.jpg,ASK4764-websize-1.jpg,2022/11,,portfolio_embedded_media_url,8,8,"[{""type"": ""portfolio_embedded_media_url"", ""postType"": ""portfolio"", ""wpPostId"": 10244, ""slug"": ""project-3-2"", ""title"": ""Private Villa 3""}, {""type"": ""portfolio_embedded_media_url"", ""postType"": ""portfolio"", ""wpPostId"": 10244, ""slug"": ""project-3-2"", ""title"": ""Private Villa 3""}, {""type"": ""portfolio_embedded_media_url"", ""postType"": ""portfolio"", ""wpPostId"": 10244, ""slug"": ""project-3-2"", ""title"": ""Private Villa 3""}]",download only; do not delete or update references during import approval step
import_file_and_create_or_reuse_media_asset,https://coveinterior.com/wp-content/uploads/2022/11/ASK4767-websize-1.jpg,wordpress-migration/2022/11/ASK4767-websize-1.jpg,/media/wordpress-migration/2022/11/ASK4767-websize-1.jpg,ASK4767-websize-1.jpg,2022/11,,portfolio_embedded_media_url,8,8,"[{""type"": ""portfolio_embedded_media_url"", ""postType"": ""portfolio"", ""wpPostId"": 10244, ""slug"": ""project-3-2"", ""title"": ""Private Villa 3""}, {""type"": ""portfolio_embedded_media_url"", ""postType"": ""portfolio"", ""wpPostId"": 10244, ""slug"": ""project-3-2"", ""title"": ""Private Villa 3""}, {""type"": ""portfolio_embedded_media_url"", ""postType"": ""portfolio"", ""wpPostId"": 10244, ""slug"": ""project-3-2"", ""title"": ""Private Villa 3""}]",download only; do not delete or update references during import approval step
import_file_and_create_or_reuse_media_asset,https://coveinterior.com/wp-content/uploads/2022/11/ASK4771-websize-1.jpg,wordpress-migration/2022/11/ASK4771-websize-1.jpg,/media/wordpress-migration/2022/11/ASK4771-websize-1.jpg,ASK4771-websize-1.jpg,2022/11,,portfolio_embedded_media_url,8,8,"[{""type"": ""portfolio_embedded_media_url"", ""postType"": ""portfolio"", ""wpPostId"": 10244, ""slug"": ""project-3-2"", ""title"": ""Private Villa 3""}, {""type"": ""portfolio_embedded_media_url"", ""postType"": ""portfolio"", ""wpPostId"": 10244, ""slug"": ""project-3-2"", ""title"": ""Private Villa 3""}, {""type"": ""portfolio_embedded_media_url"", ""postType"": ""portfolio"", ""wpPostId"": 10244, ""slug"": ""project-3-2"", ""title"": ""Private Villa 3""}]",download only; do not delete or update references during import approval step
import_file_and_create_or_reuse_media_asset,https://coveinterior.com/wp-content/uploads/2023/01/Roshina-1-beige-1.jpg,wordpress-migration/2023/01/Roshina-1-beige-1.jpg,/media/wordpress-migration/2023/01/Roshina-1-beige-1.jpg,Roshina-1-beige-1.jpg,2023/01,10908,category_image|page_embedded_media_url|product_featured_image|variation_image,26,8,"[{""type"": ""category_image"", ""wcCategoryId"": 349, ""name"": ""Roshina 1 web"", ""slug"": ""roshina-1-web""}, {""type"": ""product_featured_image"", ""wcProductId"": 14226, ""sku"": ""12533"", ""productName"": ""Roshina 1 Beige event"", ""position"": 0}, {""type"": ""variation_image"", ""wcProductId"": 14226, ""parentSku"": ""12533"", ""wcVariantId"": 14228, ""sku"": ""12533"", ""attributes"": [{""id"": 8, ""name"": ""Select box set"", ""slug"": ""pa_select-box-set"", ""option"": ""Full set""}]}]",download only; do not delete or update references during import approval step
import_file_and_create_or_reuse_media_asset,https://coveinterior.com/wp-content/uploads/2023/01/Roshina-1-beige-2.jpg,wordpress-migration/2023/01/Roshina-1-beige-2.jpg,/media/wordpress-migration/2023/01/Roshina-1-beige-2.jpg,Roshina-1-beige-2.jpg,2023/01,10910,product_gallery_image,1,1,"[{""type"": ""product_gallery_image"", ""wcProductId"": 11948, ""sku"": ""112233"", ""productName"": ""Roshina 1 Beige"", ""position"": 1}]",download only; do not delete or update references during import approval step
import_file_and_create_or_reuse_media_asset,https://coveinterior.com/wp-content/uploads/2023/01/Roshina-1-beige-3.jpg,wordpress-migration/2023/01/Roshina-1-beige-3.jpg,/media/wordpress-migration/2023/01/Roshina-1-beige-3.jpg,Roshina-1-beige-3.jpg,2023/01,10912,product_gallery_image,1,1,"[{""type"": ""product_gallery_image"", ""wcProductId"": 11948, ""sku"": ""112233"", ""productName"": ""Roshina 1 Beige"", ""position"": 4}]",download only; do not delete or update references during import approval step
import_file_and_create_or_reuse_media_asset,https://coveinterior.com/wp-content/uploads/2023/01/Roshina-1-beige-4.jpg,wordpress-migration/2023/01/Roshina-1-beige-4.jpg,/media/wordpress-migration/2023/01/Roshina-1-beige-4.jpg,Roshina-1-beige-4.jpg,2023/01,10914,product_gallery_image,1,1,"[{""type"": ""product_gallery_image"", ""wcProductId"": 11948, ""sku"": ""112233"", ""productName"": ""Roshina 1 Beige"", ""position"": 3}]",download only; do not delete or update references during import approval step
import_file_and_create_or_reuse_media_asset,https://coveinterior.com/wp-content/uploads/2023/01/Roshina-1-beige-5.jpg,wordpress-migration/2023/01/Roshina-1-beige-5.jpg,/media/wordpress-migration/2023/01/Roshina-1-beige-5.jpg,Roshina-1-beige-5.jpg,2023/01,10916,product_gallery_image,1,1,"[{""type"": ""product_gallery_image"", ""wcProductId"": 11948, ""sku"": ""112233"", ""productName"": ""Roshina 1 Beige"", ""position"": 2}]",download only; do not delete or update references during import approval step
import_file_and_create_or_reuse_media_asset,https://coveinterior.com/wp-content/uploads/2023/01/Roshina-1-black-1.jpg,wordpress-migration/2023/01/Roshina-1-black-1.jpg,/media/wordpress-migration/2023/01/Roshina-1-black-1.jpg,Roshina-1-black-1.jpg,2023/01,10918,page_embedded_media_url|product_featured_image|variation_image,25,8,"[{""type"": ""product_featured_image"", ""wcProductId"": 14218, ""sku"": ""12532"", ""productName"": ""Roshina 1 Black event"", ""position"": 0}, {""type"": ""variation_image"", ""wcProductId"": 14218, ""parentSku"": ""12532"", ""wcVariantId"": 14220, ""sku"": ""12532"", ""attributes"": [{""id"": 8, ""name"": ""Select box set"", ""slug"": ""pa_select-box-set"", ""option"": ""Full set""}]}, {""type"": ""variation_image"", ""wcProductId"": 14218, ""parentSku"": ""12532"", ""wcVariantId"": 14219, ""sku"": ""12532"", ""attributes"": [{""id"": 8, ""name"": ""Select box set"", ""slug"": ""pa_select-box-set"", ""option"": ""Basic set""}]}]",download only; do not delete or update references during import approval step
import_file_and_create_or_reuse_media_asset,https://coveinterior.com/wp-content/uploads/2023/01/Roshina-1-black-2.jpg,wordpress-migration/2023/01/Roshina-1-black-2.jpg,/media/wordpress-migration/2023/01/Roshina-1-black-2.jpg,Roshina-1-black-2.jpg,2023/01,10920,product_gallery_image,1,1,"[{""type"": ""product_gallery_image"", ""wcProductId"": 12610, ""sku"": ""12610"", ""productName"": ""Roshina 1 Black"", ""position"": 1}]",download only; do not delete or update references during import approval step
import_file_and_create_or_reuse_media_asset,https://coveinterior.com/wp-content/uploads/2023/01/Roshina-1-black-3.jpg,wordpress-migration/2023/01/Roshina-1-black-3.jpg,/media/wordpress-migration/2023/01/Roshina-1-black-3.jpg,Roshina-1-black-3.jpg,2023/01,10922,product_gallery_image,1,1,"[{""type"": ""product_gallery_image"", ""wcProductId"": 12610, ""sku"": ""12610"", ""productName"": ""Roshina 1 Black"", ""position"": 4}]",download only; do not delete or update references during import approval step
import_file_and_create_or_reuse_media_asset,https://coveinterior.com/wp-content/uploads/2023/01/Roshina-1-black-4.jpg,wordpress-migration/2023/01/Roshina-1-black-4.jpg,/media/wordpress-migration/2023/01/Roshina-1-black-4.jpg,Roshina-1-black-4.jpg,2023/01,10924,product_gallery_image,1,1,"[{""type"": ""product_gallery_image"", ""wcProductId"": 12610, ""sku"": ""12610"", ""productName"": ""Roshina 1 Black"", ""position"": 3}]",download only; do not delete or update references during import approval step
import_file_and_create_or_reuse_media_asset,https://coveinterior.com/wp-content/uploads/2023/01/Roshina-1-black-5.jpg,wordpress-migration/2023/01/Roshina-1-black-5.jpg,/media/wordpress-migration/2023/01/Roshina-1-black-5.jpg,Roshina-1-black-5.jpg,2023/01,10926,product_gallery_image,1,1,"[{""type"": ""product_gallery_image"", ""wcProductId"": 12610, ""sku"": ""12610"", ""productName"": ""Roshina 1 Black"", ""position"": 2}]",download only; do not delete or update references during import approval step
import_file_and_create_or_reuse_media_asset,https://coveinterior.com/wp-content/uploads/2023/01/Roshina-1-Details.jpg,wordpress-migration/2023/01/Roshina-1-Details.jpg,/media/wordpress-migration/2023/01/Roshina-1-Details.jpg,Roshina-1-Details.jpg,2023/01,10928,product_gallery_image,3,1,"[{""type"": ""product_gallery_image"", ""wcProductId"": 12610, ""sku"": ""12610"", ""productName"": ""Roshina 1 Black"", ""position"": 5}, {""type"": ""product_gallery_image"", ""wcProductId"": 12040, ""sku"": ""112239"", ""productName"": ""Roshina 1 Petrol"", ""position"": 5}, {""type"": ""product_gallery_image"", ""wcProductId"": 11948, ""sku"": ""112233"", ""productName"": ""Roshina 1 Beige"", ""position"": 5}]",download only; do not delete or update references during import approval step
import_file_and_create_or_reuse_media_asset,https://coveinterior.com/wp-content/uploads/2023/01/Roshina-1-petrol-1.jpg,wordpress-migration/2023/01/Roshina-1-petrol-1.jpg,/media/wordpress-migration/2023/01/Roshina-1-petrol-1.jpg,Roshina-1-petrol-1.jpg,2023/01,10940,page_embedded_media_url|product_featured_image|variation_image,25,8,"[{""type"": ""product_featured_image"", ""wcProductId"": 14210, ""sku"": ""112242"", ""productName"": ""Roshina 1 Petrol event"", ""position"": 0}, {""type"": ""variation_image"", ""wcProductId"": 14210, ""parentSku"": ""112242"", ""wcVariantId"": 14212, ""sku"": ""112242"", ""attributes"": [{""id"": 8, ""name"": ""Select box set"", ""slug"": ""pa_select-box-set"", ""option"": ""Full set""}]}, {""type"": ""variation_image"", ""wcProductId"": 14210, ""parentSku"": ""112242"", ""wcVariantId"": 14211, ""sku"": ""112242"", ""attributes"": [{""id"": 8, ""name"": ""Select box set"", ""slug"": ""pa_select-box-set"", ""option"": ""Basic set""}]}]",download only; do not delete or update references during import approval step
import_file_and_create_or_reuse_media_asset,https://coveinterior.com/wp-content/uploads/2023/01/Roshina-1-petrol-2.jpg,wordpress-migration/2023/01/Roshina-1-petrol-2.jpg,/media/wordpress-migration/2023/01/Roshina-1-petrol-2.jpg,Roshina-1-petrol-2.jpg,2023/01,10942,product_gallery_image,1,1,"[{""type"": ""product_gallery_image"", ""wcProductId"": 12040, ""sku"": ""112239"", ""productName"": ""Roshina 1 Petrol"", ""position"": 4}]",download only; do not delete or update references during import approval step
import_file_and_create_or_reuse_media_asset,https://coveinterior.com/wp-content/uploads/2023/01/Roshina-1-petrol-3.jpg,wordpress-migration/2023/01/Roshina-1-petrol-3.jpg,/media/wordpress-migration/2023/01/Roshina-1-petrol-3.jpg,Roshina-1-petrol-3.jpg,2023/01,10944,product_gallery_image,1,1,"[{""type"": ""product_gallery_image"", ""wcProductId"": 12040, ""sku"": ""112239"", ""productName"": ""Roshina 1 Petrol"", ""position"": 3}]",download only; do not delete or update references during import approval step
import_file_and_create_or_reuse_media_asset,https://coveinterior.com/wp-content/uploads/2023/01/Roshina-1-petrol-4.jpg,wordpress-migration/2023/01/Roshina-1-petrol-4.jpg,/media/wordpress-migration/2023/01/Roshina-1-petrol-4.jpg,Roshina-1-petrol-4.jpg,2023/01,10946,product_gallery_image,1,1,"[{""type"": ""product_gallery_image"", ""wcProductId"": 12040, ""sku"": ""112239"", ""productName"": ""Roshina 1 Petrol"", ""position"": 2}]",download only; do not delete or update references during import approval step
import_file_and_create_or_reuse_media_asset,https://coveinterior.com/wp-content/uploads/2023/01/Roshina-1-petrol-5.jpg,wordpress-migration/2023/01/Roshina-1-petrol-5.jpg,/media/wordpress-migration/2023/01/Roshina-1-petrol-5.jpg,Roshina-1-petrol-5.jpg,2023/01,10948,product_gallery_image,1,1,"[{""type"": ""product_gallery_image"", ""wcProductId"": 12040, ""sku"": ""112239"", ""productName"": ""Roshina 1 Petrol"", ""position"": 1}]",download only; do not delete or update references during import approval step
import_file_and_create_or_reuse_media_asset,https://coveinterior.com/wp-content/uploads/2023/01/Roshina-2-cementgreen-1.jpg,wordpress-migration/2023/01/Roshina-2-cementgreen-1.jpg,/media/wordpress-migration/2023/01/Roshina-2-cementgreen-1.jpg,Roshina-2-cementgreen-1.jpg,2023/01,10976,page_embedded_media_url|product_featured_image|variation_image,25,8,"[{""type"": ""product_featured_image"", ""wcProductId"": 14505, ""sku"": ""112275"", ""productName"": ""Roshina 2 Cement green event"", ""position"": 0}, {""type"": ""variation_image"", ""wcProductId"": 14505, ""parentSku"": ""112275"", ""wcVariantId"": 14507, ""sku"": ""112275"", ""attributes"": [{""id"": 8, ""name"": ""Select box set"", ""slug"": ""pa_select-box-set"", ""option"": ""Full set""}]}, {""type"": ""variation_image"", ""wcProductId"": 14505, ""parentSku"": ""112275"", ""wcVariantId"": 14506, ""sku"": ""112275"", ""attributes"": [{""id"": 8, ""name"": ""Select box set"", ""slug"": ""pa_select-box-set"", ""option"": ""Basic set""}]}]",download only; do not delete or update references during import approval step
import_file_and_create_or_reuse_media_asset,https://coveinterior.com/wp-content/uploads/2023/01/Roshina-2-cementgreen-2.jpg,wordpress-migration/2023/01/Roshina-2-cementgreen-2.jpg,/media/wordpress-migration/2023/01/Roshina-2-cementgreen-2.jpg,Roshina-2-cementgreen-2.jpg,2023/01,10978,product_gallery_image,3,1,"[{""type"": ""product_gallery_image"", ""wcProductId"": 14505, ""sku"": ""112275"", ""productName"": ""Roshina 2 Cement green event"", ""position"": 3}, {""type"": ""product_gallery_image"", ""wcProductId"": 12165, ""sku"": ""112261"", ""productName"": ""Roshina 2 Cement Green store"", ""position"": 5}, {""type"": ""product_gallery_image"", ""wcProductId"": 12157, ""sku"": ""112255"", ""productName"": ""Roshina 2 Cement green"", ""position"": 3}]",download only; do not delete or update references during import approval step
import_file_and_create_or_reuse_media_asset,https://coveinterior.com/wp-content/uploads/2023/01/Roshina-2-cementgreen-3.jpg,wordpress-migration/2023/01/Roshina-2-cementgreen-3.jpg,/media/wordpress-migration/2023/01/Roshina-2-cementgreen-3.jpg,Roshina-2-cementgreen-3.jpg,2023/01,10980,product_gallery_image,3,1,"[{""type"": ""product_gallery_image"", ""wcProductId"": 14505, ""sku"": ""112275"", ""productName"": ""Roshina 2 Cement green event"", ""position"": 2}, {""type"": ""product_gallery_image"", ""wcProductId"": 12165, ""sku"": ""112261"", ""productName"": ""Roshina 2 Cement Green store"", ""position"": 4}, {""type"": ""product_gallery_image"", ""wcProductId"": 12157, ""sku"": ""112255"", ""productName"": ""Roshina 2 Cement green"", ""position"": 2}]",download only; do not delete or update references during import approval step
import_file_and_create_or_reuse_media_asset,https://coveinterior.com/wp-content/uploads/2023/01/Roshina-2-cementgreen-4.jpeg,wordpress-migration/2023/01/Roshina-2-cementgreen-4.jpeg,/media/wordpress-migration/2023/01/Roshina-2-cementgreen-4.jpeg,Roshina-2-cementgreen-4.jpeg,2023/01,11153,product_gallery_image,3,1,"[{""type"": ""product_gallery_image"", ""wcProductId"": 14505, ""sku"": ""112275"", ""productName"": ""Roshina 2 Cement green event"", ""position"": 1}, {""type"": ""product_gallery_image"", ""wcProductId"": 12165, ""sku"": ""112261"", ""productName"": ""Roshina 2 Cement Green store"", ""position"": 1}, {""type"": ""product_gallery_image"", ""wcProductId"": 12157, ""sku"": ""112255"", ""productName"": ""Roshina 2 Cement green"", ""position"": 1}]",download only; do not delete or update references during import approval step
import_file_and_create_or_reuse_media_asset,https://coveinterior.com/wp-content/uploads/2023/01/Roshina-2-cementgreen-4.jpg,wordpress-migration/2023/01/Roshina-2-cementgreen-4.jpg,/media/wordpress-migration/2023/01/Roshina-2-cementgreen-4.jpg,Roshina-2-cementgreen-4.jpg,2023/01,10982,product_gallery_image,1,1,"[{""type"": ""product_gallery_image"", ""wcProductId"": 12165, ""sku"": ""112261"", ""productName"": ""Roshina 2 Cement Green store"", ""position"": 3}]",download only; do not delete or update references during import approval step
import_file_and_create_or_reuse_media_asset,https://coveinterior.com/wp-content/uploads/2023/01/Roshina-2-cementgreen-5.jpg,wordpress-migration/2023/01/Roshina-2-cementgreen-5.jpg,/media/wordpress-migration/2023/01/Roshina-2-cementgreen-5.jpg,Roshina-2-cementgreen-5.jpg,2023/01,10984,product_gallery_image,3,1,"[{""type"": ""product_gallery_image"", ""wcProductId"": 14505, ""sku"": ""112275"", ""productName"": ""Roshina 2 Cement green event"", ""position"": 4}, {""type"": ""product_gallery_image"", ""wcProductId"": 12165, ""sku"": ""112261"", ""productName"": ""Roshina 2 Cement Green store"", ""position"": 2}, {""type"": ""product_gallery_image"", ""wcProductId"": 12157, ""sku"": ""112255"", ""productName"": ""Roshina 2 Cement green"", ""position"": 4}]",download only; do not delete or update references during import approval step
import_file_and_create_or_reuse_media_asset,https://coveinterior.com/wp-content/uploads/2023/01/Roshina-2-drakgreen-1.jpg,wordpress-migration/2023/01/Roshina-2-drakgreen-1.jpg,/media/wordpress-migration/2023/01/Roshina-2-drakgreen-1.jpg,Roshina-2-drakgreen-1.jpg,2023/01,10986,page_embedded_media_url|product_featured_image|variation_image,25,8,"[{""type"": ""product_featured_image"", ""wcProductId"": 14511, ""sku"": ""112276"", ""productName"": ""Roshina 2 Dark Green event"", ""position"": 0}, {""type"": ""variation_image"", ""wcProductId"": 14511, ""parentSku"": ""112276"", ""wcVariantId"": 14513, ""sku"": ""112276"", ""attributes"": [{""id"": 8, ""name"": ""Select box set"", ""slug"": ""pa_select-box-set"", ""option"": ""Full set""}]}, {""type"": ""variation_image"", ""wcProductId"": 14511, ""parentSku"": ""112276"", ""wcVariantId"": 14512, ""sku"": ""112276"", ""attributes"": [{""id"": 8, ""name"": ""Select box set"", ""slug"": ""pa_select-box-set"", ""option"": ""Basic set""}]}]",download only; do not delete or update references during import approval step
import_file_and_create_or_reuse_media_asset,https://coveinterior.com/wp-content/uploads/2023/01/Roshina-2-drakgreen-2.jpg,wordpress-migration/2023/01/Roshina-2-drakgreen-2.jpg,/media/wordpress-migration/2023/01/Roshina-2-drakgreen-2.jpg,Roshina-2-drakgreen-2.jpg,2023/01,10988,product_gallery_image,3,1,"[{""type"": ""product_gallery_image"", ""wcProductId"": 14511, ""sku"": ""112276"", ""productName"": ""Roshina 2 Dark Green event"", ""position"": 3}, {""type"": ""product_gallery_image"", ""wcProductId"": 12181, ""sku"": ""112257"", ""productName"": ""Roshina 2 Dark Green Store"", ""position"": 4}, {""type"": ""product_gallery_image"", ""wcProductId"": 12173, ""sku"": ""112256"", ""productName"": ""Roshina 2 Dark Green"", ""position"": 3}]",download only; do not delete or update references during import approval step
import_file_and_create_or_reuse_media_asset,https://coveinterior.com/wp-content/uploads/2023/01/Roshina-2-drakgreen-3.jpg,wordpress-migration/2023/01/Roshina-2-drakgreen-3.jpg,/media/wordpress-migration/2023/01/Roshina-2-drakgreen-3.jpg,Roshina-2-drakgreen-3.jpg,2023/01,10990,product_gallery_image,3,1,"[{""type"": ""product_gallery_image"", ""wcProductId"": 14511, ""sku"": ""112276"", ""productName"": ""Roshina 2 Dark Green event"", ""position"": 2}, {""type"": ""product_gallery_image"", ""wcProductId"": 12181, ""sku"": ""112257"", ""productName"": ""Roshina 2 Dark Green Store"", ""position"": 3}, {""type"": ""product_gallery_image"", ""wcProductId"": 12173, ""sku"": ""112256"", ""productName"": ""Roshina 2 Dark Green"", ""position"": 2}]",download only; do not delete or update references during import approval step
import_file_and_create_or_reuse_media_asset,https://coveinterior.com/wp-content/uploads/2023/01/Roshina-2-drakgreen-4.jpg,wordpress-migration/2023/01/Roshina-2-drakgreen-4.jpg,/media/wordpress-migration/2023/01/Roshina-2-drakgreen-4.jpg,Roshina-2-drakgreen-4.jpg,2023/01,10992,product_gallery_image,3,1,"[{""type"": ""product_gallery_image"", ""wcProductId"": 14511, ""sku"": ""112276"", ""productName"": ""Roshina 2 Dark Green event"", ""position"": 1}, {""type"": ""product_gallery_image"", ""wcProductId"": 12181, ""sku"": ""112257"", ""productName"": ""Roshina 2 Dark Green Store"", ""position"": 2}, {""type"": ""product_gallery_image"", ""wcProductId"": 12173, ""sku"": ""112256"", ""productName"": ""Roshina 2 Dark Green"", ""position"": 1}]",download only; do not delete or update references during import approval step
import_file_and_create_or_reuse_media_asset,https://coveinterior.com/wp-content/uploads/2023/01/Roshina-2-drakgreen-5.jpg,wordpress-migration/2023/01/Roshina-2-drakgreen-5.jpg,/media/wordpress-migration/2023/01/Roshina-2-drakgreen-5.jpg,Roshina-2-drakgreen-5.jpg,2023/01,10994,product_gallery_image,3,1,"[{""type"": ""product_gallery_image"", ""wcProductId"": 14511, ""sku"": ""112276"", ""productName"": ""Roshina 2 Dark Green event"", ""position"": 4}, {""type"": ""product_gallery_image"", ""wcProductId"": 12181, ""sku"": ""112257"", ""productName"": ""Roshina 2 Dark Green Store"", ""position"": 1}, {""type"": ""product_gallery_image"", ""wcProductId"": 12173, ""sku"": ""112256"", ""productName"": ""Roshina 2 Dark Green"", ""position"": 4}]",download only; do not delete or update references during import approval step
import_file_and_create_or_reuse_media_asset,https://coveinterior.com/wp-content/uploads/2023/01/Roshina-2-offwhite-1.jpg,wordpress-migration/2023/01/Roshina-2-offwhite-1.jpg,/media/wordpress-migration/2023/01/Roshina-2-offwhite-1.jpg,Roshina-2-offwhite-1.jpg,2023/01,10996,page_embedded_media_url|product_featured_image|variation_image,25,8,"[{""type"": ""product_featured_image"", ""wcProductId"": 14521, ""sku"": ""112277"", ""productName"": ""Roshina 2 Off White event"", ""position"": 0}, {""type"": ""variation_image"", ""wcProductId"": 14521, ""parentSku"": ""112277"", ""wcVariantId"": 14523, ""sku"": ""112277"", ""attributes"": [{""id"": 8, ""name"": ""Select box set"", ""slug"": ""pa_select-box-set"", ""option"": ""Full set""}]}, {""type"": ""variation_image"", ""wcProductId"": 14521, ""parentSku"": ""112277"", ""wcVariantId"": 14522, ""sku"": ""112277"", ""attributes"": [{""id"": 8, ""name"": ""Select box set"", ""slug"": ""pa_select-box-set"", ""option"": ""Basic set""}]}]",download only; do not delete or update references during import approval step
import_file_and_create_or_reuse_media_asset,https://coveinterior.com/wp-content/uploads/2023/01/Roshina-2-offwhite-2.jpg,wordpress-migration/2023/01/Roshina-2-offwhite-2.jpg,/media/wordpress-migration/2023/01/Roshina-2-offwhite-2.jpg,Roshina-2-offwhite-2.jpg,2023/01,10998,product_gallery_image,2,1,"[{""type"": ""product_gallery_image"", ""wcProductId"": 14521, ""sku"": ""112277"", ""productName"": ""Roshina 2 Off White event"", ""position"": 3}, {""type"": ""product_gallery_image"", ""wcProductId"": 12197, ""sku"": ""112259"", ""productName"": ""Roshina 2 Off White"", ""position"": 3}]",download only; do not delete or update references during import approval step
import_file_and_create_or_reuse_media_asset,https://coveinterior.com/wp-content/uploads/2023/01/Roshina-2-offwhite-3.jpg,wordpress-migration/2023/01/Roshina-2-offwhite-3.jpg,/media/wordpress-migration/2023/01/Roshina-2-offwhite-3.jpg,Roshina-2-offwhite-3.jpg,2023/01,11000,product_gallery_image,2,1,"[{""type"": ""product_gallery_image"", ""wcProductId"": 14521, ""sku"": ""112277"", ""productName"": ""Roshina 2 Off White event"", ""position"": 2}, {""type"": ""product_gallery_image"", ""wcProductId"": 12197, ""sku"": ""112259"", ""productName"": ""Roshina 2 Off White"", ""position"": 2}]",download only; do not delete or update references during import approval step
import_file_and_create_or_reuse_media_asset,https://coveinterior.com/wp-content/uploads/2023/01/Roshina-2-white-4.jpg,wordpress-migration/2023/01/Roshina-2-white-4.jpg,/media/wordpress-migration/2023/01/Roshina-2-white-4.jpg,Roshina-2-white-4.jpg,2023/01,11002,product_gallery_image,2,1,"[{""type"": ""product_gallery_image"", ""wcProductId"": 14521, ""sku"": ""112277"", ""productName"": ""Roshina 2 Off White event"", ""position"": 1}, {""type"": ""product_gallery_image"", ""wcProductId"": 12197, ""sku"": ""112259"", ""productName"": ""Roshina 2 Off White"", ""position"": 1}]",download only; do not delete or update references during import approval step
import_file_and_create_or_reuse_media_asset,https://coveinterior.com/wp-content/uploads/2023/01/Roshina-2-white-5.jpg,wordpress-migration/2023/01/Roshina-2-white-5.jpg,/media/wordpress-migration/2023/01/Roshina-2-white-5.jpg,Roshina-2-white-5.jpg,2023/01,11004,product_gallery_image,2,1,"[{""type"": ""product_gallery_image"", ""wcProductId"": 14521, ""sku"": ""112277"", ""productName"": ""Roshina 2 Off White event"", ""position"": 4}, {""type"": ""product_gallery_image"", ""wcProductId"": 12197, ""sku"": ""112259"", ""productName"": ""Roshina 2 Off White"", ""position"": 4}]",download only; do not delete or update references during import approval step
import_file_and_create_or_reuse_media_asset,https://coveinterior.com/wp-content/uploads/2023/01/roshina-package.jpeg,wordpress-migration/2023/01/roshina-package.jpeg,/media/wordpress-migration/2023/01/roshina-package.jpeg,roshina-package.jpeg,2023/01,11046,product_gallery_image,31,1,"[{""type"": ""product_gallery_image"", ""wcProductId"": 17552, ""sku"": ""14557"", ""productName"": ""Mini Roshina Beige store"", ""position"": 6}, {""type"": ""product_gallery_image"", ""wcProductId"": 17419, ""sku"": ""12557"", ""productName"": ""Mini Roshina Beige"", ""position"": 5}, {""type"": ""product_gallery_image"", ""wcProductId"": 14521, ""sku"": ""112277"", ""productName"": ""Roshina 2 Off White event"", ""position"": 5}]",download only; do not delete or update references during import approval step
import_file_and_create_or_reuse_media_asset,https://coveinterior.com/wp-content/uploads/2023/02/coffee-tables-1-2.jpg,wordpress-migration/2023/02/coffee-tables-1-2.jpg,/media/wordpress-migration/2023/02/coffee-tables-1-2.jpg,coffee-tables-1-2.jpg,2023/02,,page_embedded_media_url,2,1,"[{""type"": ""page_embedded_media_url"", ""postType"": ""page"", ""wpPostId"": 17135, ""slug"": ""brass-furniture-full"", ""title"": ""Brass Furniture Full""}, {""type"": ""page_embedded_media_url"", ""postType"": ""page"", ""wpPostId"": 7442, ""slug"": ""brass-furniture"", ""title"": ""Brass furniture""}]",download only; do not delete or update references during import approval step
import_file_and_create_or_reuse_media_asset,https://coveinterior.com/wp-content/uploads/2023/02/coffee-tables-1.jpg,wordpress-migration/2023/02/coffee-tables-1.jpg,/media/wordpress-migration/2023/02/coffee-tables-1.jpg,coffee-tables-1.jpg,2023/02,11437,category_image,1,1,"[{""type"": ""category_image"", ""wcCategoryId"": 395, ""name"": ""Coffee Tables Store"", ""slug"": ""coffee-tables-store""}]",download only; do not delete or update references during import approval step
import_file_and_create_or_reuse_media_asset,https://coveinterior.com/wp-content/uploads/2023/05/Beauty-Night-Stand.jpeg,wordpress-migration/2023/05/Beauty-Night-Stand.jpeg,/media/wordpress-migration/2023/05/Beauty-Night-Stand.jpeg,Beauty-Night-Stand.jpeg,2023/05,12496,cms_block_embedded_media_url|product_featured_image,10,9,"[{""type"": ""product_featured_image"", ""wcProductId"": 12246, ""sku"": ""12246"", ""productName"": ""Beauty Night Stand"", ""position"": 0}, {""type"": ""cms_block_embedded_media_url"", ""postType"": ""cms_block"", ""wpPostId"": 88, ""slug"": ""about-brand"", ""title"": ""About brand""}, {""type"": ""cms_block_embedded_media_url"", ""postType"": ""cms_block"", ""wpPostId"": 88, ""slug"": ""about-brand"", ""title"": ""About brand""}]",download only; do not delete or update references during import approval step
import_file_and_create_or_reuse_media_asset,https://coveinterior.com/wp-content/uploads/2023/05/Hairstyle.jpeg,wordpress-migration/2023/05/Hairstyle.jpeg,/media/wordpress-migration/2023/05/Hairstyle.jpeg,Hairstyle.jpeg,2023/05,12500,product_featured_image,1,1,"[{""type"": ""product_featured_image"", ""wcProductId"": 12248, ""sku"": ""12248"", ""productName"": ""Hairstyle"", ""position"": 0}]",download only; do not delete or update references during import approval step
import_file_and_create_or_reuse_media_asset,https://coveinterior.com/wp-content/uploads/2023/05/Mirror.jpeg,wordpress-migration/2023/05/Mirror.jpeg,/media/wordpress-migration/2023/05/Mirror.jpeg,Mirror.jpeg,2023/05,12504,product_featured_image,1,1,"[{""type"": ""product_featured_image"", ""wcProductId"": 12245, ""sku"": ""12245"", ""productName"": ""Mirror"", ""position"": 0}]",download only; do not delete or update references during import approval step
import_file_and_create_or_reuse_media_asset,https://coveinterior.com/wp-content/uploads/2023/05/Wall-Painting-Blue.jpeg,wordpress-migration/2023/05/Wall-Painting-Blue.jpeg,/media/wordpress-migration/2023/05/Wall-Painting-Blue.jpeg,Wall-Painting-Blue.jpeg,2023/05,12498,product_featured_image,1,1,"[{""type"": ""product_featured_image"", ""wcProductId"": 12249, ""sku"": ""12249"", ""productName"": ""Wall Painting Blue"", ""position"": 0}]",download only; do not delete or update references during import approval step
import_file_and_create_or_reuse_media_asset,https://coveinterior.com/wp-content/uploads/2023/05/Wall-Painting-pink.jpeg,wordpress-migration/2023/05/Wall-Painting-pink.jpeg,/media/wordpress-migration/2023/05/Wall-Painting-pink.jpeg,Wall-Painting-pink.jpeg,2023/05,12502,product_featured_image,1,1,"[{""type"": ""product_featured_image"", ""wcProductId"": 12247, ""sku"": ""12247"", ""productName"": ""Wall Painting Pink"", ""position"": 0}]",download only; do not delete or update references during import approval step
import_file_and_create_or_reuse_media_asset,https://coveinterior.com/wp-content/uploads/2023/07/Roshina-2-darkveneer-wood-1.jpg,wordpress-migration/2023/07/Roshina-2-darkveneer-wood-1.jpg,/media/wordpress-migration/2023/07/Roshina-2-darkveneer-wood-1.jpg,Roshina-2-darkveneer-wood-1.jpg,2023/07,12733,product_gallery_image|variation_image,6,1,"[{""type"": ""product_gallery_image"", ""wcProductId"": 14234, ""sku"": ""12534"", ""productName"": ""Roshina 2 Wooden event"", ""position"": 1}, {""type"": ""variation_image"", ""wcProductId"": 14234, ""parentSku"": ""12534"", ""wcVariantId"": 14236, ""sku"": ""12534"", ""attributes"": [{""id"": 8, ""name"": ""Select box set"", ""slug"": ""pa_select-box-set"", ""option"": ""Full set""}]}, {""type"": ""product_gallery_image"", ""wcProductId"": 12851, ""sku"": ""12724"", ""productName"": ""Roshina 2 Wooden store"", ""position"": 1}]",download only; do not delete or update references during import approval step
import_file_and_create_or_reuse_media_asset,https://coveinterior.com/wp-content/uploads/2023/07/Roshina-2-darkveneer-wood-2.jpg,wordpress-migration/2023/07/Roshina-2-darkveneer-wood-2.jpg,/media/wordpress-migration/2023/07/Roshina-2-darkveneer-wood-2.jpg,Roshina-2-darkveneer-wood-2.jpg,2023/07,12731,product_gallery_image|variation_image,6,1,"[{""type"": ""product_gallery_image"", ""wcProductId"": 14234, ""sku"": ""12534"", ""productName"": ""Roshina 2 Wooden event"", ""position"": 2}, {""type"": ""variation_image"", ""wcProductId"": 14234, ""parentSku"": ""12534"", ""wcVariantId"": 14235, ""sku"": ""12534"", ""attributes"": [{""id"": 8, ""name"": ""Select box set"", ""slug"": ""pa_select-box-set"", ""option"": ""Basic set""}]}, {""type"": ""product_gallery_image"", ""wcProductId"": 12851, ""sku"": ""12724"", ""productName"": ""Roshina 2 Wooden store"", ""position"": 2}]",download only; do not delete or update references during import approval step
import_file_and_create_or_reuse_media_asset,https://coveinterior.com/wp-content/uploads/2023/07/Roshina-2-darkveneer-wood-3.jpg,wordpress-migration/2023/07/Roshina-2-darkveneer-wood-3.jpg,/media/wordpress-migration/2023/07/Roshina-2-darkveneer-wood-3.jpg,Roshina-2-darkveneer-wood-3.jpg,2023/07,12729,category_image|page_embedded_media_url|product_featured_image,20,8,"[{""type"": ""category_image"", ""wcCategoryId"": 376, ""name"": ""Roshina 2 web"", ""slug"": ""roshina-2-web""}, {""type"": ""product_featured_image"", ""wcProductId"": 14234, ""sku"": ""12534"", ""productName"": ""Roshina 2 Wooden event"", ""position"": 0}, {""type"": ""product_featured_image"", ""wcProductId"": 12851, ""sku"": ""12724"", ""productName"": ""Roshina 2 Wooden store"", ""position"": 0}]",download only; do not delete or update references during import approval step
import_file_and_create_or_reuse_media_asset,https://coveinterior.com/wp-content/uploads/2023/07/Roshina-2-darkveneer-wood-4.jpg,wordpress-migration/2023/07/Roshina-2-darkveneer-wood-4.jpg,/media/wordpress-migration/2023/07/Roshina-2-darkveneer-wood-4.jpg,Roshina-2-darkveneer-wood-4.jpg,2023/07,12727,product_gallery_image,3,1,"[{""type"": ""product_gallery_image"", ""wcProductId"": 14234, ""sku"": ""12534"", ""productName"": ""Roshina 2 Wooden event"", ""position"": 3}, {""type"": ""product_gallery_image"", ""wcProductId"": 12851, ""sku"": ""12724"", ""productName"": ""Roshina 2 Wooden store"", ""position"": 3}, {""type"": ""product_gallery_image"", ""wcProductId"": 12721, ""sku"": ""12721"", ""productName"": ""Roshina 2 Wooden"", ""position"": 3}]",download only; do not delete or update references during import approval step
import_file_and_create_or_reuse_media_asset,https://coveinterior.com/wp-content/uploads/2023/07/Roshina-3-Camel-1.jpg,wordpress-migration/2023/07/Roshina-3-Camel-1.jpg,/media/wordpress-migration/2023/07/Roshina-3-Camel-1.jpg,Roshina-3-Camel-1.jpg,2023/07,12644,page_embedded_media_url|product_featured_image|variation_image,13,8,"[{""type"": ""product_featured_image"", ""wcProductId"": 14258, ""sku"": ""12538"", ""productName"": ""Roshina 3 Camel event"", ""position"": 0}, {""type"": ""product_featured_image"", ""wcProductId"": 12669, ""sku"": ""12669"", ""productName"": ""Roshina 3 Camel"", ""position"": 0}, {""type"": ""variation_image"", ""wcProductId"": 12669, ""parentSku"": ""12669"", ""wcVariantId"": 12671, ""sku"": ""12669"", ""attributes"": [{""id"": 8, ""name"": ""Select box set"", ""slug"": ""pa_select-box-set"", ""option"": ""Full set""}]}]",download only; do not delete or update references during import approval step
import_file_and_create_or_reuse_media_asset,https://coveinterior.com/wp-content/uploads/2023/07/Roshina-3-Camel-2.jpg,wordpress-migration/2023/07/Roshina-3-Camel-2.jpg,/media/wordpress-migration/2023/07/Roshina-3-Camel-2.jpg,Roshina-3-Camel-2.jpg,2023/07,12646,product_gallery_image|variation_image,5,1,"[{""type"": ""product_gallery_image"", ""wcProductId"": 14258, ""sku"": ""12538"", ""productName"": ""Roshina 3 Camel event"", ""position"": 1}, {""type"": ""variation_image"", ""wcProductId"": 14258, ""parentSku"": ""12538"", ""wcVariantId"": 14259, ""sku"": ""12538"", ""attributes"": [{""id"": 8, ""name"": ""Select box set"", ""slug"": ""pa_select-box-set"", ""option"": ""Basic set""}]}, {""type"": ""product_gallery_image"", ""wcProductId"": 12669, ""sku"": ""12669"", ""productName"": ""Roshina 3 Camel"", ""position"": 2}]",download only; do not delete or update references during import approval step
import_file_and_create_or_reuse_media_asset,https://coveinterior.com/wp-content/uploads/2023/07/Roshina-3-Camel-3.jpg,wordpress-migration/2023/07/Roshina-3-Camel-3.jpg,/media/wordpress-migration/2023/07/Roshina-3-Camel-3.jpg,Roshina-3-Camel-3.jpg,2023/07,12648,product_gallery_image|variation_image,5,1,"[{""type"": ""product_gallery_image"", ""wcProductId"": 14258, ""sku"": ""12538"", ""productName"": ""Roshina 3 Camel event"", ""position"": 2}, {""type"": ""variation_image"", ""wcProductId"": 14258, ""parentSku"": ""12538"", ""wcVariantId"": 14260, ""sku"": ""12538"", ""attributes"": [{""id"": 8, ""name"": ""Select box set"", ""slug"": ""pa_select-box-set"", ""option"": ""Full set""}]}, {""type"": ""product_gallery_image"", ""wcProductId"": 12669, ""sku"": ""12669"", ""productName"": ""Roshina 3 Camel"", ""position"": 1}]",download only; do not delete or update references during import approval step
import_file_and_create_or_reuse_media_asset,https://coveinterior.com/wp-content/uploads/2023/07/Roshina-3-camel-4-1.jpg,wordpress-migration/2023/07/Roshina-3-camel-4-1.jpg,/media/wordpress-migration/2023/07/Roshina-3-camel-4-1.jpg,Roshina-3-camel-4-1.jpg,2023/07,12875,product_gallery_image,1,1,"[{""type"": ""product_gallery_image"", ""wcProductId"": 12669, ""sku"": ""12669"", ""productName"": ""Roshina 3 Camel"", ""position"": 4}]",download only; do not delete or update references during import approval step
import_file_and_create_or_reuse_media_asset,https://coveinterior.com/wp-content/uploads/2023/07/Roshina-3-camel-4.jpg,wordpress-migration/2023/07/Roshina-3-camel-4.jpg,/media/wordpress-migration/2023/07/Roshina-3-camel-4.jpg,Roshina-3-camel-4.jpg,2023/07,12650,product_gallery_image,3,1,"[{""type"": ""product_gallery_image"", ""wcProductId"": 14258, ""sku"": ""12538"", ""productName"": ""Roshina 3 Camel event"", ""position"": 3}, {""type"": ""product_gallery_image"", ""wcProductId"": 12669, ""sku"": ""12669"", ""productName"": ""Roshina 3 Camel"", ""position"": 3}, {""type"": ""product_gallery_image"", ""wcProductId"": 12636, ""sku"": ""12636"", ""productName"": ""Roshina 3 Camel store"", ""position"": 3}]",download only; do not delete or update references during import approval step
import_file_and_create_or_reuse_media_asset,https://coveinterior.com/wp-content/uploads/2023/07/Roshina-3-camel-5.jpg,wordpress-migration/2023/07/Roshina-3-camel-5.jpg,/media/wordpress-migration/2023/07/Roshina-3-camel-5.jpg,Roshina-3-camel-5.jpg,2023/07,12877,product_gallery_image,1,1,"[{""type"": ""product_gallery_image"", ""wcProductId"": 12669, ""sku"": ""12669"", ""productName"": ""Roshina 3 Camel"", ""position"": 5}]",download only; do not delete or update references during import approval step
import_file_and_create_or_reuse_media_asset,https://coveinterior.com/wp-content/uploads/2023/07/Roshina-3-Light-blue-1.jpg,wordpress-migration/2023/07/Roshina-3-Light-blue-1.jpg,/media/wordpress-migration/2023/07/Roshina-3-Light-blue-1.jpg,Roshina-3-Light-blue-1.jpg,2023/07,12652,category_image|page_embedded_media_url|product_featured_image|variation_image,14,8,"[{""type"": ""category_image"", ""wcCategoryId"": 411, ""name"": ""Roshina 3 web"", ""slug"": ""roshina-3-web""}, {""type"": ""product_featured_image"", ""wcProductId"": 14250, ""sku"": ""12537"", ""productName"": ""Roshina 3 Light Blue event"", ""position"": 0}, {""type"": ""product_featured_image"", ""wcProductId"": 12686, ""sku"": ""12686"", ""productName"": ""Roshina 3 Light Blue store"", ""position"": 0}]",download only; do not delete or update references during import approval step
import_file_and_create_or_reuse_media_asset,https://coveinterior.com/wp-content/uploads/2023/07/Roshina-3-Light-blue-2.jpg,wordpress-migration/2023/07/Roshina-3-Light-blue-2.jpg,/media/wordpress-migration/2023/07/Roshina-3-Light-blue-2.jpg,Roshina-3-Light-blue-2.jpg,2023/07,12654,product_gallery_image|variation_image,5,1,"[{""type"": ""product_gallery_image"", ""wcProductId"": 14250, ""sku"": ""12537"", ""productName"": ""Roshina 3 Light Blue event"", ""position"": 1}, {""type"": ""variation_image"", ""wcProductId"": 14250, ""parentSku"": ""12537"", ""wcVariantId"": 14251, ""sku"": ""12537"", ""attributes"": [{""id"": 8, ""name"": ""Select box set"", ""slug"": ""pa_select-box-set"", ""option"": ""Basic set""}]}, {""type"": ""product_gallery_image"", ""wcProductId"": 12686, ""sku"": ""12686"", ""productName"": ""Roshina 3 Light Blue store"", ""position"": 1}]",download only; do not delete or update references during import approval step
import_file_and_create_or_reuse_media_asset,https://coveinterior.com/wp-content/uploads/2023/07/Roshina-3-Light-blue-3.jpg,wordpress-migration/2023/07/Roshina-3-Light-blue-3.jpg,/media/wordpress-migration/2023/07/Roshina-3-Light-blue-3.jpg,Roshina-3-Light-blue-3.jpg,2023/07,12656,product_gallery_image|variation_image,5,1,"[{""type"": ""product_gallery_image"", ""wcProductId"": 14250, ""sku"": ""12537"", ""productName"": ""Roshina 3 Light Blue event"", ""position"": 3}, {""type"": ""variation_image"", ""wcProductId"": 14250, ""parentSku"": ""12537"", ""wcVariantId"": 14252, ""sku"": ""12537"", ""attributes"": [{""id"": 8, ""name"": ""Select box set"", ""slug"": ""pa_select-box-set"", ""option"": ""Full set""}]}, {""type"": ""product_gallery_image"", ""wcProductId"": 12686, ""sku"": ""12686"", ""productName"": ""Roshina 3 Light Blue store"", ""position"": 3}]",download only; do not delete or update references during import approval step
import_file_and_create_or_reuse_media_asset,https://coveinterior.com/wp-content/uploads/2023/07/Roshina-3-light-blue-4-1.jpg,wordpress-migration/2023/07/Roshina-3-light-blue-4-1.jpg,/media/wordpress-migration/2023/07/Roshina-3-light-blue-4-1.jpg,Roshina-3-light-blue-4-1.jpg,2023/07,12879,product_gallery_image,1,1,"[{""type"": ""product_gallery_image"", ""wcProductId"": 12678, ""sku"": ""12678"", ""productName"": ""Roshina 3 Light Blue"", ""position"": 4}]",download only; do not delete or update references during import approval step
import_file_and_create_or_reuse_media_asset,https://coveinterior.com/wp-content/uploads/2023/07/Roshina-3-light-blue-4.jpg,wordpress-migration/2023/07/Roshina-3-light-blue-4.jpg,/media/wordpress-migration/2023/07/Roshina-3-light-blue-4.jpg,Roshina-3-light-blue-4.jpg,2023/07,12658,product_gallery_image,3,1,"[{""type"": ""product_gallery_image"", ""wcProductId"": 14250, ""sku"": ""12537"", ""productName"": ""Roshina 3 Light Blue event"", ""position"": 2}, {""type"": ""product_gallery_image"", ""wcProductId"": 12686, ""sku"": ""12686"", ""productName"": ""Roshina 3 Light Blue store"", ""position"": 2}, {""type"": ""product_gallery_image"", ""wcProductId"": 12678, ""sku"": ""12678"", ""productName"": ""Roshina 3 Light Blue"", ""position"": 3}]",download only; do not delete or update references during import approval step
import_file_and_create_or_reuse_media_asset,https://coveinterior.com/wp-content/uploads/2023/07/Roshina-3-light-blue-5.jpg,wordpress-migration/2023/07/Roshina-3-light-blue-5.jpg,/media/wordpress-migration/2023/07/Roshina-3-light-blue-5.jpg,Roshina-3-light-blue-5.jpg,2023/07,12881,product_gallery_image,1,1,"[{""type"": ""product_gallery_image"", ""wcProductId"": 12678, ""sku"": ""12678"", ""productName"": ""Roshina 3 Light Blue"", ""position"": 5}]",download only; do not delete or update references during import approval step
import_file_and_create_or_reuse_media_asset,https://coveinterior.com/wp-content/uploads/2023/07/Roshina-3-Maroon-1.jpg,wordpress-migration/2023/07/Roshina-3-Maroon-1.jpg,/media/wordpress-migration/2023/07/Roshina-3-Maroon-1.jpg,Roshina-3-Maroon-1.jpg,2023/07,12660,page_embedded_media_url|product_featured_image|variation_image,13,8,"[{""type"": ""product_featured_image"", ""wcProductId"": 14242, ""sku"": ""12535"", ""productName"": ""Roshina 3 Maroon event"", ""position"": 0}, {""type"": ""product_featured_image"", ""wcProductId"": 12702, ""sku"": ""12702"", ""productName"": ""Roshina 3 Maroon store"", ""position"": 0}, {""type"": ""product_featured_image"", ""wcProductId"": 12694, ""sku"": ""12694"", ""productName"": ""Roshina 3 Maroon"", ""position"": 0}]",download only; do not delete or update references during import approval step
import_file_and_create_or_reuse_media_asset,https://coveinterior.com/wp-content/uploads/2023/07/Roshina-3-Maroon-2.jpg,wordpress-migration/2023/07/Roshina-3-Maroon-2.jpg,/media/wordpress-migration/2023/07/Roshina-3-Maroon-2.jpg,Roshina-3-Maroon-2.jpg,2023/07,12662,product_gallery_image|variation_image,5,1,"[{""type"": ""product_gallery_image"", ""wcProductId"": 14242, ""sku"": ""12535"", ""productName"": ""Roshina 3 Maroon event"", ""position"": 1}, {""type"": ""variation_image"", ""wcProductId"": 14242, ""parentSku"": ""12535"", ""wcVariantId"": 14243, ""sku"": ""12535"", ""attributes"": [{""id"": 8, ""name"": ""Select box set"", ""slug"": ""pa_select-box-set"", ""option"": ""Basic set""}]}, {""type"": ""product_gallery_image"", ""wcProductId"": 12702, ""sku"": ""12702"", ""productName"": ""Roshina 3 Maroon store"", ""position"": 1}]",download only; do not delete or update references during import approval step
import_file_and_create_or_reuse_media_asset,https://coveinterior.com/wp-content/uploads/2023/07/Roshina-3-Maroon-3.jpg,wordpress-migration/2023/07/Roshina-3-Maroon-3.jpg,/media/wordpress-migration/2023/07/Roshina-3-Maroon-3.jpg,Roshina-3-Maroon-3.jpg,2023/07,12664,product_gallery_image|variation_image,5,1,"[{""type"": ""product_gallery_image"", ""wcProductId"": 14242, ""sku"": ""12535"", ""productName"": ""Roshina 3 Maroon event"", ""position"": 3}, {""type"": ""variation_image"", ""wcProductId"": 14242, ""parentSku"": ""12535"", ""wcVariantId"": 14244, ""sku"": ""12535"", ""attributes"": [{""id"": 8, ""name"": ""Select box set"", ""slug"": ""pa_select-box-set"", ""option"": ""Full set""}]}, {""type"": ""product_gallery_image"", ""wcProductId"": 12702, ""sku"": ""12702"", ""productName"": ""Roshina 3 Maroon store"", ""position"": 3}]",download only; do not delete or update references during import approval step
import_file_and_create_or_reuse_media_asset,https://coveinterior.com/wp-content/uploads/2023/07/Roshina-3-Maroon-4-1.jpg,wordpress-migration/2023/07/Roshina-3-Maroon-4-1.jpg,/media/wordpress-migration/2023/07/Roshina-3-Maroon-4-1.jpg,Roshina-3-Maroon-4-1.jpg,2023/07,12883,product_gallery_image,1,1,"[{""type"": ""product_gallery_image"", ""wcProductId"": 12694, ""sku"": ""12694"", ""productName"": ""Roshina 3 Maroon"", ""position"": 4}]",download only; do not delete or update references during import approval step
import_file_and_create_or_reuse_media_asset,https://coveinterior.com/wp-content/uploads/2023/07/Roshina-3-Maroon-4.jpg,wordpress-migration/2023/07/Roshina-3-Maroon-4.jpg,/media/wordpress-migration/2023/07/Roshina-3-Maroon-4.jpg,Roshina-3-Maroon-4.jpg,2023/07,12666,product_gallery_image,3,1,"[{""type"": ""product_gallery_image"", ""wcProductId"": 14242, ""sku"": ""12535"", ""productName"": ""Roshina 3 Maroon event"", ""position"": 2}, {""type"": ""product_gallery_image"", ""wcProductId"": 12702, ""sku"": ""12702"", ""productName"": ""Roshina 3 Maroon store"", ""position"": 2}, {""type"": ""product_gallery_image"", ""wcProductId"": 12694, ""sku"": ""12694"", ""productName"": ""Roshina 3 Maroon"", ""position"": 3}]",download only; do not delete or update references during import approval step
import_file_and_create_or_reuse_media_asset,https://coveinterior.com/wp-content/uploads/2023/07/Roshina-3-Maroon-5.jpg,wordpress-migration/2023/07/Roshina-3-Maroon-5.jpg,/media/wordpress-migration/2023/07/Roshina-3-Maroon-5.jpg,Roshina-3-Maroon-5.jpg,2023/07,12885,product_gallery_image,1,1,"[{""type"": ""product_gallery_image"", ""wcProductId"": 12694, ""sku"": ""12694"", ""productName"": ""Roshina 3 Maroon"", ""position"": 5}]",download only; do not delete or update references during import approval step
import_file_and_create_or_reuse_media_asset,https://coveinterior.com/wp-content/uploads/2023/08/accessories-1.jpg,wordpress-migration/2023/08/accessories-1.jpg,/media/wordpress-migration/2023/08/accessories-1.jpg,accessories-1.jpg,2023/08,13016,category_image,1,1,"[{""type"": ""category_image"", ""wcCategoryId"": 456, ""name"": ""accessories web"", ""slug"": ""accessories-web""}]",download only; do not delete or update references during import approval step
import_file_and_create_or_reuse_media_asset,https://coveinterior.com/wp-content/uploads/2023/08/classic-157-225-4x4-1.jpg,wordpress-migration/2023/08/classic-157-225-4x4-1.jpg,/media/wordpress-migration/2023/08/classic-157-225-4x4-1.jpg,classic-157-225-4x4-1.jpg,2023/08,13042,variation_image,4,1,"[{""type"": ""variation_image"", ""wcProductId"": 12939, ""parentSku"": ""12528"", ""wcVariantId"": 12961, ""sku"": ""12528"", ""attributes"": [{""id"": 11, ""name"": ""Select capsule size"", ""slug"": ""pa_select-capsule-size"", ""option"": ""6x6 (big capsule)""}, {""id"": 12, ""name"": ""Select tray color"", ""slug"": ""pa_select-tray-color"", ""option"": ""Gray""}, {""id"": 13, ""name"": ""Select tray size"", ""slug"": ""pa_select-tray-size"", ""option"": ""Width 36.30 cm - Depth 36.70 cm - Height 4.00 cm""}]}, {""type"": ""variation_image"", ""wcProductId"": 12939, ""parentSku"": ""12528"", ""wcVariantId"": 12954, ""sku"": ""12528"", ""attributes"": [{""id"": 11, ""name"": ""Select capsule size"", ""slug"": ""pa_select-capsule-size"", ""option"": ""4x4 (small capsule)""}, {""id"": 12, ""name"": ""Select tray color"", ""slug"": ""pa_select-tray-color"", ""option"": ""Gray""}, {""id"": 13, ""name"": ""Select tray size"", ""slug"": ""pa_select-tray-size"", ""option"": ""Width 36.30 cm - Depth 36.70 cm - Height 4.00 cm""}]}, {""type"": ""variation_image"", ""wcProductId"": 12939, ""parentSku"": ""12528"", ""wcVariantId"": 12947, ""sku"": ""12528"", ""attributes"": [{""id"": 11, ""name"": ""Select capsule size"", ""slug"": ""pa_select-capsule-size"", ""option"": ""6x6 (big capsule)""}, {""id"": 12, ""name"": ""Select tray color"", ""slug"": ""pa_select-tray-color"", ""option"": ""Beige""}, {""id"": 13, ""name"": ""Select tray size"", ""slug"": ""pa_select-tray-size"", ""option"": ""Width 36.30 cm - Depth 36.70 cm - Height 4.00 cm""}]}]",download only; do not delete or update references during import approval step
import_file_and_create_or_reuse_media_asset,https://coveinterior.com/wp-content/uploads/2023/08/country-112-4x4-1.jpg,wordpress-migration/2023/08/country-112-4x4-1.jpg,/media/wordpress-migration/2023/08/country-112-4x4-1.jpg,country-112-4x4-1.jpg,2023/08,13044,variation_image,4,1,"[{""type"": ""variation_image"", ""wcProductId"": 12939, ""parentSku"": ""12528"", ""wcVariantId"": 12962, ""sku"": ""12528"", ""attributes"": [{""id"": 11, ""name"": ""Select capsule size"", ""slug"": ""pa_select-capsule-size"", ""option"": ""6x6 (big capsule)""}, {""id"": 12, ""name"": ""Select tray color"", ""slug"": ""pa_select-tray-color"", ""option"": ""Gray""}, {""id"": 13, ""name"": ""Select tray size"", ""slug"": ""pa_select-tray-size"", ""option"": ""Width 42.70 cm - Depth 35.00 cm - Height 4.50 cm""}]}, {""type"": ""variation_image"", ""wcProductId"": 12939, ""parentSku"": ""12528"", ""wcVariantId"": 12955, ""sku"": ""12528"", ""attributes"": [{""id"": 11, ""name"": ""Select capsule size"", ""slug"": ""pa_select-capsule-size"", ""option"": ""4x4 (small capsule)""}, {""id"": 12, ""name"": ""Select tray color"", ""slug"": ""pa_select-tray-color"", ""option"": ""Gray""}, {""id"": 13, ""name"": ""Select tray size"", ""slug"": ""pa_select-tray-size"", ""option"": ""Width 42.70 cm - Depth 35.00 cm - Height 4.50 cm""}]}, {""type"": ""variation_image"", ""wcProductId"": 12939, ""parentSku"": ""12528"", ""wcVariantId"": 12948, ""sku"": ""12528"", ""attributes"": [{""id"": 11, ""name"": ""Select capsule size"", ""slug"": ""pa_select-capsule-size"", ""option"": ""6x6 (big capsule)""}, {""id"": 12, ""name"": ""Select tray color"", ""slug"": ""pa_select-tray-color"", ""option"": ""Beige""}, {""id"": 13, ""name"": ""Select tray size"", ""slug"": ""pa_select-tray-size"", ""option"": ""Width 42.70 cm - Depth 35.00 cm - Height 4.50 cm""}]}]",download only; do not delete or update references during import approval step
import_file_and_create_or_reuse_media_asset,https://coveinterior.com/wp-content/uploads/2023/08/country-167-4x4-1.jpg,wordpress-migration/2023/08/country-167-4x4-1.jpg,/media/wordpress-migration/2023/08/country-167-4x4-1.jpg,country-167-4x4-1.jpg,2023/08,13046,variation_image,4,1,"[{""type"": ""variation_image"", ""wcProductId"": 12939, ""parentSku"": ""12528"", ""wcVariantId"": 12963, ""sku"": ""12528"", ""attributes"": [{""id"": 11, ""name"": ""Select capsule size"", ""slug"": ""pa_select-capsule-size"", ""option"": ""6x6 (big capsule)""}, {""id"": 12, ""name"": ""Select tray color"", ""slug"": ""pa_select-tray-color"", ""option"": ""Gray""}, {""id"": 13, ""name"": ""Select tray size"", ""slug"": ""pa_select-tray-size"", ""option"": ""Width 44.20 cm - Depth 35.00 cm - Height 4.50 cm""}]}, {""type"": ""variation_image"", ""wcProductId"": 12939, ""parentSku"": ""12528"", ""wcVariantId"": 12956, ""sku"": ""12528"", ""attributes"": [{""id"": 11, ""name"": ""Select capsule size"", ""slug"": ""pa_select-capsule-size"", ""option"": ""4x4 (small capsule)""}, {""id"": 12, ""name"": ""Select tray color"", ""slug"": ""pa_select-tray-color"", ""option"": ""Gray""}, {""id"": 13, ""name"": ""Select tray size"", ""slug"": ""pa_select-tray-size"", ""option"": ""Width 44.20 cm - Depth 35.00 cm - Height 4.50 cm""}]}, {""type"": ""variation_image"", ""wcProductId"": 12939, ""parentSku"": ""12528"", ""wcVariantId"": 12949, ""sku"": ""12528"", ""attributes"": [{""id"": 11, ""name"": ""Select capsule size"", ""slug"": ""pa_select-capsule-size"", ""option"": ""6x6 (big capsule)""}, {""id"": 12, ""name"": ""Select tray color"", ""slug"": ""pa_select-tray-color"", ""option"": ""Beige""}, {""id"": 13, ""name"": ""Select tray size"", ""slug"": ""pa_select-tray-size"", ""option"": ""Width 44.20 cm - Depth 35.00 cm - Height 4.50 cm""}]}]",download only; do not delete or update references during import approval step
import_file_and_create_or_reuse_media_asset,https://coveinterior.com/wp-content/uploads/2023/08/country-62-4x4-1.jpg,wordpress-migration/2023/08/country-62-4x4-1.jpg,/media/wordpress-migration/2023/08/country-62-4x4-1.jpg,country-62-4x4-1.jpg,2023/08,13040,variation_image,4,1,"[{""type"": ""variation_image"", ""wcProductId"": 12939, ""parentSku"": ""12528"", ""wcVariantId"": 12964, ""sku"": ""12528"", ""attributes"": [{""id"": 11, ""name"": ""Select capsule size"", ""slug"": ""pa_select-capsule-size"", ""option"": ""6x6 (big capsule)""}, {""id"": 12, ""name"": ""Select tray color"", ""slug"": ""pa_select-tray-color"", ""option"": ""Gray""}, {""id"": 13, ""name"": ""Select tray size"", ""slug"": ""pa_select-tray-size"", ""option"": ""Width 46.20 cm - Depth 35.00 cm - Height 4.50 cm""}]}, {""type"": ""variation_image"", ""wcProductId"": 12939, ""parentSku"": ""12528"", ""wcVariantId"": 12957, ""sku"": ""12528"", ""attributes"": [{""id"": 11, ""name"": ""Select capsule size"", ""slug"": ""pa_select-capsule-size"", ""option"": ""4x4 (small capsule)""}, {""id"": 12, ""name"": ""Select tray color"", ""slug"": ""pa_select-tray-color"", ""option"": ""Gray""}, {""id"": 13, ""name"": ""Select tray size"", ""slug"": ""pa_select-tray-size"", ""option"": ""Width 46.20 cm - Depth 35.00 cm - Height 4.50 cm""}]}, {""type"": ""variation_image"", ""wcProductId"": 12939, ""parentSku"": ""12528"", ""wcVariantId"": 12950, ""sku"": ""12528"", ""attributes"": [{""id"": 11, ""name"": ""Select capsule size"", ""slug"": ""pa_select-capsule-size"", ""option"": ""6x6 (big capsule)""}, {""id"": 12, ""name"": ""Select tray color"", ""slug"": ""pa_select-tray-color"", ""option"": ""Beige""}, {""id"": 13, ""name"": ""Select tray size"", ""slug"": ""pa_select-tray-size"", ""option"": ""Width 46.20 cm - Depth 35.00 cm - Height 4.50 cm""}]}]",download only; do not delete or update references during import approval step
import_file_and_create_or_reuse_media_asset,https://coveinterior.com/wp-content/uploads/2023/08/curve-4x4-1.jpg,wordpress-migration/2023/08/curve-4x4-1.jpg,/media/wordpress-migration/2023/08/curve-4x4-1.jpg,curve-4x4-1.jpg,2023/08,13048,variation_image,4,1,"[{""type"": ""variation_image"", ""wcProductId"": 12939, ""parentSku"": ""12528"", ""wcVariantId"": 12965, ""sku"": ""12528"", ""attributes"": [{""id"": 11, ""name"": ""Select capsule size"", ""slug"": ""pa_select-capsule-size"", ""option"": ""6x6 (big capsule)""}, {""id"": 12, ""name"": ""Select tray color"", ""slug"": ""pa_select-tray-color"", ""option"": ""Gray""}, {""id"": 13, ""name"": ""Select tray size"", ""slug"": ""pa_select-tray-size"", ""option"": ""Width 55.20 cm - Depth 35.70 cm - Height 3.80 cm""}]}, {""type"": ""variation_image"", ""wcProductId"": 12939, ""parentSku"": ""12528"", ""wcVariantId"": 12958, ""sku"": ""12528"", ""attributes"": [{""id"": 11, ""name"": ""Select capsule size"", ""slug"": ""pa_select-capsule-size"", ""option"": ""4x4 (small capsule)""}, {""id"": 12, ""name"": ""Select tray color"", ""slug"": ""pa_select-tray-color"", ""option"": ""Gray""}, {""id"": 13, ""name"": ""Select tray size"", ""slug"": ""pa_select-tray-size"", ""option"": ""Width 55.20 cm - Depth 35.70 cm - Height 3.80 cm""}]}, {""type"": ""variation_image"", ""wcProductId"": 12939, ""parentSku"": ""12528"", ""wcVariantId"": 12951, ""sku"": ""12528"", ""attributes"": [{""id"": 11, ""name"": ""Select capsule size"", ""slug"": ""pa_select-capsule-size"", ""option"": ""6x6 (big capsule)""}, {""id"": 12, ""name"": ""Select tray color"", ""slug"": ""pa_select-tray-color"", ""option"": ""Beige""}, {""id"": 13, ""name"": ""Select tray size"", ""slug"": ""pa_select-tray-size"", ""option"": ""Width 55.20 cm - Depth 35.70 cm - Height 3.80 cm""}]}]",download only; do not delete or update references during import approval step
import_file_and_create_or_reuse_media_asset,https://coveinterior.com/wp-content/uploads/2023/08/de-cove-4x4-1.jpg,wordpress-migration/2023/08/de-cove-4x4-1.jpg,/media/wordpress-migration/2023/08/de-cove-4x4-1.jpg,de-cove-4x4-1.jpg,2023/08,13050,variation_image,4,1,"[{""type"": ""variation_image"", ""wcProductId"": 12939, ""parentSku"": ""12528"", ""wcVariantId"": 12966, ""sku"": ""12528"", ""attributes"": [{""id"": 11, ""name"": ""Select capsule size"", ""slug"": ""pa_select-capsule-size"", ""option"": ""6x6 (big capsule)""}, {""id"": 12, ""name"": ""Select tray color"", ""slug"": ""pa_select-tray-color"", ""option"": ""Gray""}, {""id"": 13, ""name"": ""Select tray size"", ""slug"": ""pa_select-tray-size"", ""option"": ""Width 47.90 cm - Depth 40.00 cm - Height 6.20 cm""}]}, {""type"": ""variation_image"", ""wcProductId"": 12939, ""parentSku"": ""12528"", ""wcVariantId"": 12959, ""sku"": ""12528"", ""attributes"": [{""id"": 11, ""name"": ""Select capsule size"", ""slug"": ""pa_select-capsule-size"", ""option"": ""4x4 (small capsule)""}, {""id"": 12, ""name"": ""Select tray color"", ""slug"": ""pa_select-tray-color"", ""option"": ""Gray""}, {""id"": 13, ""name"": ""Select tray size"", ""slug"": ""pa_select-tray-size"", ""option"": ""Width 47.90 cm - Depth 40.00 cm - Height 6.20 cm""}]}, {""type"": ""variation_image"", ""wcProductId"": 12939, ""parentSku"": ""12528"", ""wcVariantId"": 12952, ""sku"": ""12528"", ""attributes"": [{""id"": 11, ""name"": ""Select capsule size"", ""slug"": ""pa_select-capsule-size"", ""option"": ""6x6 (big capsule)""}, {""id"": 12, ""name"": ""Select tray color"", ""slug"": ""pa_select-tray-color"", ""option"": ""Beige""}, {""id"": 13, ""name"": ""Select tray size"", ""slug"": ""pa_select-tray-size"", ""option"": ""Width 47.90 cm - Depth 40.00 cm - Height 6.20 cm""}]}]",download only; do not delete or update references during import approval step
import_file_and_create_or_reuse_media_asset,https://coveinterior.com/wp-content/uploads/2023/08/mini-cove-4x4-1.jpg,wordpress-migration/2023/08/mini-cove-4x4-1.jpg,/media/wordpress-migration/2023/08/mini-cove-4x4-1.jpg,mini-cove-4x4-1.jpg,2023/08,13052,variation_image,4,1,"[{""type"": ""variation_image"", ""wcProductId"": 12939, ""parentSku"": ""12528"", ""wcVariantId"": 12967, ""sku"": ""12528"", ""attributes"": [{""id"": 11, ""name"": ""Select capsule size"", ""slug"": ""pa_select-capsule-size"", ""option"": ""6x6 (big capsule)""}, {""id"": 12, ""name"": ""Select tray color"", ""slug"": ""pa_select-tray-color"", ""option"": ""Gray""}, {""id"": 13, ""name"": ""Select tray size"", ""slug"": ""pa_select-tray-size"", ""option"": ""Width 43.90 cm - Depth 37.70 cm - Height 4.50 cm""}]}, {""type"": ""variation_image"", ""wcProductId"": 12939, ""parentSku"": ""12528"", ""wcVariantId"": 12960, ""sku"": ""12528"", ""attributes"": [{""id"": 11, ""name"": ""Select capsule size"", ""slug"": ""pa_select-capsule-size"", ""option"": ""4x4 (small capsule)""}, {""id"": 12, ""name"": ""Select tray color"", ""slug"": ""pa_select-tray-color"", ""option"": ""Gray""}, {""id"": 13, ""name"": ""Select tray size"", ""slug"": ""pa_select-tray-size"", ""option"": ""Width 43.90 cm - Depth 37.70 cm - Height 4.50 cm""}]}, {""type"": ""variation_image"", ""wcProductId"": 12939, ""parentSku"": ""12528"", ""wcVariantId"": 12953, ""sku"": ""12528"", ""attributes"": [{""id"": 11, ""name"": ""Select capsule size"", ""slug"": ""pa_select-capsule-size"", ""option"": ""6x6 (big capsule)""}, {""id"": 12, ""name"": ""Select tray color"", ""slug"": ""pa_select-tray-color"", ""option"": ""Beige""}, {""id"": 13, ""name"": ""Select tray size"", ""slug"": ""pa_select-tray-size"", ""option"": ""Width 43.90 cm - Depth 37.70 cm - Height 4.50 cm""}]}]",download only; do not delete or update references during import approval step
import_file_and_create_or_reuse_media_asset,https://coveinterior.com/wp-content/uploads/2023/08/tray.jpg,wordpress-migration/2023/08/tray.jpg,/media/wordpress-migration/2023/08/tray.jpg,tray.jpg,2023/08,14494,page_embedded_media_url|product_featured_image,19,10,"[{""type"": ""product_featured_image"", ""wcProductId"": 12939, ""sku"": ""12528"", ""productName"": ""trays"", ""position"": 0}, {""type"": ""page_embedded_media_url"", ""postType"": ""page"", ""wpPostId"": 17144, ""slug"": ""all-brass-products"", ""title"": ""All Brass Products""}, {""type"": ""page_embedded_media_url"", ""postType"": ""page"", ""wpPostId"": 13012, ""slug"": ""accessories"", ""title"": ""Accessories""}]",download only; do not delete or update references during import approval step
import_file_and_create_or_reuse_media_asset,https://coveinterior.com/wp-content/uploads/2023/10/Circle-Off-White.jpg,wordpress-migration/2023/10/Circle-Off-White.jpg,/media/wordpress-migration/2023/10/Circle-Off-White.jpg,Circle-Off-White.jpg,2023/10,13354,product_featured_image,1,1,"[{""type"": ""product_featured_image"", ""wcProductId"": 13353, ""sku"": ""12549"", ""productName"": ""Circle - Off White"", ""position"": 0}]",download only; do not delete or update references during import approval step
import_file_and_create_or_reuse_media_asset,https://coveinterior.com/wp-content/uploads/2023/10/Roshina-boxes.jpg,wordpress-migration/2023/10/Roshina-boxes.jpg,/media/wordpress-migration/2023/10/Roshina-boxes.jpg,Roshina-boxes.jpg,2023/10,14004,category_image,2,1,"[{""type"": ""category_image"", ""wcCategoryId"": 455, ""name"": ""Roshina boxes store"", ""slug"": ""roshina-boxes-store""}, {""type"": ""category_image"", ""wcCategoryId"": 453, ""name"": ""Roshina Boxes web"", ""slug"": ""roshina-boxes-web""}]",download only; do not delete or update references during import approval step
import_file_and_create_or_reuse_media_asset,https://coveinterior.com/wp-content/uploads/2023/10/Secret-Potion-–-N1.jpeg,wordpress-migration/2023/10/Secret-Potion-–-N1.jpeg,/media/wordpress-migration/2023/10/Secret-Potion-–-N1.jpeg,Secret-Potion-–-N1.jpeg,2023/10,13603,product_featured_image,2,1,"[{""type"": ""product_featured_image"", ""wcProductId"": 13609, ""sku"": ""12544"", ""productName"": ""Secret Potion – N2"", ""position"": 0}, {""type"": ""product_featured_image"", ""wcProductId"": 13601, ""sku"": ""12545"", ""productName"": ""Secret Potion – N1"", ""position"": 0}]",download only; do not delete or update references during import approval step
import_file_and_create_or_reuse_media_asset,https://coveinterior.com/wp-content/uploads/2023/10/Secret-Potion-–-N3.jpeg,wordpress-migration/2023/10/Secret-Potion-–-N3.jpeg,/media/wordpress-migration/2023/10/Secret-Potion-–-N3.jpeg,Secret-Potion-–-N3.jpeg,2023/10,13607,product_featured_image,1,1,"[{""type"": ""product_featured_image"", ""wcProductId"": 13611, ""sku"": ""12543"", ""productName"": ""Secret Potion – N3"", ""position"": 0}]",download only; do not delete or update references during import approval step
import_file_and_create_or_reuse_media_asset,https://coveinterior.com/wp-content/uploads/2023/10/Shelf-Unit-Black.jpg,wordpress-migration/2023/10/Shelf-Unit-Black.jpg,/media/wordpress-migration/2023/10/Shelf-Unit-Black.jpg,Shelf-Unit-Black.jpg,2023/10,13367,product_featured_image,1,1,"[{""type"": ""product_featured_image"", ""wcProductId"": 13365, ""sku"": ""12546"", ""productName"": ""Shelf Unit - Black"", ""position"": 0}]",download only; do not delete or update references during import approval step
import_file_and_create_or_reuse_media_asset,https://coveinterior.com/wp-content/uploads/2023/10/Shelf-Unit-Dark-Gray.jpg,wordpress-migration/2023/10/Shelf-Unit-Dark-Gray.jpg,/media/wordpress-migration/2023/10/Shelf-Unit-Dark-Gray.jpg,Shelf-Unit-Dark-Gray.jpg,2023/10,13359,product_featured_image,2,1,"[{""type"": ""product_featured_image"", ""wcProductId"": 13361, ""sku"": ""12547"", ""productName"": ""Shelf Unit - Light Gray"", ""position"": 0}, {""type"": ""product_featured_image"", ""wcProductId"": 13357, ""sku"": ""12548"", ""productName"": ""Shelf Unit - Dark Gray"", ""position"": 0}]",download only; do not delete or update references during import approval step
import_file_and_create_or_reuse_media_asset,https://coveinterior.com/wp-content/uploads/2023/10/slide-1.jpg,wordpress-migration/2023/10/slide-1.jpg,/media/wordpress-migration/2023/10/slide-1.jpg,slide-1.jpg,2023/10,,page_embedded_media_url,1,1,"[{""type"": ""page_embedded_media_url"", ""postType"": ""page"", ""wpPostId"": 1066, ""slug"": ""home"", ""title"": ""Home""}]",download only; do not delete or update references during import approval step
import_file_and_create_or_reuse_media_asset,https://coveinterior.com/wp-content/uploads/2023/10/slide-3.jpg,wordpress-migration/2023/10/slide-3.jpg,/media/wordpress-migration/2023/10/slide-3.jpg,slide-3.jpg,2023/10,,page_embedded_media_url,1,1,"[{""type"": ""page_embedded_media_url"", ""postType"": ""page"", ""wpPostId"": 1066, ""slug"": ""home"", ""title"": ""Home""}]",download only; do not delete or update references during import approval step
import_file_and_create_or_reuse_media_asset,https://coveinterior.com/wp-content/uploads/2023/10/slide-4.jpg,wordpress-migration/2023/10/slide-4.jpg,/media/wordpress-migration/2023/10/slide-4.jpg,slide-4.jpg,2023/10,,page_embedded_media_url,1,1,"[{""type"": ""page_embedded_media_url"", ""postType"": ""page"", ""wpPostId"": 1066, ""slug"": ""home"", ""title"": ""Home""}]",download only; do not delete or update references during import approval step
import_file_and_create_or_reuse_media_asset,https://coveinterior.com/wp-content/uploads/2023/10/Trapezoid-Dark-Gray.jpg,wordpress-migration/2023/10/Trapezoid-Dark-Gray.jpg,/media/wordpress-migration/2023/10/Trapezoid-Dark-Gray.jpg,Trapezoid-Dark-Gray.jpg,2023/10,13342,product_featured_image,1,1,"[{""type"": ""product_featured_image"", ""wcProductId"": 13341, ""sku"": ""12552"", ""productName"": ""Trapezoid - Dark Gray"", ""position"": 0}]",download only; do not delete or update references during import approval step
import_file_and_create_or_reuse_media_asset,https://coveinterior.com/wp-content/uploads/2023/10/Trapezoid-Light-Beige.jpg,wordpress-migration/2023/10/Trapezoid-Light-Beige.jpg,/media/wordpress-migration/2023/10/Trapezoid-Light-Beige.jpg,Trapezoid-Light-Beige.jpg,2023/10,13350,product_featured_image,1,1,"[{""type"": ""product_featured_image"", ""wcProductId"": 13349, ""sku"": ""12550"", ""productName"": ""Trapezoid - Light Beige"", ""position"": 0}]",download only; do not delete or update references during import approval step
import_file_and_create_or_reuse_media_asset,https://coveinterior.com/wp-content/uploads/2023/10/Trapezoid-White-and-Gray.jpg,wordpress-migration/2023/10/Trapezoid-White-and-Gray.jpg,/media/wordpress-migration/2023/10/Trapezoid-White-and-Gray.jpg,Trapezoid-White-and-Gray.jpg,2023/10,13346,product_featured_image,1,1,"[{""type"": ""product_featured_image"", ""wcProductId"": 13345, ""sku"": ""12551"", ""productName"": ""Trapezoid - White and Gray"", ""position"": 0}]",download only; do not delete or update references during import approval step
import_file_and_create_or_reuse_media_asset,https://coveinterior.com/wp-content/uploads/2023/11/dark-paint.jpeg,wordpress-migration/2023/11/dark-paint.jpeg,/media/wordpress-migration/2023/11/dark-paint.jpeg,dark-paint.jpeg,2023/11,14104,product_featured_image,1,1,"[{""type"": ""product_featured_image"", ""wcProductId"": 14108, ""sku"": ""12539"", ""productName"": ""dark painting"", ""position"": 0}]",download only; do not delete or update references during import approval step
import_file_and_create_or_reuse_media_asset,https://coveinterior.com/wp-content/uploads/2023/11/God-Names.jpeg,wordpress-migration/2023/11/God-Names.jpeg,/media/wordpress-migration/2023/11/God-Names.jpeg,God-Names.jpeg,2023/11,14098,product_featured_image,1,1,"[{""type"": ""product_featured_image"", ""wcProductId"": 14097, ""sku"": ""12542"", ""productName"": ""God Names 3 rows"", ""position"": 0}]",download only; do not delete or update references during import approval step
import_file_and_create_or_reuse_media_asset,https://coveinterior.com/wp-content/uploads/2023/11/light-paint.jpeg,wordpress-migration/2023/11/light-paint.jpeg,/media/wordpress-migration/2023/11/light-paint.jpeg,light-paint.jpeg,2023/11,14106,product_featured_image,1,1,"[{""type"": ""product_featured_image"", ""wcProductId"": 14103, ""sku"": ""12540"", ""productName"": ""light painting"", ""position"": 0}]",download only; do not delete or update references during import approval step
import_file_and_create_or_reuse_media_asset,https://coveinterior.com/wp-content/uploads/2023/11/mirror.jpeg,wordpress-migration/2023/11/mirror.jpeg,/media/wordpress-migration/2023/11/mirror.jpeg,mirror.jpeg,2023/11,14101,product_featured_image,1,1,"[{""type"": ""product_featured_image"", ""wcProductId"": 14100, ""sku"": ""12541"", ""productName"": ""mirror"", ""position"": 0}]",download only; do not delete or update references during import approval step
import_file_and_create_or_reuse_media_asset,https://coveinterior.com/wp-content/uploads/2023/11/paint-1.png,wordpress-migration/2023/11/paint-1.png,/media/wordpress-migration/2023/11/paint-1.png,paint-1.png,2023/11,14153,product_featured_image,1,1,"[{""type"": ""product_featured_image"", ""wcProductId"": 14151, ""sku"": ""12530"", ""productName"": ""paint 1"", ""position"": 0}]",download only; do not delete or update references during import approval step
import_file_and_create_or_reuse_media_asset,https://coveinterior.com/wp-content/uploads/2023/11/paint-2.png,wordpress-migration/2023/11/paint-2.png,/media/wordpress-migration/2023/11/paint-2.png,paint-2.png,2023/11,14155,product_featured_image,1,1,"[{""type"": ""product_featured_image"", ""wcProductId"": 14157, ""sku"": ""12531"", ""productName"": ""paint 2"", ""position"": 0}]",download only; do not delete or update references during import approval step
import_file_and_create_or_reuse_media_asset,https://coveinterior.com/wp-content/uploads/2023/12/accessories-1-en.jpg,wordpress-migration/2023/12/accessories-1-en.jpg,/media/wordpress-migration/2023/12/accessories-1-en.jpg,accessories-1-en.jpg,2023/12,,page_embedded_media_url,2,1,"[{""type"": ""page_embedded_media_url"", ""postType"": ""page"", ""wpPostId"": 17135, ""slug"": ""brass-furniture-full"", ""title"": ""Brass Furniture Full""}, {""type"": ""page_embedded_media_url"", ""postType"": ""page"", ""wpPostId"": 7442, ""slug"": ""brass-furniture"", ""title"": ""Brass furniture""}]",download only; do not delete or update references during import approval step
import_file_and_create_or_reuse_media_asset,https://coveinterior.com/wp-content/uploads/2023/12/accessories-1-en.webp,wordpress-migration/2023/12/accessories-1-en.webp,/media/wordpress-migration/2023/12/accessories-1-en.webp,accessories-1-en.webp,2023/12,15659,category_image,1,1,"[{""type"": ""category_image"", ""wcCategoryId"": 458, ""name"": ""Accessories Store"", ""slug"": ""accessories-store""}]",download only; do not delete or update references during import approval step
import_file_and_create_or_reuse_media_asset,https://coveinterior.com/wp-content/uploads/2023/12/DSF6832-Websize-1.jpg,wordpress-migration/2023/12/DSF6832-Websize-1.jpg,/media/wordpress-migration/2023/12/DSF6832-Websize-1.jpg,DSF6832-Websize-1.jpg,2023/12,14463,product_gallery_image,9,1,"[{""type"": ""product_gallery_image"", ""wcProductId"": 14487, ""sku"": ""12570"", ""productName"": ""Tissue box Black"", ""position"": 1}, {""type"": ""product_gallery_image"", ""wcProductId"": 14485, ""sku"": ""12571"", ""productName"": ""Tissue box Bronze"", ""position"": 1}, {""type"": ""product_gallery_image"", ""wcProductId"": 14483, ""sku"": ""12569"", ""productName"": ""Tissue box Beige"", ""position"": 1}]",download only; do not delete or update references during import approval step
import_file_and_create_or_reuse_media_asset,https://coveinterior.com/wp-content/uploads/2023/12/Mini-Roshina-Mubkhar-black-set.jpg,wordpress-migration/2023/12/Mini-Roshina-Mubkhar-black-set.jpg,/media/wordpress-migration/2023/12/Mini-Roshina-Mubkhar-black-set.jpg,Mini-Roshina-Mubkhar-black-set.jpg,2023/12,17399,variation_image,2,1,"[{""type"": ""variation_image"", ""wcProductId"": 14437, ""parentSku"": ""12562"", ""wcVariantId"": 17542, ""sku"": ""12562"", ""attributes"": [{""id"": 19, ""name"": ""Select Mini Roshina box set"", ""slug"": ""pa_select-mini-roshina-box-set"", ""option"": ""Full set + Roshina Mubkhar""}]}, {""type"": ""variation_image"", ""wcProductId"": 14437, ""parentSku"": ""12562"", ""wcVariantId"": 17540, ""sku"": ""12562"", ""attributes"": [{""id"": 19, ""name"": ""Select Mini Roshina box set"", ""slug"": ""pa_select-mini-roshina-box-set"", ""option"": ""Basic set + Roshina Mubkhar""}]}]",download only; do not delete or update references during import approval step
import_file_and_create_or_reuse_media_asset,https://coveinterior.com/wp-content/uploads/2023/12/MR1-black-opened.jpg,wordpress-migration/2023/12/MR1-black-opened.jpg,/media/wordpress-migration/2023/12/MR1-black-opened.jpg,MR1-black-opened.jpg,2023/12,14297,product_gallery_image,3,1,"[{""type"": ""product_gallery_image"", ""wcProductId"": 14437, ""sku"": ""12562"", ""productName"": ""Mini Roshina Black store"", ""position"": 5}, {""type"": ""product_gallery_image"", ""wcProductId"": 14414, ""sku"": ""12558"", ""productName"": ""Mini Roshina Black event"", ""position"": 5}, {""type"": ""product_gallery_image"", ""wcProductId"": 14289, ""sku"": ""12553"", ""productName"": ""Mini Roshina Black"", ""position"": 5}]",download only; do not delete or update references during import approval step
import_file_and_create_or_reuse_media_asset,https://coveinterior.com/wp-content/uploads/2023/12/MR1-white-opened.jpg-new.jpg,wordpress-migration/2023/12/MR1-white-opened.jpg-new.jpg,/media/wordpress-migration/2023/12/MR1-white-opened.jpg-new.jpg,MR1-white-opened.jpg-new.jpg,2023/12,14351,product_gallery_image,1,1,"[{""type"": ""product_gallery_image"", ""wcProductId"": 14400, ""sku"": ""12556"", ""productName"": ""Mini Roshina White event"", ""position"": 5}]",download only; do not delete or update references during import approval step
import_file_and_create_or_reuse_media_asset,https://coveinterior.com/wp-content/uploads/2023/12/MR2-black-closed.jpg,wordpress-migration/2023/12/MR2-black-closed.jpg,/media/wordpress-migration/2023/12/MR2-black-closed.jpg,MR2-black-closed.jpg,2023/12,14299,page_embedded_media_url|product_featured_image|variation_image,25,8,"[{""type"": ""product_featured_image"", ""wcProductId"": 14437, ""sku"": ""12562"", ""productName"": ""Mini Roshina Black store"", ""position"": 0}, {""type"": ""variation_image"", ""wcProductId"": 14437, ""parentSku"": ""12562"", ""wcVariantId"": 14439, ""sku"": ""12562"", ""attributes"": [{""id"": 19, ""name"": ""Select Mini Roshina box set"", ""slug"": ""pa_select-mini-roshina-box-set"", ""option"": ""Full set (Only Box)""}]}, {""type"": ""variation_image"", ""wcProductId"": 14437, ""parentSku"": ""12562"", ""wcVariantId"": 14438, ""sku"": ""12562"", ""attributes"": [{""id"": 19, ""name"": ""Select Mini Roshina box set"", ""slug"": ""pa_select-mini-roshina-box-set"", ""option"": ""Basic set (Only Box)""}]}]",download only; do not delete or update references during import approval step
import_file_and_create_or_reuse_media_asset,https://coveinterior.com/wp-content/uploads/2023/12/MR2-gray-closed.jpg,wordpress-migration/2023/12/MR2-gray-closed.jpg,/media/wordpress-migration/2023/12/MR2-gray-closed.jpg,MR2-gray-closed.jpg,2023/12,14325,page_embedded_media_url|product_featured_image|variation_image,28,8,"[{""type"": ""product_featured_image"", ""wcProductId"": 17552, ""sku"": ""14557"", ""productName"": ""Mini Roshina Beige store"", ""position"": 0}, {""type"": ""variation_image"", ""wcProductId"": 17552, ""parentSku"": ""14557"", ""wcVariantId"": 17555, ""sku"": ""14557"", ""attributes"": [{""id"": 19, ""name"": ""Select Mini Roshina box set"", ""slug"": ""pa_select-mini-roshina-box-set"", ""option"": ""Full set (Only Box)""}]}, {""type"": ""variation_image"", ""wcProductId"": 17552, ""parentSku"": ""14557"", ""wcVariantId"": 17553, ""sku"": ""14557"", ""attributes"": [{""id"": 19, ""name"": ""Select Mini Roshina box set"", ""slug"": ""pa_select-mini-roshina-box-set"", ""option"": ""Basic set (Only Box)""}]}]",download only; do not delete or update references during import approval step
import_file_and_create_or_reuse_media_asset,https://coveinterior.com/wp-content/uploads/2023/12/MR2-white-closed.jpg-new.jpg,wordpress-migration/2023/12/MR2-white-closed.jpg-new.jpg,/media/wordpress-migration/2023/12/MR2-white-closed.jpg-new.jpg,MR2-white-closed.jpg-new.jpg,2023/12,14353,product_featured_image|variation_image,3,1,"[{""type"": ""product_featured_image"", ""wcProductId"": 14400, ""sku"": ""12556"", ""productName"": ""Mini Roshina White event"", ""position"": 0}, {""type"": ""variation_image"", ""wcProductId"": 14400, ""parentSku"": ""12556"", ""wcVariantId"": 14402, ""sku"": ""12556"", ""attributes"": [{""id"": 8, ""name"": ""Select box set"", ""slug"": ""pa_select-box-set"", ""option"": ""Full set""}]}, {""type"": ""variation_image"", ""wcProductId"": 14400, ""parentSku"": ""12556"", ""wcVariantId"": 14401, ""sku"": ""12556"", ""attributes"": [{""id"": 8, ""name"": ""Select box set"", ""slug"": ""pa_select-box-set"", ""option"": ""Basic set""}]}]",download only; do not delete or update references during import approval step
import_file_and_create_or_reuse_media_asset,https://coveinterior.com/wp-content/uploads/2023/12/MR3-black-closed.jpg,wordpress-migration/2023/12/MR3-black-closed.jpg,/media/wordpress-migration/2023/12/MR3-black-closed.jpg,MR3-black-closed.jpg,2023/12,14303,product_gallery_image,3,1,"[{""type"": ""product_gallery_image"", ""wcProductId"": 14437, ""sku"": ""12562"", ""productName"": ""Mini Roshina Black store"", ""position"": 3}, {""type"": ""product_gallery_image"", ""wcProductId"": 14414, ""sku"": ""12558"", ""productName"": ""Mini Roshina Black event"", ""position"": 3}, {""type"": ""product_gallery_image"", ""wcProductId"": 14289, ""sku"": ""12553"", ""productName"": ""Mini Roshina Black"", ""position"": 3}]",download only; do not delete or update references during import approval step
import_file_and_create_or_reuse_media_asset,https://coveinterior.com/wp-content/uploads/2023/12/MR3-black-opened.jpg,wordpress-migration/2023/12/MR3-black-opened.jpg,/media/wordpress-migration/2023/12/MR3-black-opened.jpg,MR3-black-opened.jpg,2023/12,14305,product_gallery_image,3,1,"[{""type"": ""product_gallery_image"", ""wcProductId"": 14437, ""sku"": ""12562"", ""productName"": ""Mini Roshina Black store"", ""position"": 4}, {""type"": ""product_gallery_image"", ""wcProductId"": 14414, ""sku"": ""12558"", ""productName"": ""Mini Roshina Black event"", ""position"": 4}, {""type"": ""product_gallery_image"", ""wcProductId"": 14289, ""sku"": ""12553"", ""productName"": ""Mini Roshina Black"", ""position"": 4}]",download only; do not delete or update references during import approval step
import_file_and_create_or_reuse_media_asset,https://coveinterior.com/wp-content/uploads/2023/12/MR3-gray-closed.jpg,wordpress-migration/2023/12/MR3-gray-closed.jpg,/media/wordpress-migration/2023/12/MR3-gray-closed.jpg,MR3-gray-closed.jpg,2023/12,14329,product_gallery_image,4,1,"[{""type"": ""product_gallery_image"", ""wcProductId"": 17552, ""sku"": ""14557"", ""productName"": ""Mini Roshina Beige store"", ""position"": 4}, {""type"": ""product_gallery_image"", ""wcProductId"": 14431, ""sku"": ""12561"", ""productName"": ""Mini Roshina gray store"", ""position"": 4}, {""type"": ""product_gallery_image"", ""wcProductId"": 14408, ""sku"": ""12559"", ""productName"": ""Mini Roshina gray event"", ""position"": 4}]",download only; do not delete or update references during import approval step
import_file_and_create_or_reuse_media_asset,https://coveinterior.com/wp-content/uploads/2023/12/MR3-gray-opened.jpg,wordpress-migration/2023/12/MR3-gray-opened.jpg,/media/wordpress-migration/2023/12/MR3-gray-opened.jpg,MR3-gray-opened.jpg,2023/12,14331,product_gallery_image,4,1,"[{""type"": ""product_gallery_image"", ""wcProductId"": 17552, ""sku"": ""14557"", ""productName"": ""Mini Roshina Beige store"", ""position"": 5}, {""type"": ""product_gallery_image"", ""wcProductId"": 14431, ""sku"": ""12561"", ""productName"": ""Mini Roshina gray store"", ""position"": 5}, {""type"": ""product_gallery_image"", ""wcProductId"": 14408, ""sku"": ""12559"", ""productName"": ""Mini Roshina gray event"", ""position"": 5}]",download only; do not delete or update references during import approval step
import_file_and_create_or_reuse_media_asset,https://coveinterior.com/wp-content/uploads/2023/12/MR3-white-closed.jpg-new.jpg,wordpress-migration/2023/12/MR3-white-closed.jpg-new.jpg,/media/wordpress-migration/2023/12/MR3-white-closed.jpg-new.jpg,MR3-white-closed.jpg-new.jpg,2023/12,14357,product_gallery_image,1,1,"[{""type"": ""product_gallery_image"", ""wcProductId"": 14400, ""sku"": ""12556"", ""productName"": ""Mini Roshina White event"", ""position"": 3}]",download only; do not delete or update references during import approval step
import_file_and_create_or_reuse_media_asset,https://coveinterior.com/wp-content/uploads/2023/12/MR3-white-opened.jpg-new.jpg,wordpress-migration/2023/12/MR3-white-opened.jpg-new.jpg,/media/wordpress-migration/2023/12/MR3-white-opened.jpg-new.jpg,MR3-white-opened.jpg-new.jpg,2023/12,14359,product_gallery_image,1,1,"[{""type"": ""product_gallery_image"", ""wcProductId"": 14400, ""sku"": ""12556"", ""productName"": ""Mini Roshina White event"", ""position"": 4}]",download only; do not delete or update references during import approval step
import_file_and_create_or_reuse_media_asset,https://coveinterior.com/wp-content/uploads/2023/12/MR4-gray.jpg,wordpress-migration/2023/12/MR4-gray.jpg,/media/wordpress-migration/2023/12/MR4-gray.jpg,MR4-gray.jpg,2023/12,14333,product_gallery_image,4,1,"[{""type"": ""product_gallery_image"", ""wcProductId"": 17552, ""sku"": ""14557"", ""productName"": ""Mini Roshina Beige store"", ""position"": 3}, {""type"": ""product_gallery_image"", ""wcProductId"": 14431, ""sku"": ""12561"", ""productName"": ""Mini Roshina gray store"", ""position"": 3}, {""type"": ""product_gallery_image"", ""wcProductId"": 14408, ""sku"": ""12559"", ""productName"": ""Mini Roshina gray event"", ""position"": 3}]",download only; do not delete or update references during import approval step
import_file_and_create_or_reuse_media_asset,https://coveinterior.com/wp-content/uploads/2023/12/MR5-black.jpg,wordpress-migration/2023/12/MR5-black.jpg,/media/wordpress-migration/2023/12/MR5-black.jpg,MR5-black.jpg,2023/12,14339,product_gallery_image,3,1,"[{""type"": ""product_gallery_image"", ""wcProductId"": 14437, ""sku"": ""12562"", ""productName"": ""Mini Roshina Black store"", ""position"": 2}, {""type"": ""product_gallery_image"", ""wcProductId"": 14414, ""sku"": ""12558"", ""productName"": ""Mini Roshina Black event"", ""position"": 2}, {""type"": ""product_gallery_image"", ""wcProductId"": 14289, ""sku"": ""12553"", ""productName"": ""Mini Roshina Black"", ""position"": 2}]",download only; do not delete or update references during import approval step
import_file_and_create_or_reuse_media_asset,https://coveinterior.com/wp-content/uploads/2023/12/MR5-gray.jpg,wordpress-migration/2023/12/MR5-gray.jpg,/media/wordpress-migration/2023/12/MR5-gray.jpg,MR5-gray.jpg,2023/12,14335,product_gallery_image,4,1,"[{""type"": ""product_gallery_image"", ""wcProductId"": 17552, ""sku"": ""14557"", ""productName"": ""Mini Roshina Beige store"", ""position"": 2}, {""type"": ""product_gallery_image"", ""wcProductId"": 14431, ""sku"": ""12561"", ""productName"": ""Mini Roshina gray store"", ""position"": 2}, {""type"": ""product_gallery_image"", ""wcProductId"": 14408, ""sku"": ""12559"", ""productName"": ""Mini Roshina gray event"", ""position"": 2}]",download only; do not delete or update references during import approval step
import_file_and_create_or_reuse_media_asset,https://coveinterior.com/wp-content/uploads/2023/12/MR5-white.jpg-new.jpg,wordpress-migration/2023/12/MR5-white.jpg-new.jpg,/media/wordpress-migration/2023/12/MR5-white.jpg-new.jpg,MR5-white.jpg-new.jpg,2023/12,14363,product_gallery_image,1,1,"[{""type"": ""product_gallery_image"", ""wcProductId"": 14400, ""sku"": ""12556"", ""productName"": ""Mini Roshina White event"", ""position"": 2}]",download only; do not delete or update references during import approval step
import_file_and_create_or_reuse_media_asset,https://coveinterior.com/wp-content/uploads/2023/12/MR6-black.jpg,wordpress-migration/2023/12/MR6-black.jpg,/media/wordpress-migration/2023/12/MR6-black.jpg,MR6-black.jpg,2023/12,14309,product_gallery_image,3,1,"[{""type"": ""product_gallery_image"", ""wcProductId"": 14437, ""sku"": ""12562"", ""productName"": ""Mini Roshina Black store"", ""position"": 1}, {""type"": ""product_gallery_image"", ""wcProductId"": 14414, ""sku"": ""12558"", ""productName"": ""Mini Roshina Black event"", ""position"": 1}, {""type"": ""product_gallery_image"", ""wcProductId"": 14289, ""sku"": ""12553"", ""productName"": ""Mini Roshina Black"", ""position"": 1}]",download only; do not delete or update references during import approval step
import_file_and_create_or_reuse_media_asset,https://coveinterior.com/wp-content/uploads/2023/12/MR6-gray.jpg,wordpress-migration/2023/12/MR6-gray.jpg,/media/wordpress-migration/2023/12/MR6-gray.jpg,MR6-gray.jpg,2023/12,14337,product_gallery_image,4,1,"[{""type"": ""product_gallery_image"", ""wcProductId"": 17552, ""sku"": ""14557"", ""productName"": ""Mini Roshina Beige store"", ""position"": 1}, {""type"": ""product_gallery_image"", ""wcProductId"": 14431, ""sku"": ""12561"", ""productName"": ""Mini Roshina gray store"", ""position"": 1}, {""type"": ""product_gallery_image"", ""wcProductId"": 14408, ""sku"": ""12559"", ""productName"": ""Mini Roshina gray event"", ""position"": 1}]",download only; do not delete or update references during import approval step
import_file_and_create_or_reuse_media_asset,https://coveinterior.com/wp-content/uploads/2023/12/MR6-white.jpg,wordpress-migration/2023/12/MR6-white.jpg,/media/wordpress-migration/2023/12/MR6-white.jpg,MR6-white.jpg,2023/12,14365,product_gallery_image,1,1,"[{""type"": ""product_gallery_image"", ""wcProductId"": 14400, ""sku"": ""12556"", ""productName"": ""Mini Roshina White event"", ""position"": 1}]",download only; do not delete or update references during import approval step
import_file_and_create_or_reuse_media_asset,https://coveinterior.com/wp-content/uploads/2023/12/oak-table-1.png,wordpress-migration/2023/12/oak-table-1.png,/media/wordpress-migration/2023/12/oak-table-1.png,oak-table-1.png,2023/12,14368,product_featured_image,1,1,"[{""type"": ""product_featured_image"", ""wcProductId"": 14367, ""sku"": ""1"", ""productName"": ""Oak Table"", ""position"": 0}]",download only; do not delete or update references during import approval step
import_file_and_create_or_reuse_media_asset,https://coveinterior.com/wp-content/uploads/2023/12/roshina-Boxes.jpg,wordpress-migration/2023/12/roshina-Boxes.jpg,/media/wordpress-migration/2023/12/roshina-Boxes.jpg,roshina-Boxes.jpg,2023/12,,page_embedded_media_url,2,1,"[{""type"": ""page_embedded_media_url"", ""postType"": ""page"", ""wpPostId"": 17135, ""slug"": ""brass-furniture-full"", ""title"": ""Brass Furniture Full""}, {""type"": ""page_embedded_media_url"", ""postType"": ""page"", ""wpPostId"": 7442, ""slug"": ""brass-furniture"", ""title"": ""Brass furniture""}]",download only; do not delete or update references during import approval step
import_file_and_create_or_reuse_media_asset,https://coveinterior.com/wp-content/uploads/2023/12/tissue-box-beige.jpg,wordpress-migration/2023/12/tissue-box-beige.jpg,/media/wordpress-migration/2023/12/tissue-box-beige.jpg,tissue-box-beige.jpg,2023/12,14465,page_embedded_media_url|product_featured_image,21,10,"[{""type"": ""product_featured_image"", ""wcProductId"": 14483, ""sku"": ""12569"", ""productName"": ""Tissue box Beige"", ""position"": 0}, {""type"": ""product_featured_image"", ""wcProductId"": 14475, ""sku"": ""12566"", ""productName"": ""Tissue box Beige store"", ""position"": 0}, {""type"": ""product_featured_image"", ""wcProductId"": 14473, ""sku"": ""12565"", ""productName"": ""Tissue box Beige event"", ""position"": 0}]",download only; do not delete or update references during import approval step
import_file_and_create_or_reuse_media_asset,https://coveinterior.com/wp-content/uploads/2023/12/tissue-box-beige.webp,wordpress-migration/2023/12/tissue-box-beige.webp,/media/wordpress-migration/2023/12/tissue-box-beige.webp,tissue-box-beige.webp,2023/12,15620|15623,variation_image,2,1,"[{""type"": ""variation_image"", ""wcProductId"": 14483, ""parentSku"": ""12569"", ""wcVariantId"": 17958, ""sku"": ""12569"", ""attributes"": [{""id"": 17, ""name"": ""Select tissue box"", ""slug"": ""pa_select-tissue-box"", ""option"": ""Single""}]}, {""type"": ""variation_image"", ""wcProductId"": 14475, ""parentSku"": ""12566"", ""wcVariantId"": 18176, ""sku"": ""12566"", ""attributes"": [{""id"": 17, ""name"": ""Select tissue box"", ""slug"": ""pa_select-tissue-box"", ""option"": ""Single""}]}]",download only; do not delete or update references during import approval step
import_file_and_create_or_reuse_media_asset,https://coveinterior.com/wp-content/uploads/2023/12/tissue-box-black.jpg,wordpress-migration/2023/12/tissue-box-black.jpg,/media/wordpress-migration/2023/12/tissue-box-black.jpg,tissue-box-black.jpg,2023/12,14467,page_embedded_media_url|product_featured_image|variation_image,22,10,"[{""type"": ""product_featured_image"", ""wcProductId"": 14487, ""sku"": ""12570"", ""productName"": ""Tissue box Black"", ""position"": 0}, {""type"": ""product_featured_image"", ""wcProductId"": 14480, ""sku"": ""12568"", ""productName"": ""Tissue box Black Store"", ""position"": 0}, {""type"": ""variation_image"", ""wcProductId"": 14480, ""parentSku"": ""12568"", ""wcVariantId"": 18161, ""sku"": ""12568"", ""attributes"": [{""id"": 17, ""name"": ""Select tissue box"", ""slug"": ""pa_select-tissue-box"", ""option"": ""Single""}]}]",download only; do not delete or update references during import approval step
import_file_and_create_or_reuse_media_asset,https://coveinterior.com/wp-content/uploads/2023/12/tissue-box-black.webp,wordpress-migration/2023/12/tissue-box-black.webp,/media/wordpress-migration/2023/12/tissue-box-black.webp,tissue-box-black.webp,2023/12,15618,variation_image,1,1,"[{""type"": ""variation_image"", ""wcProductId"": 14487, ""parentSku"": ""12570"", ""wcVariantId"": 17947, ""sku"": ""12570"", ""attributes"": [{""id"": 17, ""name"": ""Select tissue box"", ""slug"": ""pa_select-tissue-box"", ""option"": ""Single""}]}]",download only; do not delete or update references during import approval step
import_file_and_create_or_reuse_media_asset,https://coveinterior.com/wp-content/uploads/2023/12/tissue-box-Bronze.jpg,wordpress-migration/2023/12/tissue-box-Bronze.jpg,/media/wordpress-migration/2023/12/tissue-box-Bronze.jpg,tissue-box-Bronze.jpg,2023/12,14469,page_embedded_media_url|product_featured_image,21,10,"[{""type"": ""product_featured_image"", ""wcProductId"": 14485, ""sku"": ""12571"", ""productName"": ""Tissue box Bronze"", ""position"": 0}, {""type"": ""product_featured_image"", ""wcProductId"": 14478, ""sku"": ""12567"", ""productName"": ""Tissue box Bronze Store"", ""position"": 0}, {""type"": ""product_featured_image"", ""wcProductId"": 14471, ""sku"": ""12564"", ""productName"": ""Tissue box Bronze event"", ""position"": 0}]",download only; do not delete or update references during import approval step
import_file_and_create_or_reuse_media_asset,https://coveinterior.com/wp-content/uploads/2023/12/tissue-box-Bronze.webp,wordpress-migration/2023/12/tissue-box-Bronze.webp,/media/wordpress-migration/2023/12/tissue-box-Bronze.webp,tissue-box-Bronze.webp,2023/12,15615,variation_image,2,1,"[{""type"": ""variation_image"", ""wcProductId"": 14485, ""parentSku"": ""12571"", ""wcVariantId"": 17951, ""sku"": ""12571"", ""attributes"": [{""id"": 17, ""name"": ""Select tissue box"", ""slug"": ""pa_select-tissue-box"", ""option"": ""Single""}]}, {""type"": ""variation_image"", ""wcProductId"": 14478, ""parentSku"": ""12567"", ""wcVariantId"": 18169, ""sku"": ""12567"", ""attributes"": [{""id"": 17, ""name"": ""Select tissue box"", ""slug"": ""pa_select-tissue-box"", ""option"": ""Single""}]}]",download only; do not delete or update references during import approval step
import_file_and_create_or_reuse_media_asset,https://coveinterior.com/wp-content/uploads/2023/12/tissue-box-sizes.jpg,wordpress-migration/2023/12/tissue-box-sizes.jpg,/media/wordpress-migration/2023/12/tissue-box-sizes.jpg,tissue-box-sizes.jpg,2023/12,14502,product_gallery_image,3,1,"[{""type"": ""product_gallery_image"", ""wcProductId"": 14487, ""sku"": ""12570"", ""productName"": ""Tissue box Black"", ""position"": 2}, {""type"": ""product_gallery_image"", ""wcProductId"": 14485, ""sku"": ""12571"", ""productName"": ""Tissue box Bronze"", ""position"": 2}, {""type"": ""product_gallery_image"", ""wcProductId"": 14483, ""sku"": ""12569"", ""productName"": ""Tissue box Beige"", ""position"": 2}]",download only; do not delete or update references during import approval step
import_file_and_create_or_reuse_media_asset,https://coveinterior.com/wp-content/uploads/2024/01/لوحة-اسماء-الله-الحسنى-الرباعية-450.jpeg,wordpress-migration/2024/01/لوحة-اسماء-الله-الحسنى-الرباعية-450.jpeg,/media/wordpress-migration/2024/01/لوحة-اسماء-الله-الحسنى-الرباعية-450.jpeg,لوحة-اسماء-الله-الحسنى-الرباعية-450.jpeg,2024/01,14943,product_featured_image,1,1,"[{""type"": ""product_featured_image"", ""wcProductId"": 14962, ""sku"": ""12581"", ""productName"": ""لوحة اسماء الله الحسنى الرباعية"", ""position"": 0}]",download only; do not delete or update references during import approval step
import_file_and_create_or_reuse_media_asset,https://coveinterior.com/wp-content/uploads/2024/01/لوحة-الأبواب-130.jpeg,wordpress-migration/2024/01/لوحة-الأبواب-130.jpeg,/media/wordpress-migration/2024/01/لوحة-الأبواب-130.jpeg,لوحة-الأبواب-130.jpeg,2024/01,14939,product_featured_image,1,1,"[{""type"": ""product_featured_image"", ""wcProductId"": 14958, ""sku"": ""12579"", ""productName"": ""لوحة الأبواب"", ""position"": 0}]",download only; do not delete or update references during import approval step
import_file_and_create_or_reuse_media_asset,https://coveinterior.com/wp-content/uploads/2024/01/لوحة-البسملة-60.jpeg,wordpress-migration/2024/01/لوحة-البسملة-60.jpeg,/media/wordpress-migration/2024/01/لوحة-البسملة-60.jpeg,لوحة-البسملة-60.jpeg,2024/01,14935,product_featured_image,1,1,"[{""type"": ""product_featured_image"", ""wcProductId"": 14954, ""sku"": ""12577"", ""productName"": ""لوحة البسملة"", ""position"": 0}]",download only; do not delete or update references during import approval step
import_file_and_create_or_reuse_media_asset,https://coveinterior.com/wp-content/uploads/2024/01/لوحة-البسملة-60.webp,wordpress-migration/2024/01/لوحة-البسملة-60.webp,/media/wordpress-migration/2024/01/لوحة-البسملة-60.webp,لوحة-البسملة-60.webp,2024/01,15591,category_image,1,1,"[{""type"": ""category_image"", ""wcCategoryId"": 394, ""name"": ""Store Vendors"", ""slug"": ""store-vendors""}]",download only; do not delete or update references during import approval step
import_file_and_create_or_reuse_media_asset,https://coveinterior.com/wp-content/uploads/2024/01/لوحة-الطاووس-150.jpeg,wordpress-migration/2024/01/لوحة-الطاووس-150.jpeg,/media/wordpress-migration/2024/01/لوحة-الطاووس-150.jpeg,لوحة-الطاووس-150.jpeg,2024/01,14941,product_featured_image,1,1,"[{""type"": ""product_featured_image"", ""wcProductId"": 14960, ""sku"": ""12580"", ""productName"": ""لوحة الطاووس"", ""position"": 0}]",download only; do not delete or update references during import approval step
import_file_and_create_or_reuse_media_asset,https://coveinterior.com/wp-content/uploads/2024/01/لوحة-العفو-150.jpeg,wordpress-migration/2024/01/لوحة-العفو-150.jpeg,/media/wordpress-migration/2024/01/لوحة-العفو-150.jpeg,لوحة-العفو-150.jpeg,2024/01,14933,product_featured_image,1,1,"[{""type"": ""product_featured_image"", ""wcProductId"": 14952, ""sku"": ""12576"", ""productName"": ""لوحة العفو"", ""position"": 0}]",download only; do not delete or update references during import approval step
import_file_and_create_or_reuse_media_asset,https://coveinterior.com/wp-content/uploads/2024/01/لوحة-الفلق-140.jpeg,wordpress-migration/2024/01/لوحة-الفلق-140.jpeg,/media/wordpress-migration/2024/01/لوحة-الفلق-140.jpeg,لوحة-الفلق-140.jpeg,2024/01,14929,product_featured_image,1,1,"[{""type"": ""product_featured_image"", ""wcProductId"": 14947, ""sku"": ""12574"", ""productName"": ""لوحة الفلق"", ""position"": 0}]",download only; do not delete or update references during import approval step
import_file_and_create_or_reuse_media_asset,https://coveinterior.com/wp-content/uploads/2024/01/لوحة-الكرسي-150.jpeg,wordpress-migration/2024/01/لوحة-الكرسي-150.jpeg,/media/wordpress-migration/2024/01/لوحة-الكرسي-150.jpeg,لوحة-الكرسي-150.jpeg,2024/01,14927,product_featured_image,1,1,"[{""type"": ""product_featured_image"", ""wcProductId"": 14945, ""sku"": ""12573"", ""productName"": ""لوحة الكرسي"", ""position"": 0}]",download only; do not delete or update references during import approval step
import_file_and_create_or_reuse_media_asset,https://coveinterior.com/wp-content/uploads/2024/01/لوحة-تكرار-الله-130.jpeg,wordpress-migration/2024/01/لوحة-تكرار-الله-130.jpeg,/media/wordpress-migration/2024/01/لوحة-تكرار-الله-130.jpeg,لوحة-تكرار-الله-130.jpeg,2024/01,14937,product_featured_image,1,1,"[{""type"": ""product_featured_image"", ""wcProductId"": 14956, ""sku"": ""12578"", ""productName"": ""لوحة تكرار الله"", ""position"": 0}]",download only; do not delete or update references during import approval step
import_file_and_create_or_reuse_media_asset,https://coveinterior.com/wp-content/uploads/2024/01/لوحة-كن-جميلاً-60.jpeg,wordpress-migration/2024/01/لوحة-كن-جميلاً-60.jpeg,/media/wordpress-migration/2024/01/لوحة-كن-جميلاً-60.jpeg,لوحة-كن-جميلاً-60.jpeg,2024/01,14931,product_featured_image,1,1,"[{""type"": ""product_featured_image"", ""wcProductId"": 14950, ""sku"": ""12575"", ""productName"": ""لوحة كن جميلاً"", ""position"": 0}]",download only; do not delete or update references during import approval step
import_file_and_create_or_reuse_media_asset,https://coveinterior.com/wp-content/uploads/2024/01/لوحة-لا-اله-الا-الله-130.jpeg,wordpress-migration/2024/01/لوحة-لا-اله-الا-الله-130.jpeg,/media/wordpress-migration/2024/01/لوحة-لا-اله-الا-الله-130.jpeg,لوحة-لا-اله-الا-الله-130.jpeg,2024/01,14925,product_featured_image,1,1,"[{""type"": ""product_featured_image"", ""wcProductId"": 14923, ""sku"": ""12572"", ""productName"": ""لوحة لا اله الا الله"", ""position"": 0}]",download only; do not delete or update references during import approval step
import_file_and_create_or_reuse_media_asset,https://coveinterior.com/wp-content/uploads/2024/05/1.jpeg,wordpress-migration/2024/05/1.jpeg,/media/wordpress-migration/2024/05/1.jpeg,1.jpeg,2024/05,15537,product_featured_image,1,1,"[{""type"": ""product_featured_image"", ""wcProductId"": 15536, ""sku"": """", ""productName"": ""لوحة المراية المزخرفة"", ""position"": 0}]",download only; do not delete or update references during import approval step
import_file_and_create_or_reuse_media_asset,https://coveinterior.com/wp-content/uploads/2024/06/DSF3203-websize.jpg,wordpress-migration/2024/06/DSF3203-websize.jpg,/media/wordpress-migration/2024/06/DSF3203-websize.jpg,DSF3203-websize.jpg,2024/06,,portfolio_embedded_media_url,7,7,"[{""type"": ""portfolio_embedded_media_url"", ""postType"": ""portfolio"", ""wpPostId"": 15948, ""slug"": ""private-villa-4"", ""title"": ""Private Villa 4""}, {""type"": ""portfolio_embedded_media_url"", ""postType"": ""portfolio"", ""wpPostId"": 15948, ""slug"": ""private-villa-4"", ""title"": ""Private Villa 4""}, {""type"": ""portfolio_embedded_media_url"", ""postType"": ""portfolio"", ""wpPostId"": 15948, ""slug"": ""private-villa-4"", ""title"": ""Private Villa 4""}]",download only; do not delete or update references during import approval step
import_file_and_create_or_reuse_media_asset,https://coveinterior.com/wp-content/uploads/2024/06/DSF3205-websize.jpg,wordpress-migration/2024/06/DSF3205-websize.jpg,/media/wordpress-migration/2024/06/DSF3205-websize.jpg,DSF3205-websize.jpg,2024/06,,portfolio_embedded_media_url,7,7,"[{""type"": ""portfolio_embedded_media_url"", ""postType"": ""portfolio"", ""wpPostId"": 15948, ""slug"": ""private-villa-4"", ""title"": ""Private Villa 4""}, {""type"": ""portfolio_embedded_media_url"", ""postType"": ""portfolio"", ""wpPostId"": 15948, ""slug"": ""private-villa-4"", ""title"": ""Private Villa 4""}, {""type"": ""portfolio_embedded_media_url"", ""postType"": ""portfolio"", ""wpPostId"": 15948, ""slug"": ""private-villa-4"", ""title"": ""Private Villa 4""}]",download only; do not delete or update references during import approval step
import_file_and_create_or_reuse_media_asset,https://coveinterior.com/wp-content/uploads/2024/06/DSF3206-websize.jpg,wordpress-migration/2024/06/DSF3206-websize.jpg,/media/wordpress-migration/2024/06/DSF3206-websize.jpg,DSF3206-websize.jpg,2024/06,,portfolio_embedded_media_url,7,7,"[{""type"": ""portfolio_embedded_media_url"", ""postType"": ""portfolio"", ""wpPostId"": 15948, ""slug"": ""private-villa-4"", ""title"": ""Private Villa 4""}, {""type"": ""portfolio_embedded_media_url"", ""postType"": ""portfolio"", ""wpPostId"": 15948, ""slug"": ""private-villa-4"", ""title"": ""Private Villa 4""}, {""type"": ""portfolio_embedded_media_url"", ""postType"": ""portfolio"", ""wpPostId"": 15948, ""slug"": ""private-villa-4"", ""title"": ""Private Villa 4""}]",download only; do not delete or update references during import approval step
import_file_and_create_or_reuse_media_asset,https://coveinterior.com/wp-content/uploads/2024/06/DSF3208-websize.jpg,wordpress-migration/2024/06/DSF3208-websize.jpg,/media/wordpress-migration/2024/06/DSF3208-websize.jpg,DSF3208-websize.jpg,2024/06,,portfolio_embedded_media_url,7,7,"[{""type"": ""portfolio_embedded_media_url"", ""postType"": ""portfolio"", ""wpPostId"": 15948, ""slug"": ""private-villa-4"", ""title"": ""Private Villa 4""}, {""type"": ""portfolio_embedded_media_url"", ""postType"": ""portfolio"", ""wpPostId"": 15948, ""slug"": ""private-villa-4"", ""title"": ""Private Villa 4""}, {""type"": ""portfolio_embedded_media_url"", ""postType"": ""portfolio"", ""wpPostId"": 15948, ""slug"": ""private-villa-4"", ""title"": ""Private Villa 4""}]",download only; do not delete or update references during import approval step
import_file_and_create_or_reuse_media_asset,https://coveinterior.com/wp-content/uploads/2024/06/DSF3223-websize.jpg,wordpress-migration/2024/06/DSF3223-websize.jpg,/media/wordpress-migration/2024/06/DSF3223-websize.jpg,DSF3223-websize.jpg,2024/06,,portfolio_embedded_media_url,7,7,"[{""type"": ""portfolio_embedded_media_url"", ""postType"": ""portfolio"", ""wpPostId"": 15948, ""slug"": ""private-villa-4"", ""title"": ""Private Villa 4""}, {""type"": ""portfolio_embedded_media_url"", ""postType"": ""portfolio"", ""wpPostId"": 15948, ""slug"": ""private-villa-4"", ""title"": ""Private Villa 4""}, {""type"": ""portfolio_embedded_media_url"", ""postType"": ""portfolio"", ""wpPostId"": 15948, ""slug"": ""private-villa-4"", ""title"": ""Private Villa 4""}]",download only; do not delete or update references during import approval step
import_file_and_create_or_reuse_media_asset,https://coveinterior.com/wp-content/uploads/2024/06/DSF3226-websize.jpg,wordpress-migration/2024/06/DSF3226-websize.jpg,/media/wordpress-migration/2024/06/DSF3226-websize.jpg,DSF3226-websize.jpg,2024/06,,portfolio_embedded_media_url,7,7,"[{""type"": ""portfolio_embedded_media_url"", ""postType"": ""portfolio"", ""wpPostId"": 15948, ""slug"": ""private-villa-4"", ""title"": ""Private Villa 4""}, {""type"": ""portfolio_embedded_media_url"", ""postType"": ""portfolio"", ""wpPostId"": 15948, ""slug"": ""private-villa-4"", ""title"": ""Private Villa 4""}, {""type"": ""portfolio_embedded_media_url"", ""postType"": ""portfolio"", ""wpPostId"": 15948, ""slug"": ""private-villa-4"", ""title"": ""Private Villa 4""}]",download only; do not delete or update references during import approval step
import_file_and_create_or_reuse_media_asset,https://coveinterior.com/wp-content/uploads/2024/06/DSF3228-websize.jpg,wordpress-migration/2024/06/DSF3228-websize.jpg,/media/wordpress-migration/2024/06/DSF3228-websize.jpg,DSF3228-websize.jpg,2024/06,,portfolio_embedded_media_url,7,7,"[{""type"": ""portfolio_embedded_media_url"", ""postType"": ""portfolio"", ""wpPostId"": 15948, ""slug"": ""private-villa-4"", ""title"": ""Private Villa 4""}, {""type"": ""portfolio_embedded_media_url"", ""postType"": ""portfolio"", ""wpPostId"": 15948, ""slug"": ""private-villa-4"", ""title"": ""Private Villa 4""}, {""type"": ""portfolio_embedded_media_url"", ""postType"": ""portfolio"", ""wpPostId"": 15948, ""slug"": ""private-villa-4"", ""title"": ""Private Villa 4""}]",download only; do not delete or update references during import approval step
import_file_and_create_or_reuse_media_asset,https://coveinterior.com/wp-content/uploads/2024/06/DSF3232-websize.jpg,wordpress-migration/2024/06/DSF3232-websize.jpg,/media/wordpress-migration/2024/06/DSF3232-websize.jpg,DSF3232-websize.jpg,2024/06,,portfolio_embedded_media_url,7,7,"[{""type"": ""portfolio_embedded_media_url"", ""postType"": ""portfolio"", ""wpPostId"": 15948, ""slug"": ""private-villa-4"", ""title"": ""Private Villa 4""}, {""type"": ""portfolio_embedded_media_url"", ""postType"": ""portfolio"", ""wpPostId"": 15948, ""slug"": ""private-villa-4"", ""title"": ""Private Villa 4""}, {""type"": ""portfolio_embedded_media_url"", ""postType"": ""portfolio"", ""wpPostId"": 15948, ""slug"": ""private-villa-4"", ""title"": ""Private Villa 4""}]",download only; do not delete or update references during import approval step
import_file_and_create_or_reuse_media_asset,https://coveinterior.com/wp-content/uploads/2024/06/DSF3235-websize.jpg,wordpress-migration/2024/06/DSF3235-websize.jpg,/media/wordpress-migration/2024/06/DSF3235-websize.jpg,DSF3235-websize.jpg,2024/06,,portfolio_embedded_media_url,7,7,"[{""type"": ""portfolio_embedded_media_url"", ""postType"": ""portfolio"", ""wpPostId"": 15948, ""slug"": ""private-villa-4"", ""title"": ""Private Villa 4""}, {""type"": ""portfolio_embedded_media_url"", ""postType"": ""portfolio"", ""wpPostId"": 15948, ""slug"": ""private-villa-4"", ""title"": ""Private Villa 4""}, {""type"": ""portfolio_embedded_media_url"", ""postType"": ""portfolio"", ""wpPostId"": 15948, ""slug"": ""private-villa-4"", ""title"": ""Private Villa 4""}]",download only; do not delete or update references during import approval step
import_file_and_create_or_reuse_media_asset,https://coveinterior.com/wp-content/uploads/2024/06/DSF3240-websize.jpg,wordpress-migration/2024/06/DSF3240-websize.jpg,/media/wordpress-migration/2024/06/DSF3240-websize.jpg,DSF3240-websize.jpg,2024/06,,portfolio_embedded_media_url,7,7,"[{""type"": ""portfolio_embedded_media_url"", ""postType"": ""portfolio"", ""wpPostId"": 15948, ""slug"": ""private-villa-4"", ""title"": ""Private Villa 4""}, {""type"": ""portfolio_embedded_media_url"", ""postType"": ""portfolio"", ""wpPostId"": 15948, ""slug"": ""private-villa-4"", ""title"": ""Private Villa 4""}, {""type"": ""portfolio_embedded_media_url"", ""postType"": ""portfolio"", ""wpPostId"": 15948, ""slug"": ""private-villa-4"", ""title"": ""Private Villa 4""}]",download only; do not delete or update references during import approval step
import_file_and_create_or_reuse_media_asset,https://coveinterior.com/wp-content/uploads/2024/06/DSF3249-websize.jpg,wordpress-migration/2024/06/DSF3249-websize.jpg,/media/wordpress-migration/2024/06/DSF3249-websize.jpg,DSF3249-websize.jpg,2024/06,,portfolio_embedded_media_url,7,7,"[{""type"": ""portfolio_embedded_media_url"", ""postType"": ""portfolio"", ""wpPostId"": 15948, ""slug"": ""private-villa-4"", ""title"": ""Private Villa 4""}, {""type"": ""portfolio_embedded_media_url"", ""postType"": ""portfolio"", ""wpPostId"": 15948, ""slug"": ""private-villa-4"", ""title"": ""Private Villa 4""}, {""type"": ""portfolio_embedded_media_url"", ""postType"": ""portfolio"", ""wpPostId"": 15948, ""slug"": ""private-villa-4"", ""title"": ""Private Villa 4""}]",download only; do not delete or update references during import approval step
import_file_and_create_or_reuse_media_asset,https://coveinterior.com/wp-content/uploads/2024/06/DSF3253-websize.jpg,wordpress-migration/2024/06/DSF3253-websize.jpg,/media/wordpress-migration/2024/06/DSF3253-websize.jpg,DSF3253-websize.jpg,2024/06,,portfolio_embedded_media_url,7,7,"[{""type"": ""portfolio_embedded_media_url"", ""postType"": ""portfolio"", ""wpPostId"": 15948, ""slug"": ""private-villa-4"", ""title"": ""Private Villa 4""}, {""type"": ""portfolio_embedded_media_url"", ""postType"": ""portfolio"", ""wpPostId"": 15948, ""slug"": ""private-villa-4"", ""title"": ""Private Villa 4""}, {""type"": ""portfolio_embedded_media_url"", ""postType"": ""portfolio"", ""wpPostId"": 15948, ""slug"": ""private-villa-4"", ""title"": ""Private Villa 4""}]",download only; do not delete or update references during import approval step
import_file_and_create_or_reuse_media_asset,https://coveinterior.com/wp-content/uploads/2024/06/DSF3254-websize.jpg,wordpress-migration/2024/06/DSF3254-websize.jpg,/media/wordpress-migration/2024/06/DSF3254-websize.jpg,DSF3254-websize.jpg,2024/06,,portfolio_embedded_media_url,7,7,"[{""type"": ""portfolio_embedded_media_url"", ""postType"": ""portfolio"", ""wpPostId"": 15948, ""slug"": ""private-villa-4"", ""title"": ""Private Villa 4""}, {""type"": ""portfolio_embedded_media_url"", ""postType"": ""portfolio"", ""wpPostId"": 15948, ""slug"": ""private-villa-4"", ""title"": ""Private Villa 4""}, {""type"": ""portfolio_embedded_media_url"", ""postType"": ""portfolio"", ""wpPostId"": 15948, ""slug"": ""private-villa-4"", ""title"": ""Private Villa 4""}]",download only; do not delete or update references during import approval step
import_file_and_create_or_reuse_media_asset,https://coveinterior.com/wp-content/uploads/2024/06/DSF3255-websize.jpg,wordpress-migration/2024/06/DSF3255-websize.jpg,/media/wordpress-migration/2024/06/DSF3255-websize.jpg,DSF3255-websize.jpg,2024/06,,portfolio_embedded_media_url,4,4,"[{""type"": ""portfolio_embedded_media_url"", ""postType"": ""portfolio"", ""wpPostId"": 15948, ""slug"": ""private-villa-4"", ""title"": ""Private Villa 4""}, {""type"": ""portfolio_embedded_media_url"", ""postType"": ""portfolio"", ""wpPostId"": 15948, ""slug"": ""private-villa-4"", ""title"": ""Private Villa 4""}, {""type"": ""portfolio_embedded_media_url"", ""postType"": ""portfolio"", ""wpPostId"": 15948, ""slug"": ""private-villa-4"", ""title"": ""Private Villa 4""}]",download only; do not delete or update references during import approval step
import_file_and_create_or_reuse_media_asset,https://coveinterior.com/wp-content/uploads/2024/06/DSF3256-websize.jpg,wordpress-migration/2024/06/DSF3256-websize.jpg,/media/wordpress-migration/2024/06/DSF3256-websize.jpg,DSF3256-websize.jpg,2024/06,,portfolio_embedded_media_url,7,7,"[{""type"": ""portfolio_embedded_media_url"", ""postType"": ""portfolio"", ""wpPostId"": 15948, ""slug"": ""private-villa-4"", ""title"": ""Private Villa 4""}, {""type"": ""portfolio_embedded_media_url"", ""postType"": ""portfolio"", ""wpPostId"": 15948, ""slug"": ""private-villa-4"", ""title"": ""Private Villa 4""}, {""type"": ""portfolio_embedded_media_url"", ""postType"": ""portfolio"", ""wpPostId"": 15948, ""slug"": ""private-villa-4"", ""title"": ""Private Villa 4""}]",download only; do not delete or update references during import approval step
import_file_and_create_or_reuse_media_asset,https://coveinterior.com/wp-content/uploads/2024/06/DSF3263-websize.jpg,wordpress-migration/2024/06/DSF3263-websize.jpg,/media/wordpress-migration/2024/06/DSF3263-websize.jpg,DSF3263-websize.jpg,2024/06,,portfolio_embedded_media_url,7,7,"[{""type"": ""portfolio_embedded_media_url"", ""postType"": ""portfolio"", ""wpPostId"": 15948, ""slug"": ""private-villa-4"", ""title"": ""Private Villa 4""}, {""type"": ""portfolio_embedded_media_url"", ""postType"": ""portfolio"", ""wpPostId"": 15948, ""slug"": ""private-villa-4"", ""title"": ""Private Villa 4""}, {""type"": ""portfolio_embedded_media_url"", ""postType"": ""portfolio"", ""wpPostId"": 15948, ""slug"": ""private-villa-4"", ""title"": ""Private Villa 4""}]",download only; do not delete or update references during import approval step
import_file_and_create_or_reuse_media_asset,https://coveinterior.com/wp-content/uploads/2024/06/DSF3268-websize.jpg,wordpress-migration/2024/06/DSF3268-websize.jpg,/media/wordpress-migration/2024/06/DSF3268-websize.jpg,DSF3268-websize.jpg,2024/06,,portfolio_embedded_media_url,7,7,"[{""type"": ""portfolio_embedded_media_url"", ""postType"": ""portfolio"", ""wpPostId"": 15948, ""slug"": ""private-villa-4"", ""title"": ""Private Villa 4""}, {""type"": ""portfolio_embedded_media_url"", ""postType"": ""portfolio"", ""wpPostId"": 15948, ""slug"": ""private-villa-4"", ""title"": ""Private Villa 4""}, {""type"": ""portfolio_embedded_media_url"", ""postType"": ""portfolio"", ""wpPostId"": 15948, ""slug"": ""private-villa-4"", ""title"": ""Private Villa 4""}]",download only; do not delete or update references during import approval step
import_file_and_create_or_reuse_media_asset,https://coveinterior.com/wp-content/uploads/2024/06/DSF3270-websize.jpg,wordpress-migration/2024/06/DSF3270-websize.jpg,/media/wordpress-migration/2024/06/DSF3270-websize.jpg,DSF3270-websize.jpg,2024/06,,portfolio_embedded_media_url,7,7,"[{""type"": ""portfolio_embedded_media_url"", ""postType"": ""portfolio"", ""wpPostId"": 15948, ""slug"": ""private-villa-4"", ""title"": ""Private Villa 4""}, {""type"": ""portfolio_embedded_media_url"", ""postType"": ""portfolio"", ""wpPostId"": 15948, ""slug"": ""private-villa-4"", ""title"": ""Private Villa 4""}, {""type"": ""portfolio_embedded_media_url"", ""postType"": ""portfolio"", ""wpPostId"": 15948, ""slug"": ""private-villa-4"", ""title"": ""Private Villa 4""}]",download only; do not delete or update references during import approval step
import_file_and_create_or_reuse_media_asset,https://coveinterior.com/wp-content/uploads/2024/06/DSF3271-websize.jpg,wordpress-migration/2024/06/DSF3271-websize.jpg,/media/wordpress-migration/2024/06/DSF3271-websize.jpg,DSF3271-websize.jpg,2024/06,,portfolio_embedded_media_url,7,7,"[{""type"": ""portfolio_embedded_media_url"", ""postType"": ""portfolio"", ""wpPostId"": 15948, ""slug"": ""private-villa-4"", ""title"": ""Private Villa 4""}, {""type"": ""portfolio_embedded_media_url"", ""postType"": ""portfolio"", ""wpPostId"": 15948, ""slug"": ""private-villa-4"", ""title"": ""Private Villa 4""}, {""type"": ""portfolio_embedded_media_url"", ""postType"": ""portfolio"", ""wpPostId"": 15948, ""slug"": ""private-villa-4"", ""title"": ""Private Villa 4""}]",download only; do not delete or update references during import approval step
import_file_and_create_or_reuse_media_asset,https://coveinterior.com/wp-content/uploads/2024/06/DSF3273-websize.jpg,wordpress-migration/2024/06/DSF3273-websize.jpg,/media/wordpress-migration/2024/06/DSF3273-websize.jpg,DSF3273-websize.jpg,2024/06,,portfolio_embedded_media_url,7,7,"[{""type"": ""portfolio_embedded_media_url"", ""postType"": ""portfolio"", ""wpPostId"": 15948, ""slug"": ""private-villa-4"", ""title"": ""Private Villa 4""}, {""type"": ""portfolio_embedded_media_url"", ""postType"": ""portfolio"", ""wpPostId"": 15948, ""slug"": ""private-villa-4"", ""title"": ""Private Villa 4""}, {""type"": ""portfolio_embedded_media_url"", ""postType"": ""portfolio"", ""wpPostId"": 15948, ""slug"": ""private-villa-4"", ""title"": ""Private Villa 4""}]",download only; do not delete or update references during import approval step
import_file_and_create_or_reuse_media_asset,https://coveinterior.com/wp-content/uploads/2024/06/DSF3277-websize.jpg,wordpress-migration/2024/06/DSF3277-websize.jpg,/media/wordpress-migration/2024/06/DSF3277-websize.jpg,DSF3277-websize.jpg,2024/06,,portfolio_embedded_media_url,7,7,"[{""type"": ""portfolio_embedded_media_url"", ""postType"": ""portfolio"", ""wpPostId"": 15948, ""slug"": ""private-villa-4"", ""title"": ""Private Villa 4""}, {""type"": ""portfolio_embedded_media_url"", ""postType"": ""portfolio"", ""wpPostId"": 15948, ""slug"": ""private-villa-4"", ""title"": ""Private Villa 4""}, {""type"": ""portfolio_embedded_media_url"", ""postType"": ""portfolio"", ""wpPostId"": 15948, ""slug"": ""private-villa-4"", ""title"": ""Private Villa 4""}]",download only; do not delete or update references during import approval step
import_file_and_create_or_reuse_media_asset,https://coveinterior.com/wp-content/uploads/2024/06/DSF3285-websize.jpg,wordpress-migration/2024/06/DSF3285-websize.jpg,/media/wordpress-migration/2024/06/DSF3285-websize.jpg,DSF3285-websize.jpg,2024/06,,portfolio_embedded_media_url,7,7,"[{""type"": ""portfolio_embedded_media_url"", ""postType"": ""portfolio"", ""wpPostId"": 15948, ""slug"": ""private-villa-4"", ""title"": ""Private Villa 4""}, {""type"": ""portfolio_embedded_media_url"", ""postType"": ""portfolio"", ""wpPostId"": 15948, ""slug"": ""private-villa-4"", ""title"": ""Private Villa 4""}, {""type"": ""portfolio_embedded_media_url"", ""postType"": ""portfolio"", ""wpPostId"": 15948, ""slug"": ""private-villa-4"", ""title"": ""Private Villa 4""}]",download only; do not delete or update references during import approval step
import_file_and_create_or_reuse_media_asset,https://coveinterior.com/wp-content/uploads/2024/06/DSF3299-websize.jpg,wordpress-migration/2024/06/DSF3299-websize.jpg,/media/wordpress-migration/2024/06/DSF3299-websize.jpg,DSF3299-websize.jpg,2024/06,,portfolio_embedded_media_url,7,7,"[{""type"": ""portfolio_embedded_media_url"", ""postType"": ""portfolio"", ""wpPostId"": 15948, ""slug"": ""private-villa-4"", ""title"": ""Private Villa 4""}, {""type"": ""portfolio_embedded_media_url"", ""postType"": ""portfolio"", ""wpPostId"": 15948, ""slug"": ""private-villa-4"", ""title"": ""Private Villa 4""}, {""type"": ""portfolio_embedded_media_url"", ""postType"": ""portfolio"", ""wpPostId"": 15948, ""slug"": ""private-villa-4"", ""title"": ""Private Villa 4""}]",download only; do not delete or update references during import approval step
import_file_and_create_or_reuse_media_asset,https://coveinterior.com/wp-content/uploads/2024/06/DSF3305-websize.jpg,wordpress-migration/2024/06/DSF3305-websize.jpg,/media/wordpress-migration/2024/06/DSF3305-websize.jpg,DSF3305-websize.jpg,2024/06,,portfolio_embedded_media_url,7,7,"[{""type"": ""portfolio_embedded_media_url"", ""postType"": ""portfolio"", ""wpPostId"": 15948, ""slug"": ""private-villa-4"", ""title"": ""Private Villa 4""}, {""type"": ""portfolio_embedded_media_url"", ""postType"": ""portfolio"", ""wpPostId"": 15948, ""slug"": ""private-villa-4"", ""title"": ""Private Villa 4""}, {""type"": ""portfolio_embedded_media_url"", ""postType"": ""portfolio"", ""wpPostId"": 15948, ""slug"": ""private-villa-4"", ""title"": ""Private Villa 4""}]",download only; do not delete or update references during import approval step
import_file_and_create_or_reuse_media_asset,https://coveinterior.com/wp-content/uploads/2024/06/DSF3306-websize.jpg,wordpress-migration/2024/06/DSF3306-websize.jpg,/media/wordpress-migration/2024/06/DSF3306-websize.jpg,DSF3306-websize.jpg,2024/06,15997,page_embedded_media_url|portfolio_embedded_media_url|portfolio_featured_image,10,8,"[{""type"": ""page_embedded_media_url"", ""postType"": ""page"", ""wpPostId"": 7736, ""slug"": ""cp"", ""title"": ""Company portfolio""}, {""type"": ""page_embedded_media_url"", ""postType"": ""page"", ""wpPostId"": 7736, ""slug"": ""cp"", ""title"": ""Company portfolio""}, {""type"": ""portfolio_embedded_media_url"", ""postType"": ""portfolio"", ""wpPostId"": 15948, ""slug"": ""private-villa-4"", ""title"": ""Private Villa 4""}]",download only; do not delete or update references during import approval step
import_file_and_create_or_reuse_media_asset,https://coveinterior.com/wp-content/uploads/2024/06/DSF3315-websize.jpg,wordpress-migration/2024/06/DSF3315-websize.jpg,/media/wordpress-migration/2024/06/DSF3315-websize.jpg,DSF3315-websize.jpg,2024/06,,portfolio_embedded_media_url,7,7,"[{""type"": ""portfolio_embedded_media_url"", ""postType"": ""portfolio"", ""wpPostId"": 15948, ""slug"": ""private-villa-4"", ""title"": ""Private Villa 4""}, {""type"": ""portfolio_embedded_media_url"", ""postType"": ""portfolio"", ""wpPostId"": 15948, ""slug"": ""private-villa-4"", ""title"": ""Private Villa 4""}, {""type"": ""portfolio_embedded_media_url"", ""postType"": ""portfolio"", ""wpPostId"": 15948, ""slug"": ""private-villa-4"", ""title"": ""Private Villa 4""}]",download only; do not delete or update references during import approval step
import_file_and_create_or_reuse_media_asset,https://coveinterior.com/wp-content/uploads/2024/06/DSF3317-websize.jpg,wordpress-migration/2024/06/DSF3317-websize.jpg,/media/wordpress-migration/2024/06/DSF3317-websize.jpg,DSF3317-websize.jpg,2024/06,,portfolio_embedded_media_url,7,7,"[{""type"": ""portfolio_embedded_media_url"", ""postType"": ""portfolio"", ""wpPostId"": 15948, ""slug"": ""private-villa-4"", ""title"": ""Private Villa 4""}, {""type"": ""portfolio_embedded_media_url"", ""postType"": ""portfolio"", ""wpPostId"": 15948, ""slug"": ""private-villa-4"", ""title"": ""Private Villa 4""}, {""type"": ""portfolio_embedded_media_url"", ""postType"": ""portfolio"", ""wpPostId"": 15948, ""slug"": ""private-villa-4"", ""title"": ""Private Villa 4""}]",download only; do not delete or update references during import approval step
import_file_and_create_or_reuse_media_asset,https://coveinterior.com/wp-content/uploads/2024/06/DSF3318-websize.jpg,wordpress-migration/2024/06/DSF3318-websize.jpg,/media/wordpress-migration/2024/06/DSF3318-websize.jpg,DSF3318-websize.jpg,2024/06,,portfolio_embedded_media_url,7,7,"[{""type"": ""portfolio_embedded_media_url"", ""postType"": ""portfolio"", ""wpPostId"": 15948, ""slug"": ""private-villa-4"", ""title"": ""Private Villa 4""}, {""type"": ""portfolio_embedded_media_url"", ""postType"": ""portfolio"", ""wpPostId"": 15948, ""slug"": ""private-villa-4"", ""title"": ""Private Villa 4""}, {""type"": ""portfolio_embedded_media_url"", ""postType"": ""portfolio"", ""wpPostId"": 15948, ""slug"": ""private-villa-4"", ""title"": ""Private Villa 4""}]",download only; do not delete or update references during import approval step
import_file_and_create_or_reuse_media_asset,https://coveinterior.com/wp-content/uploads/2024/06/DSF3327-websize.jpg,wordpress-migration/2024/06/DSF3327-websize.jpg,/media/wordpress-migration/2024/06/DSF3327-websize.jpg,DSF3327-websize.jpg,2024/06,,portfolio_embedded_media_url,7,7,"[{""type"": ""portfolio_embedded_media_url"", ""postType"": ""portfolio"", ""wpPostId"": 15948, ""slug"": ""private-villa-4"", ""title"": ""Private Villa 4""}, {""type"": ""portfolio_embedded_media_url"", ""postType"": ""portfolio"", ""wpPostId"": 15948, ""slug"": ""private-villa-4"", ""title"": ""Private Villa 4""}, {""type"": ""portfolio_embedded_media_url"", ""postType"": ""portfolio"", ""wpPostId"": 15948, ""slug"": ""private-villa-4"", ""title"": ""Private Villa 4""}]",download only; do not delete or update references during import approval step
import_file_and_create_or_reuse_media_asset,https://coveinterior.com/wp-content/uploads/2024/06/DSF3329-websize.jpg,wordpress-migration/2024/06/DSF3329-websize.jpg,/media/wordpress-migration/2024/06/DSF3329-websize.jpg,DSF3329-websize.jpg,2024/06,,portfolio_embedded_media_url,7,7,"[{""type"": ""portfolio_embedded_media_url"", ""postType"": ""portfolio"", ""wpPostId"": 15948, ""slug"": ""private-villa-4"", ""title"": ""Private Villa 4""}, {""type"": ""portfolio_embedded_media_url"", ""postType"": ""portfolio"", ""wpPostId"": 15948, ""slug"": ""private-villa-4"", ""title"": ""Private Villa 4""}, {""type"": ""portfolio_embedded_media_url"", ""postType"": ""portfolio"", ""wpPostId"": 15948, ""slug"": ""private-villa-4"", ""title"": ""Private Villa 4""}]",download only; do not delete or update references during import approval step
import_file_and_create_or_reuse_media_asset,https://coveinterior.com/wp-content/uploads/2024/06/DSF3350-websize.jpg,wordpress-migration/2024/06/DSF3350-websize.jpg,/media/wordpress-migration/2024/06/DSF3350-websize.jpg,DSF3350-websize.jpg,2024/06,,portfolio_embedded_media_url,7,7,"[{""type"": ""portfolio_embedded_media_url"", ""postType"": ""portfolio"", ""wpPostId"": 15948, ""slug"": ""private-villa-4"", ""title"": ""Private Villa 4""}, {""type"": ""portfolio_embedded_media_url"", ""postType"": ""portfolio"", ""wpPostId"": 15948, ""slug"": ""private-villa-4"", ""title"": ""Private Villa 4""}, {""type"": ""portfolio_embedded_media_url"", ""postType"": ""portfolio"", ""wpPostId"": 15948, ""slug"": ""private-villa-4"", ""title"": ""Private Villa 4""}]",download only; do not delete or update references during import approval step
import_file_and_create_or_reuse_media_asset,https://coveinterior.com/wp-content/uploads/2024/08/Big-lighter.jpeg,wordpress-migration/2024/08/Big-lighter.jpeg,/media/wordpress-migration/2024/08/Big-lighter.jpeg,Big-lighter.jpeg,2024/08,16247,product_featured_image,1,1,"[{""type"": ""product_featured_image"", ""wcProductId"": 16224, ""sku"": ""12769"", ""productName"": ""Passage Lighter - Black"", ""position"": 0}]",download only; do not delete or update references during import approval step
import_file_and_create_or_reuse_media_asset,https://coveinterior.com/wp-content/uploads/2024/08/Black-lamp.jpeg,wordpress-migration/2024/08/Black-lamp.jpeg,/media/wordpress-migration/2024/08/Black-lamp.jpeg,Black-lamp.jpeg,2024/08,16249,product_featured_image,1,1,"[{""type"": ""product_featured_image"", ""wcProductId"": 16216, ""sku"": ""12761"", ""productName"": ""Passage Lamp - Black"", ""position"": 0}]",download only; do not delete or update references during import approval step
import_file_and_create_or_reuse_media_asset,https://coveinterior.com/wp-content/uploads/2024/08/Black-Mini-lighter.jpeg,wordpress-migration/2024/08/Black-Mini-lighter.jpeg,/media/wordpress-migration/2024/08/Black-Mini-lighter.jpeg,Black-Mini-lighter.jpeg,2024/08,16251,product_featured_image,1,1,"[{""type"": ""product_featured_image"", ""wcProductId"": 16225, ""sku"": ""12770"", ""productName"": ""Passage Mini Lighter - Black"", ""position"": 0}]",download only; do not delete or update references during import approval step
import_file_and_create_or_reuse_media_asset,https://coveinterior.com/wp-content/uploads/2024/08/Blue-lamp.jpeg,wordpress-migration/2024/08/Blue-lamp.jpeg,/media/wordpress-migration/2024/08/Blue-lamp.jpeg,Blue-lamp.jpeg,2024/08,16253,product_featured_image,1,1,"[{""type"": ""product_featured_image"", ""wcProductId"": 16218, ""sku"": ""12763"", ""productName"": ""Passage Lamp - Blue"", ""position"": 0}]",download only; do not delete or update references during import approval step
import_file_and_create_or_reuse_media_asset,https://coveinterior.com/wp-content/uploads/2024/08/Gold-lamp.jpeg,wordpress-migration/2024/08/Gold-lamp.jpeg,/media/wordpress-migration/2024/08/Gold-lamp.jpeg,Gold-lamp.jpeg,2024/08,16255,product_featured_image,1,1,"[{""type"": ""product_featured_image"", ""wcProductId"": 16215, ""sku"": ""12760"", ""productName"": ""Passage Lamp - Gold"", ""position"": 0}]",download only; do not delete or update references during import approval step
import_file_and_create_or_reuse_media_asset,https://coveinterior.com/wp-content/uploads/2024/08/Oil-Flora.jpeg,wordpress-migration/2024/08/Oil-Flora.jpeg,/media/wordpress-migration/2024/08/Oil-Flora.jpeg,Oil-Flora.jpeg,2024/08,16257,product_featured_image,1,1,"[{""type"": ""product_featured_image"", ""wcProductId"": 16219, ""sku"": ""12764"", ""productName"": ""Passage Refill Lamparfum - Flora"", ""position"": 0}]",download only; do not delete or update references during import approval step
import_file_and_create_or_reuse_media_asset,https://coveinterior.com/wp-content/uploads/2024/08/Oil-Hotel.jpeg,wordpress-migration/2024/08/Oil-Hotel.jpeg,/media/wordpress-migration/2024/08/Oil-Hotel.jpeg,Oil-Hotel.jpeg,2024/08,16259,product_featured_image,1,1,"[{""type"": ""product_featured_image"", ""wcProductId"": 16220, ""sku"": ""12765"", ""productName"": ""Passage Refill Lamparfum - Hotel"", ""position"": 0}]",download only; do not delete or update references during import approval step
import_file_and_create_or_reuse_media_asset,https://coveinterior.com/wp-content/uploads/2024/08/Oil-Spa.jpeg,wordpress-migration/2024/08/Oil-Spa.jpeg,/media/wordpress-migration/2024/08/Oil-Spa.jpeg,Oil-Spa.jpeg,2024/08,16261,product_featured_image,1,1,"[{""type"": ""product_featured_image"", ""wcProductId"": 16221, ""sku"": ""12766"", ""productName"": ""Passage Refill Lamparfum - Spa"", ""position"": 0}]",download only; do not delete or update references during import approval step
import_file_and_create_or_reuse_media_asset,https://coveinterior.com/wp-content/uploads/2024/08/Oil-Vanilla.jpeg,wordpress-migration/2024/08/Oil-Vanilla.jpeg,/media/wordpress-migration/2024/08/Oil-Vanilla.jpeg,Oil-Vanilla.jpeg,2024/08,16263,product_featured_image,1,1,"[{""type"": ""product_featured_image"", ""wcProductId"": 16222, ""sku"": ""12767"", ""productName"": ""Passage Refill Lamparfum - Vanilla"", ""position"": 0}]",download only; do not delete or update references during import approval step
import_file_and_create_or_reuse_media_asset,https://coveinterior.com/wp-content/uploads/2024/08/Rose-Gold-lamp.jpeg,wordpress-migration/2024/08/Rose-Gold-lamp.jpeg,/media/wordpress-migration/2024/08/Rose-Gold-lamp.jpeg,Rose-Gold-lamp.jpeg,2024/08,16267,product_featured_image,1,1,"[{""type"": ""product_featured_image"", ""wcProductId"": 16217, ""sku"": ""12762"", ""productName"": ""Passage Lamp - Rose Gold"", ""position"": 0}]",download only; do not delete or update references during import approval step
import_file_and_create_or_reuse_media_asset,https://coveinterior.com/wp-content/uploads/2024/08/Rose-Mini-Lighter.jpeg,wordpress-migration/2024/08/Rose-Mini-Lighter.jpeg,/media/wordpress-migration/2024/08/Rose-Mini-Lighter.jpeg,Rose-Mini-Lighter.jpeg,2024/08,16265,product_featured_image,1,1,"[{""type"": ""product_featured_image"", ""wcProductId"": 16226, ""sku"": ""12771"", ""productName"": ""Passage Mini Lighter - Rose Gold"", ""position"": 0}]",download only; do not delete or update references during import approval step
import_file_and_create_or_reuse_media_asset,https://coveinterior.com/wp-content/uploads/2024/08/Wick-lamp.jpeg,wordpress-migration/2024/08/Wick-lamp.jpeg,/media/wordpress-migration/2024/08/Wick-lamp.jpeg,Wick-lamp.jpeg,2024/08,16269,product_featured_image,1,1,"[{""type"": ""product_featured_image"", ""wcProductId"": 16223, ""sku"": ""12768"", ""productName"": ""Passage Golden Lamp Wick"", ""position"": 0}]",download only; do not delete or update references during import approval step
import_file_and_create_or_reuse_media_asset,https://coveinterior.com/wp-content/uploads/2024/10/long.png,wordpress-migration/2024/10/long.png,/media/wordpress-migration/2024/10/long.png,long.png,2024/10,16644,product_featured_image,1,1,"[{""type"": ""product_featured_image"", ""wcProductId"": 16796, ""sku"": """", ""productName"": ""Wall Light A shop"", ""position"": 0}]",download only; do not delete or update references during import approval step
import_file_and_create_or_reuse_media_asset,https://coveinterior.com/wp-content/uploads/2024/10/standard.png,wordpress-migration/2024/10/standard.png,/media/wordpress-migration/2024/10/standard.png,standard.png,2024/10,16648,product_featured_image,1,1,"[{""type"": ""product_featured_image"", ""wcProductId"": 16798, ""sku"": """", ""productName"": ""Wall Light B shop"", ""position"": 0}]",download only; do not delete or update references during import approval step
import_file_and_create_or_reuse_media_asset,https://coveinterior.com/wp-content/uploads/2024/12/chair.jpeg,wordpress-migration/2024/12/chair.jpeg,/media/wordpress-migration/2024/12/chair.jpeg,chair.jpeg,2024/12,16932,product_featured_image,1,1,"[{""type"": ""product_featured_image"", ""wcProductId"": 16930, ""sku"": """", ""productName"": ""chair"", ""position"": 0}]",download only; do not delete or update references during import approval step
import_file_and_create_or_reuse_media_asset,https://coveinterior.com/wp-content/uploads/2024/12/sofa-2.jpeg,wordpress-migration/2024/12/sofa-2.jpeg,/media/wordpress-migration/2024/12/sofa-2.jpeg,sofa-2.jpeg,2024/12,16928,product_featured_image,1,1,"[{""type"": ""product_featured_image"", ""wcProductId"": 16926, ""sku"": """", ""productName"": ""sofa 2"", ""position"": 0}]",download only; do not delete or update references during import approval step
import_file_and_create_or_reuse_media_asset,https://coveinterior.com/wp-content/uploads/2024/12/sofa.jpeg,wordpress-migration/2024/12/sofa.jpeg,/media/wordpress-migration/2024/12/sofa.jpeg,sofa.jpeg,2024/12,16924,product_featured_image,1,1,"[{""type"": ""product_featured_image"", ""wcProductId"": 16922, ""sku"": """", ""productName"": ""sofa"", ""position"": 0}]",download only; do not delete or update references during import approval step
import_file_and_create_or_reuse_media_asset,https://coveinterior.com/wp-content/uploads/2025/02/Beige-2.jpg,wordpress-migration/2025/02/Beige-2.jpg,/media/wordpress-migration/2025/02/Beige-2.jpg,Beige-2.jpg,2025/02,17211,product_gallery_image,6,1,"[{""type"": ""product_gallery_image"", ""wcProductId"": 17478, ""sku"": ""17478"", ""productName"": ""Bronze Trash Bin store"", ""position"": 2}, {""type"": ""product_gallery_image"", ""wcProductId"": 17470, ""sku"": ""17188"", ""productName"": ""Beige Trash Bin Store"", ""position"": 1}, {""type"": ""product_gallery_image"", ""wcProductId"": 17486, ""sku"": ""17486"", ""productName"": ""Black Trash Bin store"", ""position"": 2}]",download only; do not delete or update references during import approval step
import_file_and_create_or_reuse_media_asset,https://coveinterior.com/wp-content/uploads/2025/02/beige-3.jpg,wordpress-migration/2025/02/beige-3.jpg,/media/wordpress-migration/2025/02/beige-3.jpg,beige-3.jpg,2025/02,17213,product_gallery_image,6,1,"[{""type"": ""product_gallery_image"", ""wcProductId"": 17478, ""sku"": ""17478"", ""productName"": ""Bronze Trash Bin store"", ""position"": 3}, {""type"": ""product_gallery_image"", ""wcProductId"": 17470, ""sku"": ""17188"", ""productName"": ""Beige Trash Bin Store"", ""position"": 3}, {""type"": ""product_gallery_image"", ""wcProductId"": 17486, ""sku"": ""17486"", ""productName"": ""Black Trash Bin store"", ""position"": 3}]",download only; do not delete or update references during import approval step
import_file_and_create_or_reuse_media_asset,https://coveinterior.com/wp-content/uploads/2025/02/beige-4.jpg,wordpress-migration/2025/02/beige-4.jpg,/media/wordpress-migration/2025/02/beige-4.jpg,beige-4.jpg,2025/02,17215,product_gallery_image,6,1,"[{""type"": ""product_gallery_image"", ""wcProductId"": 17478, ""sku"": ""17478"", ""productName"": ""Bronze Trash Bin store"", ""position"": 4}, {""type"": ""product_gallery_image"", ""wcProductId"": 17470, ""sku"": ""17188"", ""productName"": ""Beige Trash Bin Store"", ""position"": 4}, {""type"": ""product_gallery_image"", ""wcProductId"": 17486, ""sku"": ""17486"", ""productName"": ""Black Trash Bin store"", ""position"": 4}]",download only; do not delete or update references during import approval step
import_file_and_create_or_reuse_media_asset,https://coveinterior.com/wp-content/uploads/2025/02/GFX3679-Edit-websize.png,wordpress-migration/2025/02/GFX3679-Edit-websize.png,/media/wordpress-migration/2025/02/GFX3679-Edit-websize.png,GFX3679-Edit-websize.png,2025/02,17230,variation_image,1,1,"[{""type"": ""variation_image"", ""wcProductId"": 17486, ""parentSku"": ""17486"", ""wcVariantId"": 17488, ""sku"": ""17486"", ""attributes"": [{""id"": 15, ""name"": ""Trash bin"", ""slug"": ""pa_trash-bin"", ""option"": ""Set with Tissue Boxes""}]}]",download only; do not delete or update references during import approval step
import_file_and_create_or_reuse_media_asset,https://coveinterior.com/wp-content/uploads/2025/02/GFX3680-Edit-websize.png,wordpress-migration/2025/02/GFX3680-Edit-websize.png,/media/wordpress-migration/2025/02/GFX3680-Edit-websize.png,GFX3680-Edit-websize.png,2025/02,17232,variation_image,1,1,"[{""type"": ""variation_image"", ""wcProductId"": 17478, ""parentSku"": ""17478"", ""wcVariantId"": 17480, ""sku"": ""17478"", ""attributes"": [{""id"": 15, ""name"": ""Trash bin"", ""slug"": ""pa_trash-bin"", ""option"": ""Set with Tissue Boxes""}]}]",download only; do not delete or update references during import approval step
import_file_and_create_or_reuse_media_asset,https://coveinterior.com/wp-content/uploads/2025/02/Mini-Roshina-1.jpg,wordpress-migration/2025/02/Mini-Roshina-1.jpg,/media/wordpress-migration/2025/02/Mini-Roshina-1.jpg,Mini-Roshina-1.jpg,2025/02,17838,page_embedded_media_url|product_featured_image|variation_image,17,7,"[{""type"": ""product_featured_image"", ""wcProductId"": 17419, ""sku"": ""12557"", ""productName"": ""Mini Roshina Beige"", ""position"": 0}, {""type"": ""variation_image"", ""wcProductId"": 17419, ""parentSku"": ""12557"", ""wcVariantId"": 17422, ""sku"": ""12557"", ""attributes"": [{""id"": 19, ""name"": ""Select Mini Roshina box set"", ""slug"": ""pa_select-mini-roshina-box-set"", ""option"": ""Full set (Only Box)""}]}, {""type"": ""variation_image"", ""wcProductId"": 17419, ""parentSku"": ""12557"", ""wcVariantId"": 17420, ""sku"": ""12557"", ""attributes"": [{""id"": 19, ""name"": ""Select Mini Roshina box set"", ""slug"": ""pa_select-mini-roshina-box-set"", ""option"": ""Basic set (Only Box)""}]}]",download only; do not delete or update references during import approval step
import_file_and_create_or_reuse_media_asset,https://coveinterior.com/wp-content/uploads/2025/02/Mini-Roshina-3.jpg,wordpress-migration/2025/02/Mini-Roshina-3.jpg,/media/wordpress-migration/2025/02/Mini-Roshina-3.jpg,Mini-Roshina-3.jpg,2025/02,17842,product_gallery_image,1,1,"[{""type"": ""product_gallery_image"", ""wcProductId"": 17419, ""sku"": ""12557"", ""productName"": ""Mini Roshina Beige"", ""position"": 3}]",download only; do not delete or update references during import approval step
import_file_and_create_or_reuse_media_asset,https://coveinterior.com/wp-content/uploads/2025/02/Mini-Roshina-4.jpg,wordpress-migration/2025/02/Mini-Roshina-4.jpg,/media/wordpress-migration/2025/02/Mini-Roshina-4.jpg,Mini-Roshina-4.jpg,2025/02,17844,product_gallery_image,1,1,"[{""type"": ""product_gallery_image"", ""wcProductId"": 17419, ""sku"": ""12557"", ""productName"": ""Mini Roshina Beige"", ""position"": 4}]",download only; do not delete or update references during import approval step
import_file_and_create_or_reuse_media_asset,https://coveinterior.com/wp-content/uploads/2025/02/Mini-Roshina-8.jpg,wordpress-migration/2025/02/Mini-Roshina-8.jpg,/media/wordpress-migration/2025/02/Mini-Roshina-8.jpg,Mini-Roshina-8.jpg,2025/02,17852,product_gallery_image,1,1,"[{""type"": ""product_gallery_image"", ""wcProductId"": 17419, ""sku"": ""12557"", ""productName"": ""Mini Roshina Beige"", ""position"": 2}]",download only; do not delete or update references during import approval step
import_file_and_create_or_reuse_media_asset,https://coveinterior.com/wp-content/uploads/2025/02/Mini-Roshina-9.jpg,wordpress-migration/2025/02/Mini-Roshina-9.jpg,/media/wordpress-migration/2025/02/Mini-Roshina-9.jpg,Mini-Roshina-9.jpg,2025/02,17854,product_gallery_image,1,1,"[{""type"": ""product_gallery_image"", ""wcProductId"": 17419, ""sku"": ""12557"", ""productName"": ""Mini Roshina Beige"", ""position"": 1}]",download only; do not delete or update references during import approval step
import_file_and_create_or_reuse_media_asset,https://coveinterior.com/wp-content/uploads/2025/02/Mini-roshina-Mubkhar-set.jpg,wordpress-migration/2025/02/Mini-roshina-Mubkhar-set.jpg,/media/wordpress-migration/2025/02/Mini-roshina-Mubkhar-set.jpg,Mini-roshina-Mubkhar-set.jpg,2025/02,17826,variation_image,4,1,"[{""type"": ""variation_image"", ""wcProductId"": 17289, ""parentSku"": ""17190"", ""wcVariantId"": 17292, ""sku"": ""17190"", ""attributes"": [{""id"": 16, ""name"": ""Select mubkhar set"", ""slug"": ""pa_select-mubkhar-set"", ""option"": ""Roshina mini full + Roshina Mubkhar""}]}, {""type"": ""variation_image"", ""wcProductId"": 17289, ""parentSku"": ""17190"", ""wcVariantId"": 17291, ""sku"": ""17190"", ""attributes"": [{""id"": 16, ""name"": ""Select mubkhar set"", ""slug"": ""pa_select-mubkhar-set"", ""option"": ""Roshina mini basic + Roshna Mubkhar""}]}, {""type"": ""variation_image"", ""wcProductId"": 14289, ""parentSku"": ""12553"", ""wcVariantId"": 17397, ""sku"": ""12553"", ""attributes"": [{""id"": 19, ""name"": ""Select Mini Roshina box set"", ""slug"": ""pa_select-mini-roshina-box-set"", ""option"": ""Full set + Roshina Mubkhar""}]}]",download only; do not delete or update references during import approval step
import_file_and_create_or_reuse_media_asset,https://coveinterior.com/wp-content/uploads/2025/02/miniroshina-mubkhar-beige-set.png,wordpress-migration/2025/02/miniroshina-mubkhar-beige-set.png,/media/wordpress-migration/2025/02/miniroshina-mubkhar-beige-set.png,miniroshina-mubkhar-beige-set.png,2025/02,17903,variation_image,4,1,"[{""type"": ""variation_image"", ""wcProductId"": 17419, ""parentSku"": ""12557"", ""wcVariantId"": 17423, ""sku"": ""12557"", ""attributes"": [{""id"": 19, ""name"": ""Select Mini Roshina box set"", ""slug"": ""pa_select-mini-roshina-box-set"", ""option"": ""Full set + Roshina Mubkhar""}]}, {""type"": ""variation_image"", ""wcProductId"": 17419, ""parentSku"": ""12557"", ""wcVariantId"": 17421, ""sku"": ""12557"", ""attributes"": [{""id"": 19, ""name"": ""Select Mini Roshina box set"", ""slug"": ""pa_select-mini-roshina-box-set"", ""option"": ""Basic set + Roshina Mubkhar""}]}, {""type"": ""variation_image"", ""wcProductId"": 17253, ""parentSku"": ""17189"", ""wcVariantId"": 17456, ""sku"": ""17189"", ""attributes"": [{""id"": 16, ""name"": ""Select mubkhar set"", ""slug"": ""pa_select-mubkhar-set"", ""option"": ""Roshina mini basic + Roshna Mubkhar""}]}]",download only; do not delete or update references during import approval step
import_file_and_create_or_reuse_media_asset,https://coveinterior.com/wp-content/uploads/2025/02/Mubkhar-beige.jpg,wordpress-migration/2025/02/Mubkhar-beige.jpg,/media/wordpress-migration/2025/02/Mubkhar-beige.jpg,Mubkhar-beige.jpg,2025/02,17342,page_embedded_media_url|product_featured_image|variation_image,20,9,"[{""type"": ""product_featured_image"", ""wcProductId"": 17523, ""sku"": ""17523"", ""productName"": ""Mubkhar Beige store"", ""position"": 0}, {""type"": ""variation_image"", ""wcProductId"": 17523, ""parentSku"": ""17523"", ""wcVariantId"": 17524, ""sku"": ""17523"", ""attributes"": [{""id"": 16, ""name"": ""Select mubkhar set"", ""slug"": ""pa_select-mubkhar-set"", ""option"": ""Roshina Mubkhar only""}]}, {""type"": ""product_featured_image"", ""wcProductId"": 17253, ""sku"": ""17189"", ""productName"": ""Roshina Mubkhar Beige"", ""position"": 0}]",download only; do not delete or update references during import approval step
import_file_and_create_or_reuse_media_asset,https://coveinterior.com/wp-content/uploads/2025/02/Mubkhar-black.jpg,wordpress-migration/2025/02/Mubkhar-black.jpg,/media/wordpress-migration/2025/02/Mubkhar-black.jpg,Mubkhar-black.jpg,2025/02,17344,page_embedded_media_url|product_featured_image|variation_image,20,9,"[{""type"": ""product_featured_image"", ""wcProductId"": 17289, ""sku"": ""17190"", ""productName"": ""Roshina Mubkhar Black"", ""position"": 0}, {""type"": ""variation_image"", ""wcProductId"": 17289, ""parentSku"": ""17190"", ""wcVariantId"": 17290, ""sku"": ""17190"", ""attributes"": [{""id"": 16, ""name"": ""Select mubkhar set"", ""slug"": ""pa_select-mubkhar-set"", ""option"": ""Roshina Mubkhar only""}]}, {""type"": ""product_featured_image"", ""wcProductId"": 17494, ""sku"": ""17494"", ""productName"": ""Mubkhar Black store"", ""position"": 0}]",download only; do not delete or update references during import approval step
import_file_and_create_or_reuse_media_asset,https://coveinterior.com/wp-content/uploads/2025/02/Mubkhar-petrol.jpg,wordpress-migration/2025/02/Mubkhar-petrol.jpg,/media/wordpress-migration/2025/02/Mubkhar-petrol.jpg,Mubkhar-petrol.jpg,2025/02,17348,page_embedded_media_url|product_featured_image|variation_image,20,9,"[{""type"": ""product_featured_image"", ""wcProductId"": 17306, ""sku"": ""17191"", ""productName"": ""Roshina Mubkhar Petrol"", ""position"": 0}, {""type"": ""variation_image"", ""wcProductId"": 17306, ""parentSku"": ""17191"", ""wcVariantId"": 17307, ""sku"": ""17191"", ""attributes"": [{""id"": 16, ""name"": ""Select mubkhar set"", ""slug"": ""pa_select-mubkhar-set"", ""option"": ""Roshina Mubkhar only""}]}, {""type"": ""product_featured_image"", ""wcProductId"": 17512, ""sku"": ""17512"", ""productName"": ""Mubkhar Petrol store"", ""position"": 0}]",download only; do not delete or update references during import approval step
import_file_and_create_or_reuse_media_asset,https://coveinterior.com/wp-content/uploads/2025/02/Mubkhar-R1-beige.jpg,wordpress-migration/2025/02/Mubkhar-R1-beige.jpg,/media/wordpress-migration/2025/02/Mubkhar-R1-beige.jpg,Mubkhar-R1-beige.jpg,2025/02,17350,variation_image,6,1,"[{""type"": ""variation_image"", ""wcProductId"": 17523, ""parentSku"": ""17523"", ""wcVariantId"": 17528, ""sku"": ""17523"", ""attributes"": [{""id"": 16, ""name"": ""Select mubkhar set"", ""slug"": ""pa_select-mubkhar-set"", ""option"": ""Roshina 1 full + Roshina Mubkhar""}]}, {""type"": ""variation_image"", ""wcProductId"": 17523, ""parentSku"": ""17523"", ""wcVariantId"": 17527, ""sku"": ""17523"", ""attributes"": [{""id"": 16, ""name"": ""Select mubkhar set"", ""slug"": ""pa_select-mubkhar-set"", ""option"": ""Roshina 1 basic + Roshina Mubkhar""}]}, {""type"": ""variation_image"", ""wcProductId"": 17523, ""parentSku"": ""17523"", ""wcVariantId"": 17526, ""sku"": ""17523"", ""attributes"": [{""id"": 16, ""name"": ""Select mubkhar set"", ""slug"": ""pa_select-mubkhar-set"", ""option"": ""Roshina mini full + Roshina Mubkhar""}]}]",download only; do not delete or update references during import approval step
import_file_and_create_or_reuse_media_asset,https://coveinterior.com/wp-content/uploads/2025/02/Mubkhar-R1-black.jpg,wordpress-migration/2025/02/Mubkhar-R1-black.jpg,/media/wordpress-migration/2025/02/Mubkhar-R1-black.jpg,Mubkhar-R1-black.jpg,2025/02,17352,variation_image,6,1,"[{""type"": ""variation_image"", ""wcProductId"": 17494, ""parentSku"": ""17494"", ""wcVariantId"": 17499, ""sku"": ""17494"", ""attributes"": [{""id"": 16, ""name"": ""Select mubkhar set"", ""slug"": ""pa_select-mubkhar-set"", ""option"": ""Roshina 1 full + Roshina Mubkhar""}]}, {""type"": ""variation_image"", ""wcProductId"": 17494, ""parentSku"": ""17494"", ""wcVariantId"": 17498, ""sku"": ""17494"", ""attributes"": [{""id"": 16, ""name"": ""Select mubkhar set"", ""slug"": ""pa_select-mubkhar-set"", ""option"": ""Roshina 1 basic + Roshina Mubkhar""}]}, {""type"": ""variation_image"", ""wcProductId"": 17494, ""parentSku"": ""17494"", ""wcVariantId"": 17497, ""sku"": ""17494"", ""attributes"": [{""id"": 16, ""name"": ""Select mubkhar set"", ""slug"": ""pa_select-mubkhar-set"", ""option"": ""Roshina mini full + Roshina Mubkhar""}]}]",download only; do not delete or update references during import approval step
import_file_and_create_or_reuse_media_asset,https://coveinterior.com/wp-content/uploads/2025/02/Mubkhar-R1-petrol.jpg,wordpress-migration/2025/02/Mubkhar-R1-petrol.jpg,/media/wordpress-migration/2025/02/Mubkhar-R1-petrol.jpg,Mubkhar-R1-petrol.jpg,2025/02,17354,variation_image,6,1,"[{""type"": ""variation_image"", ""wcProductId"": 17512, ""parentSku"": ""17512"", ""wcVariantId"": 17515, ""sku"": ""17512"", ""attributes"": [{""id"": 16, ""name"": ""Select mubkhar set"", ""slug"": ""pa_select-mubkhar-set"", ""option"": ""Roshina 1 full + Roshina Mubkhar""}]}, {""type"": ""variation_image"", ""wcProductId"": 17512, ""parentSku"": ""17512"", ""wcVariantId"": 17514, ""sku"": ""17512"", ""attributes"": [{""id"": 16, ""name"": ""Select mubkhar set"", ""slug"": ""pa_select-mubkhar-set"", ""option"": ""Roshina 1 basic + Roshina Mubkhar""}]}, {""type"": ""variation_image"", ""wcProductId"": 17552, ""parentSku"": ""14557"", ""wcVariantId"": 17556, ""sku"": ""14557"", ""attributes"": [{""id"": 19, ""name"": ""Select Mini Roshina box set"", ""slug"": ""pa_select-mini-roshina-box-set"", ""option"": ""Full set + Roshina Mubkhar""}]}]",download only; do not delete or update references during import approval step
import_file_and_create_or_reuse_media_asset,https://coveinterior.com/wp-content/uploads/2025/02/roshina1-mubkhar-beige-set.jpg,wordpress-migration/2025/02/roshina1-mubkhar-beige-set.jpg,/media/wordpress-migration/2025/02/roshina1-mubkhar-beige-set.jpg,roshina1-mubkhar-beige-set.jpg,2025/02,17834,variation_image,4,1,"[{""type"": ""variation_image"", ""wcProductId"": 17253, ""parentSku"": ""17189"", ""wcVariantId"": 17277, ""sku"": ""17189"", ""attributes"": [{""id"": 16, ""name"": ""Select mubkhar set"", ""slug"": ""pa_select-mubkhar-set"", ""option"": ""Roshina 1 full + Roshina Mubkhar""}]}, {""type"": ""variation_image"", ""wcProductId"": 17253, ""parentSku"": ""17189"", ""wcVariantId"": 17276, ""sku"": ""17189"", ""attributes"": [{""id"": 16, ""name"": ""Select mubkhar set"", ""slug"": ""pa_select-mubkhar-set"", ""option"": ""Roshina 1 basic + Roshina Mubkhar""}]}, {""type"": ""variation_image"", ""wcProductId"": 11948, ""parentSku"": ""112233"", ""wcVariantId"": 17447, ""sku"": ""112233"", ""attributes"": [{""id"": 18, ""name"": ""Select R1 box set"", ""slug"": ""pa_select-r1-box-set"", ""option"": ""Full set + Roshina Mubkhar""}]}]",download only; do not delete or update references during import approval step
import_file_and_create_or_reuse_media_asset,https://coveinterior.com/wp-content/uploads/2025/02/roshina1-mubkhar-black-set.jpg,wordpress-migration/2025/02/roshina1-mubkhar-black-set.jpg,/media/wordpress-migration/2025/02/roshina1-mubkhar-black-set.jpg,roshina1-mubkhar-black-set.jpg,2025/02,17830,variation_image,2,1,"[{""type"": ""variation_image"", ""wcProductId"": 17289, ""parentSku"": ""17190"", ""wcVariantId"": 17294, ""sku"": ""17190"", ""attributes"": [{""id"": 16, ""name"": ""Select mubkhar set"", ""slug"": ""pa_select-mubkhar-set"", ""option"": ""Roshina 1 full + Roshina Mubkhar""}]}, {""type"": ""variation_image"", ""wcProductId"": 17289, ""parentSku"": ""17190"", ""wcVariantId"": 17293, ""sku"": ""17190"", ""attributes"": [{""id"": 16, ""name"": ""Select mubkhar set"", ""slug"": ""pa_select-mubkhar-set"", ""option"": ""Roshina 1 basic + Roshina Mubkhar""}]}]",download only; do not delete or update references during import approval step
import_file_and_create_or_reuse_media_asset,https://coveinterior.com/wp-content/uploads/2025/02/roshina1-mubkhar-petrol-set-1.jpg,wordpress-migration/2025/02/roshina1-mubkhar-petrol-set-1.jpg,/media/wordpress-migration/2025/02/roshina1-mubkhar-petrol-set-1.jpg,roshina1-mubkhar-petrol-set-1.jpg,2025/02,17882,variation_image,4,1,"[{""type"": ""variation_image"", ""wcProductId"": 17306, ""parentSku"": ""17191"", ""wcVariantId"": 17311, ""sku"": ""17191"", ""attributes"": [{""id"": 16, ""name"": ""Select mubkhar set"", ""slug"": ""pa_select-mubkhar-set"", ""option"": ""Roshina 1 full + Roshina Mubkhar""}]}, {""type"": ""variation_image"", ""wcProductId"": 17306, ""parentSku"": ""17191"", ""wcVariantId"": 17310, ""sku"": ""17191"", ""attributes"": [{""id"": 16, ""name"": ""Select mubkhar set"", ""slug"": ""pa_select-mubkhar-set"", ""option"": ""Roshina 1 basic + Roshina Mubkhar""}]}, {""type"": ""variation_image"", ""wcProductId"": 12040, ""parentSku"": ""112239"", ""wcVariantId"": 17443, ""sku"": ""112239"", ""attributes"": [{""id"": 18, ""name"": ""Select R1 box set"", ""slug"": ""pa_select-r1-box-set"", ""option"": ""Full set + Roshina Mubkhar""}]}]",download only; do not delete or update references during import approval step
import_file_and_create_or_reuse_media_asset,https://coveinterior.com/wp-content/uploads/2025/02/trash-bin-beige-1-zoom.png,wordpress-migration/2025/02/trash-bin-beige-1-zoom.png,/media/wordpress-migration/2025/02/trash-bin-beige-1-zoom.png,trash-bin-beige-1-zoom.png,2025/02,17890,cms_block_embedded_media_url|page_embedded_media_url|product_featured_image|variation_image,23,7,"[{""type"": ""product_featured_image"", ""wcProductId"": 17244, ""sku"": ""17195"", ""productName"": ""Beige Trash Bin"", ""position"": 0}, {""type"": ""variation_image"", ""wcProductId"": 17244, ""parentSku"": ""17195"", ""wcVariantId"": 17245, ""sku"": ""17195"", ""attributes"": [{""id"": 15, ""name"": ""Trash bin"", ""slug"": ""pa_trash-bin"", ""option"": ""Single""}]}, {""type"": ""page_embedded_media_url"", ""postType"": ""page"", ""wpPostId"": 17144, ""slug"": ""all-brass-products"", ""title"": ""All Brass Products""}]",download only; do not delete or update references during import approval step
import_file_and_create_or_reuse_media_asset,https://coveinterior.com/wp-content/uploads/2025/02/Trash-bin-beige-1.jpg,wordpress-migration/2025/02/Trash-bin-beige-1.jpg,/media/wordpress-migration/2025/02/Trash-bin-beige-1.jpg,Trash-bin-beige-1.jpg,2025/02,17203,product_gallery_image,2,1,"[{""type"": ""product_gallery_image"", ""wcProductId"": 17470, ""sku"": ""17188"", ""productName"": ""Beige Trash Bin Store"", ""position"": 2}, {""type"": ""product_gallery_image"", ""wcProductId"": 17244, ""sku"": ""17195"", ""productName"": ""Beige Trash Bin"", ""position"": 2}]",download only; do not delete or update references during import approval step
import_file_and_create_or_reuse_media_asset,https://coveinterior.com/wp-content/uploads/2025/02/trash-bin-beige-set.png,wordpress-migration/2025/02/trash-bin-beige-set.png,/media/wordpress-migration/2025/02/trash-bin-beige-set.png,trash-bin-beige-set.png,2025/02,17892,variation_image,3,1,"[{""type"": ""variation_image"", ""wcProductId"": 17244, ""parentSku"": ""17195"", ""wcVariantId"": 17246, ""sku"": ""17195"", ""attributes"": [{""id"": 15, ""name"": ""Trash bin"", ""slug"": ""pa_trash-bin"", ""option"": ""Set with Tissue Boxes""}]}, {""type"": ""variation_image"", ""wcProductId"": 14483, ""parentSku"": ""12569"", ""wcVariantId"": 17959, ""sku"": ""12569"", ""attributes"": [{""id"": 17, ""name"": ""Select tissue box"", ""slug"": ""pa_select-tissue-box"", ""option"": ""set with trash bin""}]}, {""type"": ""variation_image"", ""wcProductId"": 14475, ""parentSku"": ""12566"", ""wcVariantId"": 18177, ""sku"": ""12566"", ""attributes"": [{""id"": 17, ""name"": ""Select tissue box"", ""slug"": ""pa_select-tissue-box"", ""option"": ""set with trash bin""}]}]",download only; do not delete or update references during import approval step
import_file_and_create_or_reuse_media_asset,https://coveinterior.com/wp-content/uploads/2025/02/Trash-Bin-Beige.jpg,wordpress-migration/2025/02/Trash-Bin-Beige.jpg,/media/wordpress-migration/2025/02/Trash-Bin-Beige.jpg,Trash-Bin-Beige.jpg,2025/02,17192,cms_block_embedded_media_url|product_featured_image|variation_image,11,9,"[{""type"": ""product_featured_image"", ""wcProductId"": 17470, ""sku"": ""17188"", ""productName"": ""Beige Trash Bin Store"", ""position"": 0}, {""type"": ""variation_image"", ""wcProductId"": 17470, ""parentSku"": ""17188"", ""wcVariantId"": 18971, ""sku"": ""17188"", ""attributes"": [{""id"": 15, ""name"": ""Trash bin"", ""slug"": ""pa_trash-bin"", ""option"": ""Set with Tissue Boxes""}]}, {""type"": ""variation_image"", ""wcProductId"": 17470, ""parentSku"": ""17188"", ""wcVariantId"": 17471, ""sku"": ""17188"", ""attributes"": [{""id"": 15, ""name"": ""Trash bin"", ""slug"": ""pa_trash-bin"", ""option"": ""Single""}]}]",download only; do not delete or update references during import approval step
import_file_and_create_or_reuse_media_asset,https://coveinterior.com/wp-content/uploads/2025/02/trash-bin-black-1-zoom.png,wordpress-migration/2025/02/trash-bin-black-1-zoom.png,/media/wordpress-migration/2025/02/trash-bin-black-1-zoom.png,trash-bin-black-1-zoom.png,2025/02,17894,page_embedded_media_url|product_featured_image|variation_image,16,7,"[{""type"": ""product_featured_image"", ""wcProductId"": 17186, ""sku"": ""17186"", ""productName"": ""Black Trash Bin"", ""position"": 0}, {""type"": ""variation_image"", ""wcProductId"": 17186, ""parentSku"": ""17186"", ""wcVariantId"": 17225, ""sku"": ""17186"", ""attributes"": [{""id"": 15, ""name"": ""Trash bin"", ""slug"": ""pa_trash-bin"", ""option"": ""Single""}]}, {""type"": ""page_embedded_media_url"", ""postType"": ""page"", ""wpPostId"": 17144, ""slug"": ""all-brass-products"", ""title"": ""All Brass Products""}]",download only; do not delete or update references during import approval step
import_file_and_create_or_reuse_media_asset,https://coveinterior.com/wp-content/uploads/2025/02/Trash-bin-black-1.jpg,wordpress-migration/2025/02/Trash-bin-black-1.jpg,/media/wordpress-migration/2025/02/Trash-bin-black-1.jpg,Trash-bin-black-1.jpg,2025/02,17205,product_gallery_image,2,1,"[{""type"": ""product_gallery_image"", ""wcProductId"": 17486, ""sku"": ""17486"", ""productName"": ""Black Trash Bin store"", ""position"": 1}, {""type"": ""product_gallery_image"", ""wcProductId"": 17186, ""sku"": ""17186"", ""productName"": ""Black Trash Bin"", ""position"": 1}]",download only; do not delete or update references during import approval step
import_file_and_create_or_reuse_media_asset,https://coveinterior.com/wp-content/uploads/2025/02/trash-bin-black-set.png,wordpress-migration/2025/02/trash-bin-black-set.png,/media/wordpress-migration/2025/02/trash-bin-black-set.png,trash-bin-black-set.png,2025/02,17896,variation_image,3,1,"[{""type"": ""variation_image"", ""wcProductId"": 17186, ""parentSku"": ""17186"", ""wcVariantId"": 17224, ""sku"": ""17186"", ""attributes"": [{""id"": 15, ""name"": ""Trash bin"", ""slug"": ""pa_trash-bin"", ""option"": ""Set with Tissue Boxes""}]}, {""type"": ""variation_image"", ""wcProductId"": 14487, ""parentSku"": ""12570"", ""wcVariantId"": 17948, ""sku"": ""12570"", ""attributes"": [{""id"": 17, ""name"": ""Select tissue box"", ""slug"": ""pa_select-tissue-box"", ""option"": ""set with trash bin""}]}, {""type"": ""variation_image"", ""wcProductId"": 14480, ""parentSku"": ""12568"", ""wcVariantId"": 18162, ""sku"": ""12568"", ""attributes"": [{""id"": 17, ""name"": ""Select tissue box"", ""slug"": ""pa_select-tissue-box"", ""option"": ""set with trash bin""}]}]",download only; do not delete or update references during import approval step
import_file_and_create_or_reuse_media_asset,https://coveinterior.com/wp-content/uploads/2025/02/Trash-Bin-black.jpg,wordpress-migration/2025/02/Trash-Bin-black.jpg,/media/wordpress-migration/2025/02/Trash-Bin-black.jpg,Trash-Bin-black.jpg,2025/02,17188,product_featured_image|variation_image,2,1,"[{""type"": ""product_featured_image"", ""wcProductId"": 17486, ""sku"": ""17486"", ""productName"": ""Black Trash Bin store"", ""position"": 0}, {""type"": ""variation_image"", ""wcProductId"": 17486, ""parentSku"": ""17486"", ""wcVariantId"": 17487, ""sku"": ""17486"", ""attributes"": [{""id"": 15, ""name"": ""Trash bin"", ""slug"": ""pa_trash-bin"", ""option"": ""Single""}]}]",download only; do not delete or update references during import approval step
import_file_and_create_or_reuse_media_asset,https://coveinterior.com/wp-content/uploads/2025/02/trash-bin-bronze-1-zoom.png,wordpress-migration/2025/02/trash-bin-bronze-1-zoom.png,/media/wordpress-migration/2025/02/trash-bin-bronze-1-zoom.png,trash-bin-bronze-1-zoom.png,2025/02,17898,page_embedded_media_url|product_featured_image|variation_image,16,7,"[{""type"": ""product_featured_image"", ""wcProductId"": 17235, ""sku"": ""17187"", ""productName"": ""Bronze Trash Bin"", ""position"": 0}, {""type"": ""variation_image"", ""wcProductId"": 17235, ""parentSku"": ""17187"", ""wcVariantId"": 17236, ""sku"": ""17187"", ""attributes"": [{""id"": 15, ""name"": ""Trash bin"", ""slug"": ""pa_trash-bin"", ""option"": ""Single""}]}, {""type"": ""page_embedded_media_url"", ""postType"": ""page"", ""wpPostId"": 17144, ""slug"": ""all-brass-products"", ""title"": ""All Brass Products""}]",download only; do not delete or update references during import approval step
import_file_and_create_or_reuse_media_asset,https://coveinterior.com/wp-content/uploads/2025/02/Trash-bin-bronze-1.jpg,wordpress-migration/2025/02/Trash-bin-bronze-1.jpg,/media/wordpress-migration/2025/02/Trash-bin-bronze-1.jpg,Trash-bin-bronze-1.jpg,2025/02,17207,product_gallery_image,2,1,"[{""type"": ""product_gallery_image"", ""wcProductId"": 17478, ""sku"": ""17478"", ""productName"": ""Bronze Trash Bin store"", ""position"": 1}, {""type"": ""product_gallery_image"", ""wcProductId"": 17235, ""sku"": ""17187"", ""productName"": ""Bronze Trash Bin"", ""position"": 1}]",download only; do not delete or update references during import approval step
import_file_and_create_or_reuse_media_asset,https://coveinterior.com/wp-content/uploads/2025/02/trash-bin-bronze-set.png,wordpress-migration/2025/02/trash-bin-bronze-set.png,/media/wordpress-migration/2025/02/trash-bin-bronze-set.png,trash-bin-bronze-set.png,2025/02,17900,variation_image,3,1,"[{""type"": ""variation_image"", ""wcProductId"": 17235, ""parentSku"": ""17187"", ""wcVariantId"": 20047, ""sku"": ""17187"", ""attributes"": [{""id"": 15, ""name"": ""Trash bin"", ""slug"": ""pa_trash-bin"", ""option"": ""Set with Tissue Boxes""}]}, {""type"": ""variation_image"", ""wcProductId"": 14485, ""parentSku"": ""12571"", ""wcVariantId"": 17952, ""sku"": ""12571"", ""attributes"": [{""id"": 17, ""name"": ""Select tissue box"", ""slug"": ""pa_select-tissue-box"", ""option"": ""set with trash bin""}]}, {""type"": ""variation_image"", ""wcProductId"": 14478, ""parentSku"": ""12567"", ""wcVariantId"": 18170, ""sku"": ""12567"", ""attributes"": [{""id"": 17, ""name"": ""Select tissue box"", ""slug"": ""pa_select-tissue-box"", ""option"": ""set with trash bin""}]}]",download only; do not delete or update references during import approval step
import_file_and_create_or_reuse_media_asset,https://coveinterior.com/wp-content/uploads/2025/02/Trash-Bin-Bronze.jpg,wordpress-migration/2025/02/Trash-Bin-Bronze.jpg,/media/wordpress-migration/2025/02/Trash-Bin-Bronze.jpg,Trash-Bin-Bronze.jpg,2025/02,17194,product_featured_image|variation_image,2,1,"[{""type"": ""product_featured_image"", ""wcProductId"": 17478, ""sku"": ""17478"", ""productName"": ""Bronze Trash Bin store"", ""position"": 0}, {""type"": ""variation_image"", ""wcProductId"": 17478, ""parentSku"": ""17478"", ""wcVariantId"": 17479, ""sku"": ""17478"", ""attributes"": [{""id"": 15, ""name"": ""Trash bin"", ""slug"": ""pa_trash-bin"", ""option"": ""Single""}]}]",download only; do not delete or update references during import approval step
import_file_and_create_or_reuse_media_asset,https://coveinterior.com/wp-content/uploads/2025/05/cachemire.jpeg,wordpress-migration/2025/05/cachemire.jpeg,/media/wordpress-migration/2025/05/cachemire.jpeg,cachemire.jpeg,2025/05,18926,product_featured_image,1,1,"[{""type"": ""product_featured_image"", ""wcProductId"": 18924, ""sku"": ""12773"", ""productName"": ""Passage Refill Lamparfum - cachemire"", ""position"": 0}]",download only; do not delete or update references during import approval step
import_file_and_create_or_reuse_media_asset,https://coveinterior.com/wp-content/uploads/2025/05/mini-lighter-silver.jpeg,wordpress-migration/2025/05/mini-lighter-silver.jpeg,/media/wordpress-migration/2025/05/mini-lighter-silver.jpeg,mini-lighter-silver.jpeg,2025/05,18922,product_featured_image,1,1,"[{""type"": ""product_featured_image"", ""wcProductId"": 18920, ""sku"": ""12772"", ""productName"": ""Passage Mini Lighter - Silver"", ""position"": 0}]",download only; do not delete or update references during import approval step
import_file_and_create_or_reuse_media_asset,https://coveinterior.com/wp-content/uploads/2025/05/Passage-Lamp-Red.jpeg,wordpress-migration/2025/05/Passage-Lamp-Red.jpeg,/media/wordpress-migration/2025/05/Passage-Lamp-Red.jpeg,Passage-Lamp-Red.jpeg,2025/05,18930,product_featured_image,1,1,"[{""type"": ""product_featured_image"", ""wcProductId"": 18928, ""sku"": ""12774"", ""productName"": ""Passage Lamp - Red"", ""position"": 0}]",download only; do not delete or update references during import approval step
