repair_id,source,url,basename,year_month,classification,file_exists,file_path,media_asset_rows,media_asset_ids,usage_count_reported,reference_count_parsed,usage_classes,referenced_at,recommended_action,restore_source_count,restore_sources,repair_feasibility,wordpress_source_count,wordpress_sources,repair_status,repair_action,preferred_wordpress_source,node_destination_path
AMR-0001,missing_file_csv,/media/wordpress-migration/2021/07/Details-classic-157-gray-gold.jpg,Details-classic-157-gray-gold.jpg,media/wordpress-migration/2021,variant_gallery_missing_file,False,/home/manus/cove-storefront/public/media/wordpress-migration/2021/07/Details-classic-157-gray-gold.jpg,1,[1],7,7,commerce_active,product_variants.galleryImages#210267;product_variants.galleryImages#210308;product_variants.galleryImages#300267;product_variants.galleryImages#300308;product_variants.galleryImages#330553;product_variants.galleryImages#330771;product_variants.galleryImages#331185,Search backup/source media for exact basename/path; restore file if found; otherwise prepare row-level DB reference cleanup/replacement.,0,,wordpress_file_restore_available,2,/var/www/test.coveinterior.com/wp-content/uploads/2021/07/Details-classic-157-gray-gold.jpg;/var/www/html/wp-content/uploads/2021/07/Details-classic-157-gray-gold.jpg,ready_for_restore,restore_file_from_wordpress_source,/var/www/html/wp-content/uploads/2021/07/Details-classic-157-gray-gold.jpg,/home/manus/cove-storefront/public/media/wordpress-migration/2021/07/Details-classic-157-gray-gold.jpg
AMR-0002,missing_file_csv,/media/wordpress-migration/2021/07/Details-classic-157-marble-gold.jpg,Details-classic-157-marble-gold.jpg,media/wordpress-migration/2021,variant_gallery_missing_file,False,/home/manus/cove-storefront/public/media/wordpress-migration/2021/07/Details-classic-157-marble-gold.jpg,1,[2],7,7,commerce_active,product_variants.galleryImages#210268;product_variants.galleryImages#210309;product_variants.galleryImages#300268;product_variants.galleryImages#300309;product_variants.galleryImages#330558;product_variants.galleryImages#330776;product_variants.galleryImages#331193,Search backup/source media for exact basename/path; restore file if found; otherwise prepare row-level DB reference cleanup/replacement.,0,,wordpress_file_restore_available,2,/var/www/test.coveinterior.com/wp-content/uploads/2021/07/Details-classic-157-marble-gold.jpg;/var/www/html/wp-content/uploads/2021/07/Details-classic-157-marble-gold.jpg,ready_for_restore,restore_file_from_wordpress_source,/var/www/html/wp-content/uploads/2021/07/Details-classic-157-marble-gold.jpg,/home/manus/cove-storefront/public/media/wordpress-migration/2021/07/Details-classic-157-marble-gold.jpg
AMR-0003,missing_file_csv,/media/wordpress-migration/2021/07/big-capsules-1.jpg,big-capsules-1.jpg,media/wordpress-migration/2021,variant_gallery_missing_file,False,/home/manus/cove-storefront/public/media/wordpress-migration/2021/07/big-capsules-1.jpg,1,[4],8,8,commerce_active,product_variants.galleryImages#210219;product_variants.galleryImages#210278;product_variants.galleryImages#300219;product_variants.galleryImages#300278;product_variants.galleryImages#330377;product_variants.galleryImages#330611;product_variants.galleryImages#330917;product_variants.galleryImages#331268,Search backup/source media for exact basename/path; restore file if found; otherwise prepare row-level DB reference cleanup/replacement.,0,,wordpress_file_restore_available,2,/var/www/test.coveinterior.com/wp-content/uploads/2021/07/big-capsules-1.jpg;/var/www/html/wp-content/uploads/2021/07/big-capsules-1.jpg,ready_for_restore,restore_file_from_wordpress_source,/var/www/html/wp-content/uploads/2021/07/big-capsules-1.jpg,/home/manus/cove-storefront/public/media/wordpress-migration/2021/07/big-capsules-1.jpg
AMR-0004,missing_file_csv,/media/wordpress-migration/2021/07/clear-glass-1.jpg,clear-glass-1.jpg,media/wordpress-migration/2021,variant_gallery_missing_file,False,/home/manus/cove-storefront/public/media/wordpress-migration/2021/07/clear-glass-1.jpg,1,[10],49,20,commerce_active,product_variants.galleryImages#210112;product_variants.galleryImages#210197;product_variants.galleryImages#210216;product_variants.galleryImages#210217;product_variants.galleryImages#210218;product_variants.galleryImages#210221;product_variants.galleryImages#210266;product_variants.galleryImages#210267;product_variants.galleryImages#210268;product_variants.galleryImages#210307;product_variants.galleryImages#210308;product_variants.galleryImages#210309;product_variants.galleryImages#300112;product_variants.galleryImages#300197;product_variants.galleryImages#300216;product_variants.galleryImages#300217;product_variants.galleryImages#300218;product_variants.galleryImages#300221;product_variants.galleryImages#300266;product_variants.galleryImages#300267,Search backup/source media for exact basename/path; restore file if found; otherwise prepare row-level DB reference cleanup/replacement.,0,,wordpress_file_restore_available,2,/var/www/test.coveinterior.com/wp-content/uploads/2021/07/clear-glass-1.jpg;/var/www/html/wp-content/uploads/2021/07/clear-glass-1.jpg,ready_for_restore,restore_file_from_wordpress_source,/var/www/html/wp-content/uploads/2021/07/clear-glass-1.jpg,/home/manus/cove-storefront/public/media/wordpress-migration/2021/07/clear-glass-1.jpg
AMR-0005,missing_file_csv,/media/wordpress-migration/2021/07/details-classic-157-gold-2.jpg,details-classic-157-gold-2.jpg,media/wordpress-migration/2021,variant_gallery_missing_file,False,/home/manus/cove-storefront/public/media/wordpress-migration/2021/07/details-classic-157-gold-2.jpg,1,[11],16,16,commerce_active,product_variants.galleryImages#210197;product_variants.galleryImages#210218;product_variants.galleryImages#210221;product_variants.galleryImages#210307;product_variants.galleryImages#300197;product_variants.galleryImages#300218;product_variants.galleryImages#300221;product_variants.galleryImages#300307;product_variants.galleryImages#330292;product_variants.galleryImages#330373;product_variants.galleryImages#330385;product_variants.galleryImages#330763;product_variants.galleryImages#330823;product_variants.galleryImages#330913;product_variants.galleryImages#330930;product_variants.galleryImages#331171,Search backup/source media for exact basename/path; restore file if found; otherwise prepare row-level DB reference cleanup/replacement.,0,,wordpress_file_restore_available,2,/var/www/test.coveinterior.com/wp-content/uploads/2021/07/details-classic-157-gold-2.jpg;/var/www/html/wp-content/uploads/2021/07/details-classic-157-gold-2.jpg,ready_for_restore,restore_file_from_wordpress_source,/var/www/html/wp-content/uploads/2021/07/details-classic-157-gold-2.jpg,/home/manus/cove-storefront/public/media/wordpress-migration/2021/07/details-classic-157-gold-2.jpg
AMR-0006,missing_file_csv,/media/wordpress-migration/2021/07/small-capsules-1.jpg,small-capsules-1.jpg,media/wordpress-migration/2021,variant_gallery_missing_file,False,/home/manus/cove-storefront/public/media/wordpress-migration/2021/07/small-capsules-1.jpg,1,[13],201,20,commerce_active,product_variants.galleryImages#210112;product_variants.galleryImages#210197;product_variants.galleryImages#210216;product_variants.galleryImages#210217;product_variants.galleryImages#210218;product_variants.galleryImages#210221;product_variants.galleryImages#210222;product_variants.galleryImages#210223;product_variants.galleryImages#210224;product_variants.galleryImages#210225;product_variants.galleryImages#210226;product_variants.galleryImages#210227;product_variants.galleryImages#210228;product_variants.galleryImages#210266;product_variants.galleryImages#210267;product_variants.galleryImages#210268;product_variants.galleryImages#210269;product_variants.galleryImages#210270;product_variants.galleryImages#210271;product_variants.galleryImages#210272,Search backup/source media for exact basename/path; restore file if found; otherwise prepare row-level DB reference cleanup/replacement.,0,,wordpress_file_restore_available,2,/var/www/test.coveinterior.com/wp-content/uploads/2021/07/small-capsules-1.jpg;/var/www/html/wp-content/uploads/2021/07/small-capsules-1.jpg,ready_for_restore,restore_file_from_wordpress_source,/var/www/html/wp-content/uploads/2021/07/small-capsules-1.jpg,/home/manus/cove-storefront/public/media/wordpress-migration/2021/07/small-capsules-1.jpg
AMR-0007,missing_file_csv,/media/wordpress-migration/2022/07/COUNTRY-112-BEECH-DETAILS-1.jpg,COUNTRY-112-BEECH-DETAILS-1.jpg,media/wordpress-migration/2022,variant_gallery_missing_file,False,/home/manus/cove-storefront/public/media/wordpress-migration/2022/07/COUNTRY-112-BEECH-DETAILS-1.jpg,1,[18],7,7,commerce_active,product_variants.galleryImages#210226;product_variants.galleryImages#210289;product_variants.galleryImages#300226;product_variants.galleryImages#300289;product_variants.galleryImages#330410;product_variants.galleryImages#330669;product_variants.galleryImages#330959,Search backup/source media for exact basename/path; restore file if found; otherwise prepare row-level DB reference cleanup/replacement.,0,,wordpress_file_restore_available,2,/var/www/test.coveinterior.com/wp-content/uploads/2022/07/COUNTRY-112-BEECH-DETAILS-1.jpg;/var/www/html/wp-content/uploads/2022/07/COUNTRY-112-BEECH-DETAILS-1.jpg,ready_for_restore,restore_file_from_wordpress_source,/var/www/html/wp-content/uploads/2022/07/COUNTRY-112-BEECH-DETAILS-1.jpg,/home/manus/cove-storefront/public/media/wordpress-migration/2022/07/COUNTRY-112-BEECH-DETAILS-1.jpg
AMR-0008,missing_file_csv,/media/wordpress-migration/2022/07/COUNTRY-112-BEIGE-DETAILS.jpg,COUNTRY-112-BEIGE-DETAILS.jpg,media/wordpress-migration/2022,variant_gallery_missing_file,False,/home/manus/cove-storefront/public/media/wordpress-migration/2022/07/COUNTRY-112-BEIGE-DETAILS.jpg,1,[21],3,3,commerce_active,product_variants.galleryImages#210290;product_variants.galleryImages#300290;product_variants.galleryImages#330674,Search backup/source media for exact basename/path; restore file if found; otherwise prepare row-level DB reference cleanup/replacement.,0,,wordpress_file_restore_available,2,/var/www/test.coveinterior.com/wp-content/uploads/2022/07/COUNTRY-112-BEIGE-DETAILS.jpg;/var/www/html/wp-content/uploads/2022/07/COUNTRY-112-BEIGE-DETAILS.jpg,ready_for_restore,restore_file_from_wordpress_source,/var/www/html/wp-content/uploads/2022/07/COUNTRY-112-BEIGE-DETAILS.jpg,/home/manus/cove-storefront/public/media/wordpress-migration/2022/07/COUNTRY-112-BEIGE-DETAILS.jpg
AMR-0009,missing_file_csv,/media/wordpress-migration/2022/07/COUNTRY-112-BLACK-DETAILS.jpg,COUNTRY-112-BLACK-DETAILS.jpg,media/wordpress-migration/2022,variant_gallery_missing_file,False,/home/manus/cove-storefront/public/media/wordpress-migration/2022/07/COUNTRY-112-BLACK-DETAILS.jpg,1,[22],7,7,commerce_active,product_variants.galleryImages#210271;product_variants.galleryImages#210291;product_variants.galleryImages#300271;product_variants.galleryImages#300291;product_variants.galleryImages#330578;product_variants.galleryImages#330677;product_variants.galleryImages#331218,Search backup/source media for exact basename/path; restore file if found; otherwise prepare row-level DB reference cleanup/replacement.,0,,wordpress_file_restore_available,2,/var/www/test.coveinterior.com/wp-content/uploads/2022/07/COUNTRY-112-BLACK-DETAILS.jpg;/var/www/html/wp-content/uploads/2022/07/COUNTRY-112-BLACK-DETAILS.jpg,ready_for_restore,restore_file_from_wordpress_source,/var/www/html/wp-content/uploads/2022/07/COUNTRY-112-BLACK-DETAILS.jpg,/home/manus/cove-storefront/public/media/wordpress-migration/2022/07/COUNTRY-112-BLACK-DETAILS.jpg
AMR-0010,missing_file_csv,/media/wordpress-migration/2022/07/COUNTRY-112-BLUE-DETAILS.jpg,COUNTRY-112-BLUE-DETAILS.jpg,media/wordpress-migration/2022,variant_gallery_missing_file,False,/home/manus/cove-storefront/public/media/wordpress-migration/2022/07/COUNTRY-112-BLUE-DETAILS.jpg,1,[24],3,3,commerce_active,product_variants.galleryImages#210292;product_variants.galleryImages#300292;product_variants.galleryImages#330682,Search backup/source media for exact basename/path; restore file if found; otherwise prepare row-level DB reference cleanup/replacement.,0,,wordpress_file_restore_available,2,/var/www/test.coveinterior.com/wp-content/uploads/2022/07/COUNTRY-112-BLUE-DETAILS.jpg;/var/www/html/wp-content/uploads/2022/07/COUNTRY-112-BLUE-DETAILS.jpg,ready_for_restore,restore_file_from_wordpress_source,/var/www/html/wp-content/uploads/2022/07/COUNTRY-112-BLUE-DETAILS.jpg,/home/manus/cove-storefront/public/media/wordpress-migration/2022/07/COUNTRY-112-BLUE-DETAILS.jpg
AMR-0011,missing_file_csv,/media/wordpress-migration/2022/07/COUNTRY-112-GREEN-DETAILS.jpg,COUNTRY-112-GREEN-DETAILS.jpg,media/wordpress-migration/2022,variant_gallery_missing_file,False,/home/manus/cove-storefront/public/media/wordpress-migration/2022/07/COUNTRY-112-GREEN-DETAILS.jpg,1,[26],3,3,commerce_active,product_variants.galleryImages#210293;product_variants.galleryImages#300293;product_variants.galleryImages#330688,Search backup/source media for exact basename/path; restore file if found; otherwise prepare row-level DB reference cleanup/replacement.,0,,wordpress_file_restore_available,2,/var/www/test.coveinterior.com/wp-content/uploads/2022/07/COUNTRY-112-GREEN-DETAILS.jpg;/var/www/html/wp-content/uploads/2022/07/COUNTRY-112-GREEN-DETAILS.jpg,ready_for_restore,restore_file_from_wordpress_source,/var/www/html/wp-content/uploads/2022/07/COUNTRY-112-GREEN-DETAILS.jpg,/home/manus/cove-storefront/public/media/wordpress-migration/2022/07/COUNTRY-112-GREEN-DETAILS.jpg
AMR-0012,missing_file_csv,/media/wordpress-migration/2022/07/COUNTRY-112-GREY-DETAILS.jpg,COUNTRY-112-GREY-DETAILS.jpg,media/wordpress-migration/2022,variant_gallery_missing_file,False,/home/manus/cove-storefront/public/media/wordpress-migration/2022/07/COUNTRY-112-GREY-DETAILS.jpg,1,[28],3,3,commerce_active,product_variants.galleryImages#210294;product_variants.galleryImages#300294;product_variants.galleryImages#330692,Search backup/source media for exact basename/path; restore file if found; otherwise prepare row-level DB reference cleanup/replacement.,0,,wordpress_file_restore_available,2,/var/www/test.coveinterior.com/wp-content/uploads/2022/07/COUNTRY-112-GREY-DETAILS.jpg;/var/www/html/wp-content/uploads/2022/07/COUNTRY-112-GREY-DETAILS.jpg,ready_for_restore,restore_file_from_wordpress_source,/var/www/html/wp-content/uploads/2022/07/COUNTRY-112-GREY-DETAILS.jpg,/home/manus/cove-storefront/public/media/wordpress-migration/2022/07/COUNTRY-112-GREY-DETAILS.jpg
AMR-0013,missing_file_csv,/media/wordpress-migration/2022/07/COUNTRY-112-PINK-DETAILS.jpg,COUNTRY-112-PINK-DETAILS.jpg,media/wordpress-migration/2022,variant_gallery_missing_file,False,/home/manus/cove-storefront/public/media/wordpress-migration/2022/07/COUNTRY-112-PINK-DETAILS.jpg,1,[30],3,3,commerce_active,product_variants.galleryImages#210295;product_variants.galleryImages#300295;product_variants.galleryImages#330697,Search backup/source media for exact basename/path; restore file if found; otherwise prepare row-level DB reference cleanup/replacement.,0,,wordpress_file_restore_available,2,/var/www/test.coveinterior.com/wp-content/uploads/2022/07/COUNTRY-112-PINK-DETAILS.jpg;/var/www/html/wp-content/uploads/2022/07/COUNTRY-112-PINK-DETAILS.jpg,ready_for_restore,restore_file_from_wordpress_source,/var/www/html/wp-content/uploads/2022/07/COUNTRY-112-PINK-DETAILS.jpg,/home/manus/cove-storefront/public/media/wordpress-migration/2022/07/COUNTRY-112-PINK-DETAILS.jpg
AMR-0014,missing_file_csv,/media/wordpress-migration/2022/07/COUNTRY-112-RED-DETAILS.jpg,COUNTRY-112-RED-DETAILS.jpg,media/wordpress-migration/2022,variant_gallery_missing_file,False,/home/manus/cove-storefront/public/media/wordpress-migration/2022/07/COUNTRY-112-RED-DETAILS.jpg,1,[32],3,3,commerce_active,product_variants.galleryImages#210296;product_variants.galleryImages#300296;product_variants.galleryImages#330703,Search backup/source media for exact basename/path; restore file if found; otherwise prepare row-level DB reference cleanup/replacement.,0,,wordpress_file_restore_available,2,/var/www/test.coveinterior.com/wp-content/uploads/2022/07/COUNTRY-112-RED-DETAILS.jpg;/var/www/html/wp-content/uploads/2022/07/COUNTRY-112-RED-DETAILS.jpg,ready_for_restore,restore_file_from_wordpress_source,/var/www/html/wp-content/uploads/2022/07/COUNTRY-112-RED-DETAILS.jpg,/home/manus/cove-storefront/public/media/wordpress-migration/2022/07/COUNTRY-112-RED-DETAILS.jpg
AMR-0015,missing_file_csv,/media/wordpress-migration/2022/07/COUNTRY-112-WHITE-DETAILS.jpg,COUNTRY-112-WHITE-DETAILS.jpg,media/wordpress-migration/2022,variant_gallery_missing_file,False,/home/manus/cove-storefront/public/media/wordpress-migration/2022/07/COUNTRY-112-WHITE-DETAILS.jpg,1,[34],3,3,commerce_active,product_variants.galleryImages#210297;product_variants.galleryImages#300297;product_variants.galleryImages#330710,Search backup/source media for exact basename/path; restore file if found; otherwise prepare row-level DB reference cleanup/replacement.,0,,wordpress_file_restore_available,2,/var/www/test.coveinterior.com/wp-content/uploads/2022/07/COUNTRY-112-WHITE-DETAILS.jpg;/var/www/html/wp-content/uploads/2022/07/COUNTRY-112-WHITE-DETAILS.jpg,ready_for_restore,restore_file_from_wordpress_source,/var/www/html/wp-content/uploads/2022/07/COUNTRY-112-WHITE-DETAILS.jpg,/home/manus/cove-storefront/public/media/wordpress-migration/2022/07/COUNTRY-112-WHITE-DETAILS.jpg
AMR-0016,missing_file_csv,/media/wordpress-migration/2022/07/COUNTRY-167-BEIGE-DETAILS-2.jpg,COUNTRY-167-BEIGE-DETAILS-2.jpg,media/wordpress-migration/2022,variant_gallery_missing_file,False,/home/manus/cove-storefront/public/media/wordpress-migration/2022/07/COUNTRY-167-BEIGE-DETAILS-2.jpg,1,[37],4,4,commerce_active,product_variants.galleryImages#210270;product_variants.galleryImages#300270;product_variants.galleryImages#330572;product_variants.galleryImages#331210,Search backup/source media for exact basename/path; restore file if found; otherwise prepare row-level DB reference cleanup/replacement.,0,,wordpress_file_restore_available,2,/var/www/test.coveinterior.com/wp-content/uploads/2022/07/COUNTRY-167-BEIGE-DETAILS-2.jpg;/var/www/html/wp-content/uploads/2022/07/COUNTRY-167-BEIGE-DETAILS-2.jpg,ready_for_restore,restore_file_from_wordpress_source,/var/www/html/wp-content/uploads/2022/07/COUNTRY-167-BEIGE-DETAILS-2.jpg,/home/manus/cove-storefront/public/media/wordpress-migration/2022/07/COUNTRY-167-BEIGE-DETAILS-2.jpg
AMR-0017,missing_file_csv,/media/wordpress-migration/2022/07/COUNTRY-167-BLUE-DETAILS-2.jpg,COUNTRY-167-BLUE-DETAILS-2.jpg,media/wordpress-migration/2022,variant_gallery_missing_file,False,/home/manus/cove-storefront/public/media/wordpress-migration/2022/07/COUNTRY-167-BLUE-DETAILS-2.jpg,1,[41],4,4,commerce_active,product_variants.galleryImages#210272;product_variants.galleryImages#300272;product_variants.galleryImages#330582;product_variants.galleryImages#331226,Search backup/source media for exact basename/path; restore file if found; otherwise prepare row-level DB reference cleanup/replacement.,0,,wordpress_file_restore_available,2,/var/www/test.coveinterior.com/wp-content/uploads/2022/07/COUNTRY-167-BLUE-DETAILS-2.jpg;/var/www/html/wp-content/uploads/2022/07/COUNTRY-167-BLUE-DETAILS-2.jpg,ready_for_restore,restore_file_from_wordpress_source,/var/www/html/wp-content/uploads/2022/07/COUNTRY-167-BLUE-DETAILS-2.jpg,/home/manus/cove-storefront/public/media/wordpress-migration/2022/07/COUNTRY-167-BLUE-DETAILS-2.jpg
AMR-0018,missing_file_csv,/media/wordpress-migration/2022/07/COUNTRY-167-BLUE-DETAILS.jpg,COUNTRY-167-BLUE-DETAILS.jpg,media/wordpress-migration/2022,variant_gallery_missing_file,False,/home/manus/cove-storefront/public/media/wordpress-migration/2022/07/COUNTRY-167-BLUE-DETAILS.jpg,1,[42],4,4,commerce_active,product_variants.galleryImages#210272;product_variants.galleryImages#300272;product_variants.galleryImages#330582;product_variants.galleryImages#331226,Search backup/source media for exact basename/path; restore file if found; otherwise prepare row-level DB reference cleanup/replacement.,0,,wordpress_file_restore_available,2,/var/www/test.coveinterior.com/wp-content/uploads/2022/07/COUNTRY-167-BLUE-DETAILS.jpg;/var/www/html/wp-content/uploads/2022/07/COUNTRY-167-BLUE-DETAILS.jpg,ready_for_restore,restore_file_from_wordpress_source,/var/www/html/wp-content/uploads/2022/07/COUNTRY-167-BLUE-DETAILS.jpg,/home/manus/cove-storefront/public/media/wordpress-migration/2022/07/COUNTRY-167-BLUE-DETAILS.jpg
AMR-0019,missing_file_csv,/media/wordpress-migration/2022/07/COUNTRY-167-GRAY-DETAILS-2.jpg,COUNTRY-167-GRAY-DETAILS-2.jpg,media/wordpress-migration/2022,variant_gallery_missing_file,False,/home/manus/cove-storefront/public/media/wordpress-migration/2022/07/COUNTRY-167-GRAY-DETAILS-2.jpg,1,[44],4,4,commerce_active,product_variants.galleryImages#210274;product_variants.galleryImages#300274;product_variants.galleryImages#330592;product_variants.galleryImages#331241,Search backup/source media for exact basename/path; restore file if found; otherwise prepare row-level DB reference cleanup/replacement.,0,,wordpress_file_restore_available,2,/var/www/test.coveinterior.com/wp-content/uploads/2022/07/COUNTRY-167-GRAY-DETAILS-2.jpg;/var/www/html/wp-content/uploads/2022/07/COUNTRY-167-GRAY-DETAILS-2.jpg,ready_for_restore,restore_file_from_wordpress_source,/var/www/html/wp-content/uploads/2022/07/COUNTRY-167-GRAY-DETAILS-2.jpg,/home/manus/cove-storefront/public/media/wordpress-migration/2022/07/COUNTRY-167-GRAY-DETAILS-2.jpg
AMR-0020,missing_file_csv,/media/wordpress-migration/2022/07/COUNTRY-167-GRAY-DETAILS.jpg,COUNTRY-167-GRAY-DETAILS.jpg,media/wordpress-migration/2022,variant_gallery_missing_file,False,/home/manus/cove-storefront/public/media/wordpress-migration/2022/07/COUNTRY-167-GRAY-DETAILS.jpg,1,[45],4,4,commerce_active,product_variants.galleryImages#210274;product_variants.galleryImages#300274;product_variants.galleryImages#330592;product_variants.galleryImages#331241,Search backup/source media for exact basename/path; restore file if found; otherwise prepare row-level DB reference cleanup/replacement.,0,,wordpress_file_restore_available,2,/var/www/test.coveinterior.com/wp-content/uploads/2022/07/COUNTRY-167-GRAY-DETAILS.jpg;/var/www/html/wp-content/uploads/2022/07/COUNTRY-167-GRAY-DETAILS.jpg,ready_for_restore,restore_file_from_wordpress_source,/var/www/html/wp-content/uploads/2022/07/COUNTRY-167-GRAY-DETAILS.jpg,/home/manus/cove-storefront/public/media/wordpress-migration/2022/07/COUNTRY-167-GRAY-DETAILS.jpg
AMR-0021,missing_file_csv,/media/wordpress-migration/2022/07/COUNTRY-167-GREEN-DETAILS-2.jpg,COUNTRY-167-GREEN-DETAILS-2.jpg,media/wordpress-migration/2022,variant_gallery_missing_file,False,/home/manus/cove-storefront/public/media/wordpress-migration/2022/07/COUNTRY-167-GREEN-DETAILS-2.jpg,1,[47],3,3,commerce_active,product_variants.galleryImages#210273;product_variants.galleryImages#300273;product_variants.galleryImages#330586,Search backup/source media for exact basename/path; restore file if found; otherwise prepare row-level DB reference cleanup/replacement.,0,,wordpress_file_restore_available,2,/var/www/test.coveinterior.com/wp-content/uploads/2022/07/COUNTRY-167-GREEN-DETAILS-2.jpg;/var/www/html/wp-content/uploads/2022/07/COUNTRY-167-GREEN-DETAILS-2.jpg,ready_for_restore,restore_file_from_wordpress_source,/var/www/html/wp-content/uploads/2022/07/COUNTRY-167-GREEN-DETAILS-2.jpg,/home/manus/cove-storefront/public/media/wordpress-migration/2022/07/COUNTRY-167-GREEN-DETAILS-2.jpg
AMR-0022,missing_file_csv,/media/wordpress-migration/2022/07/COUNTRY-167-GREEN-DETAILS.jpg,COUNTRY-167-GREEN-DETAILS.jpg,media/wordpress-migration/2022,variant_gallery_missing_file,False,/home/manus/cove-storefront/public/media/wordpress-migration/2022/07/COUNTRY-167-GREEN-DETAILS.jpg,1,[48],3,3,commerce_active,product_variants.galleryImages#210273;product_variants.galleryImages#300273;product_variants.galleryImages#330586,Search backup/source media for exact basename/path; restore file if found; otherwise prepare row-level DB reference cleanup/replacement.,0,,wordpress_file_restore_available,2,/var/www/test.coveinterior.com/wp-content/uploads/2022/07/COUNTRY-167-GREEN-DETAILS.jpg;/var/www/html/wp-content/uploads/2022/07/COUNTRY-167-GREEN-DETAILS.jpg,ready_for_restore,restore_file_from_wordpress_source,/var/www/html/wp-content/uploads/2022/07/COUNTRY-167-GREEN-DETAILS.jpg,/home/manus/cove-storefront/public/media/wordpress-migration/2022/07/COUNTRY-167-GREEN-DETAILS.jpg
AMR-0023,missing_file_csv,/media/wordpress-migration/2022/07/COUNTRY-167-PINK-DETAILS-2.jpg,COUNTRY-167-PINK-DETAILS-2.jpg,media/wordpress-migration/2022,variant_gallery_missing_file,False,/home/manus/cove-storefront/public/media/wordpress-migration/2022/07/COUNTRY-167-PINK-DETAILS-2.jpg,1,[50],4,4,commerce_active,product_variants.galleryImages#210275;product_variants.galleryImages#300275;product_variants.galleryImages#330597;product_variants.galleryImages#331248,Search backup/source media for exact basename/path; restore file if found; otherwise prepare row-level DB reference cleanup/replacement.,0,,wordpress_file_restore_available,2,/var/www/test.coveinterior.com/wp-content/uploads/2022/07/COUNTRY-167-PINK-DETAILS-2.jpg;/var/www/html/wp-content/uploads/2022/07/COUNTRY-167-PINK-DETAILS-2.jpg,ready_for_restore,restore_file_from_wordpress_source,/var/www/html/wp-content/uploads/2022/07/COUNTRY-167-PINK-DETAILS-2.jpg,/home/manus/cove-storefront/public/media/wordpress-migration/2022/07/COUNTRY-167-PINK-DETAILS-2.jpg
AMR-0024,missing_file_csv,/media/wordpress-migration/2022/07/COUNTRY-167-PINK-DETAILS.jpg,COUNTRY-167-PINK-DETAILS.jpg,media/wordpress-migration/2022,variant_gallery_missing_file,False,/home/manus/cove-storefront/public/media/wordpress-migration/2022/07/COUNTRY-167-PINK-DETAILS.jpg,1,[51],4,4,commerce_active,product_variants.galleryImages#210275;product_variants.galleryImages#300275;product_variants.galleryImages#330597;product_variants.galleryImages#331248,Search backup/source media for exact basename/path; restore file if found; otherwise prepare row-level DB reference cleanup/replacement.,0,,wordpress_file_restore_available,2,/var/www/test.coveinterior.com/wp-content/uploads/2022/07/COUNTRY-167-PINK-DETAILS.jpg;/var/www/html/wp-content/uploads/2022/07/COUNTRY-167-PINK-DETAILS.jpg,ready_for_restore,restore_file_from_wordpress_source,/var/www/html/wp-content/uploads/2022/07/COUNTRY-167-PINK-DETAILS.jpg,/home/manus/cove-storefront/public/media/wordpress-migration/2022/07/COUNTRY-167-PINK-DETAILS.jpg
AMR-0025,missing_file_csv,/media/wordpress-migration/2022/07/COUNTRY-167-RED-DETAILS-2.jpg,COUNTRY-167-RED-DETAILS-2.jpg,media/wordpress-migration/2022,variant_gallery_missing_file,False,/home/manus/cove-storefront/public/media/wordpress-migration/2022/07/COUNTRY-167-RED-DETAILS-2.jpg,1,[53],4,4,commerce_active,product_variants.galleryImages#210276;product_variants.galleryImages#300276;product_variants.galleryImages#330601;product_variants.galleryImages#331254,Search backup/source media for exact basename/path; restore file if found; otherwise prepare row-level DB reference cleanup/replacement.,0,,wordpress_file_restore_available,2,/var/www/test.coveinterior.com/wp-content/uploads/2022/07/COUNTRY-167-RED-DETAILS-2.jpg;/var/www/html/wp-content/uploads/2022/07/COUNTRY-167-RED-DETAILS-2.jpg,ready_for_restore,restore_file_from_wordpress_source,/var/www/html/wp-content/uploads/2022/07/COUNTRY-167-RED-DETAILS-2.jpg,/home/manus/cove-storefront/public/media/wordpress-migration/2022/07/COUNTRY-167-RED-DETAILS-2.jpg
AMR-0026,missing_file_csv,/media/wordpress-migration/2022/07/COUNTRY-167-RED-DETAILS.jpg,COUNTRY-167-RED-DETAILS.jpg,media/wordpress-migration/2022,variant_gallery_missing_file,False,/home/manus/cove-storefront/public/media/wordpress-migration/2022/07/COUNTRY-167-RED-DETAILS.jpg,1,[54],4,4,commerce_active,product_variants.galleryImages#210276;product_variants.galleryImages#300276;product_variants.galleryImages#330601;product_variants.galleryImages#331254,Search backup/source media for exact basename/path; restore file if found; otherwise prepare row-level DB reference cleanup/replacement.,0,,wordpress_file_restore_available,2,/var/www/test.coveinterior.com/wp-content/uploads/2022/07/COUNTRY-167-RED-DETAILS.jpg;/var/www/html/wp-content/uploads/2022/07/COUNTRY-167-RED-DETAILS.jpg,ready_for_restore,restore_file_from_wordpress_source,/var/www/html/wp-content/uploads/2022/07/COUNTRY-167-RED-DETAILS.jpg,/home/manus/cove-storefront/public/media/wordpress-migration/2022/07/COUNTRY-167-RED-DETAILS.jpg
AMR-0027,missing_file_csv,/media/wordpress-migration/2022/07/COUNTRY-167-WHITE-DETAILS-2.jpg,COUNTRY-167-WHITE-DETAILS-2.jpg,media/wordpress-migration/2022,variant_gallery_missing_file,False,/home/manus/cove-storefront/public/media/wordpress-migration/2022/07/COUNTRY-167-WHITE-DETAILS-2.jpg,1,[56],4,4,commerce_active,product_variants.galleryImages#210277;product_variants.galleryImages#300277;product_variants.galleryImages#330606;product_variants.galleryImages#331260,Search backup/source media for exact basename/path; restore file if found; otherwise prepare row-level DB reference cleanup/replacement.,0,,wordpress_file_restore_available,2,/var/www/test.coveinterior.com/wp-content/uploads/2022/07/COUNTRY-167-WHITE-DETAILS-2.jpg;/var/www/html/wp-content/uploads/2022/07/COUNTRY-167-WHITE-DETAILS-2.jpg,ready_for_restore,restore_file_from_wordpress_source,/var/www/html/wp-content/uploads/2022/07/COUNTRY-167-WHITE-DETAILS-2.jpg,/home/manus/cove-storefront/public/media/wordpress-migration/2022/07/COUNTRY-167-WHITE-DETAILS-2.jpg
AMR-0028,missing_file_csv,/media/wordpress-migration/2022/07/COUNTRY-167-WHITE-DETAILS.jpg,COUNTRY-167-WHITE-DETAILS.jpg,media/wordpress-migration/2022,variant_gallery_missing_file,False,/home/manus/cove-storefront/public/media/wordpress-migration/2022/07/COUNTRY-167-WHITE-DETAILS.jpg,1,[57],4,4,commerce_active,product_variants.galleryImages#210277;product_variants.galleryImages#300277;product_variants.galleryImages#330606;product_variants.galleryImages#331260,Search backup/source media for exact basename/path; restore file if found; otherwise prepare row-level DB reference cleanup/replacement.,0,,wordpress_file_restore_available,2,/var/www/test.coveinterior.com/wp-content/uploads/2022/07/COUNTRY-167-WHITE-DETAILS.jpg;/var/www/html/wp-content/uploads/2022/07/COUNTRY-167-WHITE-DETAILS.jpg,ready_for_restore,restore_file_from_wordpress_source,/var/www/html/wp-content/uploads/2022/07/COUNTRY-167-WHITE-DETAILS.jpg,/home/manus/cove-storefront/public/media/wordpress-migration/2022/07/COUNTRY-167-WHITE-DETAILS.jpg
AMR-0029,missing_file_csv,/media/wordpress-migration/2022/07/COUNTRY-62-BLACK-DETAILS.jpg,COUNTRY-62-BLACK-DETAILS.jpg,media/wordpress-migration/2022,variant_gallery_missing_file,False,/home/manus/cove-storefront/public/media/wordpress-migration/2022/07/COUNTRY-62-BLACK-DETAILS.jpg,1,[62],3,3,commerce_active,product_variants.galleryImages#210301;product_variants.galleryImages#300301;product_variants.galleryImages#330732,Search backup/source media for exact basename/path; restore file if found; otherwise prepare row-level DB reference cleanup/replacement.,0,,wordpress_file_restore_available,2,/var/www/test.coveinterior.com/wp-content/uploads/2022/07/COUNTRY-62-BLACK-DETAILS.jpg;/var/www/html/wp-content/uploads/2022/07/COUNTRY-62-BLACK-DETAILS.jpg,ready_for_restore,restore_file_from_wordpress_source,/var/www/html/wp-content/uploads/2022/07/COUNTRY-62-BLACK-DETAILS.jpg,/home/manus/cove-storefront/public/media/wordpress-migration/2022/07/COUNTRY-62-BLACK-DETAILS.jpg
AMR-0030,missing_file_csv,/media/wordpress-migration/2022/07/COUNTRY-62-BLUE-DETAILS-1.jpg,COUNTRY-62-BLUE-DETAILS-1.jpg,media/wordpress-migration/2022,variant_gallery_missing_file,False,/home/manus/cove-storefront/public/media/wordpress-migration/2022/07/COUNTRY-62-BLUE-DETAILS-1.jpg,1,[64],3,3,commerce_active,product_variants.galleryImages#210302;product_variants.galleryImages#300302;product_variants.galleryImages#330737,Search backup/source media for exact basename/path; restore file if found; otherwise prepare row-level DB reference cleanup/replacement.,0,,wordpress_file_restore_available,2,/var/www/test.coveinterior.com/wp-content/uploads/2022/07/COUNTRY-62-BLUE-DETAILS-1.jpg;/var/www/html/wp-content/uploads/2022/07/COUNTRY-62-BLUE-DETAILS-1.jpg,ready_for_restore,restore_file_from_wordpress_source,/var/www/html/wp-content/uploads/2022/07/COUNTRY-62-BLUE-DETAILS-1.jpg,/home/manus/cove-storefront/public/media/wordpress-migration/2022/07/COUNTRY-62-BLUE-DETAILS-1.jpg
AMR-0031,missing_file_csv,/media/wordpress-migration/2022/07/COUNTRY-62-GREEN-DETAILS.jpg,COUNTRY-62-GREEN-DETAILS.jpg,media/wordpress-migration/2022,variant_gallery_missing_file,False,/home/manus/cove-storefront/public/media/wordpress-migration/2022/07/COUNTRY-62-GREEN-DETAILS.jpg,1,[66],3,3,commerce_active,product_variants.galleryImages#210306;product_variants.galleryImages#300306;product_variants.galleryImages#330757,Search backup/source media for exact basename/path; restore file if found; otherwise prepare row-level DB reference cleanup/replacement.,0,,wordpress_file_restore_available,2,/var/www/test.coveinterior.com/wp-content/uploads/2022/07/COUNTRY-62-GREEN-DETAILS.jpg;/var/www/html/wp-content/uploads/2022/07/COUNTRY-62-GREEN-DETAILS.jpg,ready_for_restore,restore_file_from_wordpress_source,/var/www/html/wp-content/uploads/2022/07/COUNTRY-62-GREEN-DETAILS.jpg,/home/manus/cove-storefront/public/media/wordpress-migration/2022/07/COUNTRY-62-GREEN-DETAILS.jpg
AMR-0032,missing_file_csv,/media/wordpress-migration/2022/07/COUNTRY-62-PINK-DETAILS.jpg,COUNTRY-62-PINK-DETAILS.jpg,media/wordpress-migration/2022,variant_gallery_missing_file,False,/home/manus/cove-storefront/public/media/wordpress-migration/2022/07/COUNTRY-62-PINK-DETAILS.jpg,1,[68],3,3,commerce_active,product_variants.galleryImages#210303;product_variants.galleryImages#300303;product_variants.galleryImages#330742,Search backup/source media for exact basename/path; restore file if found; otherwise prepare row-level DB reference cleanup/replacement.,0,,wordpress_file_restore_available,2,/var/www/test.coveinterior.com/wp-content/uploads/2022/07/COUNTRY-62-PINK-DETAILS.jpg;/var/www/html/wp-content/uploads/2022/07/COUNTRY-62-PINK-DETAILS.jpg,ready_for_restore,restore_file_from_wordpress_source,/var/www/html/wp-content/uploads/2022/07/COUNTRY-62-PINK-DETAILS.jpg,/home/manus/cove-storefront/public/media/wordpress-migration/2022/07/COUNTRY-62-PINK-DETAILS.jpg
AMR-0033,missing_file_csv,/media/wordpress-migration/2022/07/COUNTRY-62-RED-DETAILS.jpg,COUNTRY-62-RED-DETAILS.jpg,media/wordpress-migration/2022,variant_gallery_missing_file,False,/home/manus/cove-storefront/public/media/wordpress-migration/2022/07/COUNTRY-62-RED-DETAILS.jpg,1,[70],3,3,commerce_active,product_variants.galleryImages#210304;product_variants.galleryImages#300304;product_variants.galleryImages#330747,Search backup/source media for exact basename/path; restore file if found; otherwise prepare row-level DB reference cleanup/replacement.,0,,wordpress_file_restore_available,2,/var/www/test.coveinterior.com/wp-content/uploads/2022/07/COUNTRY-62-RED-DETAILS.jpg;/var/www/html/wp-content/uploads/2022/07/COUNTRY-62-RED-DETAILS.jpg,ready_for_restore,restore_file_from_wordpress_source,/var/www/html/wp-content/uploads/2022/07/COUNTRY-62-RED-DETAILS.jpg,/home/manus/cove-storefront/public/media/wordpress-migration/2022/07/COUNTRY-62-RED-DETAILS.jpg
AMR-0034,missing_file_csv,/media/wordpress-migration/2022/07/COUNTRY-62-WHITE-DETAILS.jpg,COUNTRY-62-WHITE-DETAILS.jpg,media/wordpress-migration/2022,variant_gallery_missing_file,False,/home/manus/cove-storefront/public/media/wordpress-migration/2022/07/COUNTRY-62-WHITE-DETAILS.jpg,1,[72],3,3,commerce_active,product_variants.galleryImages#210305;product_variants.galleryImages#300305;product_variants.galleryImages#330752,Search backup/source media for exact basename/path; restore file if found; otherwise prepare row-level DB reference cleanup/replacement.,0,,wordpress_file_restore_available,2,/var/www/test.coveinterior.com/wp-content/uploads/2022/07/COUNTRY-62-WHITE-DETAILS.jpg;/var/www/html/wp-content/uploads/2022/07/COUNTRY-62-WHITE-DETAILS.jpg,ready_for_restore,restore_file_from_wordpress_source,/var/www/html/wp-content/uploads/2022/07/COUNTRY-62-WHITE-DETAILS.jpg,/home/manus/cove-storefront/public/media/wordpress-migration/2022/07/COUNTRY-62-WHITE-DETAILS.jpg
AMR-0035,missing_file_csv,/media/wordpress-migration/2022/07/CURVE-2-BROWN-1.jpg,CURVE-2-BROWN-1.jpg,media/wordpress-migration/2022,variant_gallery_missing_file,False,/home/manus/cove-storefront/public/media/wordpress-migration/2022/07/CURVE-2-BROWN-1.jpg,1,[79],12,12,commerce_active,product_variants.galleryImages#210223;product_variants.galleryImages#210224;product_variants.galleryImages#210284;product_variants.galleryImages#300223;product_variants.galleryImages#300224;product_variants.galleryImages#300284;product_variants.galleryImages#330394;product_variants.galleryImages#330399;product_variants.galleryImages#330642;product_variants.galleryImages#330941;product_variants.galleryImages#330947;product_variants.galleryImages#331318,Search backup/source media for exact basename/path; restore file if found; otherwise prepare row-level DB reference cleanup/replacement.,0,,wordpress_file_restore_available,2,/var/www/test.coveinterior.com/wp-content/uploads/2022/07/CURVE-2-BROWN-1.jpg;/var/www/html/wp-content/uploads/2022/07/CURVE-2-BROWN-1.jpg,ready_for_restore,restore_file_from_wordpress_source,/var/www/html/wp-content/uploads/2022/07/CURVE-2-BROWN-1.jpg,/home/manus/cove-storefront/public/media/wordpress-migration/2022/07/CURVE-2-BROWN-1.jpg
AMR-0036,missing_file_csv,/media/wordpress-migration/2022/07/CURVE-2-DARK-RED-1.jpg,CURVE-2-DARK-RED-1.jpg,media/wordpress-migration/2022,variant_gallery_missing_file,False,/home/manus/cove-storefront/public/media/wordpress-migration/2022/07/CURVE-2-DARK-RED-1.jpg,1,[80],4,4,commerce_active,product_variants.galleryImages#210285;product_variants.galleryImages#300285;product_variants.galleryImages#330648;product_variants.galleryImages#331325,Search backup/source media for exact basename/path; restore file if found; otherwise prepare row-level DB reference cleanup/replacement.,0,,wordpress_file_restore_available,2,/var/www/test.coveinterior.com/wp-content/uploads/2022/07/CURVE-2-DARK-RED-1.jpg;/var/www/html/wp-content/uploads/2022/07/CURVE-2-DARK-RED-1.jpg,ready_for_restore,restore_file_from_wordpress_source,/var/www/html/wp-content/uploads/2022/07/CURVE-2-DARK-RED-1.jpg,/home/manus/cove-storefront/public/media/wordpress-migration/2022/07/CURVE-2-DARK-RED-1.jpg
AMR-0037,missing_file_csv,/media/wordpress-migration/2022/07/CURVE-2-LIGHT-BLUE-1.jpg,CURVE-2-LIGHT-BLUE-1.jpg,media/wordpress-migration/2022,variant_gallery_missing_file,False,/home/manus/cove-storefront/public/media/wordpress-migration/2022/07/CURVE-2-LIGHT-BLUE-1.jpg,1,[81],4,4,commerce_active,product_variants.galleryImages#210286;product_variants.galleryImages#300286;product_variants.galleryImages#330652;product_variants.galleryImages#331332,Search backup/source media for exact basename/path; restore file if found; otherwise prepare row-level DB reference cleanup/replacement.,0,,wordpress_file_restore_available,2,/var/www/test.coveinterior.com/wp-content/uploads/2022/07/CURVE-2-LIGHT-BLUE-1.jpg;/var/www/html/wp-content/uploads/2022/07/CURVE-2-LIGHT-BLUE-1.jpg,ready_for_restore,restore_file_from_wordpress_source,/var/www/html/wp-content/uploads/2022/07/CURVE-2-LIGHT-BLUE-1.jpg,/home/manus/cove-storefront/public/media/wordpress-migration/2022/07/CURVE-2-LIGHT-BLUE-1.jpg
AMR-0038,missing_file_csv,/media/wordpress-migration/2022/07/CURVE-2-Navy-Blue-1.jpg,CURVE-2-Navy-Blue-1.jpg,media/wordpress-migration/2022,variant_gallery_missing_file,False,/home/manus/cove-storefront/public/media/wordpress-migration/2022/07/CURVE-2-Navy-Blue-1.jpg,1,[83],4,4,commerce_active,product_variants.galleryImages#210287;product_variants.galleryImages#300287;product_variants.galleryImages#330657;product_variants.galleryImages#331337,Search backup/source media for exact basename/path; restore file if found; otherwise prepare row-level DB reference cleanup/replacement.,0,,wordpress_file_restore_available,2,/var/www/test.coveinterior.com/wp-content/uploads/2022/07/CURVE-2-Navy-Blue-1.jpg;/var/www/html/wp-content/uploads/2022/07/CURVE-2-Navy-Blue-1.jpg,ready_for_restore,restore_file_from_wordpress_source,/var/www/html/wp-content/uploads/2022/07/CURVE-2-Navy-Blue-1.jpg,/home/manus/cove-storefront/public/media/wordpress-migration/2022/07/CURVE-2-Navy-Blue-1.jpg
AMR-0039,missing_file_csv,/media/wordpress-migration/2022/07/CURVE-2-ROYAL-GREEN-1.jpg,CURVE-2-ROYAL-GREEN-1.jpg,media/wordpress-migration/2022,variant_gallery_missing_file,False,/home/manus/cove-storefront/public/media/wordpress-migration/2022/07/CURVE-2-ROYAL-GREEN-1.jpg,1,[84],3,3,commerce_active,product_variants.galleryImages#210288;product_variants.galleryImages#300288;product_variants.galleryImages#330663,Search backup/source media for exact basename/path; restore file if found; otherwise prepare row-level DB reference cleanup/replacement.,0,,wordpress_file_restore_available,2,/var/www/test.coveinterior.com/wp-content/uploads/2022/07/CURVE-2-ROYAL-GREEN-1.jpg;/var/www/html/wp-content/uploads/2022/07/CURVE-2-ROYAL-GREEN-1.jpg,ready_for_restore,restore_file_from_wordpress_source,/var/www/html/wp-content/uploads/2022/07/CURVE-2-ROYAL-GREEN-1.jpg,/home/manus/cove-storefront/public/media/wordpress-migration/2022/07/CURVE-2-ROYAL-GREEN-1.jpg
AMR-0040,missing_file_csv,/media/wordpress-migration/2022/07/DETAILS-COUNTRY-167-BEECH.jpg,DETAILS-COUNTRY-167-BEECH.jpg,media/wordpress-migration/2022,variant_gallery_missing_file,False,/home/manus/cove-storefront/public/media/wordpress-migration/2022/07/DETAILS-COUNTRY-167-BEECH.jpg,1,[91],12,12,commerce_active,product_variants.galleryImages#210227;product_variants.galleryImages#210228;product_variants.galleryImages#210269;product_variants.galleryImages#300227;product_variants.galleryImages#300228;product_variants.galleryImages#300269;product_variants.galleryImages#330416;product_variants.galleryImages#330421;product_variants.galleryImages#330565;product_variants.galleryImages#330966;product_variants.galleryImages#330972;product_variants.galleryImages#331202,Search backup/source media for exact basename/path; restore file if found; otherwise prepare row-level DB reference cleanup/replacement.,0,,wordpress_file_restore_available,2,/var/www/test.coveinterior.com/wp-content/uploads/2022/07/DETAILS-COUNTRY-167-BEECH.jpg;/var/www/html/wp-content/uploads/2022/07/DETAILS-COUNTRY-167-BEECH.jpg,ready_for_restore,restore_file_from_wordpress_source,/var/www/html/wp-content/uploads/2022/07/DETAILS-COUNTRY-167-BEECH.jpg,/home/manus/cove-storefront/public/media/wordpress-migration/2022/07/DETAILS-COUNTRY-167-BEECH.jpg
AMR-0041,missing_file_csv,/media/wordpress-migration/2022/07/DETAILS-COUNTRY-167-BEIGE.jpg,DETAILS-COUNTRY-167-BEIGE.jpg,media/wordpress-migration/2022,variant_gallery_missing_file,False,/home/manus/cove-storefront/public/media/wordpress-migration/2022/07/DETAILS-COUNTRY-167-BEIGE.jpg,1,[92],4,4,commerce_active,product_variants.galleryImages#210270;product_variants.galleryImages#300270;product_variants.galleryImages#330572;product_variants.galleryImages#331210,Search backup/source media for exact basename/path; restore file if found; otherwise prepare row-level DB reference cleanup/replacement.,0,,wordpress_file_restore_available,2,/var/www/test.coveinterior.com/wp-content/uploads/2022/07/DETAILS-COUNTRY-167-BEIGE.jpg;/var/www/html/wp-content/uploads/2022/07/DETAILS-COUNTRY-167-BEIGE.jpg,ready_for_restore,restore_file_from_wordpress_source,/var/www/html/wp-content/uploads/2022/07/DETAILS-COUNTRY-167-BEIGE.jpg,/home/manus/cove-storefront/public/media/wordpress-migration/2022/07/DETAILS-COUNTRY-167-BEIGE.jpg
AMR-0042,missing_file_csv,/media/wordpress-migration/2022/07/DETAILS-COUNTRY-167-BLUE.jpg,DETAILS-COUNTRY-167-BLUE.jpg,media/wordpress-migration/2022,variant_gallery_missing_file,False,/home/manus/cove-storefront/public/media/wordpress-migration/2022/07/DETAILS-COUNTRY-167-BLUE.jpg,1,[93],4,4,commerce_active,product_variants.galleryImages#210272;product_variants.galleryImages#300272;product_variants.galleryImages#330582;product_variants.galleryImages#331226,Search backup/source media for exact basename/path; restore file if found; otherwise prepare row-level DB reference cleanup/replacement.,0,,wordpress_file_restore_available,2,/var/www/test.coveinterior.com/wp-content/uploads/2022/07/DETAILS-COUNTRY-167-BLUE.jpg;/var/www/html/wp-content/uploads/2022/07/DETAILS-COUNTRY-167-BLUE.jpg,ready_for_restore,restore_file_from_wordpress_source,/var/www/html/wp-content/uploads/2022/07/DETAILS-COUNTRY-167-BLUE.jpg,/home/manus/cove-storefront/public/media/wordpress-migration/2022/07/DETAILS-COUNTRY-167-BLUE.jpg
AMR-0043,missing_file_csv,/media/wordpress-migration/2022/07/DETAILS-COUNTRY-167-GRAY.jpg,DETAILS-COUNTRY-167-GRAY.jpg,media/wordpress-migration/2022,variant_gallery_missing_file,False,/home/manus/cove-storefront/public/media/wordpress-migration/2022/07/DETAILS-COUNTRY-167-GRAY.jpg,1,[94],4,4,commerce_active,product_variants.galleryImages#210274;product_variants.galleryImages#300274;product_variants.galleryImages#330592;product_variants.galleryImages#331241,Search backup/source media for exact basename/path; restore file if found; otherwise prepare row-level DB reference cleanup/replacement.,0,,wordpress_file_restore_available,2,/var/www/test.coveinterior.com/wp-content/uploads/2022/07/DETAILS-COUNTRY-167-GRAY.jpg;/var/www/html/wp-content/uploads/2022/07/DETAILS-COUNTRY-167-GRAY.jpg,ready_for_restore,restore_file_from_wordpress_source,/var/www/html/wp-content/uploads/2022/07/DETAILS-COUNTRY-167-GRAY.jpg,/home/manus/cove-storefront/public/media/wordpress-migration/2022/07/DETAILS-COUNTRY-167-GRAY.jpg
AMR-0044,missing_file_csv,/media/wordpress-migration/2022/07/DETAILS-COUNTRY-167-GREEN.jpg,DETAILS-COUNTRY-167-GREEN.jpg,media/wordpress-migration/2022,variant_gallery_missing_file,False,/home/manus/cove-storefront/public/media/wordpress-migration/2022/07/DETAILS-COUNTRY-167-GREEN.jpg,1,[95],3,3,commerce_active,product_variants.galleryImages#210273;product_variants.galleryImages#300273;product_variants.galleryImages#330586,Search backup/source media for exact basename/path; restore file if found; otherwise prepare row-level DB reference cleanup/replacement.,0,,wordpress_file_restore_available,2,/var/www/test.coveinterior.com/wp-content/uploads/2022/07/DETAILS-COUNTRY-167-GREEN.jpg;/var/www/html/wp-content/uploads/2022/07/DETAILS-COUNTRY-167-GREEN.jpg,ready_for_restore,restore_file_from_wordpress_source,/var/www/html/wp-content/uploads/2022/07/DETAILS-COUNTRY-167-GREEN.jpg,/home/manus/cove-storefront/public/media/wordpress-migration/2022/07/DETAILS-COUNTRY-167-GREEN.jpg
AMR-0045,missing_file_csv,/media/wordpress-migration/2022/07/DETAILS-COUNTRY-167-PINK.jpg,DETAILS-COUNTRY-167-PINK.jpg,media/wordpress-migration/2022,variant_gallery_missing_file,False,/home/manus/cove-storefront/public/media/wordpress-migration/2022/07/DETAILS-COUNTRY-167-PINK.jpg,1,[96],4,4,commerce_active,product_variants.galleryImages#210275;product_variants.galleryImages#300275;product_variants.galleryImages#330597;product_variants.galleryImages#331248,Search backup/source media for exact basename/path; restore file if found; otherwise prepare row-level DB reference cleanup/replacement.,0,,wordpress_file_restore_available,2,/var/www/test.coveinterior.com/wp-content/uploads/2022/07/DETAILS-COUNTRY-167-PINK.jpg;/var/www/html/wp-content/uploads/2022/07/DETAILS-COUNTRY-167-PINK.jpg,ready_for_restore,restore_file_from_wordpress_source,/var/www/html/wp-content/uploads/2022/07/DETAILS-COUNTRY-167-PINK.jpg,/home/manus/cove-storefront/public/media/wordpress-migration/2022/07/DETAILS-COUNTRY-167-PINK.jpg
AMR-0046,missing_file_csv,/media/wordpress-migration/2022/07/DETAILS-COUNTRY-167-RED.jpg,DETAILS-COUNTRY-167-RED.jpg,media/wordpress-migration/2022,variant_gallery_missing_file,False,/home/manus/cove-storefront/public/media/wordpress-migration/2022/07/DETAILS-COUNTRY-167-RED.jpg,1,[97],4,4,commerce_active,product_variants.galleryImages#210276;product_variants.galleryImages#300276;product_variants.galleryImages#330601;product_variants.galleryImages#331254,Search backup/source media for exact basename/path; restore file if found; otherwise prepare row-level DB reference cleanup/replacement.,0,,wordpress_file_restore_available,2,/var/www/test.coveinterior.com/wp-content/uploads/2022/07/DETAILS-COUNTRY-167-RED.jpg;/var/www/html/wp-content/uploads/2022/07/DETAILS-COUNTRY-167-RED.jpg,ready_for_restore,restore_file_from_wordpress_source,/var/www/html/wp-content/uploads/2022/07/DETAILS-COUNTRY-167-RED.jpg,/home/manus/cove-storefront/public/media/wordpress-migration/2022/07/DETAILS-COUNTRY-167-RED.jpg
AMR-0047,missing_file_csv,/media/wordpress-migration/2022/07/DETAILS-COUNTRY-167-WHITE-1.jpg,DETAILS-COUNTRY-167-WHITE-1.jpg,media/wordpress-migration/2022,variant_gallery_missing_file,False,/home/manus/cove-storefront/public/media/wordpress-migration/2022/07/DETAILS-COUNTRY-167-WHITE-1.jpg,1,[98],4,4,commerce_active,product_variants.galleryImages#210277;product_variants.galleryImages#300277;product_variants.galleryImages#330606;product_variants.galleryImages#331260,Search backup/source media for exact basename/path; restore file if found; otherwise prepare row-level DB reference cleanup/replacement.,0,,wordpress_file_restore_available,2,/var/www/test.coveinterior.com/wp-content/uploads/2022/07/DETAILS-COUNTRY-167-WHITE-1.jpg;/var/www/html/wp-content/uploads/2022/07/DETAILS-COUNTRY-167-WHITE-1.jpg,ready_for_restore,restore_file_from_wordpress_source,/var/www/html/wp-content/uploads/2022/07/DETAILS-COUNTRY-167-WHITE-1.jpg,/home/manus/cove-storefront/public/media/wordpress-migration/2022/07/DETAILS-COUNTRY-167-WHITE-1.jpg
AMR-0048,missing_file_csv,/media/wordpress-migration/2022/07/DETAILS-COUNTRY-167-WHITE.jpg,DETAILS-COUNTRY-167-WHITE.jpg,media/wordpress-migration/2022,variant_gallery_missing_file,False,/home/manus/cove-storefront/public/media/wordpress-migration/2022/07/DETAILS-COUNTRY-167-WHITE.jpg,1,[99],4,4,commerce_active,product_variants.galleryImages#210277;product_variants.galleryImages#300277;product_variants.galleryImages#330606;product_variants.galleryImages#331260,Search backup/source media for exact basename/path; restore file if found; otherwise prepare row-level DB reference cleanup/replacement.,0,,wordpress_file_restore_available,2,/var/www/test.coveinterior.com/wp-content/uploads/2022/07/DETAILS-COUNTRY-167-WHITE.jpg;/var/www/html/wp-content/uploads/2022/07/DETAILS-COUNTRY-167-WHITE.jpg,ready_for_restore,restore_file_from_wordpress_source,/var/www/html/wp-content/uploads/2022/07/DETAILS-COUNTRY-167-WHITE.jpg,/home/manus/cove-storefront/public/media/wordpress-migration/2022/07/DETAILS-COUNTRY-167-WHITE.jpg
AMR-0049,missing_file_csv,/media/wordpress-migration/2022/07/DETAILS-COUNTRY-62-BEECH.jpg,DETAILS-COUNTRY-62-BEECH.jpg,media/wordpress-migration/2022,variant_gallery_missing_file,False,/home/manus/cove-storefront/public/media/wordpress-migration/2022/07/DETAILS-COUNTRY-62-BEECH.jpg,1,[100],7,7,commerce_active,product_variants.galleryImages#210225;product_variants.galleryImages#210298;product_variants.galleryImages#300225;product_variants.galleryImages#300298;product_variants.galleryImages#330404;product_variants.galleryImages#330715;product_variants.galleryImages#330953,Search backup/source media for exact basename/path; restore file if found; otherwise prepare row-level DB reference cleanup/replacement.,0,,wordpress_file_restore_available,2,/var/www/test.coveinterior.com/wp-content/uploads/2022/07/DETAILS-COUNTRY-62-BEECH.jpg;/var/www/html/wp-content/uploads/2022/07/DETAILS-COUNTRY-62-BEECH.jpg,ready_for_restore,restore_file_from_wordpress_source,/var/www/html/wp-content/uploads/2022/07/DETAILS-COUNTRY-62-BEECH.jpg,/home/manus/cove-storefront/public/media/wordpress-migration/2022/07/DETAILS-COUNTRY-62-BEECH.jpg
AMR-0050,missing_file_csv,/media/wordpress-migration/2022/07/DETAILS-COUNTRY-62-BEIGE.jpg,DETAILS-COUNTRY-62-BEIGE.jpg,media/wordpress-migration/2022,variant_gallery_missing_file,False,/home/manus/cove-storefront/public/media/wordpress-migration/2022/07/DETAILS-COUNTRY-62-BEIGE.jpg,1,[101],6,6,commerce_active,product_variants.galleryImages#210299;product_variants.galleryImages#210300;product_variants.galleryImages#300299;product_variants.galleryImages#300300;product_variants.galleryImages#330720;product_variants.galleryImages#330726,Search backup/source media for exact basename/path; restore file if found; otherwise prepare row-level DB reference cleanup/replacement.,0,,wordpress_file_restore_available,2,/var/www/test.coveinterior.com/wp-content/uploads/2022/07/DETAILS-COUNTRY-62-BEIGE.jpg;/var/www/html/wp-content/uploads/2022/07/DETAILS-COUNTRY-62-BEIGE.jpg,ready_for_restore,restore_file_from_wordpress_source,/var/www/html/wp-content/uploads/2022/07/DETAILS-COUNTRY-62-BEIGE.jpg,/home/manus/cove-storefront/public/media/wordpress-migration/2022/07/DETAILS-COUNTRY-62-BEIGE.jpg
AMR-0051,missing_file_csv,/media/wordpress-migration/2022/07/DETAILS-COUNTRY-62-BLACK.jpg,DETAILS-COUNTRY-62-BLACK.jpg,media/wordpress-migration/2022,variant_gallery_missing_file,False,/home/manus/cove-storefront/public/media/wordpress-migration/2022/07/DETAILS-COUNTRY-62-BLACK.jpg,1,[102],3,3,commerce_active,product_variants.galleryImages#210301;product_variants.galleryImages#300301;product_variants.galleryImages#330732,Search backup/source media for exact basename/path; restore file if found; otherwise prepare row-level DB reference cleanup/replacement.,0,,wordpress_file_restore_available,2,/var/www/test.coveinterior.com/wp-content/uploads/2022/07/DETAILS-COUNTRY-62-BLACK.jpg;/var/www/html/wp-content/uploads/2022/07/DETAILS-COUNTRY-62-BLACK.jpg,ready_for_restore,restore_file_from_wordpress_source,/var/www/html/wp-content/uploads/2022/07/DETAILS-COUNTRY-62-BLACK.jpg,/home/manus/cove-storefront/public/media/wordpress-migration/2022/07/DETAILS-COUNTRY-62-BLACK.jpg
AMR-0052,missing_file_csv,/media/wordpress-migration/2022/07/DETAILS-COUNTRY-62-BLUE.jpg,DETAILS-COUNTRY-62-BLUE.jpg,media/wordpress-migration/2022,variant_gallery_missing_file,False,/home/manus/cove-storefront/public/media/wordpress-migration/2022/07/DETAILS-COUNTRY-62-BLUE.jpg,1,[103],3,3,commerce_active,product_variants.galleryImages#210302;product_variants.galleryImages#300302;product_variants.galleryImages#330737,Search backup/source media for exact basename/path; restore file if found; otherwise prepare row-level DB reference cleanup/replacement.,0,,wordpress_file_restore_available,2,/var/www/test.coveinterior.com/wp-content/uploads/2022/07/DETAILS-COUNTRY-62-BLUE.jpg;/var/www/html/wp-content/uploads/2022/07/DETAILS-COUNTRY-62-BLUE.jpg,ready_for_restore,restore_file_from_wordpress_source,/var/www/html/wp-content/uploads/2022/07/DETAILS-COUNTRY-62-BLUE.jpg,/home/manus/cove-storefront/public/media/wordpress-migration/2022/07/DETAILS-COUNTRY-62-BLUE.jpg
AMR-0053,missing_file_csv,/media/wordpress-migration/2022/07/DETAILS-COUNTRY-62-GREEN.jpg,DETAILS-COUNTRY-62-GREEN.jpg,media/wordpress-migration/2022,variant_gallery_missing_file,False,/home/manus/cove-storefront/public/media/wordpress-migration/2022/07/DETAILS-COUNTRY-62-GREEN.jpg,1,[104],3,3,commerce_active,product_variants.galleryImages#210306;product_variants.galleryImages#300306;product_variants.galleryImages#330757,Search backup/source media for exact basename/path; restore file if found; otherwise prepare row-level DB reference cleanup/replacement.,0,,wordpress_file_restore_available,2,/var/www/test.coveinterior.com/wp-content/uploads/2022/07/DETAILS-COUNTRY-62-GREEN.jpg;/var/www/html/wp-content/uploads/2022/07/DETAILS-COUNTRY-62-GREEN.jpg,ready_for_restore,restore_file_from_wordpress_source,/var/www/html/wp-content/uploads/2022/07/DETAILS-COUNTRY-62-GREEN.jpg,/home/manus/cove-storefront/public/media/wordpress-migration/2022/07/DETAILS-COUNTRY-62-GREEN.jpg
AMR-0054,missing_file_csv,/media/wordpress-migration/2022/07/DETAILS-COUNTRY-62-PINK.jpg,DETAILS-COUNTRY-62-PINK.jpg,media/wordpress-migration/2022,variant_gallery_missing_file,False,/home/manus/cove-storefront/public/media/wordpress-migration/2022/07/DETAILS-COUNTRY-62-PINK.jpg,1,[105],3,3,commerce_active,product_variants.galleryImages#210303;product_variants.galleryImages#300303;product_variants.galleryImages#330742,Search backup/source media for exact basename/path; restore file if found; otherwise prepare row-level DB reference cleanup/replacement.,0,,wordpress_file_restore_available,2,/var/www/test.coveinterior.com/wp-content/uploads/2022/07/DETAILS-COUNTRY-62-PINK.jpg;/var/www/html/wp-content/uploads/2022/07/DETAILS-COUNTRY-62-PINK.jpg,ready_for_restore,restore_file_from_wordpress_source,/var/www/html/wp-content/uploads/2022/07/DETAILS-COUNTRY-62-PINK.jpg,/home/manus/cove-storefront/public/media/wordpress-migration/2022/07/DETAILS-COUNTRY-62-PINK.jpg
AMR-0055,missing_file_csv,/media/wordpress-migration/2022/07/DETAILS-COUNTRY-62-RED.jpg,DETAILS-COUNTRY-62-RED.jpg,media/wordpress-migration/2022,variant_gallery_missing_file,False,/home/manus/cove-storefront/public/media/wordpress-migration/2022/07/DETAILS-COUNTRY-62-RED.jpg,1,[106],3,3,commerce_active,product_variants.galleryImages#210304;product_variants.galleryImages#300304;product_variants.galleryImages#330747,Search backup/source media for exact basename/path; restore file if found; otherwise prepare row-level DB reference cleanup/replacement.,0,,wordpress_file_restore_available,2,/var/www/test.coveinterior.com/wp-content/uploads/2022/07/DETAILS-COUNTRY-62-RED.jpg;/var/www/html/wp-content/uploads/2022/07/DETAILS-COUNTRY-62-RED.jpg,ready_for_restore,restore_file_from_wordpress_source,/var/www/html/wp-content/uploads/2022/07/DETAILS-COUNTRY-62-RED.jpg,/home/manus/cove-storefront/public/media/wordpress-migration/2022/07/DETAILS-COUNTRY-62-RED.jpg
AMR-0056,missing_file_csv,/media/wordpress-migration/2022/07/DETAILS-COUNTRY-62-WHITE.jpg,DETAILS-COUNTRY-62-WHITE.jpg,media/wordpress-migration/2022,variant_gallery_missing_file,False,/home/manus/cove-storefront/public/media/wordpress-migration/2022/07/DETAILS-COUNTRY-62-WHITE.jpg,1,[107],3,3,commerce_active,product_variants.galleryImages#210305;product_variants.galleryImages#300305;product_variants.galleryImages#330752,Search backup/source media for exact basename/path; restore file if found; otherwise prepare row-level DB reference cleanup/replacement.,0,,wordpress_file_restore_available,2,/var/www/test.coveinterior.com/wp-content/uploads/2022/07/DETAILS-COUNTRY-62-WHITE.jpg;/var/www/html/wp-content/uploads/2022/07/DETAILS-COUNTRY-62-WHITE.jpg,ready_for_restore,restore_file_from_wordpress_source,/var/www/html/wp-content/uploads/2022/07/DETAILS-COUNTRY-62-WHITE.jpg,/home/manus/cove-storefront/public/media/wordpress-migration/2022/07/DETAILS-COUNTRY-62-WHITE.jpg
AMR-0057,missing_file_csv,/media/wordpress-migration/2022/07/DETAILS-CURVE-BROWN-B.jpg,DETAILS-CURVE-BROWN-B.jpg,media/wordpress-migration/2022,variant_gallery_missing_file,False,/home/manus/cove-storefront/public/media/wordpress-migration/2022/07/DETAILS-CURVE-BROWN-B.jpg,1,[108],20,20,commerce_active,product_variants.galleryImages#210222;product_variants.galleryImages#210223;product_variants.galleryImages#210224;product_variants.galleryImages#210279;product_variants.galleryImages#210284;product_variants.galleryImages#300222;product_variants.galleryImages#300223;product_variants.galleryImages#300224;product_variants.galleryImages#300279;product_variants.galleryImages#300284;product_variants.galleryImages#330389;product_variants.galleryImages#330394;product_variants.galleryImages#330399;product_variants.galleryImages#330615;product_variants.galleryImages#330642;product_variants.galleryImages#330935;product_variants.galleryImages#330941;product_variants.galleryImages#330947;product_variants.galleryImages#331283;product_variants.galleryImages#331318,Search backup/source media for exact basename/path; restore file if found; otherwise prepare row-level DB reference cleanup/replacement.,0,,wordpress_file_restore_available,2,/var/www/test.coveinterior.com/wp-content/uploads/2022/07/DETAILS-CURVE-BROWN-B.jpg;/var/www/html/wp-content/uploads/2022/07/DETAILS-CURVE-BROWN-B.jpg,ready_for_restore,restore_file_from_wordpress_source,/var/www/html/wp-content/uploads/2022/07/DETAILS-CURVE-BROWN-B.jpg,/home/manus/cove-storefront/public/media/wordpress-migration/2022/07/DETAILS-CURVE-BROWN-B.jpg
AMR-0058,missing_file_csv,/media/wordpress-migration/2022/07/DETAILS-CURVE-BROWN.jpg,DETAILS-CURVE-BROWN.jpg,media/wordpress-migration/2022,variant_gallery_missing_file,False,/home/manus/cove-storefront/public/media/wordpress-migration/2022/07/DETAILS-CURVE-BROWN.jpg,1,[109],12,12,commerce_active,product_variants.galleryImages#210223;product_variants.galleryImages#210224;product_variants.galleryImages#210284;product_variants.galleryImages#300223;product_variants.galleryImages#300224;product_variants.galleryImages#300284;product_variants.galleryImages#330394;product_variants.galleryImages#330399;product_variants.galleryImages#330642;product_variants.galleryImages#330941;product_variants.galleryImages#330947;product_variants.galleryImages#331318,Search backup/source media for exact basename/path; restore file if found; otherwise prepare row-level DB reference cleanup/replacement.,0,,wordpress_file_restore_available,2,/var/www/test.coveinterior.com/wp-content/uploads/2022/07/DETAILS-CURVE-BROWN.jpg;/var/www/html/wp-content/uploads/2022/07/DETAILS-CURVE-BROWN.jpg,ready_for_restore,restore_file_from_wordpress_source,/var/www/html/wp-content/uploads/2022/07/DETAILS-CURVE-BROWN.jpg,/home/manus/cove-storefront/public/media/wordpress-migration/2022/07/DETAILS-CURVE-BROWN.jpg
AMR-0059,missing_file_csv,/media/wordpress-migration/2022/07/DETAILS-CURVE-DARK-RED-B.jpg,DETAILS-CURVE-DARK-RED-B.jpg,media/wordpress-migration/2022,variant_gallery_missing_file,False,/home/manus/cove-storefront/public/media/wordpress-migration/2022/07/DETAILS-CURVE-DARK-RED-B.jpg,1,[110],8,8,commerce_active,product_variants.galleryImages#210280;product_variants.galleryImages#210285;product_variants.galleryImages#300280;product_variants.galleryImages#300285;product_variants.galleryImages#330621;product_variants.galleryImages#330648;product_variants.galleryImages#331291;product_variants.galleryImages#331325,Search backup/source media for exact basename/path; restore file if found; otherwise prepare row-level DB reference cleanup/replacement.,0,,wordpress_file_restore_available,2,/var/www/test.coveinterior.com/wp-content/uploads/2022/07/DETAILS-CURVE-DARK-RED-B.jpg;/var/www/html/wp-content/uploads/2022/07/DETAILS-CURVE-DARK-RED-B.jpg,ready_for_restore,restore_file_from_wordpress_source,/var/www/html/wp-content/uploads/2022/07/DETAILS-CURVE-DARK-RED-B.jpg,/home/manus/cove-storefront/public/media/wordpress-migration/2022/07/DETAILS-CURVE-DARK-RED-B.jpg
AMR-0060,missing_file_csv,/media/wordpress-migration/2022/07/DETAILS-CURVE-DARK-RED.jpg,DETAILS-CURVE-DARK-RED.jpg,media/wordpress-migration/2022,variant_gallery_missing_file,False,/home/manus/cove-storefront/public/media/wordpress-migration/2022/07/DETAILS-CURVE-DARK-RED.jpg,1,[111],4,4,commerce_active,product_variants.galleryImages#210285;product_variants.galleryImages#300285;product_variants.galleryImages#330648;product_variants.galleryImages#331325,Search backup/source media for exact basename/path; restore file if found; otherwise prepare row-level DB reference cleanup/replacement.,0,,wordpress_file_restore_available,2,/var/www/test.coveinterior.com/wp-content/uploads/2022/07/DETAILS-CURVE-DARK-RED.jpg;/var/www/html/wp-content/uploads/2022/07/DETAILS-CURVE-DARK-RED.jpg,ready_for_restore,restore_file_from_wordpress_source,/var/www/html/wp-content/uploads/2022/07/DETAILS-CURVE-DARK-RED.jpg,/home/manus/cove-storefront/public/media/wordpress-migration/2022/07/DETAILS-CURVE-DARK-RED.jpg
AMR-0061,missing_file_csv,/media/wordpress-migration/2022/07/DETAILS-CURVE-LIGHT-BLUE-2.jpg,DETAILS-CURVE-LIGHT-BLUE-2.jpg,media/wordpress-migration/2022,variant_gallery_missing_file,False,/home/manus/cove-storefront/public/media/wordpress-migration/2022/07/DETAILS-CURVE-LIGHT-BLUE-2.jpg,1,[112],4,4,commerce_active,product_variants.galleryImages#210286;product_variants.galleryImages#300286;product_variants.galleryImages#330652;product_variants.galleryImages#331332,Search backup/source media for exact basename/path; restore file if found; otherwise prepare row-level DB reference cleanup/replacement.,0,,wordpress_file_restore_available,2,/var/www/test.coveinterior.com/wp-content/uploads/2022/07/DETAILS-CURVE-LIGHT-BLUE-2.jpg;/var/www/html/wp-content/uploads/2022/07/DETAILS-CURVE-LIGHT-BLUE-2.jpg,ready_for_restore,restore_file_from_wordpress_source,/var/www/html/wp-content/uploads/2022/07/DETAILS-CURVE-LIGHT-BLUE-2.jpg,/home/manus/cove-storefront/public/media/wordpress-migration/2022/07/DETAILS-CURVE-LIGHT-BLUE-2.jpg
AMR-0062,missing_file_csv,/media/wordpress-migration/2022/07/DETAILS-CURVE-LIGHT-BLUE-B.jpg,DETAILS-CURVE-LIGHT-BLUE-B.jpg,media/wordpress-migration/2022,variant_gallery_missing_file,False,/home/manus/cove-storefront/public/media/wordpress-migration/2022/07/DETAILS-CURVE-LIGHT-BLUE-B.jpg,1,[113],8,8,commerce_active,product_variants.galleryImages#210281;product_variants.galleryImages#210286;product_variants.galleryImages#300281;product_variants.galleryImages#300286;product_variants.galleryImages#330626;product_variants.galleryImages#330652;product_variants.galleryImages#331299;product_variants.galleryImages#331332,Search backup/source media for exact basename/path; restore file if found; otherwise prepare row-level DB reference cleanup/replacement.,0,,wordpress_file_restore_available,2,/var/www/test.coveinterior.com/wp-content/uploads/2022/07/DETAILS-CURVE-LIGHT-BLUE-B.jpg;/var/www/html/wp-content/uploads/2022/07/DETAILS-CURVE-LIGHT-BLUE-B.jpg,ready_for_restore,restore_file_from_wordpress_source,/var/www/html/wp-content/uploads/2022/07/DETAILS-CURVE-LIGHT-BLUE-B.jpg,/home/manus/cove-storefront/public/media/wordpress-migration/2022/07/DETAILS-CURVE-LIGHT-BLUE-B.jpg
AMR-0063,missing_file_csv,/media/wordpress-migration/2022/07/DETAILS-CURVE-NAVY-BLUE-B.jpg,DETAILS-CURVE-NAVY-BLUE-B.jpg,media/wordpress-migration/2022,variant_gallery_missing_file,False,/home/manus/cove-storefront/public/media/wordpress-migration/2022/07/DETAILS-CURVE-NAVY-BLUE-B.jpg,1,[114],8,8,commerce_active,product_variants.galleryImages#210282;product_variants.galleryImages#210287;product_variants.galleryImages#300282;product_variants.galleryImages#300287;product_variants.galleryImages#330631;product_variants.galleryImages#330657;product_variants.galleryImages#331306;product_variants.galleryImages#331337,Search backup/source media for exact basename/path; restore file if found; otherwise prepare row-level DB reference cleanup/replacement.,0,,wordpress_file_restore_available,2,/var/www/test.coveinterior.com/wp-content/uploads/2022/07/DETAILS-CURVE-NAVY-BLUE-B.jpg;/var/www/html/wp-content/uploads/2022/07/DETAILS-CURVE-NAVY-BLUE-B.jpg,ready_for_restore,restore_file_from_wordpress_source,/var/www/html/wp-content/uploads/2022/07/DETAILS-CURVE-NAVY-BLUE-B.jpg,/home/manus/cove-storefront/public/media/wordpress-migration/2022/07/DETAILS-CURVE-NAVY-BLUE-B.jpg
AMR-0064,missing_file_csv,/media/wordpress-migration/2022/07/DETAILS-CURVE-NAVY-BLUE.jpg,DETAILS-CURVE-NAVY-BLUE.jpg,media/wordpress-migration/2022,variant_gallery_missing_file,False,/home/manus/cove-storefront/public/media/wordpress-migration/2022/07/DETAILS-CURVE-NAVY-BLUE.jpg,1,[115],4,4,commerce_active,product_variants.galleryImages#210287;product_variants.galleryImages#300287;product_variants.galleryImages#330657;product_variants.galleryImages#331337,Search backup/source media for exact basename/path; restore file if found; otherwise prepare row-level DB reference cleanup/replacement.,0,,wordpress_file_restore_available,2,/var/www/test.coveinterior.com/wp-content/uploads/2022/07/DETAILS-CURVE-NAVY-BLUE.jpg;/var/www/html/wp-content/uploads/2022/07/DETAILS-CURVE-NAVY-BLUE.jpg,ready_for_restore,restore_file_from_wordpress_source,/var/www/html/wp-content/uploads/2022/07/DETAILS-CURVE-NAVY-BLUE.jpg,/home/manus/cove-storefront/public/media/wordpress-migration/2022/07/DETAILS-CURVE-NAVY-BLUE.jpg
AMR-0065,missing_file_csv,/media/wordpress-migration/2022/07/DETAILS-CURVE-ROYAL-GREEN-B.jpg,DETAILS-CURVE-ROYAL-GREEN-B.jpg,media/wordpress-migration/2022,variant_gallery_missing_file,False,/home/manus/cove-storefront/public/media/wordpress-migration/2022/07/DETAILS-CURVE-ROYAL-GREEN-B.jpg,1,[116],6,6,commerce_active,product_variants.galleryImages#210283;product_variants.galleryImages#210288;product_variants.galleryImages#300283;product_variants.galleryImages#300288;product_variants.galleryImages#330637;product_variants.galleryImages#330663,Search backup/source media for exact basename/path; restore file if found; otherwise prepare row-level DB reference cleanup/replacement.,0,,wordpress_file_restore_available,2,/var/www/test.coveinterior.com/wp-content/uploads/2022/07/DETAILS-CURVE-ROYAL-GREEN-B.jpg;/var/www/html/wp-content/uploads/2022/07/DETAILS-CURVE-ROYAL-GREEN-B.jpg,ready_for_restore,restore_file_from_wordpress_source,/var/www/html/wp-content/uploads/2022/07/DETAILS-CURVE-ROYAL-GREEN-B.jpg,/home/manus/cove-storefront/public/media/wordpress-migration/2022/07/DETAILS-CURVE-ROYAL-GREEN-B.jpg
AMR-0066,missing_file_csv,/media/wordpress-migration/2022/07/DETAILS-CURVE-ROYAL-GREEN.jpg,DETAILS-CURVE-ROYAL-GREEN.jpg,media/wordpress-migration/2022,variant_gallery_missing_file,False,/home/manus/cove-storefront/public/media/wordpress-migration/2022/07/DETAILS-CURVE-ROYAL-GREEN.jpg,1,[117],3,3,commerce_active,product_variants.galleryImages#210288;product_variants.galleryImages#300288;product_variants.galleryImages#330663,Search backup/source media for exact basename/path; restore file if found; otherwise prepare row-level DB reference cleanup/replacement.,0,,wordpress_file_restore_available,2,/var/www/test.coveinterior.com/wp-content/uploads/2022/07/DETAILS-CURVE-ROYAL-GREEN.jpg;/var/www/html/wp-content/uploads/2022/07/DETAILS-CURVE-ROYAL-GREEN.jpg,ready_for_restore,restore_file_from_wordpress_source,/var/www/html/wp-content/uploads/2022/07/DETAILS-CURVE-ROYAL-GREEN.jpg,/home/manus/cove-storefront/public/media/wordpress-migration/2022/07/DETAILS-CURVE-ROYAL-GREEN.jpg
AMR-0067,missing_file_csv,/media/wordpress-migration/2023/01/Roshina-1-beige-3.jpeg,Roshina-1-beige-3.jpeg,media/wordpress-migration/2023,variant_gallery_missing_file,False,/home/manus/cove-storefront/public/media/wordpress-migration/2023/01/Roshina-1-beige-3.jpeg,1,[132],42,20,commerce_active,product_variants.galleryImages#210046;product_variants.galleryImages#210048;product_variants.galleryImages#210056;product_variants.galleryImages#210058;product_variants.galleryImages#210261;product_variants.galleryImages#210263;product_variants.galleryImages#300046;product_variants.galleryImages#300048;product_variants.galleryImages#300056;product_variants.galleryImages#300058;product_variants.galleryImages#300261;product_variants.galleryImages#300263;product_variants.galleryImages#330046;product_variants.galleryImages#330048;product_variants.galleryImages#330056;product_variants.galleryImages#330058;product_variants.galleryImages#330214;product_variants.galleryImages#330218;product_variants.galleryImages#330232;product_variants.galleryImages#330236,Search backup/source media for exact basename/path; restore file if found; otherwise prepare row-level DB reference cleanup/replacement.,0,,wordpress_file_restore_available,2,/var/www/test.coveinterior.com/wp-content/uploads/2023/01/Roshina-1-beige-3.jpeg;/var/www/html/wp-content/uploads/2023/01/Roshina-1-beige-3.jpeg,ready_for_restore,restore_file_from_wordpress_source,/var/www/html/wp-content/uploads/2023/01/Roshina-1-beige-3.jpeg,/home/manus/cove-storefront/public/media/wordpress-migration/2023/01/Roshina-1-beige-3.jpeg
AMR-0068,missing_file_csv,/media/wordpress-migration/2023/01/Roshina-1-light-green-1.jpg,Roshina-1-light-green-1.jpg,media/wordpress-migration/2023,product_image_missing_file,False,/home/manus/cove-storefront/public/media/wordpress-migration/2023/01/Roshina-1-light-green-1.jpg,1,[141],26,20,commerce_active,products.images#390062;products.images#390063;product_variants.image#210249;product_variants.image#210250;product_variants.image#210251;product_variants.image#210252;product_variants.image#240328;product_variants.image#240330;product_variants.image#240332;product_variants.image#240334;product_variants.image#240558;product_variants.image#240559;product_variants.image#240560;product_variants.image#240561;product_variants.image#300249;product_variants.image#300250;product_variants.image#300251;product_variants.image#300252;product_variants.image#330490;product_variants.image#330493,Search backup/source media for exact basename/path; restore file if found; otherwise prepare row-level DB reference cleanup/replacement.,0,,wordpress_file_restore_available,2,/var/www/test.coveinterior.com/wp-content/uploads/2023/01/Roshina-1-light-green-1.jpg;/var/www/html/wp-content/uploads/2023/01/Roshina-1-light-green-1.jpg,ready_for_restore,restore_file_from_wordpress_source,/var/www/html/wp-content/uploads/2023/01/Roshina-1-light-green-1.jpg,/home/manus/cove-storefront/public/media/wordpress-migration/2023/01/Roshina-1-light-green-1.jpg
AMR-0069,missing_file_csv,/media/wordpress-migration/2023/01/Roshina-1-light-green-2.jpg,Roshina-1-light-green-2.jpg,media/wordpress-migration/2023,variant_gallery_missing_file,False,/home/manus/cove-storefront/public/media/wordpress-migration/2023/01/Roshina-1-light-green-2.jpg,1,[142],9,9,commerce_active,products.images#390062;product_variants.galleryImages#210251;product_variants.galleryImages#210252;product_variants.galleryImages#300251;product_variants.galleryImages#300252;product_variants.galleryImages#330495;product_variants.galleryImages#330501;product_variants.galleryImages#331076;product_variants.galleryImages#331083,Search backup/source media for exact basename/path; restore file if found; otherwise prepare row-level DB reference cleanup/replacement.,0,,wordpress_file_restore_available,2,/var/www/test.coveinterior.com/wp-content/uploads/2023/01/Roshina-1-light-green-2.jpg;/var/www/html/wp-content/uploads/2023/01/Roshina-1-light-green-2.jpg,ready_for_restore,restore_file_from_wordpress_source,/var/www/html/wp-content/uploads/2023/01/Roshina-1-light-green-2.jpg,/home/manus/cove-storefront/public/media/wordpress-migration/2023/01/Roshina-1-light-green-2.jpg
AMR-0070,missing_file_csv,/media/wordpress-migration/2023/01/Roshina-1-light-green-3.jpg,Roshina-1-light-green-3.jpg,media/wordpress-migration/2023,variant_gallery_missing_file,False,/home/manus/cove-storefront/public/media/wordpress-migration/2023/01/Roshina-1-light-green-3.jpg,1,[143],9,9,commerce_active,products.images#390062;product_variants.galleryImages#210251;product_variants.galleryImages#210252;product_variants.galleryImages#300251;product_variants.galleryImages#300252;product_variants.galleryImages#330495;product_variants.galleryImages#330501;product_variants.galleryImages#331076;product_variants.galleryImages#331083,Search backup/source media for exact basename/path; restore file if found; otherwise prepare row-level DB reference cleanup/replacement.,0,,wordpress_file_restore_available,2,/var/www/test.coveinterior.com/wp-content/uploads/2023/01/Roshina-1-light-green-3.jpg;/var/www/html/wp-content/uploads/2023/01/Roshina-1-light-green-3.jpg,ready_for_restore,restore_file_from_wordpress_source,/var/www/html/wp-content/uploads/2023/01/Roshina-1-light-green-3.jpg,/home/manus/cove-storefront/public/media/wordpress-migration/2023/01/Roshina-1-light-green-3.jpg
AMR-0071,missing_file_csv,/media/wordpress-migration/2023/01/Roshina-1-light-green-4.jpg,Roshina-1-light-green-4.jpg,media/wordpress-migration/2023,variant_gallery_missing_file,False,/home/manus/cove-storefront/public/media/wordpress-migration/2023/01/Roshina-1-light-green-4.jpg,1,[144],9,9,commerce_active,products.images#390062;product_variants.galleryImages#210251;product_variants.galleryImages#210252;product_variants.galleryImages#300251;product_variants.galleryImages#300252;product_variants.galleryImages#330495;product_variants.galleryImages#330501;product_variants.galleryImages#331076;product_variants.galleryImages#331083,Search backup/source media for exact basename/path; restore file if found; otherwise prepare row-level DB reference cleanup/replacement.,0,,wordpress_file_restore_available,2,/var/www/test.coveinterior.com/wp-content/uploads/2023/01/Roshina-1-light-green-4.jpg;/var/www/html/wp-content/uploads/2023/01/Roshina-1-light-green-4.jpg,ready_for_restore,restore_file_from_wordpress_source,/var/www/html/wp-content/uploads/2023/01/Roshina-1-light-green-4.jpg,/home/manus/cove-storefront/public/media/wordpress-migration/2023/01/Roshina-1-light-green-4.jpg
AMR-0072,missing_file_csv,/media/wordpress-migration/2023/01/Roshina-1-light-green-5.jpg,Roshina-1-light-green-5.jpg,media/wordpress-migration/2023,variant_gallery_missing_file,False,/home/manus/cove-storefront/public/media/wordpress-migration/2023/01/Roshina-1-light-green-5.jpg,1,[145],9,9,commerce_active,products.images#390062;product_variants.galleryImages#210251;product_variants.galleryImages#210252;product_variants.galleryImages#300251;product_variants.galleryImages#300252;product_variants.galleryImages#330495;product_variants.galleryImages#330501;product_variants.galleryImages#331076;product_variants.galleryImages#331083,Search backup/source media for exact basename/path; restore file if found; otherwise prepare row-level DB reference cleanup/replacement.,0,,wordpress_file_restore_available,2,/var/www/test.coveinterior.com/wp-content/uploads/2023/01/Roshina-1-light-green-5.jpg;/var/www/html/wp-content/uploads/2023/01/Roshina-1-light-green-5.jpg,ready_for_restore,restore_file_from_wordpress_source,/var/www/html/wp-content/uploads/2023/01/Roshina-1-light-green-5.jpg,/home/manus/cove-storefront/public/media/wordpress-migration/2023/01/Roshina-1-light-green-5.jpg
AMR-0073,missing_file_csv,/media/wordpress-migration/2023/08/country-62-4x4-1-scaled.jpg,country-62-4x4-1-scaled.jpg,media/wordpress-migration/2023,referenced_missing_file,False,/home/manus/cove-storefront/public/media/wordpress-migration/2023/08/country-62-4x4-1-scaled.jpg,1,[200],36,20,commerce_active,product_variants.image#210170;product_variants.image#210177;product_variants.image#210184;product_variants.image#210191;product_variants.image#240170;product_variants.image#240183;product_variants.image#240197;product_variants.image#240211;product_variants.image#240479;product_variants.image#240486;product_variants.image#240493;product_variants.image#240500;product_variants.image#270101;product_variants.image#270108;product_variants.image#270115;product_variants.image#270122;product_variants.image#300170;product_variants.image#300177;product_variants.image#300184;product_variants.image#300191,Search backup/source media for exact basename/path; restore file if found; otherwise prepare row-level DB reference cleanup/replacement.,0,,wordpress_file_restore_available,2,/var/www/test.coveinterior.com/wp-content/uploads/2023/08/country-62-4x4-1-scaled.jpg;/var/www/html/wp-content/uploads/2023/08/country-62-4x4-1-scaled.jpg,ready_for_restore,restore_file_from_wordpress_source,/var/www/html/wp-content/uploads/2023/08/country-62-4x4-1-scaled.jpg,/home/manus/cove-storefront/public/media/wordpress-migration/2023/08/country-62-4x4-1-scaled.jpg
AMR-0074,missing_file_csv,/media/wordpress-migration/2023/09/221121-model-2.jpg,221121-model-2.jpg,media/wordpress-migration/2023,product_image_missing_file,False,/home/manus/cove-storefront/public/media/wordpress-migration/2023/09/221121-model-2.jpg,1,[205],1,1,commerce_active,products.images#390123,Search backup/source media for exact basename/path; restore file if found; otherwise prepare row-level DB reference cleanup/replacement.,0,,wordpress_file_restore_available,4,/var/www/test.coveinterior.com/wp-content/uploads/2023/09/221121-model-2.jpg;/var/www/test.coveinterior.com/wp-content/uploads/backup/2023/09/221121-model-2.jpg;/var/www/html/wp-content/uploads/2023/09/221121-model-2.jpg;/var/www/html/wp-content/uploads/backup/2023/09/221121-model-2.jpg,ready_for_restore,restore_file_from_wordpress_source,/var/www/html/wp-content/uploads/2023/09/221121-model-2.jpg,/home/manus/cove-storefront/public/media/wordpress-migration/2023/09/221121-model-2.jpg
AMR-0075,missing_file_csv,/media/wordpress-migration/2023/09/chandeler-1.jpg,chandeler-1.jpg,media/wordpress-migration/2023,product_image_missing_file,False,/home/manus/cove-storefront/public/media/wordpress-migration/2023/09/chandeler-1.jpg,1,[206],1,1,commerce_active,products.images#390123,Search backup/source media for exact basename/path; restore file if found; otherwise prepare row-level DB reference cleanup/replacement.,0,,wordpress_file_restore_available,2,/var/www/test.coveinterior.com/wp-content/uploads/2023/09/chandeler-1.jpg;/var/www/html/wp-content/uploads/2023/09/chandeler-1.jpg,ready_for_restore,restore_file_from_wordpress_source,/var/www/html/wp-content/uploads/2023/09/chandeler-1.jpg,/home/manus/cove-storefront/public/media/wordpress-migration/2023/09/chandeler-1.jpg
AMR-0077,missing_file_csv,/media/wordpress-migration/2023/12/MR1-gray-opened.jpg,MR1-gray-opened.jpg,media/wordpress-migration/2023,variant_gallery_missing_file,False,/home/manus/cove-storefront/public/media/wordpress-migration/2023/12/MR1-gray-opened.jpg,1,[224],174,20,commerce_active,product_variants.galleryImages#210028;product_variants.galleryImages#210029;product_variants.galleryImages#210030;product_variants.galleryImages#210031;product_variants.galleryImages#210032;product_variants.galleryImages#210033;product_variants.galleryImages#210072;product_variants.galleryImages#210073;product_variants.galleryImages#210074;product_variants.galleryImages#210075;product_variants.galleryImages#210076;product_variants.galleryImages#210077;product_variants.galleryImages#210091;product_variants.galleryImages#210092;product_variants.galleryImages#210093;product_variants.galleryImages#210094;product_variants.galleryImages#210135;product_variants.galleryImages#210136;product_variants.galleryImages#210141;product_variants.galleryImages#210142,Search backup/source media for exact basename/path; restore file if found; otherwise prepare row-level DB reference cleanup/replacement.,0,,wordpress_file_restore_available,2,/var/www/test.coveinterior.com/wp-content/uploads/2023/12/MR1-gray-opened.jpg;/var/www/html/wp-content/uploads/2023/12/MR1-gray-opened.jpg,ready_for_restore,restore_file_from_wordpress_source,/var/www/html/wp-content/uploads/2023/12/MR1-gray-opened.jpg,/home/manus/cove-storefront/public/media/wordpress-migration/2023/12/MR1-gray-opened.jpg
AMR-0078,missing_file_csv,/media/wordpress-migration/2023/12/MR1-gray-opened.webp,MR1-gray-opened.webp,media/wordpress-migration/2023,variant_gallery_missing_file,False,/home/manus/cove-storefront/public/media/wordpress-migration/2023/12/MR1-gray-opened.webp,1,[225],11,11,commerce_active,product_variants.galleryImages#210024;product_variants.galleryImages#300024;product_variants.galleryImages#330024;product_variants.galleryImages#330169;product_variants.galleryImages#330305;product_variants.galleryImages#330407;product_variants.galleryImages#330620;product_variants.galleryImages#331069;product_variants.galleryImages#331085;product_variants.galleryImages#331270;product_variants.galleryImages#331295,Search backup/source media for exact basename/path; restore file if found; otherwise prepare row-level DB reference cleanup/replacement.,0,,wordpress_file_restore_available,2,/var/www/test.coveinterior.com/wp-content/uploads/2023/12/MR1-gray-opened.webp;/var/www/html/wp-content/uploads/2023/12/MR1-gray-opened.webp,ready_for_restore,restore_file_from_wordpress_source,/var/www/html/wp-content/uploads/2023/12/MR1-gray-opened.webp,/home/manus/cove-storefront/public/media/wordpress-migration/2023/12/MR1-gray-opened.webp
AMR-0079,missing_file_csv,/media/wordpress-migration/2023/12/MR3-black-closed.webp,MR3-black-closed.webp,media/wordpress-migration/2023,variant_gallery_missing_file,False,/home/manus/cove-storefront/public/media/wordpress-migration/2023/12/MR3-black-closed.webp,1,[231],23,20,commerce_active,product_variants.galleryImages#210037;product_variants.galleryImages#210071;product_variants.galleryImages#210152;product_variants.galleryImages#300037;product_variants.galleryImages#300071;product_variants.galleryImages#300152;product_variants.galleryImages#330037;product_variants.galleryImages#330071;product_variants.galleryImages#330182;product_variants.galleryImages#330195;product_variants.galleryImages#330275;product_variants.galleryImages#330354;product_variants.galleryImages#330476;product_variants.galleryImages#330504;product_variants.galleryImages#330574;product_variants.galleryImages#330622;product_variants.galleryImages#330684;product_variants.galleryImages#330851;product_variants.galleryImages#330887;product_variants.galleryImages#330958,Search backup/source media for exact basename/path; restore file if found; otherwise prepare row-level DB reference cleanup/replacement.,0,,wordpress_file_restore_available,2,/var/www/test.coveinterior.com/wp-content/uploads/2023/12/MR3-black-closed.webp;/var/www/html/wp-content/uploads/2023/12/MR3-black-closed.webp,ready_for_restore,restore_file_from_wordpress_source,/var/www/html/wp-content/uploads/2023/12/MR3-black-closed.webp,/home/manus/cove-storefront/public/media/wordpress-migration/2023/12/MR3-black-closed.webp
AMR-0080,missing_file_csv,/media/wordpress-migration/2023/12/MR3-black-opened.webp,MR3-black-opened.webp,media/wordpress-migration/2023,variant_gallery_missing_file,False,/home/manus/cove-storefront/public/media/wordpress-migration/2023/12/MR3-black-opened.webp,1,[233],51,20,commerce_active,product_variants.galleryImages#210002;product_variants.galleryImages#210019;product_variants.galleryImages#210037;product_variants.galleryImages#210071;product_variants.galleryImages#210084;product_variants.galleryImages#210152;product_variants.galleryImages#300002;product_variants.galleryImages#300019;product_variants.galleryImages#300037;product_variants.galleryImages#300071;product_variants.galleryImages#300084;product_variants.galleryImages#300152;product_variants.galleryImages#330002;product_variants.galleryImages#330019;product_variants.galleryImages#330037;product_variants.galleryImages#330071;product_variants.galleryImages#330084;product_variants.galleryImages#330122;product_variants.galleryImages#330159;product_variants.galleryImages#330182,Search backup/source media for exact basename/path; restore file if found; otherwise prepare row-level DB reference cleanup/replacement.,0,,wordpress_file_restore_available,2,/var/www/test.coveinterior.com/wp-content/uploads/2023/12/MR3-black-opened.webp;/var/www/html/wp-content/uploads/2023/12/MR3-black-opened.webp,ready_for_restore,restore_file_from_wordpress_source,/var/www/html/wp-content/uploads/2023/12/MR3-black-opened.webp,/home/manus/cove-storefront/public/media/wordpress-migration/2023/12/MR3-black-opened.webp
AMR-0081,missing_file_csv,/media/wordpress-migration/2023/12/MR3-gray-closed.webp,MR3-gray-closed.webp,media/wordpress-migration/2023,variant_gallery_missing_file,False,/home/manus/cove-storefront/public/media/wordpress-migration/2023/12/MR3-gray-closed.webp,1,[235],11,11,commerce_active,product_variants.galleryImages#210024;product_variants.galleryImages#300024;product_variants.galleryImages#330024;product_variants.galleryImages#330169;product_variants.galleryImages#330305;product_variants.galleryImages#330407;product_variants.galleryImages#330620;product_variants.galleryImages#331069;product_variants.galleryImages#331085;product_variants.galleryImages#331270;product_variants.galleryImages#331295,Search backup/source media for exact basename/path; restore file if found; otherwise prepare row-level DB reference cleanup/replacement.,0,,wordpress_file_restore_available,2,/var/www/test.coveinterior.com/wp-content/uploads/2023/12/MR3-gray-closed.webp;/var/www/html/wp-content/uploads/2023/12/MR3-gray-closed.webp,ready_for_restore,restore_file_from_wordpress_source,/var/www/html/wp-content/uploads/2023/12/MR3-gray-closed.webp,/home/manus/cove-storefront/public/media/wordpress-migration/2023/12/MR3-gray-closed.webp
AMR-0082,missing_file_csv,/media/wordpress-migration/2023/12/MR3-gray-opened.webp,MR3-gray-opened.webp,media/wordpress-migration/2023,variant_gallery_missing_file,False,/home/manus/cove-storefront/public/media/wordpress-migration/2023/12/MR3-gray-opened.webp,1,[237],11,11,commerce_active,product_variants.galleryImages#210024;product_variants.galleryImages#300024;product_variants.galleryImages#330024;product_variants.galleryImages#330169;product_variants.galleryImages#330305;product_variants.galleryImages#330407;product_variants.galleryImages#330620;product_variants.galleryImages#331069;product_variants.galleryImages#331085;product_variants.galleryImages#331270;product_variants.galleryImages#331295,Search backup/source media for exact basename/path; restore file if found; otherwise prepare row-level DB reference cleanup/replacement.,0,,wordpress_file_restore_available,2,/var/www/test.coveinterior.com/wp-content/uploads/2023/12/MR3-gray-opened.webp;/var/www/html/wp-content/uploads/2023/12/MR3-gray-opened.webp,ready_for_restore,restore_file_from_wordpress_source,/var/www/html/wp-content/uploads/2023/12/MR3-gray-opened.webp,/home/manus/cove-storefront/public/media/wordpress-migration/2023/12/MR3-gray-opened.webp
AMR-0083,missing_file_csv,/media/wordpress-migration/2023/12/MR4-black.jpg,MR4-black.jpg,media/wordpress-migration/2023,variant_gallery_missing_file,False,/home/manus/cove-storefront/public/media/wordpress-migration/2023/12/MR4-black.jpg,1,[240],56,20,commerce_active,product_variants.galleryImages#210002;product_variants.galleryImages#210003;product_variants.galleryImages#210019;product_variants.galleryImages#210020;product_variants.galleryImages#210084;product_variants.galleryImages#210085;product_variants.galleryImages#300002;product_variants.galleryImages#300003;product_variants.galleryImages#300019;product_variants.galleryImages#300020;product_variants.galleryImages#300084;product_variants.galleryImages#300085;product_variants.galleryImages#330002;product_variants.galleryImages#330003;product_variants.galleryImages#330019;product_variants.galleryImages#330020;product_variants.galleryImages#330084;product_variants.galleryImages#330085;product_variants.galleryImages#330122;product_variants.galleryImages#330124,Search backup/source media for exact basename/path; restore file if found; otherwise prepare row-level DB reference cleanup/replacement.,0,,wordpress_file_restore_available,2,/var/www/test.coveinterior.com/wp-content/uploads/2023/12/MR4-black.jpg;/var/www/html/wp-content/uploads/2023/12/MR4-black.jpg,ready_for_restore,restore_file_from_wordpress_source,/var/www/html/wp-content/uploads/2023/12/MR4-black.jpg,/home/manus/cove-storefront/public/media/wordpress-migration/2023/12/MR4-black.jpg
AMR-0084,missing_file_csv,/media/wordpress-migration/2023/12/MR5-black.webp,MR5-black.webp,media/wordpress-migration/2023,variant_gallery_missing_file,False,/home/manus/cove-storefront/public/media/wordpress-migration/2023/12/MR5-black.webp,1,[243],23,20,commerce_active,product_variants.galleryImages#210037;product_variants.galleryImages#210071;product_variants.galleryImages#210152;product_variants.galleryImages#300037;product_variants.galleryImages#300071;product_variants.galleryImages#300152;product_variants.galleryImages#330037;product_variants.galleryImages#330071;product_variants.galleryImages#330182;product_variants.galleryImages#330195;product_variants.galleryImages#330275;product_variants.galleryImages#330354;product_variants.galleryImages#330476;product_variants.galleryImages#330504;product_variants.galleryImages#330574;product_variants.galleryImages#330622;product_variants.galleryImages#330684;product_variants.galleryImages#330851;product_variants.galleryImages#330887;product_variants.galleryImages#330958,Search backup/source media for exact basename/path; restore file if found; otherwise prepare row-level DB reference cleanup/replacement.,0,,wordpress_file_restore_available,2,/var/www/test.coveinterior.com/wp-content/uploads/2023/12/MR5-black.webp;/var/www/html/wp-content/uploads/2023/12/MR5-black.webp,ready_for_restore,restore_file_from_wordpress_source,/var/www/html/wp-content/uploads/2023/12/MR5-black.webp,/home/manus/cove-storefront/public/media/wordpress-migration/2023/12/MR5-black.webp
AMR-0085,missing_file_csv,/media/wordpress-migration/2023/12/MR6-black.webp,MR6-black.webp,media/wordpress-migration/2023,variant_gallery_missing_file,False,/home/manus/cove-storefront/public/media/wordpress-migration/2023/12/MR6-black.webp,1,[247],23,20,commerce_active,product_variants.galleryImages#210037;product_variants.galleryImages#210071;product_variants.galleryImages#210152;product_variants.galleryImages#300037;product_variants.galleryImages#300071;product_variants.galleryImages#300152;product_variants.galleryImages#330037;product_variants.galleryImages#330071;product_variants.galleryImages#330182;product_variants.galleryImages#330195;product_variants.galleryImages#330275;product_variants.galleryImages#330354;product_variants.galleryImages#330476;product_variants.galleryImages#330504;product_variants.galleryImages#330574;product_variants.galleryImages#330622;product_variants.galleryImages#330684;product_variants.galleryImages#330851;product_variants.galleryImages#330887;product_variants.galleryImages#330958,Search backup/source media for exact basename/path; restore file if found; otherwise prepare row-level DB reference cleanup/replacement.,0,,wordpress_file_restore_available,2,/var/www/test.coveinterior.com/wp-content/uploads/2023/12/MR6-black.webp;/var/www/html/wp-content/uploads/2023/12/MR6-black.webp,ready_for_restore,restore_file_from_wordpress_source,/var/www/html/wp-content/uploads/2023/12/MR6-black.webp,/home/manus/cove-storefront/public/media/wordpress-migration/2023/12/MR6-black.webp
AMR-0086,missing_file_csv,/media/wordpress-migration/2025/02/GFX3678-Edit-websize.png,GFX3678-Edit-websize.png,media/wordpress-migration/2025,referenced_missing_file,False,/home/manus/cove-storefront/public/media/wordpress-migration/2025/02/GFX3678-Edit-websize.png,1,[289],11,11,commerce_active,product_variants.image#210055;product_variants.image#240055;product_variants.image#240279;product_variants.image#300055;product_variants.image#330055;product_variants.image#330229;product_variants.image#330422;product_variants.image#330543;product_variants.image#330772;product_variants.image#331302;product_variants.image#331316,Search backup/source media for exact basename/path; restore file if found; otherwise prepare row-level DB reference cleanup/replacement.,0,,wordpress_file_restore_available,2,/var/www/test.coveinterior.com/wp-content/uploads/2025/02/GFX3678-Edit-websize.png;/var/www/html/wp-content/uploads/2025/02/GFX3678-Edit-websize.png,ready_for_restore,restore_file_from_wordpress_source,/var/www/html/wp-content/uploads/2025/02/GFX3678-Edit-websize.png,/home/manus/cove-storefront/public/media/wordpress-migration/2025/02/GFX3678-Edit-websize.png
AMR-0087,missing_file_csv,/media/wordpress-migration/2025/02/Mubkhar-coil-holder.jpg,Mubkhar-coil-holder.jpg,media/wordpress-migration/2025,variant_gallery_missing_file,False,/home/manus/cove-storefront/public/media/wordpress-migration/2025/02/Mubkhar-coil-holder.jpg,1,[303],114,20,commerce_active,product_variants.galleryImages#210023;product_variants.galleryImages#210024;product_variants.galleryImages#210026;product_variants.galleryImages#210027;product_variants.galleryImages#210078;product_variants.galleryImages#210079;product_variants.galleryImages#210080;product_variants.galleryImages#210081;product_variants.galleryImages#210082;product_variants.galleryImages#210099;product_variants.galleryImages#210100;product_variants.galleryImages#210101;product_variants.galleryImages#210102;product_variants.galleryImages#210103;product_variants.galleryImages#300023;product_variants.galleryImages#300024;product_variants.galleryImages#300026;product_variants.galleryImages#300027;product_variants.galleryImages#300078;product_variants.galleryImages#300079,Search backup/source media for exact basename/path; restore file if found; otherwise prepare row-level DB reference cleanup/replacement.,0,,wordpress_file_restore_available,2,/var/www/test.coveinterior.com/wp-content/uploads/2025/02/Mubkhar-coil-holder.jpg;/var/www/html/wp-content/uploads/2025/02/Mubkhar-coil-holder.jpg,ready_for_restore,restore_file_from_wordpress_source,/var/www/html/wp-content/uploads/2025/02/Mubkhar-coil-holder.jpg,/home/manus/cove-storefront/public/media/wordpress-migration/2025/02/Mubkhar-coil-holder.jpg
AMR-0088,missing_file_csv,/media/wordpress-migration/2025/02/black-mubkhar1.jpg,black-mubkhar1.jpg,media/wordpress-migration/2025,variant_gallery_missing_file,False,/home/manus/cove-storefront/public/media/wordpress-migration/2025/02/black-mubkhar1.jpg,1,[313],143,20,commerce_active,product_variants.galleryImages#210001;product_variants.galleryImages#210002;product_variants.galleryImages#210003;product_variants.galleryImages#210004;product_variants.galleryImages#210005;product_variants.galleryImages#210018;product_variants.galleryImages#210019;product_variants.galleryImages#210020;product_variants.galleryImages#210021;product_variants.galleryImages#210022;product_variants.galleryImages#210083;product_variants.galleryImages#210084;product_variants.galleryImages#210085;product_variants.galleryImages#210086;product_variants.galleryImages#210087;product_variants.galleryImages#300001;product_variants.galleryImages#300002;product_variants.galleryImages#300003;product_variants.galleryImages#300004;product_variants.galleryImages#300005,Search backup/source media for exact basename/path; restore file if found; otherwise prepare row-level DB reference cleanup/replacement.,0,,wordpress_file_restore_available,2,/var/www/test.coveinterior.com/wp-content/uploads/2025/02/black-mubkhar1.jpg;/var/www/html/wp-content/uploads/2025/02/black-mubkhar1.jpg,ready_for_restore,restore_file_from_wordpress_source,/var/www/html/wp-content/uploads/2025/02/black-mubkhar1.jpg,/home/manus/cove-storefront/public/media/wordpress-migration/2025/02/black-mubkhar1.jpg
AMR-0089,missing_file_csv,/media/wordpress-migration/2025/02/petrol-mubkhar1.jpg,petrol-mubkhar1.jpg,media/wordpress-migration/2025,variant_gallery_missing_file,False,/home/manus/cove-storefront/public/media/wordpress-migration/2025/02/petrol-mubkhar1.jpg,1,[315],86,20,commerce_active,product_variants.galleryImages#210006;product_variants.galleryImages#210007;product_variants.galleryImages#210008;product_variants.galleryImages#210015;product_variants.galleryImages#210017;product_variants.galleryImages#210088;product_variants.galleryImages#210089;product_variants.galleryImages#210090;product_variants.galleryImages#300006;product_variants.galleryImages#300007;product_variants.galleryImages#300008;product_variants.galleryImages#300015;product_variants.galleryImages#300016;product_variants.galleryImages#300017;product_variants.galleryImages#300088;product_variants.galleryImages#300089;product_variants.galleryImages#300090;product_variants.galleryImages#330006;product_variants.galleryImages#330007;product_variants.galleryImages#330008,Search backup/source media for exact basename/path; restore file if found; otherwise prepare row-level DB reference cleanup/replacement.,0,,wordpress_file_restore_available,2,/var/www/test.coveinterior.com/wp-content/uploads/2025/02/petrol-mubkhar1.jpg;/var/www/html/wp-content/uploads/2025/02/petrol-mubkhar1.jpg,ready_for_restore,restore_file_from_wordpress_source,/var/www/html/wp-content/uploads/2025/02/petrol-mubkhar1.jpg,/home/manus/cove-storefront/public/media/wordpress-migration/2025/02/petrol-mubkhar1.jpg
